UNITID,11_CTOTALT,13_CTOTALT,14_CTOTALT,23_CTOTALT,24_CTOTALT,26_CTOTALT,31_CTOTALT,42_CTOTALT,43_CTOTALT,44_CTOTALT,45_CTOTALT,50_CTOTALT,52_CTOTALT,99_CTOTALT,09_CTOTALT,51_CTOTALT,11_CTOTALM,13_CTOTALM,14_CTOTALM,23_CTOTALM,24_CTOTALM,26_CTOTALM,31_CTOTALM,42_CTOTALM,43_CTOTALM,44_CTOTALM,45_CTOTALM,50_CTOTALM,52_CTOTALM,99_CTOTALM,09_CTOTALM,51_CTOTALM,11_CASIAT,13_CASIAT,14_CASIAT,23_CASIAT,24_CASIAT,26_CASIAT,31_CASIAT,42_CASIAT,43_CASIAT,44_CASIAT,45_CASIAT,50_CASIAT,52_CASIAT,99_CASIAT,09_CASIAT,51_CASIAT,11_CWHITT,13_CWHITT,14_CWHITT,23_CWHITT,24_CWHITT,26_CWHITT,31_CWHITT,42_CWHITT,43_CWHITT,44_CWHITT,45_CWHITT,50_CWHITT,52_CWHITT,99_CWHITT,09_CWHITT,51_CWHITT,11_CNRALT,13_CNRALT,14_CNRALT,23_CNRALT,24_CNRALT,26_CNRALT,31_CNRALT,42_CNRALT,43_CNRALT,44_CNRALT,45_CNRALT,50_CNRALT,52_CNRALT,99_CNRALT,09_CNRALT,51_CNRALT,11_BLACKHISRACES,13_BLACKHISRACES,14_BLACKHISRACES,23_BLACKHISRACES,24_BLACKHISRACES,26_BLACKHISRACES,31_BLACKHISRACES,42_BLACKHISRACES,43_BLACKHISRACES,44_BLACKHISRACES,45_BLACKHISRACES,50_BLACKHISRACES,52_BLACKHISRACES,99_BLACKHISRACES,09_BLACKHISRACES,51_BLACKHISRACES,11_OTHERRACES,13_OTHERRACES,14_OTHERRACES,23_OTHERRACES,24_OTHERRACES,26_OTHERRACES,31_OTHERRACES,42_OTHERRACES,43_OTHERRACES,44_OTHERRACES,45_OTHERRACES,50_OTHERRACES,52_OTHERRACES,99_OTHERRACES,09_OTHERRACES,51_OTHERRACES
100654,25,25,64,7,39,84,22,33,38,26,13,11,99,590,NA,NA,15,4,46,3,18,10,14,1,13,6,3,8,36,208,NA,NA,0,0,0,0,0,0,0,0,0,0,0,0,1,1,NA,NA,0,6,2,0,5,1,0,0,3,1,0,1,1,24,NA,NA,1,0,0,0,0,1,1,0,0,0,0,0,3,6,NA,NA,24,19,61,7,33,80,21,32,35,22,13,10,92,544,NA,NA,0,0,1,0,1,2,0,1,0,2,0,0,1,9,NA,NA
100663,108,166,166,46,93,457,NA,234,110,50,81,84,543,2945,58,603,78,52,122,9,33,152,NA,44,43,4,29,29,314,1093,23,101,13,6,22,0,2,105,NA,17,4,1,5,2,33,257,3,29,52,102,94,34,40,180,NA,128,60,26,43,60,339,1612,29,333,13,2,11,0,2,15,NA,2,2,0,0,0,25,88,1,13,24,47,30,11,38,116,NA,74,41,22,28,19,123,815,25,190,2,2,1,0,1,6,NA,0,0,0,0,1,5,23,0,2
100706,111,33,466,33,NA,91,40,37,NA,NA,17,61,262,1470,15,154,87,7,362,10,NA,27,19,6,NA,NA,3,20,162,822,3,27,10,0,24,0,NA,7,0,0,NA,NA,0,3,7,63,0,8,70,25,373,24,NA,60,29,32,NA,NA,7,38,177,1055,8,101,3,0,9,0,NA,3,0,0,NA,NA,0,0,5,23,0,2,21,2,34,7,NA,11,7,4,NA,NA,4,12,42,201,6,28,3,1,12,1,NA,7,1,0,NA,NA,4,2,20,65,1,9
100724,19,35,6,4,NA,51,6,30,58,18,14,49,56,470,24,41,13,10,2,0,NA,11,1,7,9,2,5,25,16,141,9,8,0,0,0,0,NA,0,0,0,0,0,0,0,0,0,0,0,0,1,0,0,NA,1,0,0,0,0,0,1,1,10,0,0,5,1,1,0,NA,0,0,0,0,0,0,2,2,13,0,0,14,32,5,4,NA,49,6,29,57,16,14,45,51,432,22,40,0,0,0,0,NA,1,0,0,1,0,0,1,1,7,1,0
100751,108,165,662,65,1,248,259,342,0,66,595,159,1924,6605,628,608,84,19,505,18,1,86,93,55,0,6,256,23,1089,2724,202,60,13,0,20,1,0,9,3,8,0,0,12,5,20,116,4,8,80,143,521,53,0,210,195,260,0,44,454,118,1615,5235,488,471,2,0,44,0,0,0,2,0,0,0,2,1,7,67,1,2,10,20,54,7,1,21,53,50,0,19,102,26,213,931,108,105,0,1,6,2,0,1,2,3,0,0,8,1,13,56,4,7
100812,20,238,NA,12,77,14,2,23,12,NA,7,22,229,721,NA,32,14,33,NA,1,35,4,0,3,4,NA,1,6,75,192,NA,3,1,0,NA,0,1,0,0,1,0,NA,0,0,0,3,NA,0,15,192,NA,11,60,12,2,15,7,NA,6,18,182,562,NA,20,0,0,NA,0,0,0,0,0,1,NA,0,1,0,3,NA,0,2,33,NA,1,15,2,0,6,2,NA,0,1,36,111,NA,8,1,7,NA,0,0,0,0,1,2,NA,1,0,6,24,NA,3
100830,49,45,NA,7,NA,34,45,37,29,22,8,14,120,633,15,122,35,7,NA,3,NA,7,18,4,9,0,6,3,50,195,6,16,5,0,NA,0,NA,2,1,0,0,0,0,0,3,21,0,5,17,35,NA,5,NA,14,13,12,12,6,8,6,63,293,7,63,6,0,NA,0,NA,0,3,2,1,0,0,0,6,26,0,5,21,7,NA,1,NA,18,24,18,15,16,0,8,45,265,8,42,0,0,NA,0,NA,0,1,1,0,0,0,0,1,7,0,3
100858,188,238,945,31,10,600,NA,212,NA,34,150,180,1526,5812,266,357,151,37,757,8,2,180,NA,41,NA,3,87,47,928,2852,76,28,19,2,25,0,0,16,NA,6,NA,3,4,7,29,144,4,6,124,215,800,29,7,498,NA,172,NA,26,116,149,1295,4893,230,320,17,0,28,0,0,7,NA,6,NA,0,8,2,72,168,7,1,21,11,63,2,2,58,NA,23,NA,4,18,19,81,419,20,20,1,1,2,0,0,2,NA,1,NA,1,2,0,10,27,0,1
101189,8,6,NA,5,1,3,18,23,73,NA,2,2,200,391,NA,25,6,1,NA,0,0,2,17,6,47,NA,1,0,64,164,NA,6,0,0,NA,0,0,0,0,0,3,NA,0,0,2,6,NA,0,8,4,NA,4,1,2,5,11,35,NA,1,2,75,185,NA,19,0,0,NA,0,0,0,0,0,0,NA,0,0,7,7,NA,0,0,2,NA,1,0,1,13,9,29,NA,0,0,99,162,NA,4,0,0,NA,0,0,0,0,2,2,NA,0,0,9,14,NA,1
101480,36,175,NA,17,109,65,30,42,130,49,23,59,197,1349,27,316,31,38,NA,3,62,25,24,5,39,2,14,28,94,466,6,58,0,1,NA,0,0,2,0,0,0,2,0,0,1,9,0,2,22,135,NA,10,51,34,19,28,80,31,11,44,141,898,20,217,3,1,NA,0,2,2,1,0,1,0,0,0,5,17,0,1,7,26,NA,5,41,20,9,8,38,15,8,8,37,312,7,70,2,6,NA,0,12,3,1,3,4,0,3,6,4,59,0,12
101587,NA,104,NA,4,NA,11,18,30,5,NA,3,1,57,401,26,33,NA,10,NA,0,NA,2,13,2,5,NA,0,1,22,122,7,2,NA,0,NA,0,NA,0,0,0,0,NA,0,0,0,0,0,0,NA,72,NA,2,NA,7,6,15,2,NA,0,0,28,215,9,15,NA,0,NA,0,NA,0,1,1,0,NA,0,0,1,6,3,0,NA,17,NA,1,NA,4,9,11,1,NA,3,1,19,136,10,13,NA,15,NA,1,NA,0,0,1,2,NA,0,0,7,33,2,2
101675,11,2,NA,1,NA,23,NA,6,15,10,6,3,53,152,11,NA,5,0,NA,0,NA,3,NA,0,5,1,2,3,27,56,5,NA,0,0,NA,0,NA,0,NA,0,0,0,0,0,0,0,0,NA,0,0,NA,0,NA,0,NA,0,0,0,0,0,0,1,0,NA,0,0,NA,0,NA,0,NA,0,0,0,0,0,0,0,0,NA,11,2,NA,1,NA,22,NA,6,15,10,6,3,53,150,11,NA,0,0,NA,0,NA,0,NA,0,0,0,0,0,0,0,0,NA
101693,4,21,3,3,3,9,28,8,NA,NA,3,17,35,207,9,36,4,2,0,1,1,4,12,1,NA,NA,1,11,22,77,2,5,0,0,0,0,0,0,0,0,NA,NA,0,1,0,3,0,2,1,17,2,2,3,6,16,5,NA,NA,3,10,20,132,6,21,1,0,0,0,0,0,1,0,NA,NA,0,0,4,7,0,1,1,3,1,0,0,2,6,2,NA,NA,0,1,5,33,0,8,1,1,0,0,0,0,5,1,NA,NA,0,5,4,26,3,3
101709,5,45,NA,22,NA,15,36,24,NA,15,20,75,71,397,15,19,3,5,NA,6,NA,3,19,6,NA,1,8,20,48,141,7,0,0,0,NA,0,NA,0,0,0,NA,0,0,0,0,0,0,0,3,33,NA,17,NA,12,22,15,NA,10,13,54,48,278,11,15,1,1,NA,0,NA,0,3,1,NA,0,1,0,5,14,0,0,1,6,NA,4,NA,2,9,5,NA,5,5,19,14,83,4,4,0,2,NA,1,NA,1,1,0,NA,0,0,1,2,8,0,0
101879,37,104,0,18,NA,41,56,46,28,32,50,58,245,1059,39,185,28,17,0,6,NA,14,25,12,16,3,26,21,111,364,13,25,1,0,0,0,NA,0,0,0,0,0,1,1,14,20,0,2,22,87,0,15,NA,32,48,38,22,22,35,44,157,773,29,140,12,0,0,0,NA,1,1,3,0,0,3,2,23,57,1,3,1,12,0,2,NA,5,6,4,5,8,10,8,31,149,6,24,0,3,0,0,NA,0,0,0,0,0,0,0,9,13,0,1
101912,8,3,NA,1,18,32,NA,18,NA,14,5,2,27,189,7,37,8,0,NA,0,7,13,NA,2,NA,3,3,0,14,66,0,8,0,0,NA,0,0,0,NA,0,NA,0,0,0,0,0,0,0,0,0,NA,0,0,0,NA,0,NA,0,0,0,0,1,0,0,2,0,NA,0,0,2,NA,2,NA,1,0,0,3,14,1,2,6,3,NA,1,18,30,NA,16,NA,13,5,2,24,172,6,34,0,0,NA,0,0,0,NA,0,NA,0,0,0,0,2,0,1
102049,16,48,2,15,3,18,16,40,NA,7,20,63,171,897,71,314,11,4,0,1,2,8,10,8,NA,5,7,15,96,273,15,63,0,0,0,0,0,2,0,0,NA,0,1,2,2,19,2,9,15,44,2,15,3,14,10,35,NA,4,12,54,150,740,59,246,0,0,0,0,0,0,1,1,NA,0,0,0,2,7,0,2,1,3,0,0,0,1,4,3,NA,3,6,7,11,90,9,30,0,0,0,0,0,0,1,0,NA,0,1,0,4,30,1,22
102094,76,86,140,22,NA,268,28,89,29,20,36,43,197,1772,36,529,59,12,105,3,NA,65,25,11,13,2,10,19,97,595,10,74,5,2,9,1,NA,18,0,1,0,0,1,1,2,70,0,26,48,65,95,15,NA,163,16,63,21,11,19,27,145,1126,22,322,2,0,4,0,NA,4,2,0,1,0,0,0,4,28,1,4,16,14,22,6,NA,58,10,21,6,8,13,9,32,425,11,142,2,1,6,0,NA,14,0,2,0,0,1,4,8,62,0,17
102368,94,145,NA,29,NA,51,55,231,115,129,78,57,418,1936,56,166,64,24,NA,4,NA,12,21,39,62,15,42,17,214,695,15,17,1,1,NA,0,NA,2,0,2,0,1,0,1,5,20,1,1,59,108,NA,22,NA,33,23,120,54,61,46,42,274,1170,36,112,12,0,NA,0,NA,5,3,0,0,0,0,2,25,53,1,0,18,25,NA,7,NA,9,27,93,59,59,26,11,95,585,15,44,2,0,NA,0,NA,0,1,4,1,2,2,0,6,31,2,1
102377,10,3,50,2,5,29,NA,20,NA,3,12,0,26,335,9,77,7,1,28,0,2,4,NA,2,NA,0,2,0,11,96,3,10,0,0,0,0,0,1,NA,0,NA,0,0,0,0,1,0,0,0,0,1,0,0,0,NA,0,NA,0,0,0,0,5,0,1,0,0,0,0,0,0,NA,0,NA,0,0,0,0,0,0,0,10,3,48,2,3,28,NA,20,NA,3,12,0,24,314,9,72,0,0,1,0,2,0,NA,0,NA,0,0,0,2,12,0,2
102553,24,3,51,16,NA,27,13,59,14,18,34,18,97,717,10,198,20,0,39,6,NA,12,7,19,9,4,13,7,47,292,3,37,4,1,7,5,NA,4,2,7,0,2,7,2,15,99,1,33,13,2,27,6,NA,9,9,27,8,8,14,10,42,354,4,106,1,0,1,0,NA,0,0,3,0,0,0,0,9,22,0,2,5,0,7,2,NA,5,2,7,5,5,5,4,8,99,3,25,0,0,6,2,NA,1,0,9,0,3,5,1,11,63,1,12
102614,12,20,40,11,0,39,11,40,45,30,8,12,66,461,6,NA,11,7,29,2,0,9,6,6,26,3,4,5,33,197,0,NA,2,1,1,0,0,3,0,0,1,2,0,0,4,16,1,NA,5,11,22,8,0,22,6,27,27,11,4,6,37,262,3,NA,1,0,3,0,0,0,2,2,0,0,0,1,4,15,0,NA,2,3,9,0,0,3,1,5,9,1,3,1,7,57,0,NA,0,3,2,1,0,2,0,5,5,10,0,2,9,61,1,NA
102632,NA,23,NA,4,0,17,0,NA,NA,NA,10,NA,35,103,NA,NA,NA,3,NA,1,0,4,0,NA,NA,NA,3,NA,10,24,NA,NA,NA,3,NA,1,0,0,0,NA,NA,NA,1,NA,3,8,NA,NA,NA,11,NA,3,0,12,0,NA,NA,NA,3,NA,19,61,NA,NA,NA,0,NA,0,0,0,0,NA,NA,NA,0,NA,0,0,NA,NA,NA,1,NA,0,0,3,0,NA,NA,NA,3,NA,3,10,NA,NA,NA,3,NA,0,0,0,0,NA,NA,NA,2,NA,4,9,NA,NA
102845,9,NA,NA,NA,NA,NA,NA,NA,NA,NA,NA,NA,10,54,NA,35,6,NA,NA,NA,NA,NA,NA,NA,NA,NA,NA,NA,3,12,NA,3,1,NA,NA,NA,NA,NA,NA,NA,NA,NA,NA,NA,0,2,NA,1,5,NA,NA,NA,NA,NA,NA,NA,NA,NA,NA,NA,5,33,NA,23,0,NA,NA,NA,NA,NA,NA,NA,NA,NA,NA,NA,0,0,NA,0,0,NA,NA,NA,NA,NA,NA,NA,NA,NA,NA,NA,0,6,NA,6,1,NA,NA,NA,NA,NA,NA,NA,NA,NA,NA,NA,4,7,NA,2
104151,1007,667,1340,143,73,1191,298,906,277,264,741,761,3326,14745,674,1100,826,129,1052,47,52,422,151,207,103,64,376,275,1940,7139,281,226,229,13,146,3,2,168,13,46,12,5,40,49,264,1270,28,118,333,342,615,89,41,548,135,460,105,99,363,378,1667,6974,376,473,192,12,138,2,1,52,5,19,5,6,58,30,392,1019,14,6,179,251,331,37,24,321,117,319,143,127,211,234,734,4273,203,418,29,28,50,8,2,44,12,23,5,15,30,32,107,504,14,34
104179,414,270,513,83,59,765,NA,599,136,36,368,311,1159,7563,277,657,307,41,372,26,21,255,NA,106,55,14,197,104,627,3203,99,109,45,7,32,4,2,97,NA,23,5,1,21,10,48,408,6,38,156,117,235,46,30,374,NA,290,57,18,170,164,680,3812,173,342,77,2,70,4,1,17,NA,13,3,0,50,12,63,438,5,7,106,119,132,24,24,209,NA,226,62,14,104,100,293,2293,68,225,7,10,10,2,0,21,NA,9,4,1,8,4,37,224,12,14
104425,NA,NA,NA,NA,NA,NA,NA,NA,NA,NA,NA,NA,NA,NA,NA,NA,NA,NA,NA,NA,NA,NA,NA,NA,NA,NA,NA,NA,NA,NA,NA,NA,NA,NA,NA,NA,NA,NA,NA,NA,NA,NA,NA,NA,NA,NA,NA,NA,NA,NA,NA,NA,NA,NA,NA,NA,NA,NA,NA,NA,NA,NA,NA,NA,NA,NA,NA,NA,NA,NA,NA,NA,NA,NA,NA,NA,NA,NA,NA,NA,NA,NA,NA,NA,NA,NA,NA,NA,NA,NA,NA,NA,NA,NA,NA,NA,NA,NA,NA,NA,NA,NA,NA,NA,NA,NA,NA,NA,NA,NA,NA,NA
104577,NA,NA,NA,NA,NA,NA,NA,NA,NA,NA,NA,NA,NA,NA,NA,NA,NA,NA,NA,NA,NA,NA,NA,NA,NA,NA,NA,NA,NA,NA,NA,NA,NA,NA,NA,NA,NA,NA,NA,NA,NA,NA,NA,NA,NA,NA,NA,NA,NA,NA,NA,NA,NA,NA,NA,NA,NA,NA,NA,NA,NA,NA,NA,NA,NA,NA,NA,NA,NA,NA,NA,NA,NA,NA,NA,NA,NA,NA,NA,NA,NA,NA,NA,NA,NA,NA,NA,NA,NA,NA,NA,NA,NA,NA,NA,NA,NA,NA,NA,NA,NA,NA,NA,NA,NA,NA,NA,NA,NA,NA,NA,NA
104586,45,NA,229,NA,NA,8,NA,16,18,NA,50,NA,31,651,NA,NA,29,NA,172,NA,NA,2,NA,0,5,NA,26,NA,25,449,NA,NA,8,NA,14,NA,NA,1,NA,0,0,NA,2,NA,3,45,NA,NA,23,NA,142,NA,NA,6,NA,8,16,NA,28,NA,18,375,NA,NA,1,NA,12,NA,NA,0,NA,0,0,NA,6,NA,5,72,NA,NA,11,NA,39,NA,NA,1,NA,8,2,NA,9,NA,2,101,NA,NA,0,NA,8,NA,NA,0,NA,0,0,NA,1,NA,1,19,NA,NA
104708,NA,0,NA,NA,NA,NA,NA,NA,NA,NA,NA,NA,NA,0,NA,NA,NA,0,NA,NA,NA,NA,NA,NA,NA,NA,NA,NA,NA,0,NA,NA,NA,0,NA,NA,NA,NA,NA,NA,NA,NA,NA,NA,NA,0,NA,NA,NA,0,NA,NA,NA,NA,NA,NA,NA,NA,NA,NA,NA,0,NA,NA,NA,0,NA,NA,NA,NA,NA,NA,NA,NA,NA,NA,NA,0,NA,NA,NA,0,NA,NA,NA,NA,NA,NA,NA,NA,NA,NA,NA,0,NA,NA,NA,0,NA,NA,NA,NA,NA,NA,NA,NA,NA,NA,NA,0,NA,NA
104717,433,1623,118,86,NA,291,258,NA,524,1991,133,321,3133,14748,307,4996,371,130,94,16,NA,96,162,NA,279,300,57,126,1461,4210,87,748,20,14,2,2,NA,17,5,NA,4,36,2,14,77,628,3,424,214,1062,70,55,NA,152,156,NA,258,957,67,185,1740,7218,185,1779,10,1,8,2,NA,10,3,NA,4,16,5,3,51,152,2,34,149,444,29,17,NA,90,69,NA,205,798,36,85,1010,5549,86,2387,16,61,3,3,NA,9,6,NA,26,86,8,11,115,590,12,221
105145,NA,NA,NA,NA,NA,NA,NA,NA,NA,NA,NA,NA,NA,0,NA,0,NA,NA,NA,NA,NA,NA,NA,NA,NA,NA,NA,NA,NA,0,NA,0,NA,NA,NA,NA,NA,NA,NA,NA,NA,NA,NA,NA,NA,0,NA,0,NA,NA,NA,NA,NA,NA,NA,NA,NA,NA,NA,NA,NA,0,NA,0,NA,NA,NA,NA,NA,NA,NA,NA,NA,NA,NA,NA,NA,0,NA,0,NA,NA,NA,NA,NA,NA,NA,NA,NA,NA,NA,NA,NA,0,NA,0,NA,NA,NA,NA,NA,NA,NA,NA,NA,NA,NA,NA,NA,0,NA,0
105154,NA,0,NA,NA,NA,NA,NA,NA,NA,NA,NA,NA,NA,0,NA,NA,NA,0,NA,NA,NA,NA,NA,NA,NA,NA,NA,NA,NA,0,NA,NA,NA,0,NA,NA,NA,NA,NA,NA,NA,NA,NA,NA,NA,0,NA,NA,NA,0,NA,NA,NA,NA,NA,NA,NA,NA,NA,NA,NA,0,NA,NA,NA,0,NA,NA,NA,NA,NA,NA,NA,NA,NA,NA,NA,0,NA,NA,NA,0,NA,NA,NA,NA,NA,NA,NA,NA,NA,NA,NA,0,NA,NA,NA,0,NA,NA,NA,NA,NA,NA,NA,NA,NA,NA,NA,0,NA,NA
105297,NA,9,NA,NA,NA,4,NA,11,NA,NA,NA,2,13,52,NA,10,NA,3,NA,NA,NA,3,NA,3,NA,NA,NA,2,3,18,NA,2,NA,0,NA,NA,NA,0,NA,0,NA,NA,NA,0,0,0,NA,0,NA,0,NA,NA,NA,0,NA,0,NA,NA,NA,0,0,0,NA,0,NA,0,NA,NA,NA,0,NA,0,NA,NA,NA,0,0,1,NA,1,NA,0,NA,NA,NA,0,NA,0,NA,NA,NA,0,0,0,NA,0,NA,9,NA,NA,NA,4,NA,11,NA,NA,NA,2,13,51,NA,9
105330,100,466,180,74,344,422,221,452,17,135,309,179,790,5205,229,775,83,63,144,16,124,109,95,73,5,10,107,49,436,1696,80,86,5,2,9,2,6,15,3,9,0,3,3,6,21,134,5,29,67,275,91,34,146,237,136,267,6,68,179,106,500,3014,152,429,0,0,5,1,0,2,0,2,0,0,0,0,7,22,3,0,22,151,44,19,161,124,65,136,9,55,95,49,189,1527,46,242,2,22,19,15,15,10,4,17,1,7,15,6,27,226,4,34
105349,NA,0,NA,NA,NA,NA,NA,NA,NA,NA,NA,NA,0,0,NA,NA,NA,0,NA,NA,NA,NA,NA,NA,NA,NA,NA,NA,0,0,NA,NA,NA,0,NA,NA,NA,NA,NA,NA,NA,NA,NA,NA,0,0,NA,NA,NA,0,NA,NA,NA,NA,NA,NA,NA,NA,NA,NA,0,0,NA,NA,NA,0,NA,NA,NA,NA,NA,NA,NA,NA,NA,NA,0,0,NA,NA,NA,0,NA,NA,NA,NA,NA,NA,NA,NA,NA,NA,0,0,NA,NA,NA,0,NA,NA,NA,NA,NA,NA,NA,NA,NA,NA,0,0,NA,NA
105428,NA,NA,NA,NA,NA,NA,NA,NA,NA,NA,NA,NA,NA,NA,NA,NA,NA,NA,NA,NA,NA,NA,NA,NA,NA,NA,NA,NA,NA,NA,NA,NA,NA,NA,NA,NA,NA,NA,NA,NA,NA,NA,NA,NA,NA,NA,NA,NA,NA,NA,NA,NA,NA,NA,NA,NA,NA,NA,NA,NA,NA,NA,NA,NA,NA,NA,NA,NA,NA,NA,NA,NA,NA,NA,NA,NA,NA,NA,NA,NA,NA,NA,NA,NA,NA,NA,NA,NA,NA,NA,NA,NA,NA,NA,NA,NA,NA,NA,NA,NA,NA,NA,NA,NA,NA,NA,NA,NA,NA,NA,NA,NA
105534,NA,NA,NA,NA,NA,NA,NA,NA,NA,NA,NA,NA,NA,371,NA,371,NA,NA,NA,NA,NA,NA,NA,NA,NA,NA,NA,NA,NA,75,NA,75,NA,NA,NA,NA,NA,NA,NA,NA,NA,NA,NA,NA,NA,22,NA,22,NA,NA,NA,NA,NA,NA,NA,NA,NA,NA,NA,NA,NA,167,NA,167,NA,NA,NA,NA,NA,NA,NA,NA,NA,NA,NA,NA,NA,1,NA,1,NA,NA,NA,NA,NA,NA,NA,NA,NA,NA,NA,NA,NA,140,NA,140,NA,NA,NA,NA,NA,NA,NA,NA,NA,NA,NA,NA,NA,15,NA,15
105668,NA,0,NA,NA,NA,NA,NA,NA,NA,0,NA,NA,NA,0,NA,NA,NA,0,NA,NA,NA,NA,NA,NA,NA,0,NA,NA,NA,0,NA,NA,NA,0,NA,NA,NA,NA,NA,NA,NA,0,NA,NA,NA,0,NA,NA,NA,0,NA,NA,NA,NA,NA,NA,NA,0,NA,NA,NA,0,NA,NA,NA,0,NA,NA,NA,NA,NA,NA,NA,0,NA,NA,NA,0,NA,NA,NA,0,NA,NA,NA,NA,NA,NA,NA,0,NA,NA,NA,0,NA,NA,NA,0,NA,NA,NA,NA,NA,NA,NA,0,NA,NA,NA,0,NA,NA
105747,NA,NA,NA,NA,NA,NA,NA,NA,NA,NA,NA,NA,NA,NA,NA,NA,NA,NA,NA,NA,NA,NA,NA,NA,NA,NA,NA,NA,NA,NA,NA,NA,NA,NA,NA,NA,NA,NA,NA,NA,NA,NA,NA,NA,NA,NA,NA,NA,NA,NA,NA,NA,NA,NA,NA,NA,NA,NA,NA,NA,NA,NA,NA,NA,NA,NA,NA,NA,NA,NA,NA,NA,NA,NA,NA,NA,NA,NA,NA,NA,NA,NA,NA,NA,NA,NA,NA,NA,NA,NA,NA,NA,NA,NA,NA,NA,NA,NA,NA,NA,NA,NA,NA,NA,NA,NA,NA,NA,NA,NA,NA,NA
105792,NA,NA,NA,NA,NA,NA,NA,NA,NA,NA,NA,NA,NA,NA,NA,NA,NA,NA,NA,NA,NA,NA,NA,NA,NA,NA,NA,NA,NA,NA,NA,NA,NA,NA,NA,NA,NA,NA,NA,NA,NA,NA,NA,NA,NA,NA,NA,NA,NA,NA,NA,NA,NA,NA,NA,NA,NA,NA,NA,NA,NA,NA,NA,NA,NA,NA,NA,NA,NA,NA,NA,NA,NA,NA,NA,NA,NA,NA,NA,NA,NA,NA,NA,NA,NA,NA,NA,NA,NA,NA,NA,NA,NA,NA,NA,NA,NA,NA,NA,NA,NA,NA,NA,NA,NA,NA,NA,NA,NA,NA,NA,NA
105899,NA,19,NA,NA,NA,9,NA,23,NA,NA,9,8,64,167,7,NA,NA,4,NA,NA,NA,3,NA,8,NA,NA,4,4,45,85,2,NA,NA,0,NA,NA,NA,0,NA,0,NA,NA,1,0,0,2,1,NA,NA,13,NA,NA,NA,5,NA,9,NA,NA,3,5,31,90,4,NA,NA,0,NA,NA,NA,1,NA,0,NA,NA,0,0,6,7,0,NA,NA,5,NA,NA,NA,2,NA,11,NA,NA,5,2,23,55,1,NA,NA,1,NA,NA,NA,0,NA,0,NA,NA,0,0,1,2,0,NA
106148,NA,NA,NA,NA,NA,NA,NA,NA,NA,NA,NA,NA,0,0,NA,0,NA,NA,NA,NA,NA,NA,NA,NA,NA,NA,NA,NA,0,0,NA,0,NA,NA,NA,NA,NA,NA,NA,NA,NA,NA,NA,NA,0,0,NA,0,NA,NA,NA,NA,NA,NA,NA,NA,NA,NA,NA,NA,0,0,NA,0,NA,NA,NA,NA,NA,NA,NA,NA,NA,NA,NA,NA,0,0,NA,0,NA,NA,NA,NA,NA,NA,NA,NA,NA,NA,NA,NA,0,0,NA,0,NA,NA,NA,NA,NA,NA,NA,NA,NA,NA,NA,NA,0,0,NA,0
106245,33,39,30,34,39,41,NA,49,49,43,51,42,160,941,55,168,24,6,23,6,16,10,NA,11,17,5,14,12,72,328,29,22,2,1,2,1,0,6,NA,2,0,0,0,0,2,21,0,2,12,19,15,20,17,19,NA,25,23,24,18,26,89,466,30,72,1,2,1,1,1,1,NA,1,1,0,3,0,11,33,2,4,5,4,6,9,15,4,NA,12,21,14,16,10,38,266,18,71,0,2,1,1,2,4,NA,2,0,0,0,2,2,20,0,2
106263,NA,NA,NA,NA,NA,NA,NA,NA,NA,NA,NA,NA,NA,552,NA,552,NA,NA,NA,NA,NA,NA,NA,NA,NA,NA,NA,NA,NA,90,NA,90,NA,NA,NA,NA,NA,NA,NA,NA,NA,NA,NA,NA,NA,50,NA,50,NA,NA,NA,NA,NA,NA,NA,NA,NA,NA,NA,NA,NA,358,NA,358,NA,NA,NA,NA,NA,NA,NA,NA,NA,NA,NA,NA,NA,4,NA,4,NA,NA,NA,NA,NA,NA,NA,NA,NA,NA,NA,NA,NA,104,NA,104,NA,NA,NA,NA,NA,NA,NA,NA,NA,NA,NA,NA,NA,20,NA,20
106397,127,208,391,47,NA,295,81,243,73,56,207,131,1475,4985,298,536,99,30,297,9,NA,100,58,40,22,5,78,34,908,2133,90,42,13,2,21,0,NA,18,1,9,2,0,2,5,32,148,3,17,79,162,259,39,NA,212,60,171,54,40,150,96,1130,3713,242,382,9,0,21,0,NA,3,1,3,1,0,5,2,31,92,3,0,15,32,56,3,NA,42,12,35,9,12,38,17,181,660,28,96,2,2,14,2,NA,9,3,8,3,0,8,6,45,154,7,20
106412,3,31,1,1,40,31,NA,9,23,15,9,19,42,305,10,22,2,13,1,0,21,7,NA,1,11,1,5,11,20,124,6,4,0,0,0,0,0,0,NA,0,0,0,0,0,1,1,0,0,0,2,0,0,0,0,NA,0,1,1,1,1,3,10,0,0,0,0,0,0,0,0,NA,0,0,0,1,0,2,4,0,0,3,25,1,1,40,31,NA,9,21,14,6,18,36,283,10,21,0,2,0,0,0,0,NA,0,0,0,0,0,0,2,0,0
106458,17,130,51,8,205,76,83,197,8,22,89,36,261,1752,93,317,14,33,42,0,69,30,32,33,4,2,27,15,129,610,39,46,0,0,0,0,1,4,0,0,0,0,1,0,4,18,0,7,10,115,41,8,126,47,63,141,6,15,57,29,180,1295,75,248,5,1,5,0,1,10,3,5,0,0,3,3,22,72,3,2,2,13,5,0,67,14,15,44,2,7,21,4,44,312,11,53,0,0,0,0,2,1,1,1,0,0,0,0,5,16,1,2
106467,51,148,79,16,NA,28,19,74,52,NA,37,49,185,1069,23,128,46,45,72,4,NA,9,6,11,24,NA,12,21,96,442,8,16,1,1,1,0,NA,0,0,0,0,NA,0,3,1,11,0,1,40,119,56,13,NA,17,13,50,33,NA,30,37,126,788,18,95,4,2,10,0,NA,0,0,4,2,NA,0,3,18,50,1,3,5,21,8,0,NA,7,5,19,15,NA,5,4,27,169,3,24,0,1,0,0,NA,1,0,0,0,NA,0,1,3,10,0,1
106485,NA,46,NA,3,22,12,28,12,8,10,7,4,63,281,3,16,NA,2,NA,0,13,3,18,1,4,0,4,1,31,103,0,2,NA,0,NA,0,0,0,0,0,0,0,0,0,2,2,0,0,NA,36,NA,2,14,10,14,9,5,6,4,1,34,182,3,10,NA,0,NA,0,0,0,0,0,0,0,0,0,2,2,0,0,NA,10,NA,0,8,1,12,1,3,3,2,3,17,73,0,4,NA,0,NA,0,0,0,0,0,0,0,0,0,0,0,0,0
106704,70,111,4,42,42,85,103,117,NA,5,73,102,283,1496,46,260,58,30,4,11,15,31,45,16,NA,2,26,38,158,563,15,49,5,0,0,0,0,5,3,4,NA,0,2,2,10,39,0,6,40,91,2,34,28,60,70,76,NA,3,48,75,197,1038,35,180,6,0,1,0,0,2,3,2,NA,0,4,0,17,45,1,2,15,13,1,4,12,15,17,27,NA,2,17,23,41,287,7,58,1,0,0,0,1,0,0,0,NA,0,1,0,1,8,1,3
107044,54,94,31,19,24,25,46,28,16,29,11,34,119,747,36,98,46,19,23,3,11,12,24,9,6,4,8,8,71,315,21,12,3,1,0,0,1,2,2,2,0,0,0,1,3,17,0,1,41,74,20,18,18,20,32,20,12,23,9,23,86,588,32,91,6,0,5,0,3,1,0,0,1,0,1,1,14,37,2,0,3,14,2,1,2,0,7,3,2,4,0,5,11,62,0,3,0,0,0,0,0,0,0,0,0,0,0,2,0,3,0,1
107071,6,55,10,7,28,13,17,30,8,5,9,23,63,397,4,82,5,14,9,2,14,5,15,5,5,1,4,14,37,178,2,17,0,2,1,0,0,0,0,1,0,0,0,0,1,6,0,0,2,42,7,5,15,9,8,19,4,2,3,17,43,261,3,56,1,0,1,0,0,1,0,0,0,0,0,0,3,9,0,1,3,7,1,2,12,3,7,9,3,3,5,6,15,104,1,21,0,3,0,0,0,0,0,1,1,0,0,0,0,7,0,2
107080,13,NA,NA,23,NA,38,NA,27,NA,NA,45,5,9,231,NA,30,10,NA,NA,10,NA,20,NA,7,NA,NA,24,1,8,113,NA,13,1,NA,NA,0,NA,5,NA,0,NA,NA,1,0,0,11,NA,2,5,NA,NA,17,NA,26,NA,21,NA,NA,30,4,5,160,NA,16,0,NA,NA,0,NA,1,NA,0,NA,NA,1,0,0,2,NA,0,3,NA,NA,5,NA,4,NA,5,NA,NA,10,1,3,41,NA,8,2,NA,NA,0,NA,1,NA,0,NA,NA,2,0,0,7,NA,1
107141,7,16,18,8,8,12,24,34,3,NA,4,44,74,327,0,26,5,4,15,2,2,5,7,10,2,NA,2,17,36,121,0,2,0,0,0,0,0,0,0,2,0,NA,0,0,3,7,0,0,2,14,12,7,7,10,19,24,2,NA,2,34,46,236,0,21,2,0,5,0,0,1,0,2,0,NA,0,4,13,29,0,0,2,0,1,0,0,0,3,4,1,NA,0,1,7,28,0,3,1,0,0,1,0,0,1,1,0,NA,1,1,0,7,0,1
107512,1,28,3,7,NA,34,21,17,4,NA,4,31,58,320,19,50,1,2,3,1,NA,14,6,3,4,NA,2,9,39,118,6,9,0,0,0,0,NA,0,0,0,0,NA,0,1,1,4,1,0,0,23,1,6,NA,31,14,16,4,NA,3,26,42,263,14,45,1,1,1,0,NA,0,0,0,0,NA,0,0,5,8,0,0,0,1,1,1,NA,2,6,0,0,NA,0,3,9,33,3,3,0,0,0,0,NA,0,0,0,0,NA,0,0,0,1,0,1
107983,37,113,29,7,28,23,45,31,20,9,2,40,99,618,6,40,34,16,26,0,7,8,29,3,12,0,1,17,61,274,2,6,1,0,1,0,0,0,0,0,0,1,0,0,0,4,0,0,26,92,25,4,14,18,25,22,9,4,1,27,69,439,2,29,1,0,0,1,0,1,1,0,0,0,0,1,3,12,1,1,9,19,3,2,13,4,16,9,9,4,1,12,22,146,3,9,0,0,0,0,0,0,1,0,0,0,0,0,2,6,0,1
108092,25,71,NA,10,25,43,NA,32,27,19,4,16,194,609,12,84,25,15,NA,4,10,16,NA,4,10,2,2,3,84,212,5,9,4,2,NA,0,2,1,NA,2,0,1,0,1,10,29,0,4,13,46,NA,7,14,26,NA,18,17,9,2,9,111,356,6,54,0,0,NA,0,0,1,NA,0,0,0,0,0,4,8,0,1,4,10,NA,1,5,12,NA,8,8,7,1,2,46,130,1,13,1,3,NA,0,0,1,NA,1,0,1,0,0,3,14,0,3
108232,87,6,NA,NA,NA,NA,NA,NA,NA,NA,NA,186,20,493,13,NA,41,0,NA,NA,NA,NA,NA,NA,NA,NA,NA,88,5,219,8,NA,4,0,NA,NA,NA,NA,NA,NA,NA,NA,NA,8,1,19,0,NA,14,2,NA,NA,NA,NA,NA,NA,NA,NA,NA,28,1,72,3,NA,34,0,NA,NA,NA,NA,NA,NA,NA,NA,NA,71,9,170,5,NA,8,1,NA,NA,NA,NA,NA,NA,NA,NA,NA,25,3,70,2,NA,24,3,NA,NA,NA,NA,NA,NA,NA,NA,NA,47,5,144,3,NA
109350,NA,NA,NA,NA,NA,NA,NA,NA,NA,NA,NA,NA,NA,21,NA,NA,NA,NA,NA,NA,NA,NA,NA,NA,NA,NA,NA,NA,NA,13,NA,NA,NA,NA,NA,NA,NA,NA,NA,NA,NA,NA,NA,NA,NA,2,NA,NA,NA,NA,NA,NA,NA,NA,NA,NA,NA,NA,NA,NA,NA,0,NA,NA,NA,NA,NA,NA,NA,NA,NA,NA,NA,NA,NA,NA,NA,0,NA,NA,NA,NA,NA,NA,NA,NA,NA,NA,NA,NA,NA,NA,NA,18,NA,NA,NA,NA,NA,NA,NA,NA,NA,NA,NA,NA,NA,NA,NA,0,NA,NA
109651,22,NA,NA,NA,NA,NA,NA,NA,NA,NA,NA,259,NA,485,NA,NA,7,NA,NA,NA,NA,NA,NA,NA,NA,NA,NA,77,NA,200,NA,NA,9,NA,NA,NA,NA,NA,NA,NA,NA,NA,NA,103,NA,168,NA,NA,0,NA,NA,NA,NA,NA,NA,NA,NA,NA,NA,30,NA,48,NA,NA,12,NA,NA,NA,NA,NA,NA,NA,NA,NA,NA,79,NA,198,NA,NA,0,NA,NA,NA,NA,NA,NA,NA,NA,NA,NA,37,NA,50,NA,NA,0,NA,NA,NA,NA,NA,NA,NA,NA,NA,NA,1,NA,3,NA,NA
109785,6,2,3,12,54,19,52,104,14,18,25,91,99,1198,27,635,5,1,3,3,12,8,22,18,8,2,8,38,53,307,6,114,0,0,1,0,8,2,9,17,1,1,0,5,12,217,1,158,4,1,0,6,31,5,17,21,6,9,8,45,37,360,13,141,0,0,1,0,1,2,2,2,0,1,0,7,8,37,2,9,1,1,1,5,12,8,16,53,5,7,15,27,33,480,9,273,1,0,0,0,0,0,5,2,0,0,1,5,3,55,0,35
109819,NA,NA,NA,NA,NA,NA,NA,NA,NA,NA,NA,NA,NA,13,NA,NA,NA,NA,NA,NA,NA,NA,NA,NA,NA,NA,NA,NA,NA,13,NA,NA,NA,NA,NA,NA,NA,NA,NA,NA,NA,NA,NA,NA,NA,2,NA,NA,NA,NA,NA,NA,NA,NA,NA,NA,NA,NA,NA,NA,NA,2,NA,NA,NA,NA,NA,NA,NA,NA,NA,NA,NA,NA,NA,NA,NA,0,NA,NA,NA,NA,NA,NA,NA,NA,NA,NA,NA,NA,NA,NA,NA,8,NA,NA,NA,NA,NA,NA,NA,NA,NA,NA,NA,NA,NA,NA,NA,0,NA,NA
110097,12,48,17,20,0,40,21,95,NA,NA,22,111,126,770,36,115,12,6,15,4,0,12,9,23,NA,NA,7,62,65,285,4,7,1,4,1,2,0,1,2,5,NA,NA,0,4,8,50,2,15,4,22,8,11,0,13,6,37,NA,NA,9,54,55,335,22,46,0,0,1,0,0,0,0,0,NA,NA,0,2,0,6,0,1,3,8,2,4,0,10,9,31,NA,NA,7,16,35,172,5,24,0,1,1,1,0,3,1,2,NA,NA,0,5,4,24,0,1
110219,NA,NA,NA,NA,NA,NA,42,NA,NA,NA,NA,NA,6,88,NA,17,NA,NA,NA,NA,NA,NA,20,NA,NA,NA,NA,NA,1,23,NA,0,NA,NA,NA,NA,NA,NA,1,NA,NA,NA,NA,NA,0,2,NA,1,NA,NA,NA,NA,NA,NA,20,NA,NA,NA,NA,NA,1,38,NA,7,NA,NA,NA,NA,NA,NA,0,NA,NA,NA,NA,NA,0,0,NA,0,NA,NA,NA,NA,NA,NA,11,NA,NA,NA,NA,NA,2,22,NA,3,NA,NA,NA,NA,NA,NA,8,NA,NA,NA,NA,NA,3,20,NA,5
110316,NA,NA,NA,NA,NA,NA,NA,31,NA,NA,NA,NA,NA,42,NA,NA,NA,NA,NA,NA,NA,NA,NA,9,NA,NA,NA,NA,NA,10,NA,NA,NA,NA,NA,NA,NA,NA,NA,0,NA,NA,NA,NA,NA,0,NA,NA,NA,NA,NA,NA,NA,NA,NA,18,NA,NA,NA,NA,NA,25,NA,NA,NA,NA,NA,NA,NA,NA,NA,0,NA,NA,NA,NA,NA,0,NA,NA,NA,NA,NA,NA,NA,NA,NA,5,NA,NA,NA,NA,NA,8,NA,NA,NA,NA,NA,NA,NA,NA,NA,4,NA,NA,NA,NA,NA,5,NA,NA
110361,28,84,132,40,34,144,134,179,63,37,40,109,292,1891,45,331,23,5,108,7,6,44,65,27,28,5,9,39,133,664,16,49,4,3,8,1,1,23,6,3,2,1,0,6,16,128,1,42,13,32,56,22,11,52,48,50,15,10,11,49,100,657,18,88,0,0,5,0,0,3,2,1,0,0,0,6,18,46,3,2,10,45,54,7,20,55,65,105,40,25,26,36,132,880,19,160,0,2,4,2,2,5,4,6,5,0,1,4,10,74,1,19
110370,38,NA,NA,2,NA,NA,NA,NA,NA,NA,NA,141,NA,275,NA,NA,12,NA,NA,1,NA,NA,NA,NA,NA,NA,NA,46,NA,95,NA,NA,8,NA,NA,0,NA,NA,NA,NA,NA,NA,NA,18,NA,44,NA,NA,6,NA,NA,2,NA,NA,NA,NA,NA,NA,NA,29,NA,55,NA,NA,20,NA,NA,0,NA,NA,NA,NA,NA,NA,NA,56,NA,110,NA,NA,2,NA,NA,0,NA,NA,NA,NA,NA,NA,NA,24,NA,45,NA,NA,1,NA,NA,0,NA,NA,NA,NA,NA,NA,NA,6,NA,10,NA,NA
110404,96,NA,73,0,NA,12,NA,NA,NA,NA,0,NA,2,235,NA,NA,53,NA,43,0,NA,4,NA,NA,NA,NA,0,NA,1,134,NA,NA,49,NA,21,0,NA,6,NA,NA,NA,NA,0,NA,0,93,NA,NA,15,NA,22,0,NA,4,NA,NA,NA,NA,0,NA,1,57,NA,NA,13,NA,2,0,NA,0,NA,NA,NA,NA,0,NA,0,20,NA,NA,10,NA,17,0,NA,1,NA,NA,NA,NA,0,NA,0,37,NA,NA,2,NA,2,0,NA,0,NA,NA,NA,NA,0,NA,0,4,NA,NA
110413,34,NA,NA,15,20,53,58,83,5,NA,65,65,127,638,61,NA,26,NA,NA,6,2,19,36,20,2,NA,24,34,71,290,26,NA,8,NA,NA,0,0,3,2,2,0,NA,1,5,8,34,1,NA,14,NA,NA,4,5,15,19,31,0,NA,22,30,58,244,26,NA,2,NA,NA,0,0,1,1,2,0,NA,3,1,7,20,2,NA,7,NA,NA,10,14,29,25,43,5,NA,35,21,49,286,24,NA,0,NA,NA,0,0,2,3,2,0,NA,3,2,1,16,3,NA
110422,219,50,1060,52,100,203,169,152,NA,NA,245,79,873,4985,171,52,173,2,766,11,16,67,57,24,NA,NA,123,19,515,2434,31,9,73,1,169,2,10,20,10,10,NA,NA,21,13,152,685,11,8,80,32,542,32,53,110,111,89,NA,NA,145,43,459,2708,112,27,18,0,10,0,0,2,1,0,NA,NA,0,0,9,61,0,0,22,15,211,11,29,38,33,37,NA,NA,56,16,176,996,37,11,12,1,44,1,2,4,7,8,NA,NA,7,2,28,173,1,1
110468,0,NA,NA,NA,NA,NA,NA,0,NA,NA,NA,NA,2,2,NA,NA,0,NA,NA,NA,NA,NA,NA,0,NA,NA,NA,NA,2,2,NA,NA,0,NA,NA,NA,NA,NA,NA,0,NA,NA,NA,NA,0,0,NA,NA,0,NA,NA,NA,NA,NA,NA,0,NA,NA,NA,NA,1,1,NA,NA,0,NA,NA,NA,NA,NA,NA,0,NA,NA,NA,NA,1,1,NA,NA,0,NA,NA,NA,NA,NA,NA,0,NA,NA,NA,NA,0,0,NA,NA,0,NA,NA,NA,NA,NA,NA,0,NA,NA,NA,NA,0,0,NA,NA
110486,53,160,68,39,325,124,105,297,138,6,182,30,274,2148,101,87,46,5,54,11,47,33,45,49,38,3,51,8,123,641,30,22,10,3,5,0,10,17,13,16,2,0,3,0,22,139,4,31,10,17,10,6,51,17,9,38,16,1,24,7,35,300,22,14,0,0,1,0,3,1,1,1,1,0,0,1,9,19,0,0,30,135,47,28,243,84,77,227,113,4,140,20,192,1557,58,37,1,2,4,2,12,3,1,4,3,0,10,0,11,73,10,3
110495,70,62,NA,55,287,109,75,477,182,NA,233,44,415,2467,72,213,57,2,NA,21,34,27,48,95,69,NA,67,14,213,802,30,35,13,3,NA,0,14,16,6,43,6,NA,14,6,63,252,4,58,18,4,NA,17,66,28,16,84,19,NA,48,12,82,480,14,35,0,0,NA,0,0,0,1,1,0,NA,0,0,5,7,0,0,34,52,NA,33,195,50,47,316,148,NA,163,21,221,1534,46,97,3,3,NA,4,8,13,1,20,8,NA,6,3,37,141,6,16
110510,306,4,40,126,269,168,258,544,259,73,424,149,726,4328,133,286,255,2,33,37,25,60,121,94,100,9,120,57,366,1591,54,62,37,1,3,1,7,16,15,28,2,1,17,9,43,250,3,49,45,0,1,23,44,16,34,60,29,6,37,24,60,522,23,34,13,0,0,1,1,1,1,4,1,0,1,2,51,85,0,3,195,3,35,91,209,128,198,422,218,63,337,107,540,3260,102,186,9,0,0,4,4,5,5,16,5,3,13,4,19,111,3,5
110529,323,138,1033,87,139,245,187,363,NA,NA,483,193,1514,5859,132,0,253,13,817,24,16,83,84,103,NA,NA,176,77,898,3061,54,0,153,7,279,8,17,53,35,40,NA,NA,51,43,429,1308,14,0,56,20,227,19,23,34,20,33,NA,NA,48,28,166,874,24,0,13,2,32,0,0,6,1,0,NA,NA,5,2,33,111,0,0,77,100,412,54,92,136,116,270,NA,NA,358,107,802,3194,84,0,13,7,39,5,6,5,8,11,NA,NA,11,6,41,187,6,0
110538,129,66,166,57,203,98,204,259,118,72,335,188,460,3253,133,266,117,3,142,15,13,36,101,58,43,10,90,90,289,1368,56,37,16,1,8,2,3,10,11,11,6,7,18,21,36,203,5,35,49,20,82,36,117,41,100,127,31,29,133,84,232,1494,78,105,8,0,15,0,1,1,0,0,0,0,1,3,7,42,0,0,43,40,47,16,64,38,71,104,69,29,150,60,151,1229,34,109,7,2,8,2,11,3,9,4,5,3,11,7,17,128,5,6
110547,150,228,NA,43,170,106,135,488,198,112,230,128,581,3160,95,325,130,11,NA,10,27,34,72,104,70,29,45,70,300,1110,44,64,24,7,NA,2,1,6,16,26,4,3,5,10,44,252,4,91,17,8,NA,3,10,7,9,28,6,3,12,9,50,228,9,42,4,2,NA,0,0,0,0,4,2,1,0,0,7,26,0,3,99,203,NA,35,146,85,102,408,179,101,197,102,441,2481,73,171,3,5,NA,2,10,3,4,11,5,3,9,3,23,97,4,11
110556,69,92,162,58,481,227,339,644,NA,89,642,193,708,5159,156,377,60,31,134,23,67,87,188,121,NA,8,248,83,410,2033,78,50,17,2,30,1,26,54,33,68,NA,12,45,19,105,562,10,86,20,29,25,20,87,46,61,94,NA,2,58,44,138,965,39,79,7,1,6,2,4,2,4,5,NA,1,8,5,33,100,6,4,22,54,92,31,345,109,217,452,NA,72,495,107,388,3232,90,187,3,5,5,2,13,9,15,19,NA,1,22,11,30,196,6,16
110565,449,504,310,141,154,296,613,1071,380,243,547,590,2254,9421,747,773,393,41,256,47,21,90,309,238,161,50,189,197,1241,3868,286,153,166,63,53,18,19,100,177,166,35,21,59,120,713,2076,104,213,90,82,59,35,37,53,81,188,43,34,96,144,396,1710,171,114,18,1,25,1,0,5,2,4,3,0,2,13,82,179,14,6,153,340,155,76,89,125,305,643,282,177,354,269,910,4869,407,399,16,8,12,5,5,5,15,26,8,5,22,17,69,259,18,17
110574,209,NA,40,47,79,107,162,368,119,0,244,170,786,3207,92,378,167,NA,34,16,12,34,81,84,48,0,69,88,421,1249,37,62,88,NA,18,6,13,30,46,61,13,0,28,45,198,743,10,128,36,NA,2,15,18,14,32,59,12,0,29,27,162,565,18,49,17,NA,4,1,0,3,0,4,0,0,2,5,12,53,1,2,44,NA,12,15,39,52,70,208,79,0,166,79,339,1534,49,172,15,NA,1,3,6,4,5,20,8,0,9,3,46,163,4,16
110583,335,49,770,263,293,480,290,688,328,60,622,950,1399,8792,484,602,274,27,608,92,38,149,136,141,123,8,210,365,778,3614,160,107,159,5,211,29,42,141,90,122,31,5,64,201,351,1930,73,238,40,2,125,68,46,96,53,121,46,7,88,221,226,1522,96,71,32,0,24,2,0,6,2,8,0,0,9,27,56,193,2,7,89,42,356,137,178,195,125,394,237,46,428,411,671,4524,274,252,5,0,24,15,13,14,4,11,3,1,14,27,43,238,12,13
110592,285,358,236,97,143,205,232,419,423,217,441,226,872,5311,334,455,227,17,196,37,19,72,117,90,163,34,127,97,471,2085,150,86,92,23,34,7,7,35,32,34,18,9,21,27,149,660,34,81,15,5,11,5,5,12,3,23,14,10,31,13,51,292,34,34,7,3,2,1,1,1,1,3,1,1,3,4,25,61,2,4,164,319,179,80,125,152,190,338,378,194,370,163,611,4091,251,310,6,8,9,1,2,2,2,11,8,2,10,13,25,130,6,16
110608,347,376,379,143,255,274,340,1037,395,26,728,471,1574,8210,736,554,296,25,324,58,30,100,183,236,158,4,285,194,853,3463,379,106,77,20,42,5,14,39,55,84,9,1,36,52,176,795,64,68,108,47,92,47,39,81,65,210,38,1,143,119,482,1894,200,107,17,5,17,1,5,11,2,25,6,0,32,20,78,292,40,12,120,286,205,75,182,121,192,650,327,8,475,238,747,4634,376,297,17,7,20,6,8,8,12,33,9,16,27,14,61,346,24,60
110617,350,362,433,132,145,282,352,640,551,149,691,305,996,7558,395,1095,310,31,376,42,12,111,195,154,229,16,305,125,541,3136,204,181,126,47,110,13,18,75,68,81,43,22,102,55,286,1506,48,308,99,95,133,54,62,70,99,160,108,27,158,80,239,1931,105,236,20,2,9,1,1,5,2,3,0,0,7,5,22,83,2,1,59,188,133,50,50,93,152,317,349,82,330,132,337,3197,187,453,22,16,25,5,6,18,12,24,30,7,47,9,59,391,22,52
110635,1567,NA,1180,238,0,935,NA,307,NA,64,1520,287,425,9207,226,170,1009,NA,806,65,0,319,NA,60,NA,6,656,86,192,4247,62,30,803,NA,511,57,0,408,NA,101,NA,12,405,63,214,3353,65,76,179,NA,195,79,0,165,NA,57,NA,13,316,75,60,1795,57,24,326,NA,144,7,0,97,NA,26,NA,2,239,39,51,1229,34,8,138,NA,223,74,0,172,NA,100,NA,32,459,77,60,2042,55,51,75,NA,35,1,0,33,NA,5,NA,2,30,11,21,284,1,1
110644,401,3,700,135,NA,1533,NA,875,NA,29,1055,407,483,8157,258,61,322,0,476,40,NA,498,NA,193,NA,8,461,102,235,3173,74,21,215,0,233,23,NA,655,NA,254,NA,3,227,146,182,2509,40,31,58,2,169,47,NA,337,NA,186,NA,8,245,78,83,1806,70,9,68,1,74,1,NA,108,NA,98,NA,0,167,35,110,1008,48,5,29,0,157,45,NA,310,NA,276,NA,16,320,102,79,2161,73,10,13,0,18,3,NA,39,NA,18,NA,0,20,8,9,172,4,0
110653,773,259,842,146,0,956,NA,1034,NA,NA,1313,362,965,8219,33,506,591,35,625,48,0,325,NA,219,NA,NA,565,104,510,3649,7,124,402,105,372,38,0,500,NA,348,NA,NA,326,98,468,3308,12,269,103,22,140,30,0,162,NA,146,NA,NA,189,69,95,1174,3,52,121,27,100,0,0,49,NA,62,NA,NA,259,55,235,1101,0,13,84,88,172,60,0,163,NA,395,NA,NA,454,109,117,2036,14,133,17,4,9,4,0,19,NA,13,NA,NA,20,6,11,129,1,12
110662,352,102,753,253,0,1564,NA,1107,NA,112,2336,374,35,9583,228,50,285,19,539,61,0,558,NA,224,NA,31,947,119,8,3869,41,8,190,22,327,42,0,658,NA,344,NA,24,516,79,3,2954,43,22,59,19,169,68,0,364,NA,329,NA,39,691,127,6,2553,94,5,48,7,81,5,0,58,NA,26,NA,1,211,26,2,786,17,0,24,47,94,106,0,321,NA,304,NA,34,693,106,21,2330,50,19,18,1,26,7,0,52,NA,32,NA,2,75,5,0,300,3,1
110671,386,160,390,156,83,918,NA,586,NA,95,922,270,815,5399,NA,NA,313,29,289,55,12,341,NA,150,NA,35,409,122,444,2484,NA,NA,192,34,161,25,9,357,NA,189,NA,22,209,57,372,1752,NA,NA,52,12,61,30,8,137,NA,61,NA,12,99,33,83,666,NA,NA,36,5,5,1,0,11,NA,14,NA,1,77,21,47,241,NA,NA,75,104,138,89,65,352,NA,278,NA,52,481,142,269,2397,NA,NA,9,3,9,1,0,18,NA,5,NA,3,18,5,12,93,NA,NA
110680,649,59,1033,69,7,1842,NA,810,NA,NA,842,228,429,8923,220,317,482,13,759,13,1,685,NA,203,NA,NA,398,88,249,4319,79,74,333,16,403,17,1,744,NA,211,NA,NA,170,55,155,3092,44,117,73,7,212,21,3,395,NA,173,NA,NA,212,56,57,1763,49,51,140,6,135,1,2,134,NA,84,NA,NA,136,28,146,1360,40,7,44,28,198,20,1,400,NA,275,NA,NA,271,71,47,1980,61,118,38,0,29,1,0,34,NA,13,NA,NA,14,4,6,200,3,4
110705,168,NA,270,123,0,715,NA,661,NA,NA,1713,372,39,6429,597,0,135,NA,226,34,0,281,NA,152,NA,NA,767,139,24,2826,182,0,83,NA,98,16,0,154,NA,136,NA,NA,306,38,11,1213,85,0,28,NA,70,59,0,281,NA,260,NA,NA,576,146,12,2255,260,0,21,NA,30,0,0,30,NA,24,NA,NA,154,25,7,636,34,0,9,NA,30,43,0,144,NA,155,NA,NA,499,103,4,1559,141,0,17,NA,15,1,0,27,NA,23,NA,NA,42,15,1,205,12,0
110714,758,76,207,0,NA,695,NA,448,NA,26,475,469,304,4658,NA,19,603,14,173,0,NA,271,NA,133,NA,10,218,242,210,2382,NA,5,371,9,87,0,NA,174,NA,85,NA,4,63,84,93,1135,NA,6,161,22,48,0,NA,233,NA,135,NA,10,186,189,86,1523,NA,2,54,1,13,0,NA,9,NA,10,NA,1,29,13,27,192,NA,1,99,37,39,0,NA,205,NA,170,NA,10,144,134,79,1310,NA,8,34,0,5,0,NA,11,NA,11,NA,0,9,9,1,111,NA,0
110778,NA,NA,NA,NA,NA,NA,NA,3,NA,NA,NA,NA,NA,3,NA,NA,NA,NA,NA,NA,NA,NA,NA,1,NA,NA,NA,NA,NA,1,NA,NA,NA,NA,NA,NA,NA,NA,NA,0,NA,NA,NA,NA,NA,0,NA,NA,NA,NA,NA,NA,NA,NA,NA,0,NA,NA,NA,NA,NA,0,NA,NA,NA,NA,NA,NA,NA,NA,NA,0,NA,NA,NA,NA,NA,0,NA,NA,NA,NA,NA,NA,NA,NA,NA,0,NA,NA,NA,NA,NA,0,NA,NA,NA,NA,NA,NA,NA,NA,NA,1,NA,NA,NA,NA,NA,1,NA,NA
111081,11,NA,NA,NA,NA,NA,NA,NA,NA,NA,NA,164,NA,233,NA,NA,7,NA,NA,NA,NA,NA,NA,NA,NA,NA,NA,69,NA,92,NA,NA,0,NA,NA,NA,NA,NA,NA,NA,NA,NA,NA,10,NA,18,NA,NA,6,NA,NA,NA,NA,NA,NA,NA,NA,NA,NA,71,NA,85,NA,NA,1,NA,NA,NA,NA,NA,NA,NA,NA,NA,NA,36,NA,63,NA,NA,3,NA,NA,NA,NA,NA,NA,NA,NA,NA,NA,33,NA,43,NA,NA,0,NA,NA,NA,NA,NA,NA,NA,NA,NA,NA,5,NA,8,NA,NA
111948,85,47,17,62,0,78,NA,151,NA,3,63,394,560,1822,148,80,58,4,12,14,0,37,NA,37,NA,1,23,152,290,732,40,14,22,3,3,7,0,17,NA,20,NA,1,1,35,99,255,12,17,36,25,6,34,0,34,NA,77,NA,1,29,227,275,933,91,32,2,0,1,0,0,2,NA,4,NA,0,0,21,18,50,2,0,14,12,4,13,0,17,NA,32,NA,1,29,71,106,388,35,21,2,0,1,1,0,0,NA,4,NA,0,1,10,19,47,2,2
112075,16,NA,2,5,26,26,42,28,NA,NA,1,30,50,419,10,134,13,NA,1,2,3,9,19,7,NA,NA,1,8,29,141,3,27,4,NA,0,0,1,1,5,4,NA,NA,0,6,3,69,0,39,4,NA,0,3,13,15,16,10,NA,NA,0,17,28,176,7,38,3,NA,0,0,0,2,3,0,NA,NA,1,0,4,15,0,2,2,NA,2,2,4,4,14,12,NA,NA,0,6,13,115,1,43,1,NA,0,0,1,1,1,1,NA,NA,0,1,1,12,1,3
112260,9,NA,7,7,NA,31,NA,20,NA,5,150,2,11,343,5,NA,7,NA,7,1,NA,10,NA,9,NA,1,85,1,6,179,2,NA,0,NA,0,0,NA,8,NA,4,NA,0,18,1,1,51,0,NA,3,NA,1,5,NA,14,NA,8,NA,3,58,0,4,128,1,NA,2,NA,4,1,NA,2,NA,2,NA,0,25,0,0,45,0,NA,0,NA,1,1,NA,4,NA,4,NA,2,34,1,6,81,2,NA,2,NA,0,0,NA,3,NA,2,NA,0,6,0,0,16,0,NA
113111,NA,NA,NA,NA,NA,NA,NA,NA,NA,NA,NA,NA,NA,NA,NA,NA,NA,NA,NA,NA,NA,NA,NA,NA,NA,NA,NA,NA,NA,NA,NA,NA,NA,NA,NA,NA,NA,NA,NA,NA,NA,NA,NA,NA,NA,NA,NA,NA,NA,NA,NA,NA,NA,NA,NA,NA,NA,NA,NA,NA,NA,NA,NA,NA,NA,NA,NA,NA,NA,NA,NA,NA,NA,NA,NA,NA,NA,NA,NA,NA,NA,NA,NA,NA,NA,NA,NA,NA,NA,NA,NA,NA,NA,NA,NA,NA,NA,NA,NA,NA,NA,NA,NA,NA,NA,NA,NA,NA,NA,NA,NA,NA
113236,NA,NA,NA,NA,NA,NA,NA,NA,NA,NA,NA,NA,NA,5,NA,NA,NA,NA,NA,NA,NA,NA,NA,NA,NA,NA,NA,NA,NA,0,NA,NA,NA,NA,NA,NA,NA,NA,NA,NA,NA,NA,NA,NA,NA,0,NA,NA,NA,NA,NA,NA,NA,NA,NA,NA,NA,NA,NA,NA,NA,2,NA,NA,NA,NA,NA,NA,NA,NA,NA,NA,NA,NA,NA,NA,NA,0,NA,NA,NA,NA,NA,NA,NA,NA,NA,NA,NA,NA,NA,NA,NA,3,NA,NA,NA,NA,NA,NA,NA,NA,NA,NA,NA,NA,NA,NA,NA,0,NA,NA
113698,25,5,NA,2,5,24,4,21,NA,NA,10,14,43,297,4,128,16,0,NA,0,2,10,2,5,NA,NA,1,0,21,90,2,27,8,0,NA,0,0,6,2,6,NA,NA,0,0,4,99,0,72,5,4,NA,1,4,5,0,6,NA,NA,2,6,17,74,1,21,3,1,NA,0,0,0,0,0,NA,NA,0,1,0,8,0,3,7,0,NA,1,1,10,2,6,NA,NA,7,7,15,92,2,25,1,0,NA,0,0,1,0,0,NA,NA,0,0,2,5,1,0
114433,NA,NA,NA,NA,NA,NA,NA,NA,NA,NA,NA,NA,NA,10,NA,NA,NA,NA,NA,NA,NA,NA,NA,NA,NA,NA,NA,NA,NA,2,NA,NA,NA,NA,NA,NA,NA,NA,NA,NA,NA,NA,NA,NA,NA,0,NA,NA,NA,NA,NA,NA,NA,NA,NA,NA,NA,NA,NA,NA,NA,9,NA,NA,NA,NA,NA,NA,NA,NA,NA,NA,NA,NA,NA,NA,NA,0,NA,NA,NA,NA,NA,NA,NA,NA,NA,NA,NA,NA,NA,NA,NA,1,NA,NA,NA,NA,NA,NA,NA,NA,NA,NA,NA,NA,NA,NA,NA,0,NA,NA
114716,NA,NA,NA,NA,NA,NA,NA,NA,NA,NA,NA,NA,NA,59,NA,59,NA,NA,NA,NA,NA,NA,NA,NA,NA,NA,NA,NA,NA,7,NA,7,NA,NA,NA,NA,NA,NA,NA,NA,NA,NA,NA,NA,NA,18,NA,18,NA,NA,NA,NA,NA,NA,NA,NA,NA,NA,NA,NA,NA,18,NA,18,NA,NA,NA,NA,NA,NA,NA,NA,NA,NA,NA,NA,NA,1,NA,1,NA,NA,NA,NA,NA,NA,NA,NA,NA,NA,NA,NA,NA,17,NA,17,NA,NA,NA,NA,NA,NA,NA,NA,NA,NA,NA,NA,NA,3,NA,3
114789,NA,NA,NA,NA,NA,NA,NA,NA,NA,NA,NA,NA,NA,NA,NA,NA,NA,NA,NA,NA,NA,NA,NA,NA,NA,NA,NA,NA,NA,NA,NA,NA,NA,NA,NA,NA,NA,NA,NA,NA,NA,NA,NA,NA,NA,NA,NA,NA,NA,NA,NA,NA,NA,NA,NA,NA,NA,NA,NA,NA,NA,NA,NA,NA,NA,NA,NA,NA,NA,NA,NA,NA,NA,NA,NA,NA,NA,NA,NA,NA,NA,NA,NA,NA,NA,NA,NA,NA,NA,NA,NA,NA,NA,NA,NA,NA,NA,NA,NA,NA,NA,NA,NA,NA,NA,NA,NA,NA,NA,NA,NA,NA
114813,NA,7,6,3,136,16,5,40,0,70,20,1,88,520,6,38,NA,3,4,1,28,9,4,10,0,9,7,0,32,129,2,12,NA,0,1,0,3,2,0,1,0,2,0,0,6,23,1,4,NA,3,1,1,24,3,4,10,0,7,4,0,17,98,1,6,NA,0,1,0,0,0,0,1,0,0,0,0,5,9,1,0,NA,4,3,2,103,10,1,24,0,59,13,1,53,366,3,27,NA,0,0,0,6,1,0,2,0,1,3,0,6,20,0,1
115083,1,NA,NA,NA,NA,NA,NA,26,NA,0,NA,NA,157,185,NA,NA,0,NA,NA,NA,NA,NA,NA,12,NA,0,NA,NA,112,124,NA,NA,0,NA,NA,NA,NA,NA,NA,3,NA,0,NA,NA,30,33,NA,NA,0,NA,NA,NA,NA,NA,NA,12,NA,0,NA,NA,80,92,NA,NA,1,NA,NA,NA,NA,NA,NA,0,NA,0,NA,NA,0,1,NA,NA,0,NA,NA,NA,NA,NA,NA,8,NA,0,NA,NA,40,49,NA,NA,0,NA,NA,NA,NA,NA,NA,3,NA,0,NA,NA,7,10,NA,NA
115755,39,0,20,46,38,149,58,129,NA,39,114,82,78,1321,38,16,31,0,14,13,4,55,34,36,NA,11,56,27,50,555,11,4,2,0,2,0,1,5,2,3,NA,3,1,3,4,42,0,2,16,0,10,24,19,72,28,65,NA,15,48,45,34,656,19,9,0,0,0,0,0,0,1,0,NA,0,0,0,0,1,0,0,11,0,5,15,12,56,22,45,NA,12,49,27,28,449,16,2,4,0,2,3,5,7,1,10,NA,9,9,4,7,102,1,3
117140,29,82,NA,8,4,42,68,99,NA,14,101,19,256,825,34,2,24,9,NA,2,1,11,31,17,NA,8,39,3,133,312,17,1,2,3,NA,0,1,1,3,5,NA,2,0,0,11,34,0,0,4,28,NA,2,0,6,9,17,NA,3,12,6,39,145,5,0,11,0,NA,1,0,1,2,0,NA,0,4,0,8,40,2,0,12,49,NA,4,2,32,51,73,NA,8,79,13,173,554,24,1,0,2,NA,0,1,0,0,1,NA,1,4,0,11,24,2,1
117627,6,1,NA,5,3,28,13,13,52,8,1,14,41,220,6,23,5,1,NA,1,1,9,6,5,12,2,0,2,20,77,2,7,1,0,NA,1,0,12,3,3,0,1,0,3,9,41,0,8,0,0,NA,1,0,4,2,2,5,0,0,4,5,29,1,3,1,0,NA,0,0,4,0,0,0,1,1,0,6,17,0,3,4,1,NA,3,3,7,7,8,47,5,0,6,17,123,5,7,0,0,NA,0,0,0,1,0,0,0,0,0,0,2,0,1
117636,NA,NA,NA,NA,NA,NA,NA,NA,NA,NA,NA,NA,NA,276,NA,276,NA,NA,NA,NA,NA,NA,NA,NA,NA,NA,NA,NA,NA,74,NA,74,NA,NA,NA,NA,NA,NA,NA,NA,NA,NA,NA,NA,NA,76,NA,76,NA,NA,NA,NA,NA,NA,NA,NA,NA,NA,NA,NA,NA,65,NA,65,NA,NA,NA,NA,NA,NA,NA,NA,NA,NA,NA,NA,NA,11,NA,11,NA,NA,NA,NA,NA,NA,NA,NA,NA,NA,NA,NA,NA,111,NA,111,NA,NA,NA,NA,NA,NA,NA,NA,NA,NA,NA,NA,NA,0,NA,0
117672,NA,NA,NA,NA,NA,NA,NA,NA,NA,NA,NA,NA,NA,12,NA,12,NA,NA,NA,NA,NA,NA,NA,NA,NA,NA,NA,NA,NA,4,NA,4,NA,NA,NA,NA,NA,NA,NA,NA,NA,NA,NA,NA,NA,4,NA,4,NA,NA,NA,NA,NA,NA,NA,NA,NA,NA,NA,NA,NA,4,NA,4,NA,NA,NA,NA,NA,NA,NA,NA,NA,NA,NA,NA,NA,0,NA,0,NA,NA,NA,NA,NA,NA,NA,NA,NA,NA,NA,NA,NA,4,NA,4,NA,NA,NA,NA,NA,NA,NA,NA,NA,NA,NA,NA,NA,0,NA,0
117733,NA,NA,NA,NA,NA,NA,NA,NA,NA,NA,NA,NA,NA,NA,NA,NA,NA,NA,NA,NA,NA,NA,NA,NA,NA,NA,NA,NA,NA,NA,NA,NA,NA,NA,NA,NA,NA,NA,NA,NA,NA,NA,NA,NA,NA,NA,NA,NA,NA,NA,NA,NA,NA,NA,NA,NA,NA,NA,NA,NA,NA,NA,NA,NA,NA,NA,NA,NA,NA,NA,NA,NA,NA,NA,NA,NA,NA,NA,NA,NA,NA,NA,NA,NA,NA,NA,NA,NA,NA,NA,NA,NA,NA,NA,NA,NA,NA,NA,NA,NA,NA,NA,NA,NA,NA,NA,NA,NA,NA,NA,NA,NA
117751,8,NA,2,2,22,21,35,NA,NA,NA,5,14,78,326,31,NA,8,NA,2,0,5,6,11,NA,NA,NA,1,8,44,158,13,NA,0,NA,0,0,1,2,1,NA,NA,NA,0,2,4,17,2,NA,6,NA,2,1,16,11,18,NA,NA,NA,3,8,52,204,18,NA,0,NA,0,0,0,1,0,NA,NA,NA,0,0,0,3,0,NA,1,NA,0,1,3,5,11,NA,NA,NA,1,1,9,65,9,NA,0,NA,0,0,0,1,1,NA,NA,NA,0,1,3,13,0,NA
117867,NA,NA,NA,NA,NA,NA,NA,NA,NA,NA,NA,NA,NA,NA,NA,NA,NA,NA,NA,NA,NA,NA,NA,NA,NA,NA,NA,NA,NA,NA,NA,NA,NA,NA,NA,NA,NA,NA,NA,NA,NA,NA,NA,NA,NA,NA,NA,NA,NA,NA,NA,NA,NA,NA,NA,NA,NA,NA,NA,NA,NA,NA,NA,NA,NA,NA,NA,NA,NA,NA,NA,NA,NA,NA,NA,NA,NA,NA,NA,NA,NA,NA,NA,NA,NA,NA,NA,NA,NA,NA,NA,NA,NA,NA,NA,NA,NA,NA,NA,NA,NA,NA,NA,NA,NA,NA,NA,NA,NA,NA,NA,NA
117946,52,NA,67,34,13,70,NA,125,NA,NA,247,316,463,1687,133,NA,36,NA,51,12,3,21,NA,24,NA,NA,118,124,263,753,26,NA,16,NA,7,1,4,10,NA,9,NA,NA,25,13,73,179,8,NA,18,NA,17,17,7,22,NA,58,NA,NA,101,165,209,763,62,NA,3,NA,13,1,0,2,NA,5,NA,NA,17,23,47,128,9,NA,11,NA,23,9,1,25,NA,43,NA,NA,86,89,98,481,43,NA,0,NA,0,0,0,0,NA,0,NA,NA,0,1,1,2,0,NA
118912,NA,NA,NA,NA,NA,NA,NA,NA,NA,NA,NA,NA,NA,17,NA,NA,NA,NA,NA,NA,NA,NA,NA,NA,NA,NA,NA,NA,NA,3,NA,NA,NA,NA,NA,NA,NA,NA,NA,NA,NA,NA,NA,NA,NA,3,NA,NA,NA,NA,NA,NA,NA,NA,NA,NA,NA,NA,NA,NA,NA,5,NA,NA,NA,NA,NA,NA,NA,NA,NA,NA,NA,NA,NA,NA,NA,1,NA,NA,NA,NA,NA,NA,NA,NA,NA,NA,NA,NA,NA,NA,NA,6,NA,NA,NA,NA,NA,NA,NA,NA,NA,NA,NA,NA,NA,NA,NA,0,NA,NA
118976,NA,NA,NA,NA,NA,NA,NA,NA,NA,NA,NA,NA,NA,10,NA,10,NA,NA,NA,NA,NA,NA,NA,NA,NA,NA,NA,NA,NA,0,NA,0,NA,NA,NA,NA,NA,NA,NA,NA,NA,NA,NA,NA,NA,0,NA,0,NA,NA,NA,NA,NA,NA,NA,NA,NA,NA,NA,NA,NA,7,NA,7,NA,NA,NA,NA,NA,NA,NA,NA,NA,NA,NA,NA,NA,0,NA,0,NA,NA,NA,NA,NA,NA,NA,NA,NA,NA,NA,NA,NA,3,NA,3,NA,NA,NA,NA,NA,NA,NA,NA,NA,NA,NA,NA,NA,0,NA,0
119137,NA,NA,NA,NA,NA,NA,NA,NA,NA,NA,NA,NA,NA,NA,NA,NA,NA,NA,NA,NA,NA,NA,NA,NA,NA,NA,NA,NA,NA,NA,NA,NA,NA,NA,NA,NA,NA,NA,NA,NA,NA,NA,NA,NA,NA,NA,NA,NA,NA,NA,NA,NA,NA,NA,NA,NA,NA,NA,NA,NA,NA,NA,NA,NA,NA,NA,NA,NA,NA,NA,NA,NA,NA,NA,NA,NA,NA,NA,NA,NA,NA,NA,NA,NA,NA,NA,NA,NA,NA,NA,NA,NA,NA,NA,NA,NA,NA,NA,NA,NA,NA,NA,NA,NA,NA,NA,NA,NA,NA,NA,NA,NA
119173,0,4,NA,5,4,14,NA,52,0,11,29,26,32,414,3,223,0,0,NA,0,0,0,NA,1,0,0,0,1,1,28,0,25,0,0,NA,2,0,1,NA,4,0,1,3,2,3,85,0,69,0,1,NA,1,0,1,NA,5,0,0,2,10,3,62,1,36,0,0,NA,0,0,1,NA,0,0,0,0,1,0,2,0,0,0,2,NA,2,3,10,NA,37,0,9,20,6,23,222,2,101,0,1,NA,0,0,1,NA,4,0,1,4,6,3,35,0,13
119605,53,93,20,19,31,15,16,183,217,13,43,13,366,1578,17,411,47,10,18,3,16,5,11,51,148,7,11,7,209,687,4,111,2,4,0,0,2,0,0,3,10,0,0,1,21,128,0,83,19,37,9,9,13,3,3,51,63,5,9,4,132,516,6,123,0,0,0,0,0,0,0,0,0,0,0,0,0,0,0,0,19,43,8,6,15,8,9,95,96,6,26,3,153,650,10,128,11,4,3,3,0,2,4,21,32,1,8,3,45,191,1,45
120254,26,NA,NA,15,NA,51,10,31,NA,NA,92,60,NA,401,NA,NA,19,NA,NA,3,NA,18,6,9,NA,NA,44,26,NA,165,NA,NA,6,NA,NA,0,NA,6,2,4,NA,NA,7,7,NA,45,NA,NA,5,NA,NA,9,NA,19,4,18,NA,NA,45,31,NA,197,NA,NA,3,NA,NA,0,NA,1,1,1,NA,NA,3,4,NA,15,NA,NA,7,NA,NA,4,NA,14,3,6,NA,NA,27,10,NA,92,NA,NA,0,NA,NA,0,NA,0,0,0,NA,NA,0,0,NA,1,NA,NA
120403,NA,NA,NA,NA,NA,NA,NA,NA,NA,NA,NA,262,NA,272,NA,NA,NA,NA,NA,NA,NA,NA,NA,NA,NA,NA,NA,74,NA,79,NA,NA,NA,NA,NA,NA,NA,NA,NA,NA,NA,NA,NA,36,NA,37,NA,NA,NA,NA,NA,NA,NA,NA,NA,NA,NA,NA,NA,56,NA,57,NA,NA,NA,NA,NA,NA,NA,NA,NA,NA,NA,NA,NA,87,NA,93,NA,NA,NA,NA,NA,NA,NA,NA,NA,NA,NA,NA,NA,63,NA,65,NA,NA,NA,NA,NA,NA,NA,NA,NA,NA,NA,NA,NA,2,NA,2,NA,NA
120537,NA,14,NA,2,3,NA,18,28,8,NA,4,NA,42,134,NA,NA,NA,5,NA,0,1,NA,5,6,3,NA,1,NA,31,57,NA,NA,NA,0,NA,0,0,NA,1,2,0,NA,0,NA,2,5,NA,NA,NA,9,NA,2,0,NA,6,6,1,NA,1,NA,14,43,NA,NA,NA,0,NA,0,0,NA,0,1,0,NA,0,NA,3,4,NA,NA,NA,4,NA,0,1,NA,8,10,5,NA,2,NA,12,47,NA,NA,NA,1,NA,0,1,NA,2,3,0,NA,0,NA,3,12,NA,NA
120698,NA,NA,NA,NA,NA,NA,NA,12,NA,NA,NA,NA,NA,12,NA,NA,NA,NA,NA,NA,NA,NA,NA,2,NA,NA,NA,NA,NA,2,NA,NA,NA,NA,NA,NA,NA,NA,NA,0,NA,NA,NA,NA,NA,0,NA,NA,NA,NA,NA,NA,NA,NA,NA,3,NA,NA,NA,NA,NA,3,NA,NA,NA,NA,NA,NA,NA,NA,NA,0,NA,NA,NA,NA,NA,0,NA,NA,NA,NA,NA,NA,NA,NA,NA,7,NA,NA,NA,NA,NA,7,NA,NA,NA,NA,NA,NA,NA,NA,NA,2,NA,NA,NA,NA,NA,2,NA,NA
120768,NA,33,NA,NA,NA,NA,NA,4,NA,5,NA,NA,1,97,NA,NA,NA,2,NA,NA,NA,NA,NA,1,NA,0,NA,NA,0,5,NA,NA,NA,4,NA,NA,NA,NA,NA,0,NA,0,NA,NA,0,6,NA,NA,NA,5,NA,NA,NA,NA,NA,0,NA,1,NA,NA,0,15,NA,NA,NA,0,NA,NA,NA,NA,NA,0,NA,0,NA,NA,0,1,NA,NA,NA,22,NA,NA,NA,NA,NA,2,NA,3,NA,NA,1,66,NA,NA,NA,1,NA,NA,NA,NA,NA,1,NA,1,NA,NA,0,4,NA,NA
120883,44,23,63,8,0,156,47,45,NA,NA,37,32,104,790,38,54,34,8,43,3,0,57,18,5,NA,NA,18,15,61,348,19,6,17,2,15,1,0,102,16,12,NA,NA,3,7,27,323,2,23,7,7,16,2,0,19,12,11,NA,NA,11,11,13,144,11,12,6,0,6,0,0,6,2,1,NA,NA,4,1,27,62,8,0,12,12,19,3,0,17,15,17,NA,NA,15,9,32,205,14,14,1,1,1,0,0,5,0,2,NA,NA,1,3,1,19,1,1
121150,NA,3,NA,17,9,48,70,93,NA,NA,91,53,244,832,104,NA,NA,1,NA,5,2,17,34,14,NA,NA,49,20,139,351,18,NA,NA,1,NA,3,1,8,14,7,NA,NA,13,3,30,111,19,NA,NA,0,NA,10,5,24,26,47,NA,NA,37,33,93,375,51,NA,NA,0,NA,0,0,0,4,5,NA,NA,13,2,26,68,5,NA,NA,2,NA,3,3,11,22,29,NA,NA,19,7,74,207,20,NA,NA,0,NA,1,0,1,1,0,NA,NA,1,2,4,14,2,NA
121257,2,1,0,8,NA,20,NA,22,NA,0,67,11,13,265,14,1,2,0,0,0,NA,8,NA,9,NA,0,40,2,10,116,2,0,0,0,0,0,NA,6,NA,1,NA,0,8,1,0,30,2,0,2,0,0,4,NA,12,NA,12,NA,0,30,6,4,123,7,1,0,0,0,0,NA,0,NA,3,NA,0,4,0,1,18,1,0,0,1,0,2,NA,1,NA,5,NA,0,17,3,6,62,3,0,0,0,0,0,NA,1,NA,0,NA,0,3,1,2,10,0,0
121309,32,53,10,11,NA,50,27,57,24,12,25,32,152,797,46,150,26,3,9,1,NA,15,9,9,10,6,3,8,77,239,10,37,5,4,1,0,NA,4,4,2,2,0,0,2,8,57,1,19,11,33,6,4,NA,24,11,33,3,7,13,22,65,395,31,78,0,0,1,1,NA,0,0,1,0,0,0,0,1,7,1,1,15,11,2,5,NA,11,9,17,18,5,9,6,60,266,10,40,0,0,0,0,NA,3,1,0,0,0,0,1,5,11,0,0
121345,65,NA,0,11,NA,70,NA,17,NA,19,81,9,NA,451,12,NA,38,NA,0,3,NA,28,NA,4,NA,4,42,2,NA,213,6,NA,17,NA,0,1,NA,10,NA,5,NA,2,13,2,NA,80,3,NA,13,NA,0,8,NA,22,NA,5,NA,7,29,2,NA,151,2,NA,13,NA,0,0,NA,5,NA,0,NA,1,12,1,NA,46,1,NA,13,NA,0,2,NA,23,NA,6,NA,7,13,4,NA,120,4,NA,4,NA,0,0,NA,5,NA,0,NA,2,6,0,NA,20,0,NA
121619,NA,NA,NA,NA,NA,NA,NA,NA,NA,NA,NA,NA,NA,19,NA,19,NA,NA,NA,NA,NA,NA,NA,NA,NA,NA,NA,NA,NA,4,NA,4,NA,NA,NA,NA,NA,NA,NA,NA,NA,NA,NA,NA,NA,4,NA,4,NA,NA,NA,NA,NA,NA,NA,NA,NA,NA,NA,NA,NA,6,NA,6,NA,NA,NA,NA,NA,NA,NA,NA,NA,NA,NA,NA,NA,0,NA,0,NA,NA,NA,NA,NA,NA,NA,NA,NA,NA,NA,NA,NA,6,NA,6,NA,NA,NA,NA,NA,NA,NA,NA,NA,NA,NA,NA,NA,2,NA,2
121691,11,7,NA,30,14,27,NA,44,NA,4,40,34,195,580,NA,12,10,4,NA,7,4,8,NA,10,NA,0,13,16,105,238,NA,1,0,1,NA,1,1,2,NA,2,NA,0,6,2,7,31,NA,1,6,2,NA,13,5,10,NA,18,NA,1,15,11,68,222,NA,5,0,0,NA,0,0,0,NA,0,NA,1,2,1,2,6,NA,0,4,4,NA,11,4,15,NA,18,NA,2,13,13,101,261,NA,6,1,0,NA,2,1,0,NA,0,NA,0,1,0,6,14,NA,0
121886,NA,NA,NA,NA,NA,NA,NA,NA,NA,NA,NA,NA,NA,5,NA,NA,NA,NA,NA,NA,NA,NA,NA,NA,NA,NA,NA,NA,NA,4,NA,NA,NA,NA,NA,NA,NA,NA,NA,NA,NA,NA,NA,NA,NA,1,NA,NA,NA,NA,NA,NA,NA,NA,NA,NA,NA,NA,NA,NA,NA,1,NA,NA,NA,NA,NA,NA,NA,NA,NA,NA,NA,NA,NA,NA,NA,0,NA,NA,NA,NA,NA,NA,NA,NA,NA,NA,NA,NA,NA,NA,NA,3,NA,NA,NA,NA,NA,NA,NA,NA,NA,NA,NA,NA,NA,NA,NA,0,NA,NA
122296,NA,NA,NA,NA,NA,NA,NA,NA,NA,NA,NA,NA,NA,471,NA,471,NA,NA,NA,NA,NA,NA,NA,NA,NA,NA,NA,NA,NA,103,NA,103,NA,NA,NA,NA,NA,NA,NA,NA,NA,NA,NA,NA,NA,151,NA,151,NA,NA,NA,NA,NA,NA,NA,NA,NA,NA,NA,NA,NA,131,NA,131,NA,NA,NA,NA,NA,NA,NA,NA,NA,NA,NA,NA,NA,0,NA,0,NA,NA,NA,NA,NA,NA,NA,NA,NA,NA,NA,NA,NA,129,NA,129,NA,NA,NA,NA,NA,NA,NA,NA,NA,NA,NA,NA,NA,13,NA,13
122375,NA,NA,NA,NA,NA,NA,NA,NA,NA,NA,NA,NA,NA,20,NA,20,NA,NA,NA,NA,NA,NA,NA,NA,NA,NA,NA,NA,NA,6,NA,6,NA,NA,NA,NA,NA,NA,NA,NA,NA,NA,NA,NA,NA,5,NA,5,NA,NA,NA,NA,NA,NA,NA,NA,NA,NA,NA,NA,NA,3,NA,3,NA,NA,NA,NA,NA,NA,NA,NA,NA,NA,NA,NA,NA,0,NA,0,NA,NA,NA,NA,NA,NA,NA,NA,NA,NA,NA,NA,NA,10,NA,10,NA,NA,NA,NA,NA,NA,NA,NA,NA,NA,NA,NA,NA,1,NA,1
122409,219,140,635,126,268,281,419,669,542,130,662,396,2332,8611,540,510,187,3,508,35,24,96,196,121,199,33,307,117,1226,3636,196,93,64,15,101,9,15,50,80,57,25,13,63,59,352,1139,39,124,68,47,251,45,75,117,154,183,115,24,213,142,897,2962,245,140,17,4,21,1,0,11,3,8,0,0,19,9,76,197,9,4,52,66,200,56,162,77,141,370,357,89,309,141,751,3473,177,188,11,3,27,5,7,7,9,27,18,2,22,14,98,333,28,24
122436,53,NA,107,18,15,150,NA,99,NA,NA,139,21,501,1290,73,NA,36,NA,81,5,1,22,NA,18,NA,NA,28,6,293,566,28,NA,11,NA,7,0,0,16,NA,2,NA,NA,11,0,29,88,6,NA,20,NA,45,9,9,77,NA,58,NA,NA,60,9,257,650,43,NA,3,NA,20,1,1,2,NA,2,NA,NA,4,0,58,98,2,NA,16,NA,25,6,3,40,NA,26,NA,NA,43,11,108,318,13,NA,1,NA,4,1,0,7,NA,1,NA,NA,6,0,13,37,2,NA
122597,365,208,201,128,47,377,152,442,168,21,352,522,961,5056,344,367,306,15,169,49,13,120,82,117,58,7,148,230,540,2229,152,75,155,47,66,16,7,117,56,98,17,2,39,107,369,1356,55,135,55,23,25,42,18,67,21,67,20,3,80,125,153,940,83,63,45,2,12,1,0,4,1,9,0,0,12,24,70,200,10,0,74,118,80,58,21,161,65,221,110,13,184,203,285,2049,157,123,18,14,9,5,0,12,2,24,17,3,21,30,42,254,16,21
122612,70,NA,9,28,0,76,42,124,NA,1,137,42,275,1314,89,258,44,NA,7,5,0,20,18,30,NA,0,43,10,144,466,22,54,26,NA,4,3,0,30,18,25,NA,0,23,9,62,378,13,137,19,NA,2,13,0,17,2,36,NA,0,38,17,54,325,32,43,12,NA,0,2,0,4,0,7,NA,0,16,1,71,138,7,0,10,NA,1,7,0,17,14,35,NA,1,48,11,63,329,23,52,0,NA,0,0,0,1,0,2,NA,0,1,0,2,9,0,2
122685,NA,NA,NA,NA,NA,NA,NA,NA,NA,NA,NA,NA,4,223,NA,219,NA,NA,NA,NA,NA,NA,NA,NA,NA,NA,NA,NA,4,73,NA,69,NA,NA,NA,NA,NA,NA,NA,NA,NA,NA,NA,NA,0,17,NA,17,NA,NA,NA,NA,NA,NA,NA,NA,NA,NA,NA,NA,1,71,NA,70,NA,NA,NA,NA,NA,NA,NA,NA,NA,NA,NA,NA,0,0,NA,0,NA,NA,NA,NA,NA,NA,NA,NA,NA,NA,NA,NA,1,105,NA,104,NA,NA,NA,NA,NA,NA,NA,NA,NA,NA,NA,NA,2,23,NA,21
122728,8,17,NA,6,NA,9,9,31,12,NA,3,26,42,188,5,0,7,1,NA,1,NA,0,4,9,4,NA,2,6,22,71,1,0,0,1,NA,0,NA,0,0,2,0,NA,0,2,1,6,0,0,3,10,NA,6,NA,3,4,11,5,NA,1,14,21,93,3,0,4,1,NA,0,NA,0,0,1,0,NA,0,1,3,12,1,0,0,2,NA,0,NA,5,5,14,7,NA,1,6,13,57,0,0,1,2,NA,0,NA,1,0,3,0,NA,1,3,3,17,1,0
122755,234,159,788,68,53,187,282,432,250,52,386,473,1614,6293,322,372,174,11,632,26,13,52,150,124,107,8,154,167,902,3107,170,65,128,42,349,18,12,79,93,126,47,8,81,187,765,2409,80,182,32,18,102,15,10,26,33,52,26,9,58,83,170,848,62,45,24,1,79,1,0,7,1,6,1,0,14,18,98,290,6,1,27,94,177,29,21,52,128,205,159,31,193,131,443,2171,142,117,11,3,49,2,4,10,7,16,8,3,17,21,62,268,15,13
122931,92,NA,200,17,3,80,NA,98,NA,NA,143,17,361,1336,104,32,49,NA,154,4,2,28,NA,24,NA,NA,76,11,234,723,37,7,47,NA,66,0,1,24,NA,12,NA,NA,27,3,73,322,12,7,21,NA,63,10,0,20,NA,46,NA,NA,74,5,161,530,59,11,13,NA,13,0,0,4,NA,9,NA,NA,9,1,24,100,4,2,3,NA,39,4,2,17,NA,20,NA,NA,23,3,61,238,21,7,0,NA,4,2,0,0,NA,3,NA,NA,2,1,5,22,1,2
122977,NA,NA,NA,NA,NA,NA,NA,NA,NA,NA,NA,16,NA,16,NA,NA,NA,NA,NA,NA,NA,NA,NA,NA,NA,NA,NA,5,NA,5,NA,NA,NA,NA,NA,NA,NA,NA,NA,NA,NA,NA,NA,3,NA,3,NA,NA,NA,NA,NA,NA,NA,NA,NA,NA,NA,NA,NA,4,NA,4,NA,NA,NA,NA,NA,NA,NA,NA,NA,NA,NA,NA,NA,3,NA,3,NA,NA,NA,NA,NA,NA,NA,NA,NA,NA,NA,NA,NA,5,NA,5,NA,NA,NA,NA,NA,NA,NA,NA,NA,NA,NA,NA,NA,0,NA,0,NA,NA
123165,0,NA,5,22,5,43,NA,29,NA,1,40,17,3,248,11,NA,0,NA,0,0,0,0,NA,0,NA,0,0,0,0,0,0,NA,0,NA,0,1,0,12,NA,3,NA,0,7,0,1,30,0,NA,0,NA,2,14,5,20,NA,15,NA,0,17,13,2,134,9,NA,0,NA,1,0,0,2,NA,4,NA,0,3,0,0,13,1,NA,0,NA,2,4,0,4,NA,5,NA,0,10,2,0,42,0,NA,0,NA,0,0,0,1,NA,0,NA,1,0,0,0,3,0,NA
123299,NA,NA,NA,NA,NA,NA,NA,NA,NA,NA,NA,NA,NA,10,NA,10,NA,NA,NA,NA,NA,NA,NA,NA,NA,NA,NA,NA,NA,0,NA,0,NA,NA,NA,NA,NA,NA,NA,NA,NA,NA,NA,NA,NA,1,NA,1,NA,NA,NA,NA,NA,NA,NA,NA,NA,NA,NA,NA,NA,4,NA,4,NA,NA,NA,NA,NA,NA,NA,NA,NA,NA,NA,NA,NA,0,NA,0,NA,NA,NA,NA,NA,NA,NA,NA,NA,NA,NA,NA,NA,4,NA,4,NA,NA,NA,NA,NA,NA,NA,NA,NA,NA,NA,NA,NA,0,NA,0
123509,NA,NA,NA,NA,NA,NA,NA,NA,NA,NA,NA,NA,NA,6,NA,6,NA,NA,NA,NA,NA,NA,NA,NA,NA,NA,NA,NA,NA,3,NA,3,NA,NA,NA,NA,NA,NA,NA,NA,NA,NA,NA,NA,NA,0,NA,0,NA,NA,NA,NA,NA,NA,NA,NA,NA,NA,NA,NA,NA,1,NA,1,NA,NA,NA,NA,NA,NA,NA,NA,NA,NA,NA,NA,NA,0,NA,0,NA,NA,NA,NA,NA,NA,NA,NA,NA,NA,NA,NA,NA,4,NA,4,NA,NA,NA,NA,NA,NA,NA,NA,NA,NA,NA,NA,NA,1,NA,1
123554,4,0,0,12,13,46,41,65,NA,NA,57,60,220,672,50,27,4,0,0,2,5,13,28,11,NA,NA,26,13,128,285,14,6,1,0,0,1,1,8,6,5,NA,NA,2,2,17,60,6,5,2,0,0,7,6,14,13,26,NA,NA,23,31,71,257,21,6,0,0,0,0,0,0,0,1,NA,NA,1,0,10,16,2,0,1,0,0,2,3,20,14,21,NA,NA,24,12,71,220,15,11,0,0,0,0,1,1,1,2,NA,NA,2,6,26,40,0,1
123563,NA,NA,NA,NA,NA,NA,NA,NA,NA,NA,NA,NA,NA,16,NA,NA,NA,NA,NA,NA,NA,NA,NA,NA,NA,NA,NA,NA,NA,7,NA,NA,NA,NA,NA,NA,NA,NA,NA,NA,NA,NA,NA,NA,NA,5,NA,NA,NA,NA,NA,NA,NA,NA,NA,NA,NA,NA,NA,NA,NA,1,NA,NA,NA,NA,NA,NA,NA,NA,NA,NA,NA,NA,NA,NA,NA,1,NA,NA,NA,NA,NA,NA,NA,NA,NA,NA,NA,NA,NA,NA,NA,7,NA,NA,NA,NA,NA,NA,NA,NA,NA,NA,NA,NA,NA,NA,NA,0,NA,NA
123572,48,80,23,60,102,96,95,229,64,NA,158,63,336,1683,67,62,43,3,21,20,16,29,32,53,16,NA,61,25,182,614,20,8,5,3,1,0,6,6,9,7,4,NA,4,6,24,89,3,4,29,32,5,34,50,42,32,103,18,NA,56,34,136,723,40,25,0,1,0,0,0,0,0,2,0,NA,1,0,3,9,1,0,11,40,14,19,40,39,47,93,39,NA,79,17,136,701,20,25,3,0,2,3,3,8,5,13,3,NA,7,2,17,83,1,3
123651,0,53,NA,16,NA,29,59,75,0,NA,13,24,88,500,32,54,0,10,NA,6,NA,5,26,18,0,NA,1,6,56,172,9,3,0,1,NA,1,NA,3,2,2,0,NA,2,0,2,34,5,13,0,23,NA,7,NA,9,23,22,0,NA,5,7,39,186,11,18,0,0,NA,0,NA,0,0,0,0,NA,0,0,0,0,0,0,0,24,NA,8,NA,14,31,42,0,NA,5,16,39,229,11,15,0,2,NA,0,NA,3,1,5,0,NA,1,1,7,33,3,5
123961,415,NA,446,70,NA,278,1,223,49,45,549,681,1346,5760,396,133,270,NA,253,28,NA,115,0,59,23,18,273,276,764,2748,120,40,184,NA,117,11,NA,133,0,47,13,13,117,114,422,1602,73,59,63,NA,145,28,NA,64,1,75,15,10,166,300,414,1811,155,24,93,NA,48,2,NA,16,0,23,3,3,95,62,171,702,42,3,44,NA,103,25,NA,38,0,66,11,16,140,130,242,1183,91,35,15,NA,9,1,NA,7,0,2,1,0,6,11,28,114,8,4
124113,NA,NA,NA,NA,NA,NA,NA,NA,NA,NA,NA,NA,NA,NA,NA,NA,NA,NA,NA,NA,NA,NA,NA,NA,NA,NA,NA,NA,NA,NA,NA,NA,NA,NA,NA,NA,NA,NA,NA,NA,NA,NA,NA,NA,NA,NA,NA,NA,NA,NA,NA,NA,NA,NA,NA,NA,NA,NA,NA,NA,NA,NA,NA,NA,NA,NA,NA,NA,NA,NA,NA,NA,NA,NA,NA,NA,NA,NA,NA,NA,NA,NA,NA,NA,NA,NA,NA,NA,NA,NA,NA,NA,NA,NA,NA,NA,NA,NA,NA,NA,NA,NA,NA,NA,NA,NA,NA,NA,NA,NA,NA,NA
125231,14,268,NA,NA,NA,NA,NA,134,58,267,NA,NA,204,1507,11,550,9,12,NA,NA,NA,NA,NA,23,18,27,NA,NA,58,245,2,96,0,9,NA,NA,NA,NA,NA,1,0,4,NA,NA,8,42,0,20,6,144,NA,NA,NA,NA,NA,72,26,124,NA,NA,69,726,6,279,0,0,NA,NA,NA,NA,NA,0,0,1,NA,NA,2,4,0,1,8,98,NA,NA,NA,NA,NA,47,26,116,NA,NA,75,568,4,193,0,11,NA,NA,NA,NA,NA,12,6,16,NA,NA,43,131,1,42
125471,NA,NA,NA,NA,NA,NA,NA,NA,NA,NA,NA,NA,NA,66,NA,66,NA,NA,NA,NA,NA,NA,NA,NA,NA,NA,NA,NA,NA,5,NA,5,NA,NA,NA,NA,NA,NA,NA,NA,NA,NA,NA,NA,NA,7,NA,7,NA,NA,NA,NA,NA,NA,NA,NA,NA,NA,NA,NA,NA,24,NA,24,NA,NA,NA,NA,NA,NA,NA,NA,NA,NA,NA,NA,NA,1,NA,1,NA,NA,NA,NA,NA,NA,NA,NA,NA,NA,NA,NA,NA,31,NA,31,NA,NA,NA,NA,NA,NA,NA,NA,NA,NA,NA,NA,NA,2,NA,2
125532,NA,NA,NA,NA,NA,NA,NA,NA,NA,NA,NA,NA,NA,0,NA,0,NA,NA,NA,NA,NA,NA,NA,NA,NA,NA,NA,NA,NA,0,NA,0,NA,NA,NA,NA,NA,NA,NA,NA,NA,NA,NA,NA,NA,0,NA,0,NA,NA,NA,NA,NA,NA,NA,NA,NA,NA,NA,NA,NA,0,NA,0,NA,NA,NA,NA,NA,NA,NA,NA,NA,NA,NA,NA,NA,0,NA,0,NA,NA,NA,NA,NA,NA,NA,NA,NA,NA,NA,NA,NA,0,NA,0,NA,NA,NA,NA,NA,NA,NA,NA,NA,NA,NA,NA,NA,0,NA,0
125727,11,NA,11,8,13,26,43,29,NA,NA,21,11,51,324,23,37,10,NA,7,3,0,8,15,8,NA,NA,3,2,31,116,6,5,1,NA,2,1,0,3,7,2,NA,NA,0,1,3,23,1,2,8,NA,6,5,6,16,24,16,NA,NA,12,4,24,177,13,14,0,NA,0,0,0,1,1,0,NA,NA,0,1,1,4,0,0,0,NA,3,1,6,2,6,6,NA,NA,5,2,11,69,4,16,2,NA,0,1,1,2,2,1,NA,NA,3,2,6,30,4,5
126182,NA,8,NA,5,16,17,27,9,NA,NA,18,9,79,202,2,8,NA,0,NA,1,6,8,16,3,NA,NA,10,3,49,101,1,0,NA,0,NA,0,0,0,0,1,NA,NA,0,0,4,5,0,0,NA,4,NA,4,8,8,9,5,NA,NA,5,3,28,81,0,4,NA,0,NA,0,0,1,0,0,NA,NA,0,0,3,4,0,0,NA,3,NA,1,5,8,13,3,NA,NA,11,5,37,90,1,3,NA,1,NA,0,3,0,1,0,NA,NA,1,1,2,11,0,1
126207,NA,NA,NA,NA,NA,NA,NA,NA,0,NA,NA,NA,NA,0,NA,NA,NA,NA,NA,NA,NA,NA,NA,NA,0,NA,NA,NA,NA,0,NA,NA,NA,NA,NA,NA,NA,NA,NA,NA,0,NA,NA,NA,NA,0,NA,NA,NA,NA,NA,NA,NA,NA,NA,NA,0,NA,NA,NA,NA,0,NA,NA,NA,NA,NA,NA,NA,NA,NA,NA,0,NA,NA,NA,NA,0,NA,NA,NA,NA,NA,NA,NA,NA,NA,NA,0,NA,NA,NA,NA,0,NA,NA,NA,NA,NA,NA,NA,NA,NA,NA,0,NA,NA,NA,NA,0,NA,NA
126289,NA,NA,NA,NA,NA,NA,NA,NA,7,NA,NA,NA,NA,30,NA,23,NA,NA,NA,NA,NA,NA,NA,NA,3,NA,NA,NA,NA,9,NA,6,NA,NA,NA,NA,NA,NA,NA,NA,0,NA,NA,NA,NA,0,NA,0,NA,NA,NA,NA,NA,NA,NA,NA,6,NA,NA,NA,NA,24,NA,18,NA,NA,NA,NA,NA,NA,NA,NA,0,NA,NA,NA,NA,0,NA,0,NA,NA,NA,NA,NA,NA,NA,NA,1,NA,NA,NA,NA,6,NA,5,NA,NA,NA,NA,NA,NA,NA,NA,0,NA,NA,NA,NA,0,NA,0
126562,98,51,164,51,NA,278,NA,223,63,14,217,222,445,2471,132,274,74,2,129,16,NA,80,NA,39,22,6,106,120,240,1068,49,74,22,3,15,2,NA,60,NA,21,4,1,6,16,66,253,3,15,41,25,59,34,NA,94,NA,105,31,6,57,138,183,1087,28,170,2,0,35,0,NA,5,NA,1,0,0,103,1,23,252,79,0,21,19,42,11,NA,92,NA,82,26,6,37,47,147,690,17,64,0,2,6,0,NA,6,NA,4,0,0,4,4,11,49,1,7
126580,123,58,97,50,NA,208,NA,178,141,79,135,40,339,1922,141,213,107,4,78,15,NA,58,NA,33,52,13,60,11,208,806,69,32,7,0,1,2,NA,15,NA,7,3,3,5,3,11,76,2,15,81,37,68,32,NA,121,NA,107,83,46,84,27,215,1203,86,141,1,0,0,0,NA,3,NA,1,0,0,2,0,5,13,0,0,24,13,18,11,NA,48,NA,41,46,25,26,6,74,429,33,35,0,1,2,3,NA,5,NA,5,1,1,4,0,9,47,3,8
126614,434,69,938,91,21,750,NA,614,NA,11,597,246,1147,6649,713,53,352,8,670,30,5,265,NA,157,NA,1,344,106,734,3451,275,3,65,3,76,0,2,58,NA,26,NA,0,24,12,60,392,17,1,252,54,624,77,16,513,NA,423,NA,7,421,169,850,4686,554,40,19,0,57,4,0,8,NA,15,NA,0,14,3,22,186,10,0,60,9,113,7,2,118,NA,113,NA,3,105,41,125,918,95,9,6,0,6,0,1,5,NA,1,NA,1,5,1,11,51,4,0
126669,16,108,7,28,1,10,16,245,22,NA,7,6,170,925,35,136,13,10,7,9,0,1,10,39,12,NA,2,3,81,285,15,21,0,2,0,0,0,0,1,2,1,NA,0,0,1,13,2,2,9,89,3,26,1,7,12,164,15,NA,5,5,117,650,22,94,0,0,0,0,0,0,0,0,0,NA,0,0,0,0,0,0,6,10,3,2,0,1,3,67,5,NA,1,0,37,197,9,27,1,2,0,0,0,0,0,7,0,NA,0,0,3,24,0,5
126678,25,8,NA,22,8,77,NA,37,NA,NA,168,50,NA,552,NA,NA,11,0,NA,10,4,31,NA,4,NA,NA,83,22,NA,237,NA,NA,4,0,NA,2,0,2,NA,1,NA,NA,9,1,NA,27,NA,NA,16,5,NA,14,4,52,NA,21,NA,NA,107,39,NA,356,NA,NA,0,1,NA,0,0,3,NA,3,NA,NA,11,2,NA,32,NA,NA,3,2,NA,5,3,14,NA,7,NA,NA,27,4,NA,86,NA,NA,0,0,NA,1,1,0,NA,0,NA,NA,4,1,NA,10,NA,NA
126711,NA,19,NA,NA,NA,4,NA,NA,NA,NA,NA,NA,65,142,NA,27,NA,4,NA,NA,NA,2,NA,NA,NA,NA,NA,NA,32,53,NA,7,NA,0,NA,NA,NA,0,NA,NA,NA,NA,NA,NA,0,0,NA,0,NA,12,NA,NA,NA,4,NA,NA,NA,NA,NA,NA,35,91,NA,18,NA,0,NA,NA,NA,0,NA,NA,NA,NA,NA,NA,0,0,NA,0,NA,7,NA,NA,NA,0,NA,NA,NA,NA,NA,NA,25,43,NA,8,NA,0,NA,NA,NA,0,NA,NA,NA,NA,NA,NA,1,3,NA,1
126748,NA,NA,NA,NA,NA,NA,NA,NA,NA,NA,NA,NA,NA,NA,NA,NA,NA,NA,NA,NA,NA,NA,NA,NA,NA,NA,NA,NA,NA,NA,NA,NA,NA,NA,NA,NA,NA,NA,NA,NA,NA,NA,NA,NA,NA,NA,NA,NA,NA,NA,NA,NA,NA,NA,NA,NA,NA,NA,NA,NA,NA,NA,NA,NA,NA,NA,NA,NA,NA,NA,NA,NA,NA,NA,NA,NA,NA,NA,NA,NA,NA,NA,NA,NA,NA,NA,NA,NA,NA,NA,NA,NA,NA,NA,NA,NA,NA,NA,NA,NA,NA,NA,NA,NA,NA,NA,NA,NA,NA,NA,NA,NA
126775,272,NA,873,NA,NA,13,NA,NA,NA,NA,4,NA,NA,1210,NA,NA,224,NA,586,NA,NA,4,NA,NA,NA,NA,3,NA,NA,847,NA,NA,40,NA,33,NA,NA,0,NA,NA,NA,NA,0,NA,NA,75,NA,NA,178,NA,627,NA,NA,9,NA,NA,NA,NA,3,NA,NA,851,NA,NA,3,NA,29,NA,NA,0,NA,NA,NA,NA,0,NA,NA,33,NA,NA,28,NA,97,NA,NA,3,NA,NA,NA,NA,0,NA,NA,135,NA,NA,3,NA,26,NA,NA,0,NA,NA,NA,NA,0,NA,NA,31,NA,NA
126818,218,26,449,75,61,775,251,329,5,69,371,170,775,4992,240,8,166,1,337,25,16,252,94,68,5,13,167,46,471,2243,104,3,12,0,17,2,0,20,5,11,0,2,11,5,26,146,4,1,159,21,310,58,43,554,185,243,4,40,243,123,555,3558,177,6,8,0,34,3,1,14,0,3,1,0,6,1,17,115,6,0,29,4,54,12,13,118,48,56,0,25,79,33,127,851,45,1,4,0,7,0,0,15,4,2,0,2,8,0,12,74,1,0
126827,507,NA,5,NA,NA,NA,NA,NA,460,NA,NA,NA,1902,3298,NA,424,392,NA,4,NA,NA,NA,NA,NA,217,NA,NA,NA,837,1555,NA,105,12,NA,0,NA,NA,NA,NA,NA,2,NA,NA,NA,23,45,NA,8,189,NA,3,NA,NA,NA,NA,NA,175,NA,NA,NA,629,1123,NA,127,0,NA,0,NA,NA,NA,NA,NA,0,NA,NA,NA,0,0,NA,0,72,NA,0,NA,NA,NA,NA,NA,80,NA,NA,NA,385,625,NA,88,214,NA,2,NA,NA,NA,NA,NA,191,NA,NA,NA,794,1388,NA,187
126942,NA,NA,NA,NA,NA,NA,NA,NA,NA,NA,NA,NA,NA,15,NA,15,NA,NA,NA,NA,NA,NA,NA,NA,NA,NA,NA,NA,NA,0,NA,0,NA,NA,NA,NA,NA,NA,NA,NA,NA,NA,NA,NA,NA,3,NA,3,NA,NA,NA,NA,NA,NA,NA,NA,NA,NA,NA,NA,NA,9,NA,9,NA,NA,NA,NA,NA,NA,NA,NA,NA,NA,NA,NA,NA,0,NA,0,NA,NA,NA,NA,NA,NA,NA,NA,NA,NA,NA,NA,NA,1,NA,1,NA,NA,NA,NA,NA,NA,NA,NA,NA,NA,NA,NA,NA,1,NA,1
127060,74,NA,53,20,0,124,0,150,NA,6,203,75,397,1272,75,1,49,NA,40,4,0,35,0,25,NA,1,77,28,228,550,25,0,6,NA,3,0,0,8,0,3,NA,1,4,3,22,53,2,0,46,NA,34,15,0,86,0,110,NA,4,143,54,260,879,56,0,6,NA,2,0,0,0,0,1,NA,0,8,0,25,44,0,0,14,NA,11,4,0,19,0,27,NA,0,36,8,57,201,11,1,1,NA,1,0,0,2,0,1,NA,0,3,4,12,25,0,0
127185,12,18,17,11,4,35,50,57,NA,NA,57,32,85,498,NA,25,11,0,17,4,2,11,27,12,NA,NA,20,13,38,201,NA,3,0,1,0,0,0,0,0,0,NA,NA,0,0,0,1,NA,0,4,6,11,8,0,16,22,24,NA,NA,21,13,35,218,NA,6,0,0,0,0,0,1,1,0,NA,NA,0,0,1,4,NA,0,1,0,0,3,1,6,6,9,NA,NA,4,4,15,62,NA,5,5,8,4,0,2,9,19,16,NA,NA,22,11,24,162,NA,13
127200,NA,NA,NA,NA,NA,NA,NA,NA,NA,NA,1,0,0,32,NA,31,NA,NA,NA,NA,NA,NA,NA,NA,NA,NA,1,0,0,5,NA,4,NA,NA,NA,NA,NA,NA,NA,NA,NA,NA,0,0,0,3,NA,3,NA,NA,NA,NA,NA,NA,NA,NA,NA,NA,1,0,0,25,NA,24,NA,NA,NA,NA,NA,NA,NA,NA,NA,NA,0,0,0,1,NA,1,NA,NA,NA,NA,NA,NA,NA,NA,NA,NA,0,0,0,2,NA,2,NA,NA,NA,NA,NA,NA,NA,NA,NA,NA,0,0,0,0,NA,0
127556,34,6,NA,18,46,71,135,83,76,23,33,46,278,1194,25,164,24,3,NA,6,10,24,63,20,22,3,8,16,160,501,12,29,1,0,NA,1,0,1,0,1,0,0,0,1,5,18,1,5,23,3,NA,11,35,51,88,57,60,11,23,31,174,816,14,121,0,0,NA,0,0,1,2,0,0,0,0,1,4,12,1,1,7,3,NA,5,9,13,24,21,13,11,7,9,71,256,7,30,0,0,NA,0,0,1,7,1,3,0,1,2,4,27,0,3
127565,136,130,20,105,NA,139,90,276,136,106,98,129,509,2559,36,189,107,26,13,31,NA,42,55,51,49,12,48,56,274,1076,19,29,10,2,1,5,NA,6,2,6,3,1,3,3,39,107,0,13,75,73,7,60,NA,74,46,149,53,47,63,81,224,1322,24,85,3,0,0,0,NA,0,0,1,0,0,0,1,12,24,0,3,43,47,9,35,NA,49,39,96,75,51,26,33,200,938,10,76,0,2,2,1,NA,1,1,4,2,0,3,3,8,38,1,2
127617,NA,NA,NA,NA,NA,NA,NA,NA,NA,NA,NA,NA,NA,9,NA,9,NA,NA,NA,NA,NA,NA,NA,NA,NA,NA,NA,NA,NA,0,NA,0,NA,NA,NA,NA,NA,NA,NA,NA,NA,NA,NA,NA,NA,0,NA,0,NA,NA,NA,NA,NA,NA,NA,NA,NA,NA,NA,NA,NA,5,NA,5,NA,NA,NA,NA,NA,NA,NA,NA,NA,NA,NA,NA,NA,0,NA,0,NA,NA,NA,NA,NA,NA,NA,NA,NA,NA,NA,NA,NA,4,NA,4,NA,NA,NA,NA,NA,NA,NA,NA,NA,NA,NA,NA,NA,0,NA,0
127653,NA,0,NA,NA,NA,NA,NA,43,NA,NA,NA,2,NA,73,NA,6,NA,0,NA,NA,NA,NA,NA,14,NA,NA,NA,0,NA,21,NA,1,NA,0,NA,NA,NA,NA,NA,1,NA,NA,NA,0,NA,3,NA,1,NA,0,NA,NA,NA,NA,NA,33,NA,NA,NA,1,NA,50,NA,4,NA,0,NA,NA,NA,NA,NA,1,NA,NA,NA,0,NA,2,NA,1,NA,0,NA,NA,NA,NA,NA,4,NA,NA,NA,1,NA,8,NA,0,NA,0,NA,NA,NA,NA,NA,3,NA,NA,NA,0,NA,4,NA,0
127741,0,188,17,19,0,72,84,175,67,45,62,115,154,1460,61,213,0,21,14,6,0,23,37,32,18,4,26,43,89,443,28,25,0,5,1,0,0,0,1,3,2,0,1,2,2,33,1,13,0,117,13,16,0,44,54,102,29,16,36,75,90,901,37,148,0,0,0,0,0,0,1,2,0,1,2,3,3,15,0,0,0,54,3,2,0,22,23,54,27,28,20,27,50,413,19,40,0,1,0,0,0,0,2,4,1,0,0,2,1,22,1,6
127820,NA,NA,NA,NA,NA,NA,NA,NA,11,NA,NA,NA,NA,70,NA,59,NA,NA,NA,NA,NA,NA,NA,NA,10,NA,NA,NA,NA,16,NA,6,NA,NA,NA,NA,NA,NA,NA,NA,0,NA,NA,NA,NA,1,NA,1,NA,NA,NA,NA,NA,NA,NA,NA,6,NA,NA,NA,NA,48,NA,42,NA,NA,NA,NA,NA,NA,NA,NA,0,NA,NA,NA,NA,0,NA,0,NA,NA,NA,NA,NA,NA,NA,NA,4,NA,NA,NA,NA,16,NA,12,NA,NA,NA,NA,NA,NA,NA,NA,0,NA,NA,NA,NA,3,NA,3
127884,5,NA,NA,NA,NA,NA,NA,NA,NA,NA,NA,NA,NA,37,NA,32,4,NA,NA,NA,NA,NA,NA,NA,NA,NA,NA,NA,NA,12,NA,8,0,NA,NA,NA,NA,NA,NA,NA,NA,NA,NA,NA,NA,4,NA,4,3,NA,NA,NA,NA,NA,NA,NA,NA,NA,NA,NA,NA,19,NA,16,0,NA,NA,NA,NA,NA,NA,NA,NA,NA,NA,NA,NA,0,NA,0,1,NA,NA,NA,NA,NA,NA,NA,NA,NA,NA,NA,NA,12,NA,11,0,NA,NA,NA,NA,NA,NA,NA,NA,NA,NA,NA,NA,0,NA,0
127909,5,NA,NA,NA,NA,NA,NA,NA,NA,NA,NA,NA,NA,11,NA,NA,4,NA,NA,NA,NA,NA,NA,NA,NA,NA,NA,NA,NA,8,NA,NA,0,NA,NA,NA,NA,NA,NA,NA,NA,NA,NA,NA,NA,0,NA,NA,5,NA,NA,NA,NA,NA,NA,NA,NA,NA,NA,NA,NA,9,NA,NA,0,NA,NA,NA,NA,NA,NA,NA,NA,NA,NA,NA,NA,0,NA,NA,0,NA,NA,NA,NA,NA,NA,NA,NA,NA,NA,NA,NA,1,NA,NA,0,NA,NA,NA,NA,NA,NA,NA,NA,NA,NA,NA,NA,1,NA,NA
127918,25,9,NA,12,4,51,21,31,15,NA,12,5,112,622,9,278,21,0,NA,2,1,9,15,6,3,NA,3,3,63,179,3,36,2,0,NA,0,0,4,0,1,1,NA,0,1,4,40,1,25,14,6,NA,8,2,16,13,18,3,NA,5,4,58,344,7,173,0,0,NA,0,0,3,1,0,1,NA,0,0,3,8,0,0,3,2,NA,4,2,21,4,7,8,NA,7,0,36,176,0,66,4,1,NA,0,0,1,2,3,0,NA,0,0,7,28,0,9
127945,24,10,NA,NA,NA,NA,NA,NA,NA,NA,NA,185,NA,265,NA,NA,9,1,NA,NA,NA,NA,NA,NA,NA,NA,NA,41,NA,65,NA,NA,1,0,NA,NA,NA,NA,NA,NA,NA,NA,NA,8,NA,12,NA,NA,15,8,NA,NA,NA,NA,NA,NA,NA,NA,NA,120,NA,168,NA,NA,0,0,NA,NA,NA,NA,NA,NA,NA,NA,NA,0,NA,0,NA,NA,3,0,NA,NA,NA,NA,NA,NA,NA,NA,NA,29,NA,41,NA,NA,5,2,NA,NA,NA,NA,NA,NA,NA,NA,NA,24,NA,39,NA,NA
128106,32,6,16,9,11,27,25,49,NA,25,41,27,107,611,14,171,23,0,15,3,4,9,19,11,NA,5,20,10,76,267,9,32,0,0,1,0,0,0,1,0,NA,0,0,1,3,12,0,3,21,6,6,5,5,13,15,24,NA,12,19,12,43,297,11,80,1,0,3,0,1,1,1,0,NA,0,0,0,6,14,0,0,8,0,6,4,4,12,6,22,NA,11,18,12,42,229,3,67,1,0,0,0,0,0,1,2,NA,0,2,1,1,18,0,8
128258,NA,NA,NA,NA,NA,NA,NA,NA,NA,NA,NA,NA,NA,9,NA,9,NA,NA,NA,NA,NA,NA,NA,NA,NA,NA,NA,NA,NA,2,NA,2,NA,NA,NA,NA,NA,NA,NA,NA,NA,NA,NA,NA,NA,0,NA,0,NA,NA,NA,NA,NA,NA,NA,NA,NA,NA,NA,NA,NA,6,NA,6,NA,NA,NA,NA,NA,NA,NA,NA,NA,NA,NA,NA,NA,0,NA,0,NA,NA,NA,NA,NA,NA,NA,NA,NA,NA,NA,NA,NA,3,NA,3,NA,NA,NA,NA,NA,NA,NA,NA,NA,NA,NA,NA,NA,0,NA,0
128328,26,NA,345,9,0,72,NA,NA,33,NA,102,NA,138,974,NA,NA,22,NA,259,4,0,31,NA,NA,23,NA,63,NA,120,669,NA,NA,2,NA,27,0,0,10,NA,NA,2,NA,11,NA,8,83,NA,NA,14,NA,223,4,0,46,NA,NA,23,NA,57,NA,87,622,NA,NA,0,NA,8,0,0,0,NA,NA,1,NA,3,NA,0,15,NA,NA,6,NA,57,5,0,10,NA,NA,5,NA,18,NA,35,173,NA,NA,1,NA,6,0,0,0,NA,NA,1,NA,4,NA,3,18,NA,NA
128391,20,7,NA,9,0,53,54,26,NA,NA,17,12,51,303,15,NA,15,0,NA,2,0,24,33,11,NA,NA,9,4,42,160,10,NA,0,0,NA,0,0,0,1,0,NA,NA,0,0,1,2,0,NA,15,7,NA,7,0,38,38,16,NA,NA,10,12,36,222,15,NA,0,0,NA,0,0,1,0,0,NA,NA,0,0,0,1,0,NA,0,0,NA,1,0,9,8,6,NA,NA,2,0,5,36,0,NA,5,0,NA,1,0,4,5,3,NA,NA,3,0,7,32,0,NA
128498,NA,NA,NA,1,4,6,7,25,26,9,10,11,63,195,5,20,NA,NA,NA,1,1,2,6,3,13,2,3,3,35,81,2,4,NA,NA,NA,0,0,0,0,0,0,0,0,0,1,3,0,1,NA,NA,NA,1,2,3,1,11,11,1,4,7,24,71,2,2,NA,NA,NA,0,0,1,0,1,1,0,1,0,2,8,0,2,NA,NA,NA,0,2,2,5,10,13,8,5,4,26,94,3,13,NA,NA,NA,0,0,0,0,1,1,0,0,0,7,12,0,2
128744,10,NA,17,0,33,9,5,34,17,16,NA,8,28,389,NA,209,10,NA,11,0,10,4,3,7,8,2,NA,3,10,95,NA,24,1,NA,0,0,1,0,0,0,1,0,NA,0,1,16,NA,11,2,NA,3,0,7,3,0,14,3,1,NA,2,6,121,NA,80,0,NA,5,0,1,1,0,1,3,0,NA,0,1,14,NA,2,6,NA,8,0,22,5,5,19,10,14,NA,5,19,225,NA,110,0,NA,0,0,0,0,0,0,0,0,NA,0,0,2,NA,2
128771,149,100,43,29,60,68,41,126,NA,37,169,55,345,1516,78,68,123,24,35,10,32,22,26,28,NA,8,72,24,235,796,46,12,25,1,1,0,2,1,0,4,NA,0,6,4,13,63,1,1,80,85,28,15,37,41,28,65,NA,17,84,26,222,923,52,42,6,0,3,0,0,1,0,4,NA,0,4,1,9,33,1,1,32,12,9,11,18,22,9,40,NA,20,62,18,74,402,22,22,2,1,1,2,3,1,3,3,NA,0,4,3,8,34,0,0
128780,0,35,NA,NA,93,NA,NA,59,42,0,12,NA,74,431,NA,88,0,0,NA,NA,21,NA,NA,6,34,0,4,NA,29,108,NA,11,0,1,NA,NA,0,NA,NA,1,3,0,0,NA,0,12,NA,7,0,16,NA,NA,67,NA,NA,31,30,0,4,NA,44,249,NA,45,0,2,NA,NA,2,NA,NA,0,0,0,0,NA,0,6,NA,2,0,15,NA,NA,19,NA,NA,23,9,0,7,NA,29,144,NA,28,0,1,NA,NA,3,NA,NA,0,0,0,1,NA,1,12,NA,5
128902,29,11,0,11,NA,85,NA,46,NA,NA,102,36,NA,381,NA,NA,20,1,0,5,NA,23,NA,10,NA,NA,52,9,NA,143,NA,NA,3,0,0,0,NA,3,NA,2,NA,NA,3,2,NA,15,NA,NA,12,6,0,7,NA,62,NA,27,NA,NA,67,29,NA,251,NA,NA,10,0,0,0,NA,4,NA,4,NA,NA,10,1,NA,35,NA,NA,2,5,0,3,NA,13,NA,11,NA,NA,18,2,NA,65,NA,NA,0,0,0,0,NA,0,NA,0,NA,NA,2,0,NA,2,NA,NA
129020,281,163,638,105,119,509,56,421,NA,25,693,105,731,5739,394,658,222,43,468,34,63,178,35,104,NA,3,426,35,411,2655,170,117,95,12,101,8,6,114,2,51,NA,2,69,8,103,771,25,89,105,106,357,74,57,238,33,173,NA,14,305,75,414,3014,202,395,18,3,22,1,5,12,9,23,NA,0,133,4,74,413,35,6,48,33,117,19,46,115,10,152,NA,7,153,14,113,1261,117,142,2,3,2,1,2,6,0,6,NA,0,8,0,6,53,3,4
129154,NA,NA,NA,NA,7,NA,NA,NA,0,8,NA,NA,14,134,NA,97,NA,NA,NA,NA,0,NA,NA,NA,0,0,NA,NA,6,24,NA,11,NA,NA,NA,NA,1,NA,NA,NA,0,1,NA,NA,0,5,NA,3,NA,NA,NA,NA,4,NA,NA,NA,0,0,NA,NA,10,73,NA,56,NA,NA,NA,NA,0,NA,NA,NA,0,0,NA,NA,0,0,NA,0,NA,NA,NA,NA,1,NA,NA,NA,0,5,NA,NA,3,44,NA,30,NA,NA,NA,NA,1,NA,NA,NA,0,2,NA,NA,1,11,NA,7
129215,33,39,NA,35,44,45,23,89,NA,36,71,40,161,806,57,60,26,14,NA,8,18,18,18,14,NA,4,20,11,95,317,30,7,2,0,NA,1,0,0,0,2,NA,2,0,0,11,21,1,2,20,28,NA,27,30,29,16,59,NA,21,38,27,107,535,47,32,0,0,NA,0,0,0,0,0,NA,0,0,0,0,3,0,0,6,4,NA,4,12,8,5,18,NA,10,26,8,25,157,6,16,4,5,NA,2,2,7,1,9,NA,0,5,1,10,58,2,6
129242,26,0,26,17,5,42,2,59,NA,3,53,10,482,1056,88,196,17,0,19,2,2,8,2,10,NA,0,28,5,288,440,22,8,5,0,1,0,0,1,0,0,NA,0,0,0,7,23,0,8,13,0,20,13,3,35,2,44,NA,1,42,7,399,854,73,163,1,0,1,0,0,0,0,1,NA,0,1,0,13,18,0,1,6,0,3,1,1,2,0,9,NA,0,5,1,29,86,9,18,1,0,1,2,1,4,0,4,NA,2,5,2,26,61,5,5
129525,33,39,100,11,23,25,26,52,NA,NA,48,125,108,781,23,120,19,5,81,5,7,6,12,11,NA,NA,21,49,70,336,10,15,6,2,9,0,2,0,0,4,NA,NA,2,2,7,41,0,6,15,31,47,5,11,11,19,21,NA,NA,27,71,50,411,9,68,1,0,16,0,0,1,0,1,NA,NA,1,7,16,46,0,1,7,5,23,4,6,12,6,21,NA,NA,17,26,30,222,12,35,3,1,4,2,3,0,1,3,NA,NA,1,18,4,48,1,7
129941,32,NA,62,7,0,23,12,98,379,0,16,68,129,1005,22,99,26,NA,49,3,0,6,6,15,147,0,8,35,77,446,10,37,3,NA,1,0,0,1,0,5,11,0,0,3,2,32,0,6,21,NA,39,6,0,18,4,68,251,0,10,45,55,630,15,61,0,NA,5,0,0,0,0,1,2,0,1,0,4,17,0,0,7,NA,14,1,0,3,6,19,92,0,4,17,62,267,5,20,1,NA,2,0,0,1,1,3,18,0,1,3,5,43,1,7
130183,55,NA,NA,NA,NA,11,26,93,154,68,NA,NA,409,1312,16,300,47,NA,NA,NA,NA,1,18,13,95,10,NA,NA,277,517,5,35,4,NA,NA,NA,NA,0,0,1,1,1,NA,NA,6,33,0,20,17,NA,NA,NA,NA,4,9,49,81,24,NA,NA,148,607,8,172,1,NA,NA,NA,NA,1,5,3,0,2,NA,NA,20,38,1,0,21,NA,NA,NA,NA,4,9,22,56,31,NA,NA,117,416,4,93,2,NA,NA,NA,NA,1,0,7,2,3,NA,NA,11,34,1,3
130226,44,NA,54,12,5,64,3,96,36,NA,65,92,335,1647,115,618,32,NA,40,1,2,17,2,17,16,NA,26,45,203,579,52,94,2,NA,3,1,0,0,0,8,1,NA,2,1,13,61,3,24,33,NA,35,9,1,45,2,61,26,NA,50,66,259,1219,93,451,2,NA,3,0,1,4,1,2,1,NA,2,3,15,46,2,5,7,NA,8,1,3,10,0,20,8,NA,10,15,39,252,15,106,0,NA,3,1,0,2,0,4,0,NA,0,2,6,31,1,11
130253,18,0,5,15,30,180,NA,129,64,17,50,22,419,1466,87,353,17,0,4,2,16,39,NA,19,26,2,28,12,236,468,37,16,1,0,0,0,2,7,NA,0,0,0,0,1,4,21,0,6,9,0,4,13,17,144,NA,95,48,14,36,17,348,1165,69,285,1,0,0,0,0,0,NA,0,3,0,4,0,8,21,3,1,6,0,1,2,9,24,NA,29,11,2,10,3,48,211,14,44,1,0,0,0,1,1,NA,2,0,0,0,0,6,21,1,9
130314,4,7,0,3,NA,11,15,11,8,9,NA,0,16,201,1,92,4,1,0,1,NA,4,9,1,5,0,NA,0,11,51,1,9,1,0,0,0,NA,2,0,0,0,0,NA,0,1,11,0,6,3,4,0,3,NA,6,9,8,5,5,NA,0,8,123,1,58,0,0,0,0,NA,1,0,1,0,0,NA,0,0,3,0,1,0,0,0,0,NA,1,4,0,2,3,NA,0,4,43,0,21,0,3,0,0,NA,1,2,2,1,1,NA,0,3,19,0,4
130493,51,119,NA,28,142,58,75,141,NA,42,83,52,203,1575,65,348,39,23,NA,6,34,17,53,37,NA,8,34,25,121,552,32,50,6,4,NA,2,5,6,1,3,NA,0,2,3,7,68,1,21,23,84,NA,15,90,25,45,57,NA,14,33,25,98,780,30,152,0,1,NA,0,1,0,0,2,NA,0,1,0,3,15,0,5,18,22,NA,7,35,22,23,65,NA,26,41,19,78,574,29,135,3,2,NA,0,3,0,2,3,NA,2,0,1,10,54,3,19
130590,19,11,27,21,NA,62,NA,54,NA,37,196,21,NA,533,NA,NA,15,2,14,5,NA,19,NA,13,NA,26,123,9,NA,260,NA,NA,1,0,2,0,NA,3,NA,4,NA,0,6,1,NA,21,NA,NA,7,5,13,17,NA,43,NA,37,NA,27,134,10,NA,338,NA,NA,8,2,6,1,NA,5,NA,3,NA,1,24,3,NA,72,NA,NA,3,3,2,2,NA,9,NA,7,NA,5,27,5,NA,75,NA,NA,0,1,2,1,NA,1,NA,1,NA,2,1,1,NA,11,NA,NA
130624,17,NA,100,NA,NA,NA,NA,NA,NA,NA,44,NA,37,231,NA,NA,12,NA,64,NA,NA,NA,NA,NA,NA,NA,21,NA,25,132,NA,NA,3,NA,6,NA,NA,NA,NA,NA,NA,NA,4,NA,3,20,NA,NA,11,NA,71,NA,NA,NA,NA,NA,NA,NA,26,NA,21,148,NA,NA,1,NA,3,NA,NA,NA,NA,NA,NA,NA,0,NA,1,5,NA,NA,1,NA,9,NA,NA,NA,NA,NA,NA,NA,9,NA,5,30,NA,NA,0,NA,0,NA,NA,NA,NA,NA,NA,NA,1,NA,0,1,NA,NA
130697,29,13,0,51,10,58,NA,102,NA,NA,205,98,NA,766,NA,NA,22,5,0,16,6,17,NA,29,NA,NA,95,45,NA,307,NA,NA,3,1,0,4,1,7,NA,13,NA,NA,16,5,NA,65,NA,NA,10,2,0,35,4,29,NA,57,NA,NA,119,61,NA,426,NA,NA,6,1,0,3,0,4,NA,9,NA,NA,24,6,NA,68,NA,NA,8,7,0,5,4,8,NA,17,NA,NA,23,19,NA,125,NA,NA,0,0,0,2,1,2,NA,2,NA,NA,6,3,NA,26,NA,NA
130776,8,42,NA,23,0,29,NA,78,69,29,22,68,193,777,51,102,8,13,NA,6,0,8,NA,22,42,7,15,35,119,356,28,24,1,1,NA,2,0,5,NA,3,0,0,1,2,10,34,2,5,2,26,NA,15,0,16,NA,43,43,14,12,43,103,442,31,53,0,0,NA,0,0,0,NA,0,0,0,0,0,0,0,0,0,5,10,NA,6,0,8,NA,28,18,12,8,16,71,251,12,39,0,1,NA,0,0,0,NA,2,3,1,0,0,3,12,0,2
130794,161,NA,109,56,21,193,NA,62,NA,NA,382,65,NA,1665,NA,NA,112,NA,59,20,10,74,NA,20,NA,NA,208,28,NA,822,NA,NA,77,NA,32,7,1,77,NA,8,NA,NA,82,7,NA,420,NA,NA,44,NA,40,24,15,57,NA,22,NA,NA,131,22,NA,604,NA,NA,16,NA,11,6,1,10,NA,6,NA,NA,43,4,NA,139,NA,NA,20,NA,15,14,0,36,NA,19,NA,NA,98,21,NA,370,NA,NA,1,NA,1,0,1,2,NA,0,NA,NA,5,3,NA,18,NA,NA
130907,NA,28,NA,NA,NA,NA,NA,NA,NA,NA,NA,NA,NA,168,NA,140,NA,3,NA,NA,NA,NA,NA,NA,NA,NA,NA,NA,NA,19,NA,16,NA,0,NA,NA,NA,NA,NA,NA,NA,NA,NA,NA,NA,3,NA,3,NA,22,NA,NA,NA,NA,NA,NA,NA,NA,NA,NA,NA,120,NA,98,NA,0,NA,NA,NA,NA,NA,NA,NA,NA,NA,NA,NA,3,NA,3,NA,5,NA,NA,NA,NA,NA,NA,NA,NA,NA,NA,NA,35,NA,30,NA,0,NA,NA,NA,NA,NA,NA,NA,NA,NA,NA,NA,4,NA,4
130934,20,22,13,4,70,64,56,47,NA,23,43,8,79,621,33,69,13,6,7,0,31,6,26,6,NA,0,10,5,35,192,13,4,0,1,0,0,1,0,0,0,NA,0,1,0,1,8,0,0,2,7,1,0,4,6,5,1,NA,6,1,0,4,58,1,7,0,0,0,0,0,0,0,1,NA,0,0,0,2,3,0,0,16,12,11,4,62,50,46,43,NA,17,39,8,70,514,31,58,0,0,0,0,0,1,0,0,NA,0,0,0,1,2,0,0
130943,124,235,427,41,13,278,178,213,NA,72,321,77,914,4176,183,495,94,44,305,14,6,90,85,39,NA,19,154,26,531,1758,72,84,25,7,37,2,4,28,7,8,NA,0,9,4,44,224,3,17,60,188,296,26,5,165,135,154,NA,53,207,54,568,2847,133,363,6,5,16,1,1,8,5,8,NA,2,22,5,208,337,9,4,23,24,54,8,3,58,21,29,NA,16,64,11,58,548,26,84,5,4,7,2,0,6,2,2,NA,1,4,1,19,68,2,6
130989,0,NA,NA,1,0,NA,12,15,10,5,NA,NA,84,131,2,1,0,NA,NA,1,0,NA,7,7,5,1,NA,NA,46,68,0,1,0,NA,NA,0,0,NA,0,0,1,0,NA,NA,2,3,0,0,0,NA,NA,0,0,NA,5,5,2,2,NA,NA,39,55,1,1,0,NA,NA,0,0,NA,0,1,0,0,NA,NA,6,7,0,0,0,NA,NA,0,0,NA,4,7,5,2,NA,NA,21,40,0,0,0,NA,NA,0,0,NA,2,2,2,1,NA,NA,13,20,0,0
131113,356,80,NA,NA,63,25,12,98,48,NA,112,7,374,1496,38,239,238,16,NA,NA,23,7,10,16,23,NA,15,3,150,573,17,36,28,1,NA,NA,2,0,0,2,0,NA,1,0,13,59,1,11,191,59,NA,NA,28,14,4,58,24,NA,53,4,204,834,21,146,15,0,NA,NA,1,2,2,2,0,NA,3,0,17,49,0,3,95,17,NA,NA,23,9,4,31,20,NA,47,3,110,437,9,58,15,2,NA,NA,4,0,0,3,3,NA,2,0,12,49,1,7
131159,19,19,NA,25,0,60,NA,72,106,NA,653,91,265,1793,143,61,13,3,NA,5,0,13,NA,14,17,NA,275,24,133,640,29,8,2,2,NA,3,0,4,NA,3,7,NA,47,7,15,117,4,6,8,10,NA,13,0,30,NA,39,65,NA,380,50,91,964,80,24,2,0,NA,0,0,3,NA,7,1,NA,55,5,95,199,20,0,5,6,NA,6,0,16,NA,17,22,NA,121,15,50,361,22,25,0,0,NA,0,0,1,NA,1,4,NA,16,8,7,53,3,1
131283,15,13,41,5,3,17,NA,62,NA,5,54,42,154,605,13,79,12,0,26,1,0,4,NA,9,NA,1,23,12,79,231,5,5,0,0,1,0,0,0,NA,1,NA,0,0,1,3,16,1,4,5,12,23,5,0,9,NA,43,NA,1,40,23,106,408,9,63,3,0,7,0,0,0,NA,2,NA,1,1,1,6,22,0,0,4,1,8,0,2,6,NA,14,NA,3,8,9,28,113,3,10,3,0,1,0,0,2,NA,1,NA,0,1,2,7,23,0,0
131399,26,16,20,4,NA,12,NA,19,NA,16,29,18,45,277,6,7,19,1,15,1,NA,2,NA,4,NA,2,14,10,19,113,3,0,1,1,1,0,NA,1,NA,1,NA,0,1,0,2,9,0,0,1,0,2,0,NA,0,NA,1,NA,0,3,1,2,15,1,1,8,0,6,0,NA,2,NA,0,NA,0,1,0,3,22,1,0,15,14,10,4,NA,8,NA,15,NA,13,21,16,34,213,3,6,1,1,0,0,NA,1,NA,2,NA,2,1,1,1,10,0,0
131450,9,2,NA,8,7,5,18,18,NA,15,7,12,18,195,11,5,7,1,NA,4,5,2,13,2,NA,4,4,7,14,84,2,0,3,0,NA,1,0,2,1,1,NA,2,0,2,1,16,1,1,2,2,NA,4,1,1,8,13,NA,6,4,5,11,94,3,2,1,0,NA,0,2,0,3,0,NA,1,0,0,1,10,1,0,3,0,NA,2,4,1,5,3,NA,6,3,3,2,58,5,2,0,0,NA,1,0,1,1,1,NA,0,0,2,1,13,1,0
131469,132,NA,117,27,1,122,NA,129,56,13,736,53,324,2308,99,362,82,NA,67,7,0,25,NA,20,8,1,292,13,147,825,29,92,47,NA,16,1,0,35,NA,13,6,2,93,6,35,315,7,42,38,NA,59,18,0,53,NA,67,29,8,393,26,123,1132,70,167,4,NA,8,0,1,4,NA,9,4,0,62,7,72,192,3,7,37,NA,24,7,0,20,NA,28,14,2,129,9,69,485,14,112,1,NA,1,0,0,2,NA,1,0,0,14,1,4,41,1,11
131496,40,NA,NA,55,18,134,NA,81,NA,NA,760,15,360,1835,0,84,25,NA,NA,16,10,41,NA,20,NA,NA,332,4,224,790,0,11,8,NA,NA,9,1,34,NA,6,NA,NA,98,0,55,266,0,16,21,NA,NA,32,4,70,NA,44,NA,NA,328,7,207,916,0,41,2,NA,NA,1,2,9,NA,4,NA,NA,177,1,30,256,0,5,7,NA,NA,6,7,12,NA,18,NA,NA,91,6,35,238,0,17,0,NA,NA,1,3,2,NA,2,NA,NA,19,0,13,47,0,1
131520,81,19,92,40,0,202,76,170,64,NA,270,69,284,1995,225,206,50,3,57,8,0,40,19,15,4,NA,62,15,120,522,55,17,5,1,7,1,0,20,4,17,8,NA,13,4,22,151,21,13,0,0,1,0,0,2,0,1,0,NA,2,0,0,8,0,1,21,0,24,2,0,9,0,0,0,NA,10,2,6,98,3,8,44,14,46,30,0,143,59,125,48,NA,188,50,195,1382,160,145,10,4,11,3,0,22,11,18,6,NA,38,10,46,256,28,32
131876,0,28,NA,1,11,6,NA,16,17,NA,24,NA,40,237,7,85,0,0,NA,0,0,0,NA,0,0,NA,0,NA,2,5,0,3,0,0,NA,0,1,0,NA,0,0,NA,0,NA,0,2,0,1,0,1,NA,0,0,0,NA,0,0,NA,2,NA,1,7,0,3,0,1,NA,0,0,1,NA,0,0,NA,1,NA,0,6,0,3,0,25,NA,0,9,5,NA,15,17,NA,20,NA,37,209,6,73,0,0,NA,0,1,0,NA,0,0,NA,1,NA,0,7,1,4
132471,28,9,NA,1,7,79,21,33,15,43,20,19,98,519,19,115,21,1,NA,0,3,19,17,7,10,25,4,4,50,179,4,10,0,0,NA,0,0,0,0,0,0,0,1,0,2,7,2,2,6,1,NA,0,0,10,2,2,5,9,5,0,23,76,3,9,2,0,NA,0,0,4,4,4,1,0,0,3,15,36,2,1,18,7,NA,1,7,62,15,26,7,34,14,15,55,381,10,100,1,0,NA,0,0,2,0,0,2,0,0,1,3,9,0,0
132602,6,9,4,2,64,13,29,41,23,NA,9,5,46,290,29,4,5,4,4,0,35,2,7,7,6,NA,1,3,24,112,13,0,0,0,1,0,0,0,0,0,0,NA,0,0,0,2,0,0,0,2,0,0,4,0,2,1,0,NA,0,0,4,14,1,0,0,0,0,0,0,0,0,0,0,NA,0,0,0,0,0,0,5,7,2,2,55,11,25,36,22,NA,9,5,37,250,26,4,1,0,1,0,5,2,2,4,1,NA,0,0,5,24,2,0
132657,NA,21,NA,NA,1,37,41,56,35,NA,7,63,223,588,41,3,NA,1,NA,NA,0,11,32,13,10,NA,4,26,114,270,18,2,NA,0,NA,NA,0,0,0,1,0,NA,0,1,2,6,0,0,NA,15,NA,NA,0,15,28,29,21,NA,3,29,97,294,24,2,NA,2,NA,NA,0,4,2,1,0,NA,0,11,60,96,7,1,NA,3,NA,NA,1,16,9,22,11,NA,4,18,51,157,8,0,NA,1,NA,NA,0,1,2,1,1,NA,0,0,7,17,0,0
132693,96,0,NA,NA,NA,NA,NA,NA,NA,NA,NA,NA,366,560,NA,98,80,0,NA,NA,NA,NA,NA,NA,NA,NA,NA,NA,126,222,NA,16,4,0,NA,NA,NA,NA,NA,NA,NA,NA,NA,NA,11,18,NA,3,69,0,NA,NA,NA,NA,NA,NA,NA,NA,NA,NA,256,385,NA,60,0,0,NA,NA,NA,NA,NA,NA,NA,NA,NA,NA,1,2,NA,1,19,0,NA,NA,NA,NA,NA,NA,NA,NA,NA,NA,77,124,NA,28,0,0,NA,NA,NA,NA,NA,NA,NA,NA,NA,NA,4,5,NA,1
132709,125,49,NA,NA,NA,NA,NA,NA,NA,NA,NA,NA,223,498,NA,52,84,3,NA,NA,NA,NA,NA,NA,NA,NA,NA,NA,86,203,NA,7,6,0,NA,NA,NA,NA,NA,NA,NA,NA,NA,NA,5,15,NA,3,24,16,NA,NA,NA,NA,NA,NA,NA,NA,NA,NA,39,104,NA,12,5,0,NA,NA,NA,NA,NA,NA,NA,NA,NA,NA,22,30,NA,2,77,25,NA,NA,NA,NA,NA,NA,NA,NA,NA,NA,148,307,NA,32,3,2,NA,NA,NA,NA,NA,NA,NA,NA,NA,NA,2,14,NA,3
132851,NA,12,NA,NA,NA,NA,NA,NA,NA,NA,NA,NA,112,165,NA,41,NA,1,NA,NA,NA,NA,NA,NA,NA,NA,NA,NA,41,45,NA,3,NA,0,NA,NA,NA,NA,NA,NA,NA,NA,NA,NA,0,2,NA,2,NA,7,NA,NA,NA,NA,NA,NA,NA,NA,NA,NA,79,113,NA,27,NA,0,NA,NA,NA,NA,NA,NA,NA,NA,NA,NA,0,0,NA,0,NA,4,NA,NA,NA,NA,NA,NA,NA,NA,NA,NA,22,35,NA,9,NA,0,NA,NA,NA,NA,NA,NA,NA,NA,NA,NA,2,3,NA,1
132903,850,507,1203,327,12,882,418,1642,502,121,697,1123,2290,14857,625,2179,695,77,936,75,1,294,178,296,188,30,273,496,1197,6002,181,431,163,16,107,7,0,103,12,65,14,4,34,53,147,1054,19,230,345,289,551,189,5,343,196,704,209,46,309,516,1136,6689,314,864,39,3,72,4,1,30,8,49,6,0,15,47,145,506,4,40,256,182,417,112,6,360,181,748,243,61,299,446,767,5819,252,900,6,5,15,3,0,4,0,10,11,0,4,8,17,127,5,17
133021,NA,28,NA,NA,NA,NA,NA,NA,NA,NA,NA,NA,30,77,NA,19,NA,5,NA,NA,NA,NA,NA,NA,NA,NA,NA,NA,12,19,NA,2,NA,0,NA,NA,NA,NA,NA,NA,NA,NA,NA,NA,0,1,NA,1,NA,27,NA,NA,NA,NA,NA,NA,NA,NA,NA,NA,27,67,NA,13,NA,0,NA,NA,NA,NA,NA,NA,NA,NA,NA,NA,0,0,NA,0,NA,1,NA,NA,NA,NA,NA,NA,NA,NA,NA,NA,2,6,NA,3,NA,0,NA,NA,NA,NA,NA,NA,NA,NA,NA,NA,0,0,NA,0
133386,24,32,41,NA,NA,NA,NA,NA,NA,NA,NA,NA,190,365,NA,78,22,3,34,NA,NA,NA,NA,NA,NA,NA,NA,NA,80,149,NA,10,2,0,3,NA,NA,NA,NA,NA,NA,NA,NA,NA,2,9,NA,2,16,27,24,NA,NA,NA,NA,NA,NA,NA,NA,NA,125,240,NA,48,0,1,0,NA,NA,NA,NA,NA,NA,NA,NA,NA,0,1,NA,0,4,4,12,NA,NA,NA,NA,NA,NA,NA,NA,NA,49,93,NA,24,0,0,1,NA,NA,NA,NA,NA,NA,NA,NA,NA,5,6,NA,0
133492,3,NA,0,11,1,199,NA,34,NA,NA,27,21,47,429,10,1,3,NA,0,1,0,48,NA,4,NA,NA,6,7,24,116,2,0,0,NA,0,0,0,3,NA,0,NA,NA,1,0,0,6,2,0,2,NA,0,10,0,152,NA,24,NA,NA,23,16,27,325,7,1,1,NA,0,0,0,7,NA,2,NA,NA,0,0,6,18,1,0,0,NA,0,0,0,22,NA,7,NA,NA,2,3,11,51,0,0,0,NA,0,0,0,1,NA,0,NA,NA,0,1,1,3,0,0
133508,2,58,NA,NA,NA,NA,NA,NA,16,NA,NA,NA,91,279,NA,112,2,2,NA,NA,NA,NA,NA,NA,9,NA,NA,NA,31,68,NA,24,0,0,NA,NA,NA,NA,NA,NA,0,NA,NA,NA,3,5,NA,2,1,35,NA,NA,NA,NA,NA,NA,11,NA,NA,NA,47,151,NA,57,0,0,NA,NA,NA,NA,NA,NA,0,NA,NA,NA,2,6,NA,4,1,21,NA,NA,NA,NA,NA,NA,3,NA,NA,NA,34,102,NA,43,0,2,NA,NA,NA,NA,NA,NA,1,NA,NA,NA,5,14,NA,6
133526,NA,0,NA,NA,0,11,NA,10,23,NA,NA,1,57,107,5,NA,NA,0,NA,NA,0,6,NA,2,10,NA,NA,0,32,52,2,NA,NA,0,NA,NA,0,1,NA,0,0,NA,NA,0,0,1,0,NA,NA,0,NA,NA,0,2,NA,0,1,NA,NA,0,3,6,0,NA,NA,0,NA,NA,0,0,NA,0,0,NA,NA,0,4,4,0,NA,NA,0,NA,NA,0,7,NA,9,16,NA,NA,1,46,83,4,NA,NA,0,NA,NA,0,1,NA,1,2,NA,NA,0,2,6,0,NA
133553,30,NA,487,NA,NA,38,NA,30,51,NA,NA,NA,72,1398,1,NA,22,NA,375,NA,NA,11,NA,10,26,NA,NA,NA,51,1026,0,NA,1,NA,28,NA,NA,1,NA,1,1,NA,NA,NA,2,65,0,NA,18,NA,317,NA,NA,19,NA,17,36,NA,NA,NA,37,815,1,NA,1,NA,24,NA,NA,2,NA,2,0,NA,NA,NA,12,165,0,NA,8,NA,84,NA,NA,13,NA,6,11,NA,NA,NA,18,253,0,NA,1,NA,7,NA,NA,0,NA,0,0,NA,NA,NA,0,19,0,NA
133650,47,51,53,9,NA,99,21,144,104,47,78,55,166,1587,68,380,32,12,39,1,NA,17,16,20,35,4,34,22,70,509,13,71,0,0,1,0,NA,1,0,1,0,0,0,0,0,6,0,1,1,0,1,0,NA,2,1,5,1,0,3,2,2,47,1,4,0,0,0,0,NA,0,0,0,0,0,0,0,0,1,0,1,45,49,49,8,NA,89,20,137,101,47,74,52,158,1495,67,365,0,0,0,0,NA,0,0,0,0,0,0,0,0,0,0,0
133669,185,166,219,62,104,402,157,449,291,218,254,103,1389,5866,382,736,144,13,168,16,31,121,72,83,114,45,107,29,734,2256,135,118,18,2,7,0,4,32,7,29,2,4,9,8,64,259,7,33,56,83,84,22,49,121,54,136,100,63,99,39,603,2211,189,214,9,5,16,1,2,7,1,11,1,5,8,5,64,176,5,14,89,68,94,33,39,219,84,250,170,137,130,45,583,2900,160,440,4,2,3,1,2,5,3,0,4,1,1,0,10,58,2,11
133702,77,24,NA,NA,NA,16,NA,NA,31,85,NA,NA,307,715,21,124,51,1,NA,NA,NA,4,NA,NA,15,8,NA,NA,106,225,5,22,1,0,NA,NA,NA,1,NA,NA,0,0,NA,NA,9,20,0,6,41,16,NA,NA,NA,8,NA,NA,18,29,NA,NA,134,331,11,64,2,1,NA,NA,NA,1,NA,NA,0,0,NA,NA,5,16,0,5,21,4,NA,NA,NA,4,NA,NA,12,38,NA,NA,116,247,5,37,1,0,NA,NA,NA,0,NA,NA,0,1,NA,NA,5,7,0,0
133711,NA,46,NA,18,1,NA,24,66,NA,15,74,69,155,569,44,NA,NA,1,NA,4,0,NA,18,10,NA,7,21,17,79,194,15,NA,NA,1,NA,0,0,NA,0,1,NA,0,1,0,1,5,0,NA,NA,29,NA,13,1,NA,15,50,NA,13,58,46,104,412,36,NA,NA,0,NA,0,0,NA,3,3,NA,0,0,0,18,24,0,NA,NA,12,NA,2,0,NA,4,6,NA,1,9,15,20,82,7,NA,NA,2,NA,1,0,NA,0,3,NA,1,2,5,8,25,1,NA
133872,NA,NA,NA,NA,NA,10,NA,NA,NA,NA,NA,NA,NA,208,NA,198,NA,NA,NA,NA,NA,5,NA,NA,NA,NA,NA,NA,NA,41,NA,36,NA,NA,NA,NA,NA,0,NA,NA,NA,NA,NA,NA,NA,9,NA,9,NA,NA,NA,NA,NA,3,NA,NA,NA,NA,NA,NA,NA,61,NA,58,NA,NA,NA,NA,NA,0,NA,NA,NA,NA,NA,NA,NA,11,NA,11,NA,NA,NA,NA,NA,5,NA,NA,NA,NA,NA,NA,NA,111,NA,106,NA,NA,NA,NA,NA,0,NA,NA,NA,NA,NA,NA,NA,6,NA,6
133881,35,0,252,NA,2,47,6,37,NA,NA,NA,NA,62,628,5,NA,30,0,192,NA,0,11,5,5,NA,NA,NA,NA,38,405,1,NA,1,0,6,NA,0,1,0,0,NA,NA,NA,NA,2,13,0,NA,14,0,135,NA,2,29,1,26,NA,NA,NA,NA,29,323,3,NA,6,0,54,NA,0,3,2,3,NA,NA,NA,NA,14,148,1,NA,10,0,43,NA,0,7,1,5,NA,NA,NA,NA,10,96,1,NA,2,0,9,NA,0,3,2,1,NA,NA,NA,NA,3,26,0,NA
133951,875,433,642,179,205,1016,68,1534,559,108,662,203,2726,11504,607,613,692,62,507,52,88,316,53,244,228,31,321,68,1222,4634,168,135,48,3,17,2,3,46,0,33,8,3,12,4,66,288,7,18,100,48,56,30,13,67,9,111,41,10,62,15,226,1020,65,39,36,12,124,2,10,31,2,43,6,1,31,10,760,1219,40,21,668,364,434,140,176,850,56,1306,490,93,533,168,1616,8702,477,523,2,2,2,1,0,3,0,5,2,0,5,0,17,48,2,1
133960,NA,0,NA,NA,NA,NA,NA,NA,NA,NA,NA,NA,11,24,NA,8,NA,0,NA,NA,NA,NA,NA,NA,NA,NA,NA,NA,4,7,NA,0,NA,0,NA,NA,NA,NA,NA,NA,NA,NA,NA,NA,0,0,NA,0,NA,0,NA,NA,NA,NA,NA,NA,NA,NA,NA,NA,7,17,NA,6,NA,0,NA,NA,NA,NA,NA,NA,NA,NA,NA,NA,0,0,NA,0,NA,0,NA,NA,NA,NA,NA,NA,NA,NA,NA,NA,4,7,NA,2,NA,0,NA,NA,NA,NA,NA,NA,NA,NA,NA,NA,0,0,NA,0
133979,6,5,NA,NA,NA,5,NA,17,11,6,2,4,27,109,2,7,5,1,NA,NA,NA,1,NA,4,5,1,0,4,13,46,1,1,0,0,NA,NA,NA,0,NA,0,0,0,0,0,0,0,0,0,0,0,NA,NA,NA,0,NA,0,0,0,0,0,1,3,0,0,2,1,NA,NA,NA,3,NA,3,0,1,0,0,5,22,1,0,4,3,NA,NA,NA,1,NA,13,11,5,2,4,20,77,1,7,0,1,NA,NA,NA,1,NA,1,0,0,0,0,1,7,0,0
134079,23,34,NA,13,2,111,11,53,NA,NA,34,69,153,621,40,41,19,9,NA,4,1,38,6,12,NA,NA,14,22,87,246,9,4,1,0,NA,0,0,0,0,3,NA,NA,0,3,4,15,0,3,12,26,NA,10,1,80,9,36,NA,NA,18,56,97,431,28,30,2,0,NA,0,0,6,0,2,NA,NA,1,1,16,31,2,0,7,5,NA,3,1,22,2,11,NA,NA,13,8,26,120,8,8,0,2,NA,0,0,2,0,1,NA,NA,0,0,1,6,0,0
134097,403,174,403,249,62,758,174,760,539,67,1320,319,2094,9090,298,717,273,36,283,83,26,252,116,139,214,8,689,114,1184,3910,68,146,31,7,17,3,1,59,2,29,15,2,26,10,63,324,1,32,195,109,219,134,32,412,116,387,298,44,695,195,1312,5227,211,394,19,2,25,1,2,4,2,14,4,0,25,7,66,188,2,7,134,42,120,92,20,242,51,287,183,20,507,92,545,2852,69,247,5,1,7,3,2,12,1,4,7,0,10,3,33,100,2,4
134130,469,182,1157,140,NA,1056,209,578,0,NA,935,313,1284,9443,599,687,346,40,792,33,NA,365,118,88,0,NA,403,96,682,4044,181,92,126,4,124,3,NA,197,3,80,0,NA,67,18,105,946,18,71,178,113,597,79,NA,470,138,245,0,NA,450,138,724,4866,333,356,12,3,30,4,NA,10,9,4,0,NA,30,5,23,190,22,7,124,48,321,49,NA,301,51,218,0,NA,322,126,359,2804,189,210,10,3,25,1,NA,20,2,8,0,NA,23,6,22,173,7,11
134237,278,NA,53,203,NA,NA,NA,NA,NA,NA,NA,1830,63,3725,147,NA,244,NA,46,102,NA,NA,NA,NA,NA,NA,NA,1122,25,2624,82,NA,12,NA,1,4,NA,NA,NA,NA,NA,NA,NA,68,2,115,2,NA,147,NA,31,92,NA,NA,NA,NA,NA,NA,NA,779,24,1673,60,NA,0,NA,0,0,NA,NA,NA,NA,NA,NA,NA,0,0,0,0,NA,87,NA,16,84,NA,NA,NA,NA,NA,NA,NA,751,31,1499,66,NA,18,NA,2,10,NA,NA,NA,NA,NA,NA,NA,95,2,197,7,NA
134343,4,NA,NA,NA,NA,NA,NA,NA,NA,NA,NA,NA,22,67,9,32,4,NA,NA,NA,NA,NA,NA,NA,NA,NA,NA,NA,7,18,4,3,1,NA,NA,NA,NA,NA,NA,NA,NA,NA,NA,NA,0,1,0,0,2,NA,NA,NA,NA,NA,NA,NA,NA,NA,NA,NA,17,52,5,28,0,NA,NA,NA,NA,NA,NA,NA,NA,NA,NA,NA,0,0,0,0,1,NA,NA,NA,NA,NA,NA,NA,NA,NA,NA,NA,5,13,3,4,0,NA,NA,NA,NA,NA,NA,NA,NA,NA,NA,NA,0,1,1,0
134495,NA,NA,NA,NA,NA,NA,NA,NA,NA,NA,NA,NA,NA,22,NA,22,NA,NA,NA,NA,NA,NA,NA,NA,NA,NA,NA,NA,NA,5,NA,5,NA,NA,NA,NA,NA,NA,NA,NA,NA,NA,NA,NA,NA,2,NA,2,NA,NA,NA,NA,NA,NA,NA,NA,NA,NA,NA,NA,NA,9,NA,9,NA,NA,NA,NA,NA,NA,NA,NA,NA,NA,NA,NA,NA,0,NA,0,NA,NA,NA,NA,NA,NA,NA,NA,NA,NA,NA,NA,NA,9,NA,9,NA,NA,NA,NA,NA,NA,NA,NA,NA,NA,NA,NA,NA,2,NA,2
134608,63,52,NA,NA,NA,53,NA,NA,68,104,NA,NA,170,684,NA,126,50,5,NA,NA,NA,13,NA,NA,25,27,NA,NA,68,223,NA,10,2,0,NA,NA,NA,2,NA,NA,0,1,NA,NA,3,13,NA,5,24,31,NA,NA,NA,17,NA,NA,22,48,NA,NA,79,301,NA,55,0,1,NA,NA,NA,1,NA,NA,1,1,NA,NA,2,6,NA,0,32,17,NA,NA,NA,30,NA,NA,43,50,NA,NA,78,331,NA,62,0,1,NA,NA,NA,0,NA,NA,1,2,NA,NA,5,13,NA,2
134945,9,9,11,6,1,34,27,32,NA,NA,32,57,76,647,0,267,7,3,9,3,0,10,9,2,NA,NA,20,20,44,232,0,37,1,1,2,0,0,2,0,0,NA,NA,0,0,1,27,0,18,3,4,6,5,0,21,7,20,NA,NA,16,28,50,328,0,132,0,0,1,1,0,2,4,1,NA,NA,4,4,5,45,0,0,2,2,2,0,1,6,10,8,NA,NA,12,20,16,189,0,90,1,0,0,0,0,1,3,0,NA,NA,0,3,2,30,0,15
135081,36,NA,19,NA,NA,46,91,186,148,NA,11,12,331,1819,28,715,34,NA,17,NA,NA,20,67,34,72,NA,6,6,148,608,11,125,0,NA,0,NA,NA,2,1,2,5,NA,1,0,8,44,0,20,11,NA,2,NA,NA,13,18,49,43,NA,2,0,50,485,2,238,0,NA,1,NA,NA,1,5,1,0,NA,0,0,33,53,0,7,14,NA,14,NA,NA,19,21,104,63,NA,7,8,186,857,23,313,10,NA,2,NA,NA,11,45,29,36,NA,1,4,49,362,2,132
135160,NA,18,NA,NA,NA,NA,NA,NA,NA,NA,NA,NA,NA,62,NA,40,NA,2,NA,NA,NA,NA,NA,NA,NA,NA,NA,NA,NA,8,NA,3,NA,0,NA,NA,NA,NA,NA,NA,NA,NA,NA,NA,NA,1,NA,1,NA,13,NA,NA,NA,NA,NA,NA,NA,NA,NA,NA,NA,50,NA,33,NA,0,NA,NA,NA,NA,NA,NA,NA,NA,NA,NA,NA,0,NA,0,NA,5,NA,NA,NA,NA,NA,NA,NA,NA,NA,NA,NA,10,NA,5,NA,0,NA,NA,NA,NA,NA,NA,NA,NA,NA,NA,NA,0,NA,0
135188,NA,0,NA,NA,NA,NA,NA,NA,NA,NA,NA,NA,47,70,NA,23,NA,0,NA,NA,NA,NA,NA,NA,NA,NA,NA,NA,18,19,NA,1,NA,0,NA,NA,NA,NA,NA,NA,NA,NA,NA,NA,0,5,NA,5,NA,0,NA,NA,NA,NA,NA,NA,NA,NA,NA,NA,29,40,NA,11,NA,0,NA,NA,NA,NA,NA,NA,NA,NA,NA,NA,0,0,NA,0,NA,0,NA,NA,NA,NA,NA,NA,NA,NA,NA,NA,14,21,NA,7,NA,0,NA,NA,NA,NA,NA,NA,NA,NA,NA,NA,3,3,NA,0
135391,0,34,NA,NA,NA,NA,NA,NA,19,NA,NA,NA,34,227,NA,140,0,1,NA,NA,NA,NA,NA,NA,6,NA,NA,NA,14,49,NA,28,0,0,NA,NA,NA,NA,NA,NA,0,NA,NA,NA,2,8,NA,6,0,20,NA,NA,NA,NA,NA,NA,11,NA,NA,NA,22,136,NA,83,0,0,NA,NA,NA,NA,NA,NA,0,NA,NA,NA,1,4,NA,3,0,13,NA,NA,NA,NA,NA,NA,7,NA,NA,NA,8,70,NA,42,0,1,NA,NA,NA,NA,NA,NA,1,NA,NA,NA,1,7,NA,4
135717,126,69,NA,NA,NA,37,NA,NA,123,NA,NA,64,435,1183,NA,282,108,11,NA,NA,NA,18,NA,NA,45,NA,NA,42,154,462,NA,51,3,0,NA,NA,NA,1,NA,NA,0,NA,NA,0,6,17,NA,4,7,5,NA,NA,NA,2,NA,NA,8,NA,NA,4,21,67,NA,20,5,5,NA,NA,NA,8,NA,NA,0,NA,NA,6,12,45,NA,7,107,58,NA,NA,NA,25,NA,NA,112,NA,NA,52,390,1025,NA,241,3,1,NA,NA,NA,0,NA,NA,1,NA,NA,1,0,13,NA,5
135726,75,34,158,25,29,291,74,164,NA,2,278,191,611,2974,284,439,53,5,108,8,16,91,59,28,NA,1,157,91,381,1280,66,77,9,0,5,0,1,25,1,8,NA,0,4,11,28,136,3,30,29,15,50,12,1,121,33,72,NA,1,98,88,346,1331,149,164,11,1,35,0,0,10,8,11,NA,0,38,16,55,243,22,16,23,16,63,13,20,112,26,66,NA,1,112,60,144,1059,94,194,1,1,2,0,5,9,4,4,NA,0,15,8,23,113,8,20
136145,NA,NA,NA,NA,NA,NA,NA,NA,NA,NA,NA,NA,NA,31,NA,31,NA,NA,NA,NA,NA,NA,NA,NA,NA,NA,NA,NA,NA,3,NA,3,NA,NA,NA,NA,NA,NA,NA,NA,NA,NA,NA,NA,NA,0,NA,0,NA,NA,NA,NA,NA,NA,NA,NA,NA,NA,NA,NA,NA,19,NA,19,NA,NA,NA,NA,NA,NA,NA,NA,NA,NA,NA,NA,NA,0,NA,0,NA,NA,NA,NA,NA,NA,NA,NA,NA,NA,NA,NA,NA,11,NA,11,NA,NA,NA,NA,NA,NA,NA,NA,NA,NA,NA,NA,NA,1,NA,1
136172,218,138,139,59,25,174,76,317,132,27,130,100,569,3258,181,657,176,13,107,15,9,55,58,49,50,2,62,39,310,1309,61,122,17,0,12,2,0,16,1,12,3,3,2,5,30,163,6,46,130,94,95,43,15,109,52,181,85,15,69,58,349,2019,118,392,1,1,7,0,0,4,3,4,1,0,6,1,36,72,2,1,50,34,21,11,8,34,16,104,34,7,43,27,130,807,42,174,1,1,0,0,0,0,0,3,1,0,1,1,5,25,4,4
136215,39,68,9,4,25,557,65,119,26,4,21,25,177,1984,18,727,18,14,3,1,9,167,29,21,8,1,3,5,88,504,1,116,5,2,1,0,4,161,4,10,1,0,0,0,6,251,0,50,9,28,1,1,4,150,26,26,13,0,8,11,61,531,2,155,3,4,2,0,1,38,4,6,0,0,1,0,19,93,2,11,20,30,5,2,15,172,26,70,9,4,9,11,83,985,14,479,1,0,0,1,0,15,1,4,3,0,3,1,3,61,0,15
136233,NA,32,NA,NA,NA,NA,NA,NA,NA,NA,NA,NA,62,137,NA,43,NA,2,NA,NA,NA,NA,NA,NA,NA,NA,NA,NA,29,37,NA,6,NA,0,NA,NA,NA,NA,NA,NA,NA,NA,NA,NA,0,1,NA,1,NA,24,NA,NA,NA,NA,NA,NA,NA,NA,NA,NA,44,100,NA,32,NA,0,NA,NA,NA,NA,NA,NA,NA,NA,NA,NA,0,0,NA,0,NA,7,NA,NA,NA,NA,NA,NA,NA,NA,NA,NA,9,23,NA,7,NA,1,NA,NA,NA,NA,NA,NA,NA,NA,NA,NA,4,6,NA,1
136330,8,16,0,9,17,27,26,45,NA,NA,7,44,109,453,35,70,8,1,0,2,5,6,8,8,NA,NA,1,10,62,146,10,9,1,0,0,0,0,0,1,2,NA,NA,0,1,3,11,0,2,6,14,0,8,10,20,19,28,NA,NA,5,34,60,281,24,30,0,0,0,0,0,1,0,2,NA,NA,0,1,9,20,2,3,1,1,0,1,6,4,5,12,NA,NA,1,8,26,113,6,30,0,0,0,0,0,2,0,1,NA,NA,0,0,7,14,2,1
136358,79,NA,NA,NA,NA,NA,NA,NA,NA,74,NA,NA,230,502,NA,119,61,NA,NA,NA,NA,NA,NA,NA,NA,14,NA,NA,61,157,NA,21,8,NA,NA,NA,NA,NA,NA,NA,NA,2,NA,NA,6,19,NA,3,23,NA,NA,NA,NA,NA,NA,NA,NA,21,NA,NA,60,148,NA,44,0,NA,NA,NA,NA,NA,NA,NA,NA,0,NA,NA,2,5,NA,3,43,NA,NA,NA,NA,NA,NA,NA,NA,48,NA,NA,150,306,NA,65,1,NA,NA,NA,NA,NA,NA,NA,NA,2,NA,NA,9,16,NA,4
136400,NA,NA,NA,NA,NA,NA,NA,NA,NA,NA,NA,NA,134,171,NA,37,NA,NA,NA,NA,NA,NA,NA,NA,NA,NA,NA,NA,63,71,NA,8,NA,NA,NA,NA,NA,NA,NA,NA,NA,NA,NA,NA,2,3,NA,1,NA,NA,NA,NA,NA,NA,NA,NA,NA,NA,NA,NA,87,107,NA,20,NA,NA,NA,NA,NA,NA,NA,NA,NA,NA,NA,NA,0,1,NA,1,NA,NA,NA,NA,NA,NA,NA,NA,NA,NA,NA,NA,31,43,NA,12,NA,NA,NA,NA,NA,NA,NA,NA,NA,NA,NA,NA,9,12,NA,3
136473,30,NA,NA,NA,NA,NA,NA,NA,NA,NA,NA,NA,126,198,NA,42,23,NA,NA,NA,NA,NA,NA,NA,NA,NA,NA,NA,48,75,NA,4,0,NA,NA,NA,NA,NA,NA,NA,NA,NA,NA,NA,4,6,NA,2,16,NA,NA,NA,NA,NA,NA,NA,NA,NA,NA,NA,76,115,NA,23,1,NA,NA,NA,NA,NA,NA,NA,NA,NA,NA,NA,0,2,NA,1,6,NA,NA,NA,NA,NA,NA,NA,NA,NA,NA,NA,35,57,NA,16,0,NA,NA,NA,NA,NA,NA,NA,NA,NA,NA,NA,2,2,NA,0
136516,NA,33,NA,NA,NA,NA,NA,NA,32,NA,NA,NA,192,352,NA,70,NA,2,NA,NA,NA,NA,NA,NA,9,NA,NA,NA,74,113,NA,6,NA,0,NA,NA,NA,NA,NA,NA,0,NA,NA,NA,5,8,NA,3,NA,20,NA,NA,NA,NA,NA,NA,13,NA,NA,NA,113,204,NA,38,NA,1,NA,NA,NA,NA,NA,NA,0,NA,NA,NA,3,5,NA,1,NA,11,NA,NA,NA,NA,NA,NA,18,NA,NA,NA,58,118,NA,26,NA,0,NA,NA,NA,NA,NA,NA,1,NA,NA,NA,5,7,NA,1
136774,NA,NA,NA,6,NA,NA,NA,NA,NA,NA,NA,242,NA,387,NA,NA,NA,NA,NA,2,NA,NA,NA,NA,NA,NA,NA,64,NA,104,NA,NA,NA,NA,NA,1,NA,NA,NA,NA,NA,NA,NA,24,NA,42,NA,NA,NA,NA,NA,4,NA,NA,NA,NA,NA,NA,NA,107,NA,161,NA,NA,NA,NA,NA,0,NA,NA,NA,NA,NA,NA,NA,35,NA,81,NA,NA,NA,NA,NA,1,NA,NA,NA,NA,NA,NA,NA,51,NA,64,NA,NA,NA,NA,NA,0,NA,NA,NA,NA,NA,NA,NA,7,NA,13,NA,NA
136950,19,20,0,20,1,26,NA,39,NA,NA,73,47,192,557,66,3,10,0,0,7,0,3,NA,12,NA,NA,37,15,118,245,22,0,2,1,0,1,0,3,NA,1,NA,NA,1,2,5,19,1,0,6,11,0,17,1,18,NA,20,NA,NA,36,26,115,329,46,0,4,0,0,0,0,0,NA,3,NA,NA,9,1,23,44,3,0,4,7,0,2,0,3,NA,13,NA,NA,21,16,39,132,14,3,0,1,0,0,0,0,NA,1,NA,NA,1,1,4,10,0,0
137032,115,87,6,7,11,29,20,189,209,35,35,1,338,1152,11,29,85,7,6,4,4,7,12,41,99,4,12,1,145,451,6,5,3,0,0,0,0,0,0,1,1,0,0,0,4,9,0,0,40,51,2,2,5,9,11,60,89,8,13,1,110,419,3,5,6,0,1,0,0,2,2,3,2,0,2,0,23,44,1,0,46,20,2,3,5,12,6,82,73,17,10,0,128,433,4,14,18,16,1,2,1,6,1,39,38,9,8,0,67,225,2,10
137078,170,137,NA,NA,NA,21,NA,NA,62,25,NA,NA,252,1012,NA,274,121,19,NA,NA,NA,7,NA,NA,38,14,NA,NA,86,344,NA,43,10,2,NA,NA,NA,0,NA,NA,0,0,NA,NA,4,27,NA,8,115,86,NA,NA,NA,14,NA,NA,45,11,NA,NA,166,639,NA,155,0,0,NA,NA,NA,1,NA,NA,0,4,NA,NA,2,8,NA,0,35,42,NA,NA,NA,4,NA,NA,16,9,NA,NA,73,294,NA,96,4,1,NA,NA,NA,0,NA,NA,1,1,NA,NA,4,19,NA,7
137096,42,15,NA,NA,NA,4,NA,NA,NA,NA,NA,9,86,273,NA,117,35,1,NA,NA,NA,0,NA,NA,NA,NA,NA,5,54,120,NA,25,1,0,NA,NA,NA,0,NA,NA,NA,NA,NA,0,2,15,NA,12,27,7,NA,NA,NA,1,NA,NA,NA,NA,NA,6,61,160,NA,58,0,0,NA,NA,NA,0,NA,NA,NA,NA,NA,0,3,3,NA,0,8,7,NA,NA,NA,2,NA,NA,NA,NA,NA,1,15,73,NA,40,2,0,NA,NA,NA,1,NA,NA,NA,NA,NA,1,3,12,NA,5
137209,95,7,NA,NA,NA,NA,NA,NA,7,NA,NA,65,115,536,NA,194,78,0,NA,NA,NA,NA,NA,NA,4,NA,NA,0,56,216,NA,34,7,0,NA,NA,NA,NA,NA,NA,0,NA,NA,1,2,19,NA,7,46,6,NA,NA,NA,NA,NA,NA,4,NA,NA,32,55,255,NA,83,1,0,NA,NA,NA,NA,NA,NA,0,NA,NA,4,1,14,NA,5,37,1,NA,NA,NA,NA,NA,NA,3,NA,NA,23,47,212,NA,83,1,0,NA,NA,NA,NA,NA,NA,0,NA,NA,1,1,9,NA,5
137281,0,18,NA,NA,NA,NA,NA,NA,0,NA,NA,NA,78,143,NA,47,0,1,NA,NA,NA,NA,NA,NA,0,NA,NA,NA,18,22,NA,3,0,1,NA,NA,NA,NA,NA,NA,0,NA,NA,NA,0,4,NA,3,0,15,NA,NA,NA,NA,NA,NA,0,NA,NA,NA,66,113,NA,32,0,0,NA,NA,NA,NA,NA,NA,0,NA,NA,NA,0,1,NA,1,0,1,NA,NA,NA,NA,NA,NA,0,NA,NA,NA,9,20,NA,10,0,0,NA,NA,NA,NA,NA,NA,0,NA,NA,NA,2,2,NA,0
137315,NA,10,NA,NA,NA,NA,NA,NA,NA,NA,NA,NA,31,54,NA,13,NA,1,NA,NA,NA,NA,NA,NA,NA,NA,NA,NA,4,5,NA,0,NA,0,NA,NA,NA,NA,NA,NA,NA,NA,NA,NA,2,2,NA,0,NA,4,NA,NA,NA,NA,NA,NA,NA,NA,NA,NA,15,22,NA,3,NA,0,NA,NA,NA,NA,NA,NA,NA,NA,NA,NA,1,1,NA,0,NA,6,NA,NA,NA,NA,NA,NA,NA,NA,NA,NA,13,28,NA,9,NA,0,NA,NA,NA,NA,NA,NA,NA,NA,NA,NA,0,1,NA,1
137351,587,289,538,147,210,1204,NA,892,NA,143,1152,209,1704,9882,491,1745,477,51,393,40,83,435,NA,176,NA,16,524,69,956,4050,184,368,90,7,38,2,8,211,NA,62,NA,5,46,11,144,836,18,164,201,182,206,90,112,477,NA,427,NA,67,571,97,812,4596,249,765,78,4,138,3,2,53,NA,28,NA,2,76,11,152,649,35,35,169,77,117,44,73,357,NA,303,NA,60,383,72,485,3060,163,627,27,7,20,2,12,50,NA,26,NA,2,20,10,62,338,12,71
137476,11,2,NA,2,0,14,2,14,27,NA,9,NA,155,473,4,218,9,0,NA,0,0,2,2,2,14,NA,3,NA,114,199,3,41,0,0,NA,0,0,0,0,0,0,NA,0,NA,0,1,0,1,0,1,NA,0,0,1,0,3,4,NA,0,NA,21,47,1,14,1,0,NA,0,0,1,0,5,1,NA,1,NA,45,62,0,4,8,1,NA,2,0,11,1,6,20,NA,7,NA,79,322,1,178,1,0,NA,0,0,0,0,0,0,NA,1,NA,3,23,0,17
137546,25,21,NA,12,NA,42,NA,57,NA,NA,66,61,170,608,34,62,23,3,NA,2,NA,12,NA,6,NA,NA,30,26,108,255,11,12,1,0,NA,0,NA,0,NA,2,NA,NA,1,1,3,9,0,1,11,14,NA,8,NA,27,NA,28,NA,NA,37,34,96,340,17,32,8,0,NA,0,NA,1,NA,4,NA,NA,3,1,12,39,4,5,4,6,NA,3,NA,12,NA,17,NA,NA,17,20,51,176,11,19,0,1,NA,0,NA,1,NA,1,NA,NA,0,1,1,5,0,0
137564,NA,55,NA,9,43,22,61,101,24,32,7,44,182,999,66,50,NA,6,NA,4,29,6,35,17,12,2,5,19,82,372,14,6,NA,2,NA,0,0,0,1,1,0,1,1,1,2,20,1,1,NA,35,NA,6,24,11,35,57,15,20,2,26,89,581,41,27,NA,0,NA,0,1,2,2,2,0,1,1,2,9,25,3,0,NA,13,NA,2,15,7,20,37,8,7,3,13,70,317,19,20,NA,1,NA,0,3,1,1,1,0,1,0,1,4,19,1,0
137759,NA,0,NA,NA,NA,NA,NA,NA,NA,NA,NA,NA,0,18,NA,18,NA,0,NA,NA,NA,NA,NA,NA,NA,NA,NA,NA,0,1,NA,1,NA,0,NA,NA,NA,NA,NA,NA,NA,NA,NA,NA,0,0,NA,0,NA,0,NA,NA,NA,NA,NA,NA,NA,NA,NA,NA,0,11,NA,11,NA,0,NA,NA,NA,NA,NA,NA,NA,NA,NA,NA,0,1,NA,1,NA,0,NA,NA,NA,NA,NA,NA,NA,NA,NA,NA,0,4,NA,4,NA,0,NA,NA,NA,NA,NA,NA,NA,NA,NA,NA,0,1,NA,1
137847,71,53,NA,18,7,185,82,119,12,NA,209,116,768,2201,207,275,50,5,NA,5,1,56,68,10,0,NA,84,35,434,845,42,30,1,2,NA,0,0,10,1,2,1,NA,5,2,9,41,1,5,48,44,NA,13,6,127,62,81,4,NA,137,80,558,1559,153,204,3,0,NA,0,0,6,3,3,0,NA,7,5,57,100,11,2,14,2,NA,3,0,23,10,19,4,NA,44,18,81,313,31,44,2,3,NA,2,0,11,5,8,1,NA,10,4,44,116,8,14
138187,89,NA,NA,NA,NA,NA,NA,NA,NA,NA,NA,NA,502,787,NA,181,71,NA,NA,NA,NA,NA,NA,NA,NA,NA,NA,NA,184,295,NA,26,10,NA,NA,NA,NA,NA,NA,NA,NA,NA,NA,NA,17,44,NA,16,38,NA,NA,NA,NA,NA,NA,NA,NA,NA,NA,NA,145,246,NA,55,8,NA,NA,NA,NA,NA,NA,NA,NA,NA,NA,NA,25,36,NA,3,28,NA,NA,NA,NA,NA,NA,NA,NA,NA,NA,NA,295,427,NA,98,0,NA,NA,NA,NA,NA,NA,NA,NA,NA,NA,NA,8,12,NA,4
138309,75,125,NA,NA,NA,NA,NA,NA,27,57,NA,26,195,865,NA,360,51,0,NA,NA,NA,NA,NA,NA,6,1,NA,3,25,133,NA,47,9,3,NA,NA,NA,NA,NA,NA,0,4,NA,1,12,46,NA,17,39,60,NA,NA,NA,NA,NA,NA,18,25,NA,18,100,446,NA,186,0,0,NA,NA,NA,NA,NA,NA,0,0,NA,0,0,0,NA,0,19,50,NA,NA,NA,NA,NA,NA,4,22,NA,3,50,249,NA,101,7,11,NA,NA,NA,NA,NA,NA,4,2,NA,2,28,104,NA,50
138354,122,92,98,51,13,142,121,185,83,47,78,78,285,2200,88,495,97,11,79,16,3,46,59,31,27,3,30,20,152,792,33,73,7,1,5,1,1,5,3,5,0,0,0,2,5,62,4,14,74,75,67,40,7,94,70,110,50,23,49,51,183,1392,59,291,4,0,2,0,0,5,4,3,0,0,4,0,15,54,1,10,27,5,15,10,2,26,30,40,20,16,16,18,44,455,14,130,3,6,4,0,0,2,2,12,5,3,4,3,7,86,1,25
138558,NA,51,NA,11,0,39,NA,NA,NA,NA,16,NA,45,421,NA,29,NA,15,NA,2,0,12,NA,NA,NA,NA,1,NA,23,184,NA,3,NA,0,NA,0,0,0,NA,NA,NA,NA,0,NA,1,4,NA,2,NA,49,NA,7,0,32,NA,NA,NA,NA,7,NA,32,365,NA,15,NA,0,NA,0,0,0,NA,NA,NA,NA,0,NA,1,1,NA,0,NA,2,NA,4,0,4,NA,NA,NA,NA,9,NA,9,46,NA,12,NA,0,NA,0,0,2,NA,NA,NA,NA,0,NA,2,4,NA,0
138600,NA,NA,NA,19,0,32,NA,38,NA,NA,36,9,20,209,NA,14,NA,NA,NA,0,0,0,NA,0,NA,NA,0,0,0,0,NA,0,NA,NA,NA,1,0,4,NA,1,NA,NA,0,0,1,15,NA,1,NA,NA,NA,9,0,10,NA,15,NA,NA,13,6,1,70,NA,3,NA,NA,NA,1,0,0,NA,0,NA,NA,1,0,0,4,NA,0,NA,NA,NA,7,0,15,NA,21,NA,NA,19,2,18,107,NA,8,NA,NA,NA,0,0,0,NA,0,NA,NA,1,0,0,2,NA,1
138716,17,158,NA,5,NA,55,NA,47,73,6,25,17,109,680,26,105,13,39,NA,0,NA,8,NA,8,19,1,5,5,37,174,14,11,0,0,NA,0,NA,0,NA,0,0,0,0,0,0,2,0,2,1,9,NA,1,NA,2,NA,3,5,0,1,0,10,57,0,23,1,1,NA,0,NA,0,NA,0,0,0,1,0,3,6,0,0,13,143,NA,4,NA,50,NA,42,66,6,22,16,93,587,23,76,2,0,NA,0,NA,1,NA,1,0,0,1,0,3,15,2,4
138868,NA,7,NA,NA,1,9,7,2,NA,3,NA,3,16,59,NA,3,NA,3,NA,NA,1,2,3,1,NA,0,NA,1,10,27,NA,0,NA,0,NA,NA,0,0,0,0,NA,0,NA,0,1,1,NA,0,NA,5,NA,NA,0,5,3,2,NA,0,NA,2,5,27,NA,1,NA,0,NA,NA,0,0,0,0,NA,0,NA,0,0,0,NA,0,NA,2,NA,NA,1,4,4,0,NA,2,NA,1,8,26,NA,1,NA,0,NA,NA,0,0,0,0,NA,1,NA,0,2,5,NA,1
138901,NA,NA,NA,NA,NA,5,NA,NA,11,NA,NA,3,48,67,NA,NA,NA,NA,NA,NA,NA,0,NA,NA,5,NA,NA,2,16,23,NA,NA,NA,NA,NA,NA,NA,0,NA,NA,0,NA,NA,0,2,2,NA,NA,NA,NA,NA,NA,NA,0,NA,NA,1,NA,NA,0,2,3,NA,NA,NA,NA,NA,NA,NA,0,NA,NA,0,NA,NA,0,2,2,NA,NA,NA,NA,NA,NA,NA,5,NA,NA,10,NA,NA,2,41,58,NA,NA,NA,NA,NA,NA,NA,0,NA,NA,0,NA,NA,1,0,1,NA,NA
138947,14,8,NA,6,NA,27,NA,63,40,13,21,41,107,439,84,NA,8,1,NA,3,NA,1,NA,3,2,0,3,11,30,83,21,NA,0,0,NA,0,NA,0,NA,0,0,0,0,1,0,1,0,NA,0,0,NA,0,NA,0,NA,0,0,0,0,0,0,0,0,NA,1,0,NA,0,NA,0,NA,0,0,0,0,0,1,2,0,NA,12,7,NA,5,NA,24,NA,52,30,13,18,35,91,367,67,NA,1,1,NA,1,NA,3,NA,10,10,0,3,5,15,59,8,NA
139144,1,22,NA,20,NA,92,37,40,NA,NA,20,12,71,475,29,36,1,1,NA,3,NA,24,17,6,NA,NA,9,2,45,162,6,4,0,2,NA,0,NA,3,2,0,NA,NA,1,0,3,13,0,0,0,16,NA,17,NA,69,26,21,NA,NA,16,9,48,335,23,23,0,0,NA,0,NA,0,0,0,NA,NA,1,0,1,2,0,0,1,2,NA,2,NA,13,7,11,NA,NA,1,3,13,88,6,7,0,0,NA,0,NA,0,0,0,NA,NA,0,0,0,2,0,1
139199,NA,36,NA,1,6,7,6,7,NA,NA,0,37,30,190,4,54,NA,1,NA,0,0,0,0,2,NA,NA,0,2,2,11,0,4,NA,0,NA,0,1,1,0,0,NA,NA,0,2,1,9,0,4,NA,25,NA,1,2,2,4,2,NA,NA,0,15,14,93,3,23,NA,0,NA,0,0,3,0,0,NA,NA,0,1,0,5,0,1,NA,11,NA,0,2,1,2,5,NA,NA,0,17,9,73,1,25,NA,0,NA,0,0,0,0,0,NA,NA,0,1,2,4,0,1
139205,4,7,NA,1,6,3,4,5,10,NA,NA,0,24,85,NA,17,3,3,NA,0,2,1,3,2,4,NA,NA,0,20,49,NA,8,1,0,NA,0,0,0,0,0,0,NA,NA,0,2,3,NA,0,2,5,NA,0,4,3,2,3,3,NA,NA,0,11,53,NA,17,0,0,NA,1,0,0,0,0,0,NA,NA,0,1,2,NA,0,1,2,NA,0,2,0,2,1,7,NA,NA,0,9,25,NA,0,0,0,NA,0,0,0,0,1,0,NA,NA,0,0,1,NA,0
139250,NA,34,NA,NA,NA,26,NA,14,18,1,NA,NA,102,316,NA,61,NA,1,NA,NA,NA,6,NA,1,8,0,NA,NA,45,91,NA,11,NA,1,NA,NA,NA,1,NA,0,0,0,NA,NA,3,6,NA,1,NA,32,NA,NA,NA,18,NA,10,9,1,NA,NA,64,205,NA,35,NA,0,NA,NA,NA,2,NA,0,0,0,NA,NA,9,12,NA,0,NA,1,NA,NA,NA,3,NA,4,5,0,NA,NA,21,67,NA,17,NA,0,NA,NA,NA,1,NA,0,2,0,NA,NA,3,16,NA,5
139311,64,21,NA,18,69,19,10,96,19,NA,19,23,156,740,11,172,46,1,NA,3,14,3,6,13,6,NA,6,13,49,191,5,16,12,3,NA,2,2,0,0,5,0,NA,0,1,4,44,0,11,6,6,NA,6,8,2,1,10,1,NA,2,6,19,89,0,10,0,1,NA,0,0,1,0,1,0,NA,1,0,6,11,0,0,42,11,NA,10,52,15,9,73,18,NA,15,15,121,555,9,140,3,0,NA,0,5,0,0,4,0,NA,0,0,3,24,2,6
139366,69,89,5,24,3,55,27,41,47,NA,43,69,121,954,63,180,52,17,2,5,0,17,12,7,15,NA,13,30,60,339,25,28,6,3,0,1,0,5,1,1,0,NA,1,4,5,33,0,2,33,60,2,11,2,23,8,16,19,NA,13,32,62,443,30,62,0,0,0,0,0,0,1,0,0,NA,0,3,2,7,0,0,24,24,3,10,1,25,15,19,28,NA,26,26,47,412,30,100,0,0,0,0,0,0,1,3,0,NA,1,1,3,17,0,4
139393,10,10,NA,9,NA,17,11,8,NA,NA,27,16,27,169,NA,NA,7,0,NA,5,NA,11,8,3,NA,NA,7,3,19,83,NA,NA,0,0,NA,2,NA,0,0,0,NA,NA,1,0,0,3,NA,NA,8,9,NA,7,NA,17,10,8,NA,NA,24,15,23,150,NA,NA,1,0,NA,0,NA,0,0,0,NA,NA,0,0,1,5,NA,NA,0,1,NA,0,NA,0,1,0,NA,NA,1,1,2,8,NA,NA,0,0,NA,0,NA,0,0,0,NA,NA,0,0,0,0,NA,NA
139463,17,79,NA,10,NA,53,NA,32,25,15,NA,NA,181,544,18,51,11,9,NA,0,NA,14,NA,9,12,0,NA,NA,70,193,10,13,1,1,NA,1,NA,2,NA,1,0,0,NA,NA,3,11,0,2,10,60,NA,9,NA,29,NA,21,10,8,NA,NA,109,343,8,34,0,0,NA,0,NA,0,NA,1,1,0,NA,NA,3,10,2,1,6,18,NA,0,NA,22,NA,8,12,6,NA,NA,61,168,7,13,0,0,NA,0,NA,0,NA,1,1,0,NA,NA,4,8,1,1
139621,NA,NA,NA,NA,NA,0,NA,NA,0,NA,NA,NA,NA,0,NA,0,NA,NA,NA,NA,NA,0,NA,NA,0,NA,NA,NA,NA,0,NA,0,NA,NA,NA,NA,NA,0,NA,NA,0,NA,NA,NA,NA,0,NA,0,NA,NA,NA,NA,NA,0,NA,NA,0,NA,NA,NA,NA,0,NA,0,NA,NA,NA,NA,NA,0,NA,NA,0,NA,NA,NA,NA,0,NA,0,NA,NA,NA,NA,NA,0,NA,NA,0,NA,NA,NA,NA,0,NA,0,NA,NA,NA,NA,NA,0,NA,NA,0,NA,NA,NA,NA,0,NA,0
139658,73,0,NA,44,3,376,62,115,NA,0,228,62,500,2034,0,160,53,0,NA,10,2,132,11,24,NA,0,94,16,288,843,0,19,22,0,NA,3,1,150,22,21,NA,0,65,6,132,544,0,26,11,0,NA,28,1,100,20,36,NA,0,79,35,165,679,0,69,20,0,NA,5,0,38,4,14,NA,0,27,9,115,331,0,4,15,0,NA,4,1,65,11,34,NA,0,46,11,57,353,0,47,1,0,NA,2,0,7,1,2,NA,0,3,1,6,31,0,3
139700,NA,NA,NA,NA,NA,NA,NA,NA,20,NA,NA,NA,23,156,NA,111,NA,NA,NA,NA,NA,NA,NA,NA,11,NA,NA,NA,12,40,NA,17,NA,NA,NA,NA,NA,NA,NA,NA,0,NA,NA,NA,0,2,NA,2,NA,NA,NA,NA,NA,NA,NA,NA,17,NA,NA,NA,17,104,NA,68,NA,NA,NA,NA,NA,NA,NA,NA,0,NA,NA,NA,0,2,NA,2,NA,NA,NA,NA,NA,NA,NA,NA,3,NA,NA,NA,6,46,NA,37,NA,NA,NA,NA,NA,NA,NA,NA,0,NA,NA,NA,0,0,NA,0
139719,16,7,NA,NA,23,46,NA,55,37,20,9,4,54,374,8,NA,10,1,NA,NA,16,11,NA,8,15,7,3,2,25,121,4,NA,0,0,NA,NA,0,0,NA,0,0,0,0,0,0,1,0,NA,0,0,NA,NA,0,0,NA,0,1,2,1,0,0,10,0,NA,0,0,NA,NA,0,0,NA,0,0,0,0,0,0,0,0,NA,16,7,NA,NA,23,46,NA,54,36,18,7,4,51,356,8,NA,0,0,NA,NA,0,0,NA,0,0,0,0,0,0,0,0,NA
139755,1297,NA,2035,NA,NA,303,NA,39,NA,30,66,NA,392,4576,54,NA,949,NA,1337,NA,NA,96,NA,6,NA,3,35,NA,205,2840,20,NA,627,NA,472,NA,NA,123,NA,5,NA,7,17,NA,115,1443,17,NA,324,NA,920,NA,NA,106,NA,20,NA,11,27,NA,171,1789,20,NA,198,NA,232,NA,NA,4,NA,1,NA,0,7,NA,24,505,3,NA,95,NA,301,NA,NA,57,NA,10,NA,9,11,NA,60,604,10,NA,12,NA,21,NA,NA,0,NA,0,NA,1,1,NA,4,40,1,NA
139764,12,65,NA,5,3,5,10,35,17,NA,8,8,122,355,3,56,10,5,NA,1,2,1,3,6,6,NA,4,2,46,97,1,6,0,0,NA,0,0,0,0,0,0,NA,0,0,3,4,0,1,8,49,NA,3,2,4,3,14,8,NA,7,5,91,231,1,33,1,0,NA,0,0,0,0,0,0,NA,0,0,3,4,0,0,3,14,NA,1,1,1,6,18,9,NA,1,2,22,100,2,17,0,0,NA,0,0,0,0,0,0,NA,0,0,2,2,0,0
139861,80,67,NA,31,4,62,54,92,25,NA,31,31,307,1119,65,203,62,4,NA,6,2,13,13,14,6,NA,12,3,159,355,19,14,0,2,NA,0,0,3,0,2,0,NA,0,1,3,13,1,0,64,59,NA,26,3,48,43,72,19,NA,24,25,272,932,56,168,0,0,NA,0,0,0,1,1,0,NA,0,0,2,5,0,0,8,5,NA,3,0,8,4,11,3,NA,4,4,21,115,6,28,2,0,NA,0,0,0,0,0,0,NA,1,0,2,6,0,1
139931,178,310,267,47,134,207,266,261,0,NA,239,128,695,3819,114,660,139,44,232,14,59,52,119,41,0,NA,72,22,382,1458,48,83,4,1,5,1,2,9,5,4,0,NA,6,1,15,75,0,20,86,210,179,29,76,114,169,152,0,NA,122,79,474,2336,69,370,8,2,8,1,1,1,3,1,0,NA,2,1,12,49,0,6,70,82,59,13,45,76,79,92,0,NA,91,43,159,1161,40,229,3,2,1,0,0,0,1,3,0,NA,2,0,8,37,1,9
139940,685,217,NA,74,NA,415,NA,438,143,103,395,392,1008,5162,134,350,474,55,NA,15,NA,118,NA,77,39,16,140,174,478,1949,36,51,214,25,NA,4,NA,86,NA,40,13,6,29,24,186,773,6,73,90,36,NA,33,NA,53,NA,101,28,26,86,115,205,1090,29,70,56,3,NA,0,NA,56,NA,5,2,0,11,6,54,223,0,9,294,136,NA,29,NA,200,NA,259,89,64,242,218,513,2762,90,180,4,0,NA,1,NA,3,NA,1,0,0,1,2,5,29,2,4
139959,280,246,435,94,13,863,281,578,72,41,611,242,2331,8288,698,223,214,35,321,20,4,287,142,101,18,3,224,61,1267,3348,180,17,95,9,44,6,3,189,15,64,4,2,55,16,248,897,28,28,113,206,299,69,8,477,226,364,48,20,404,176,1664,5672,520,149,10,2,4,0,0,12,2,7,0,0,6,0,21,81,5,0,47,23,64,12,2,127,25,114,16,12,103,34,282,1192,103,41,3,0,4,0,0,9,3,6,1,0,7,3,25,84,7,1
139968,NA,55,NA,3,NA,19,NA,NA,1,29,NA,NA,50,234,NA,63,NA,4,NA,0,NA,5,NA,NA,0,3,NA,NA,20,47,NA,7,NA,0,NA,0,NA,2,NA,NA,0,0,NA,NA,0,2,NA,0,NA,42,NA,3,NA,9,NA,NA,0,17,NA,NA,26,149,NA,44,NA,0,NA,0,NA,1,NA,NA,0,0,NA,NA,0,1,NA,0,NA,13,NA,0,NA,7,NA,NA,1,12,NA,NA,18,74,NA,17,NA,0,NA,0,NA,0,NA,NA,0,0,NA,NA,1,2,NA,1
140252,8,NA,NA,NA,41,72,NA,25,NA,NA,0,NA,43,198,NA,3,4,NA,NA,NA,20,39,NA,19,NA,NA,0,NA,30,114,NA,0,0,NA,NA,NA,3,4,NA,1,NA,NA,0,NA,0,8,NA,0,2,NA,NA,NA,11,29,NA,6,NA,NA,0,NA,12,63,NA,0,3,NA,NA,NA,5,16,NA,2,NA,NA,0,NA,13,40,NA,1,2,NA,NA,NA,14,21,NA,13,NA,NA,0,NA,17,72,NA,2,1,NA,NA,NA,8,2,NA,3,NA,NA,0,NA,1,15,NA,0
140447,35,91,112,18,10,122,25,84,19,17,46,12,210,1173,45,249,23,8,80,4,4,28,11,11,10,3,23,4,93,376,18,28,6,2,14,0,0,25,1,2,0,1,1,0,13,103,1,30,14,39,64,14,5,56,16,34,7,5,25,7,99,542,20,95,0,1,2,1,1,3,0,1,0,0,1,0,9,25,3,1,11,44,20,3,4,32,7,41,11,11,14,3,79,428,19,107,2,2,2,0,0,3,1,4,1,0,3,2,4,32,1,5
140553,9,3,8,6,NA,40,24,33,NA,NA,53,28,150,410,23,NA,9,3,8,6,NA,40,24,33,NA,NA,53,28,150,410,23,NA,0,0,0,0,NA,0,0,0,NA,NA,0,0,0,0,0,NA,0,0,0,0,NA,0,0,0,NA,NA,0,0,0,0,0,NA,0,0,1,0,NA,0,0,0,NA,NA,1,0,0,2,0,NA,9,3,7,6,NA,40,24,33,NA,NA,51,28,150,407,23,NA,0,0,0,0,NA,0,0,0,NA,NA,0,0,0,0,0,NA
140696,NA,NA,6,6,3,40,NA,27,NA,0,34,37,65,278,15,NA,NA,NA,6,2,1,14,NA,2,NA,0,9,8,37,95,4,NA,NA,NA,0,1,0,2,NA,2,NA,0,1,3,1,13,1,NA,NA,NA,4,3,1,7,NA,12,NA,0,11,19,26,111,6,NA,NA,NA,1,0,0,0,NA,1,NA,0,1,1,1,6,0,NA,NA,NA,1,2,2,25,NA,9,NA,0,19,11,34,125,8,NA,NA,NA,0,0,0,3,NA,2,NA,0,1,2,0,12,0,NA
140818,1,75,4,1,3,11,8,11,16,NA,3,10,43,291,14,82,1,3,3,0,3,4,2,2,7,NA,2,3,28,81,10,11,0,2,0,0,0,1,0,0,0,NA,0,0,1,7,0,3,0,51,3,0,2,6,7,10,12,NA,2,7,32,205,9,56,0,0,0,0,0,0,0,0,0,NA,0,0,0,0,0,0,1,17,1,1,1,2,1,0,4,NA,1,3,7,60,3,17,0,3,0,0,0,1,0,1,0,NA,0,0,2,14,2,5
140872,NA,25,NA,5,0,15,17,10,13,NA,3,16,64,219,7,36,NA,9,NA,2,0,8,16,3,10,NA,2,3,39,102,3,2,NA,0,NA,0,0,0,0,0,0,NA,0,0,2,2,0,0,NA,22,NA,3,0,10,6,6,7,NA,1,13,40,140,6,21,NA,0,NA,0,0,0,2,1,1,NA,0,0,5,9,0,0,NA,3,NA,1,0,5,7,3,4,NA,2,2,12,50,1,9,NA,0,NA,0,0,0,1,0,1,NA,0,0,4,14,0,6
140951,NA,NA,67,29,NA,NA,NA,NA,NA,NA,NA,1182,100,2620,327,NA,NA,NA,33,5,NA,NA,NA,NA,NA,NA,NA,356,11,752,72,NA,NA,NA,4,0,NA,NA,NA,NA,NA,NA,NA,79,6,175,29,NA,NA,NA,37,22,NA,NA,NA,NA,NA,NA,NA,664,51,1406,171,NA,NA,NA,18,2,NA,NA,NA,NA,NA,NA,NA,155,20,458,61,NA,NA,NA,6,2,NA,NA,NA,NA,NA,NA,NA,197,17,417,53,NA,NA,NA,2,3,NA,NA,NA,NA,NA,NA,NA,87,6,158,10,NA
140960,15,16,NA,3,NA,69,NA,12,39,15,22,8,101,385,30,NA,10,1,NA,1,NA,11,NA,5,13,0,7,3,39,138,13,NA,0,0,NA,0,NA,0,NA,0,0,0,0,0,0,0,0,NA,0,1,NA,1,NA,2,NA,0,1,1,0,0,7,16,0,NA,1,0,NA,0,NA,0,NA,0,0,0,0,0,2,7,1,NA,14,15,NA,2,NA,60,NA,12,36,13,22,8,87,344,28,NA,0,0,NA,0,NA,2,NA,0,1,0,0,0,3,8,1,NA
140988,1,41,NA,1,2,13,29,12,15,8,1,6,71,264,7,26,1,7,NA,0,2,2,25,2,7,1,1,1,34,102,6,2,0,0,NA,0,0,2,0,0,0,1,0,0,4,8,0,1,1,34,NA,1,1,10,15,10,7,3,1,4,41,174,2,17,0,0,NA,0,0,0,2,1,0,0,0,0,3,8,2,0,0,7,NA,0,0,1,9,1,7,4,0,2,20,64,3,8,0,0,NA,0,0,0,0,0,0,0,0,0,3,4,0,0
141060,13,14,0,22,NA,69,NA,89,NA,1,113,25,NA,481,NA,48,0,0,0,0,NA,0,NA,0,NA,0,0,0,NA,0,NA,0,0,0,0,0,NA,0,NA,0,NA,0,1,0,NA,1,NA,0,0,0,0,0,NA,0,NA,0,NA,0,1,0,NA,2,NA,0,0,0,0,0,NA,0,NA,0,NA,0,0,0,NA,1,NA,0,13,14,0,22,NA,69,NA,89,NA,1,111,25,NA,477,NA,48,0,0,0,0,NA,0,NA,0,NA,0,0,0,NA,0,NA,0
141167,NA,13,NA,NA,1,8,15,9,32,19,NA,1,24,159,2,31,NA,1,NA,NA,0,2,8,3,17,4,NA,0,18,61,1,5,NA,0,NA,NA,0,1,0,0,0,0,NA,0,0,2,0,1,NA,7,NA,NA,0,3,6,3,5,6,NA,0,13,58,1,13,NA,0,NA,NA,0,0,0,0,0,0,NA,0,0,0,0,0,NA,3,NA,NA,1,2,7,4,20,6,NA,1,7,64,0,12,NA,3,NA,NA,0,2,2,2,7,7,NA,0,4,35,1,5
141185,NA,8,NA,0,8,5,7,22,0,NA,NA,0,19,126,10,7,NA,0,NA,0,2,3,5,1,0,NA,NA,0,13,55,3,3,NA,1,NA,0,0,0,0,0,0,NA,NA,0,1,8,1,3,NA,7,NA,0,8,5,5,15,0,NA,NA,0,14,100,8,3,NA,0,NA,0,0,0,0,0,0,NA,NA,0,0,0,0,0,NA,0,NA,0,0,0,2,4,0,NA,NA,0,3,13,0,1,NA,0,NA,0,0,0,0,0,0,NA,NA,0,1,1,0,0
141237,NA,15,NA,0,1,7,8,19,8,NA,NA,NA,54,139,2,12,NA,2,NA,0,1,2,4,3,4,NA,NA,NA,31,60,0,4,NA,0,NA,0,0,0,0,0,0,NA,NA,NA,1,1,0,0,NA,13,NA,0,1,6,4,14,4,NA,NA,NA,40,99,1,7,NA,0,NA,0,0,0,0,0,0,NA,NA,NA,3,4,0,1,NA,2,NA,0,0,0,3,5,2,NA,NA,NA,5,22,1,1,NA,0,NA,0,0,1,1,0,2,NA,NA,NA,5,13,0,3
141264,52,137,NA,9,102,61,23,109,65,NA,43,74,346,1423,67,252,45,18,NA,0,38,12,9,14,15,NA,13,27,143,428,29,26,3,0,NA,0,0,2,0,1,0,NA,0,1,5,19,0,7,27,87,NA,6,39,19,14,57,23,NA,14,41,174,685,29,113,0,0,NA,0,1,1,2,1,0,NA,0,1,7,16,0,2,17,47,NA,3,58,37,7,43,40,NA,25,25,146,633,37,113,0,1,NA,0,0,0,0,1,0,NA,0,0,2,7,1,1
141334,17,135,NA,40,NA,81,48,172,NA,NA,198,83,358,1585,69,249,13,19,NA,10,NA,21,42,27,NA,NA,60,26,175,498,19,30,0,1,NA,0,NA,2,0,2,NA,NA,1,0,4,13,0,3,10,88,NA,26,NA,39,11,68,NA,NA,84,42,182,774,34,122,0,0,NA,0,NA,0,0,2,NA,NA,3,0,3,14,1,1,6,41,NA,12,NA,35,35,90,NA,NA,93,37,153,698,32,108,0,0,NA,2,NA,2,1,2,NA,NA,5,0,6,26,0,5
141361,NA,15,NA,6,NA,22,14,11,NA,4,1,17,41,160,10,NA,NA,2,NA,2,NA,5,5,1,NA,1,1,4,33,60,1,NA,NA,0,NA,0,NA,1,0,0,NA,0,0,0,0,1,0,NA,NA,11,NA,5,NA,15,11,5,NA,3,1,12,26,109,7,NA,NA,0,NA,1,NA,0,1,1,NA,1,0,2,5,13,0,NA,NA,2,NA,0,NA,5,2,4,NA,0,0,2,3,24,3,NA,NA,2,NA,0,NA,1,0,0,NA,0,0,0,6,10,0,NA
141486,0,31,NA,0,0,17,NA,27,32,NA,0,3,29,262,5,105,0,7,NA,0,0,2,NA,8,11,NA,0,0,12,60,0,15,0,5,NA,0,0,3,NA,7,7,NA,0,0,2,85,1,59,0,3,NA,0,0,2,NA,3,5,NA,0,1,9,31,0,6,0,0,NA,0,0,0,NA,0,0,NA,0,0,0,0,0,0,0,7,NA,0,0,0,NA,6,5,NA,0,0,8,42,0,14,0,14,NA,0,0,7,NA,7,10,NA,0,2,6,65,2,12
141565,10,NA,NA,11,1,72,33,47,22,NA,39,9,75,542,27,77,9,NA,NA,1,0,18,18,8,8,NA,5,2,39,192,13,17,5,NA,NA,0,0,7,8,5,3,NA,3,0,9,91,1,32,2,NA,NA,4,1,27,4,11,1,NA,10,3,12,117,5,8,0,NA,NA,0,0,0,1,1,0,NA,1,1,4,14,3,0,0,NA,NA,3,0,8,3,9,5,NA,9,2,14,89,9,3,0,NA,NA,0,0,2,1,1,7,NA,3,0,5,29,1,1
141574,80,131,228,57,83,252,114,224,NA,50,235,90,624,3052,125,202,60,28,180,15,24,91,43,42,NA,6,92,19,286,1157,42,42,52,48,132,10,11,84,32,68,NA,11,54,32,274,1081,20,89,6,23,19,17,36,62,23,39,NA,9,56,23,86,578,34,31,2,3,4,1,3,13,2,12,NA,1,15,2,41,122,5,2,7,17,20,14,13,35,17,41,NA,11,34,6,66,419,25,25,0,3,4,0,3,5,5,7,NA,6,14,3,12,80,5,2
141644,18,20,5,4,NA,62,NA,29,21,11,1,18,75,445,4,125,12,4,2,0,NA,15,NA,4,6,3,0,7,37,129,0,17,4,1,2,1,NA,9,NA,4,2,1,0,4,12,102,1,55,3,5,2,1,NA,22,NA,6,7,2,1,8,21,119,1,19,0,2,0,0,NA,6,NA,2,2,0,0,0,12,29,0,1,6,4,0,2,NA,10,NA,7,5,5,0,4,16,90,2,18,2,0,0,0,NA,1,NA,1,0,2,0,0,2,13,0,3
141839,NA,NA,NA,NA,NA,NA,NA,NA,NA,NA,NA,NA,11,12,NA,NA,NA,NA,NA,NA,NA,NA,NA,NA,NA,NA,NA,NA,9,10,NA,NA,NA,NA,NA,NA,NA,NA,NA,NA,NA,NA,NA,NA,1,1,NA,NA,NA,NA,NA,NA,NA,NA,NA,NA,NA,NA,NA,NA,3,4,NA,NA,NA,NA,NA,NA,NA,NA,NA,NA,NA,NA,NA,NA,0,0,NA,NA,NA,NA,NA,NA,NA,NA,NA,NA,NA,NA,NA,NA,2,2,NA,NA,NA,NA,NA,NA,NA,NA,NA,NA,NA,NA,NA,NA,0,0,NA,NA
141981,NA,36,NA,NA,26,NA,NA,NA,9,92,100,NA,210,610,NA,NA,NA,4,NA,NA,9,NA,NA,NA,7,22,11,NA,65,188,NA,NA,NA,17,NA,NA,8,NA,NA,NA,3,27,25,NA,74,207,NA,NA,NA,2,NA,NA,1,NA,NA,NA,1,7,15,NA,31,65,NA,NA,NA,0,NA,NA,0,NA,NA,NA,0,0,0,NA,2,4,NA,NA,NA,6,NA,NA,6,NA,NA,NA,3,18,19,NA,27,105,NA,NA,NA,0,NA,NA,0,NA,NA,NA,0,5,9,NA,10,25,NA,NA
142115,132,203,202,58,0,251,0,186,182,54,135,159,862,3985,224,891,114,31,152,18,0,88,0,42,92,10,64,77,498,1643,79,170,8,3,6,0,0,5,0,0,7,1,6,8,16,134,5,65,86,171,151,40,0,183,0,145,122,39,96,120,637,2902,171,594,3,0,2,0,0,5,0,1,0,0,3,1,14,34,1,1,26,21,27,11,0,37,0,26,42,13,21,18,132,622,32,163,2,0,1,2,0,1,0,6,4,0,3,3,27,88,3,22
142276,32,110,33,16,78,52,NA,96,30,22,76,38,131,1185,22,367,30,29,26,9,30,21,NA,14,22,3,21,9,64,406,8,81,1,2,1,0,1,0,NA,1,0,0,0,1,3,21,1,9,24,84,26,13,58,41,NA,71,21,18,60,31,86,880,13,282,4,5,1,0,1,0,NA,1,0,0,2,0,6,25,1,3,2,12,5,2,9,9,NA,12,6,4,10,4,23,171,4,53,1,3,0,1,4,1,NA,7,2,0,3,1,4,47,1,12
142285,52,92,131,20,35,98,15,107,NA,NA,137,65,189,1493,67,39,42,17,100,4,18,36,4,23,NA,NA,47,30,120,672,19,14,1,2,4,0,0,2,0,5,NA,NA,2,0,3,29,2,3,38,80,97,19,21,73,8,73,NA,NA,98,57,145,1148,54,29,8,0,13,1,0,2,0,2,NA,NA,0,0,7,38,0,2,3,7,12,0,9,9,5,21,NA,NA,24,8,26,181,7,1,0,1,0,0,1,3,1,1,NA,NA,4,0,2,29,2,4
142294,6,8,NA,5,NA,56,NA,38,NA,NA,12,5,59,219,1,0,5,1,NA,4,NA,29,NA,12,NA,NA,9,1,42,119,1,0,1,0,NA,0,NA,1,NA,2,NA,NA,1,0,1,6,0,0,4,4,NA,4,NA,39,NA,19,NA,NA,5,4,36,135,0,0,1,0,NA,0,NA,3,NA,7,NA,NA,1,1,16,36,1,0,0,4,NA,1,NA,6,NA,8,NA,NA,3,0,4,27,0,0,0,0,NA,0,NA,1,NA,0,NA,NA,1,0,1,3,0,0
142328,19,57,NA,1,27,10,18,17,13,43,6,NA,87,541,9,211,14,10,NA,0,10,4,7,7,7,6,1,NA,45,149,5,28,0,0,NA,0,0,0,0,0,0,0,0,NA,0,4,0,3,13,45,NA,1,20,8,12,11,10,35,4,NA,75,419,4,166,1,0,NA,0,0,0,2,1,1,0,0,NA,2,9,1,1,1,9,NA,0,3,1,1,3,2,2,0,NA,6,58,2,25,1,2,NA,0,2,0,1,1,0,4,0,NA,2,26,1,11
142461,11,21,12,3,10,28,8,4,5,24,7,20,39,266,8,51,10,4,10,0,7,14,3,2,3,4,2,6,25,111,3,9,0,0,0,0,0,0,0,0,0,0,0,0,0,1,0,1,10,19,12,3,6,23,5,4,5,17,5,17,29,213,7,38,0,0,0,0,0,0,0,0,0,0,0,0,2,3,0,1,0,1,0,0,2,4,3,0,0,6,1,3,4,32,0,7,0,0,0,0,1,1,0,0,0,0,0,0,1,5,0,2
142522,612,304,195,81,74,448,32,214,NA,90,82,219,1050,5990,141,516,461,47,177,24,11,266,9,76,NA,24,47,49,626,2576,53,123,9,7,3,0,0,9,0,3,NA,0,4,3,23,103,0,9,393,246,139,69,52,338,29,165,NA,78,52,176,721,4423,105,355,54,9,15,0,0,14,0,4,NA,2,2,7,32,202,3,17,136,36,32,7,14,66,3,34,NA,8,19,24,212,979,29,107,11,2,2,1,7,9,0,3,NA,1,1,5,36,154,2,12
142559,NA,NA,NA,NA,NA,NA,NA,NA,NA,NA,NA,NA,6,6,NA,NA,NA,NA,NA,NA,NA,NA,NA,NA,NA,NA,NA,NA,3,3,NA,NA,NA,NA,NA,NA,NA,NA,NA,NA,NA,NA,NA,NA,0,0,NA,NA,NA,NA,NA,NA,NA,NA,NA,NA,NA,NA,NA,NA,6,6,NA,NA,NA,NA,NA,NA,NA,NA,NA,NA,NA,NA,NA,NA,0,0,NA,NA,NA,NA,NA,NA,NA,NA,NA,NA,NA,NA,NA,NA,0,0,NA,NA,NA,NA,NA,NA,NA,NA,NA,NA,NA,NA,NA,NA,0,0,NA,NA
142832,NA,NA,NA,NA,NA,NA,NA,0,NA,NA,NA,NA,NA,0,NA,NA,NA,NA,NA,NA,NA,NA,NA,0,NA,NA,NA,NA,NA,0,NA,NA,NA,NA,NA,NA,NA,NA,NA,0,NA,NA,NA,NA,NA,0,NA,NA,NA,NA,NA,NA,NA,NA,NA,0,NA,NA,NA,NA,NA,0,NA,NA,NA,NA,NA,NA,NA,NA,NA,0,NA,NA,NA,NA,NA,0,NA,NA,NA,NA,NA,NA,NA,NA,NA,0,NA,NA,NA,NA,NA,0,NA,NA,NA,NA,NA,NA,NA,NA,NA,0,NA,NA,NA,NA,NA,0,NA,NA
143048,NA,NA,NA,9,NA,NA,NA,NA,NA,NA,NA,707,NA,716,NA,NA,NA,NA,NA,2,NA,NA,NA,NA,NA,NA,NA,206,NA,208,NA,NA,NA,NA,NA,1,NA,NA,NA,NA,NA,NA,NA,81,NA,82,NA,NA,NA,NA,NA,4,NA,NA,NA,NA,NA,NA,NA,259,NA,263,NA,NA,NA,NA,NA,0,NA,NA,NA,NA,NA,NA,NA,210,NA,210,NA,NA,NA,NA,NA,4,NA,NA,NA,NA,NA,NA,NA,104,NA,108,NA,NA,NA,NA,NA,0,NA,NA,NA,NA,NA,NA,NA,28,NA,28,NA,NA
143084,14,47,10,14,0,88,NA,46,NA,NA,30,17,106,464,13,35,10,11,7,4,0,34,NA,17,NA,NA,12,6,72,206,5,5,0,0,0,0,0,1,NA,2,NA,NA,1,1,1,8,0,2,5,41,4,13,0,59,NA,34,NA,NA,19,13,71,322,8,25,9,0,2,0,0,4,NA,0,NA,NA,3,2,14,46,1,2,0,6,4,1,0,19,NA,7,NA,NA,5,1,16,72,4,5,0,0,0,0,0,2,NA,0,NA,NA,1,0,0,4,0,0
143118,34,65,0,11,22,21,64,89,60,192,16,22,307,1248,19,286,29,12,0,5,5,4,44,15,19,18,6,12,172,411,8,46,3,2,0,1,0,1,1,4,0,1,1,0,9,44,1,19,12,30,0,4,10,11,39,40,23,104,7,13,115,555,10,114,0,0,0,0,0,0,0,0,0,0,0,0,6,10,0,4,15,28,0,5,9,7,22,36,34,78,7,7,154,551,7,127,3,4,0,0,2,1,1,6,2,5,0,2,21,66,1,18
143358,108,47,158,18,2,41,NA,46,15,14,26,36,131,915,61,145,92,11,128,4,1,15,NA,11,4,1,14,11,78,454,28,22,6,2,10,0,0,1,NA,1,0,1,1,1,5,47,2,15,79,35,119,11,1,27,NA,28,8,11,18,22,94,649,40,110,3,1,4,0,0,1,NA,2,0,0,1,1,6,23,2,0,16,7,17,6,0,9,NA,10,6,1,6,11,20,148,13,14,1,0,4,1,1,1,NA,2,1,1,0,1,4,23,2,2
143978,NA,NA,NA,NA,NA,NA,NA,15,NA,NA,NA,NA,NA,15,NA,NA,NA,NA,NA,NA,NA,NA,NA,2,NA,NA,NA,NA,NA,2,NA,NA,NA,NA,NA,NA,NA,NA,NA,0,NA,NA,NA,NA,NA,0,NA,NA,NA,NA,NA,NA,NA,NA,NA,5,NA,NA,NA,NA,NA,5,NA,NA,NA,NA,NA,NA,NA,NA,NA,0,NA,NA,NA,NA,NA,0,NA,NA,NA,NA,NA,NA,NA,NA,NA,8,NA,NA,NA,NA,NA,8,NA,NA,NA,NA,NA,NA,NA,NA,NA,1,NA,NA,NA,NA,NA,1,NA,NA
144005,2,15,NA,2,23,12,3,42,16,NA,10,6,27,204,7,23,2,1,NA,0,6,1,2,9,3,NA,2,2,10,49,1,4,0,0,NA,0,0,0,0,0,0,NA,0,0,0,0,0,0,0,0,NA,0,1,0,0,2,1,NA,1,0,0,7,0,0,0,0,NA,0,1,0,0,3,0,NA,0,1,9,17,0,1,2,12,NA,2,20,10,2,35,15,NA,9,5,16,162,7,17,0,3,NA,0,1,1,1,2,0,NA,0,0,1,13,0,4
144050,178,NA,52,60,16,189,NA,74,NA,71,724,41,NA,1926,16,0,136,NA,32,18,6,72,NA,17,NA,16,406,12,NA,1018,6,0,61,NA,9,7,2,56,NA,16,NA,13,167,6,NA,439,2,0,46,NA,19,27,11,46,NA,22,NA,24,222,17,NA,640,8,0,31,NA,6,4,0,16,NA,6,NA,5,156,5,NA,311,1,0,27,NA,10,16,0,51,NA,25,NA,22,126,8,NA,369,4,0,4,NA,1,1,1,3,NA,0,NA,1,16,0,NA,39,1,0
144281,8,0,NA,41,2,NA,0,NA,NA,NA,NA,900,33,1289,103,NA,6,0,NA,10,0,NA,0,NA,NA,NA,NA,322,12,478,24,NA,1,0,NA,1,0,NA,0,NA,NA,NA,NA,36,1,49,2,NA,3,0,NA,19,0,NA,0,NA,NA,NA,NA,471,6,636,39,NA,1,0,NA,0,0,NA,0,NA,NA,NA,NA,37,2,48,1,NA,2,0,NA,21,1,NA,0,NA,NA,NA,NA,317,22,488,51,NA,1,0,NA,0,1,NA,0,NA,NA,NA,NA,10,0,17,1,NA
144351,4,46,NA,5,0,7,89,17,NA,6,4,6,43,291,12,33,3,12,NA,1,0,5,45,3,NA,0,1,4,22,114,5,7,0,0,NA,0,0,0,2,1,NA,0,0,0,1,10,0,5,1,31,NA,4,0,1,45,5,NA,1,2,4,11,133,3,14,0,0,NA,0,0,0,0,0,NA,0,0,0,0,3,1,1,3,13,NA,1,0,6,36,10,NA,5,2,2,29,131,8,11,0,0,NA,0,0,0,3,0,NA,0,0,0,0,4,0,1
144740,339,91,1,54,26,86,11,183,NA,1,239,483,935,3053,236,147,272,16,0,14,12,27,6,30,NA,0,83,245,524,1408,65,25,89,10,0,3,2,13,2,17,NA,0,16,31,174,416,10,24,145,50,0,30,10,37,3,111,NA,0,124,317,423,1564,139,56,7,0,0,0,0,0,0,2,NA,0,1,6,23,50,5,2,71,27,1,15,13,33,5,47,NA,1,80,85,252,807,67,56,14,2,0,1,1,0,0,3,NA,0,7,12,20,68,3,1
144892,28,133,7,24,88,56,89,95,33,NA,42,35,139,1101,101,89,20,16,4,4,42,15,54,19,13,NA,14,11,70,399,52,5,1,2,0,0,0,2,3,2,0,NA,1,1,5,20,1,1,12,92,3,19,47,32,52,53,16,NA,25,26,70,656,60,62,5,1,1,0,1,1,3,2,0,NA,0,1,2,22,1,0,8,30,2,3,30,16,25,26,14,NA,12,5,36,283,28,12,2,4,1,2,10,3,1,7,1,NA,2,1,19,80,7,11
144962,29,76,NA,27,3,38,33,83,23,NA,24,49,152,747,2,166,20,17,NA,8,0,7,15,15,8,NA,13,19,92,255,1,14,7,5,NA,1,0,6,1,5,0,NA,2,3,4,62,0,23,14,52,NA,18,1,18,21,53,8,NA,12,34,98,409,2,54,1,0,NA,0,0,2,0,1,0,NA,1,0,4,11,0,1,6,19,NA,6,2,8,8,21,15,NA,9,11,40,186,0,32,0,0,NA,1,0,3,0,1,0,NA,0,0,2,61,0,54
145336,61,39,NA,13,79,20,NA,76,36,24,18,4,110,566,12,70,54,5,NA,5,24,4,NA,21,11,4,8,2,53,209,5,11,2,0,NA,1,1,3,NA,1,0,1,0,0,3,15,0,3,24,21,NA,10,22,8,NA,33,6,2,7,2,40,204,6,22,7,2,NA,0,3,0,NA,2,2,1,0,0,13,31,0,1,26,13,NA,1,45,8,NA,34,26,20,9,2,47,271,5,34,0,1,NA,0,4,1,NA,4,0,0,1,0,6,23,1,3
145372,NA,33,2,2,3,11,23,8,11,1,NA,13,33,158,NA,NA,NA,10,2,0,0,6,16,3,8,0,NA,7,19,83,NA,NA,NA,0,0,0,0,0,0,0,0,0,NA,0,0,1,NA,NA,NA,23,0,2,2,8,11,6,9,1,NA,7,19,95,NA,NA,NA,1,1,0,0,3,1,0,0,0,NA,4,4,21,NA,NA,NA,7,1,0,1,0,10,2,2,0,NA,1,9,36,NA,NA,NA,0,0,0,0,0,0,0,0,0,NA,1,1,2,NA,NA
145600,500,179,531,64,5,537,134,478,125,27,204,143,900,5069,92,747,387,47,389,16,1,204,71,114,54,10,91,63,483,2298,26,151,201,17,110,8,1,172,38,74,11,2,21,14,189,1093,5,169,120,56,175,24,1,174,33,119,22,8,61,43,228,1429,23,222,67,2,54,0,0,29,2,21,3,0,7,10,95,343,2,22,92,98,174,30,3,141,55,240,87,15,99,64,352,1975,55,291,12,2,8,0,0,6,1,9,0,0,4,4,12,87,4,20
145619,10,10,7,2,2,88,12,42,10,NA,19,5,129,410,11,45,9,0,5,1,0,34,7,10,6,NA,9,4,87,190,6,5,4,1,0,0,0,35,0,13,1,NA,2,0,11,71,1,0,3,7,6,2,2,33,9,11,1,NA,10,1,72,195,8,20,1,0,0,0,0,1,0,1,0,NA,0,1,4,8,0,0,2,1,1,0,0,16,2,16,6,NA,5,3,32,111,1,23,0,1,0,0,0,3,0,1,1,NA,2,0,6,17,0,1
145637,669,254,1857,112,5,514,271,601,NA,73,602,193,830,8587,454,364,447,38,1431,27,5,206,150,160,NA,5,329,82,481,4591,179,59,332,24,505,9,1,137,40,109,NA,4,100,28,203,1923,39,68,113,154,643,61,1,231,136,252,NA,32,242,94,389,3511,242,151,127,3,435,1,2,17,5,57,NA,0,98,9,81,1165,22,1,71,65,195,36,1,104,67,151,NA,34,144,57,130,1638,137,133,10,0,16,0,0,1,4,4,NA,1,6,0,6,66,0,2
145646,14,9,NA,11,NA,36,12,32,NA,NA,24,38,80,341,NA,37,11,3,NA,2,NA,10,6,5,NA,NA,12,18,62,163,NA,3,1,0,NA,0,NA,3,1,1,NA,NA,0,1,2,16,NA,5,9,9,NA,6,NA,26,8,22,NA,NA,17,29,69,252,NA,25,3,0,NA,2,NA,1,0,2,NA,NA,0,0,1,11,NA,0,1,0,NA,2,NA,5,3,7,NA,NA,4,4,4,46,NA,6,0,0,NA,0,NA,0,0,0,NA,NA,1,0,1,2,NA,0
145725,163,NA,244,NA,2,18,NA,14,NA,NA,2,NA,13,593,1,1,135,NA,183,NA,0,7,NA,4,NA,NA,0,NA,8,421,0,0,29,NA,38,NA,0,4,NA,4,NA,NA,0,NA,1,94,0,0,56,NA,112,NA,0,9,NA,5,NA,NA,0,NA,4,242,0,0,33,NA,31,NA,1,0,NA,1,NA,NA,1,NA,2,93,1,1,34,NA,49,NA,1,3,NA,4,NA,NA,0,NA,4,125,0,0,5,NA,5,NA,0,1,NA,0,NA,NA,0,NA,0,14,0,0
145813,247,818,NA,95,121,135,148,177,156,50,199,218,973,4512,258,407,212,130,NA,29,58,40,69,36,69,3,95,61,631,1869,119,63,14,12,NA,4,3,10,1,3,4,1,2,2,30,123,4,18,181,679,NA,69,75,92,106,125,90,36,133,166,715,3343,190,297,3,0,NA,0,1,1,3,0,1,0,2,2,11,30,3,1,41,102,NA,18,34,27,32,44,50,10,48,42,158,817,52,72,1,4,NA,0,0,0,0,0,0,0,1,0,28,38,1,1
146427,25,24,NA,20,5,24,NA,15,NA,1,24,18,24,225,1,NA,15,4,NA,5,2,10,NA,3,NA,0,8,7,14,80,0,NA,0,0,NA,0,0,2,NA,2,NA,0,1,0,0,7,0,NA,9,11,NA,14,2,12,NA,5,NA,0,15,13,12,127,1,NA,14,1,NA,1,0,7,NA,5,NA,0,4,0,0,36,0,NA,2,9,NA,3,2,1,NA,1,NA,0,4,2,8,34,0,NA,0,2,NA,1,0,0,NA,0,NA,1,0,1,1,7,0,NA
146481,17,5,NA,19,9,68,NA,37,NA,NA,65,21,77,417,28,NA,12,0,NA,6,0,14,NA,7,NA,NA,27,6,37,147,7,NA,5,0,NA,0,0,4,NA,4,NA,NA,5,2,4,28,0,NA,5,1,NA,12,0,21,NA,11,NA,NA,32,10,39,183,18,NA,5,0,NA,1,1,16,NA,7,NA,NA,13,2,5,64,4,NA,2,3,NA,5,4,20,NA,11,NA,NA,11,4,19,95,3,NA,0,0,NA,1,3,3,NA,4,NA,NA,4,3,5,30,2,NA
146612,138,87,7,6,5,37,32,54,98,14,8,13,164,950,13,103,111,11,7,2,1,17,20,10,37,2,3,2,79,441,4,8,39,2,0,0,0,6,0,1,6,0,0,2,10,90,0,11,61,64,4,4,4,20,18,34,48,10,2,4,102,556,6,64,1,0,0,0,0,0,5,1,0,0,1,0,7,19,0,1,28,19,1,2,1,10,9,16,38,3,4,6,42,245,7,23,6,1,0,0,0,1,0,1,3,0,1,0,1,16,0,1
146719,57,49,24,57,5,413,21,241,89,46,216,56,448,2509,171,374,34,7,11,12,1,143,2,31,20,3,70,10,224,747,49,53,14,2,7,1,0,104,4,23,3,0,19,4,40,317,7,72,21,30,11,37,1,201,15,124,48,5,123,40,244,1346,118,179,2,0,1,0,2,6,0,4,2,0,1,0,28,61,7,3,18,12,4,15,2,80,2,65,32,2,52,8,105,564,28,97,0,0,0,1,0,8,0,9,1,38,2,1,5,82,2,4
147013,14,24,NA,5,1,11,37,18,NA,NA,25,5,113,356,6,72,12,4,NA,2,1,3,27,2,NA,NA,10,2,72,151,3,4,3,0,NA,0,0,0,1,0,NA,NA,0,0,1,5,0,0,7,19,NA,5,1,10,21,11,NA,NA,14,2,73,245,5,58,3,0,NA,0,0,0,3,0,NA,NA,3,2,8,20,0,0,0,4,NA,0,0,1,9,6,NA,NA,3,0,18,52,1,7,0,1,NA,0,0,0,1,0,NA,NA,1,0,10,17,0,3
147244,7,51,0,5,NA,17,22,8,0,3,19,72,59,328,9,36,5,18,0,0,NA,4,12,0,0,0,10,27,33,126,5,3,0,2,0,0,NA,0,0,1,0,0,1,0,0,5,0,1,6,39,0,5,NA,15,13,6,0,2,11,52,43,235,6,24,0,0,0,0,NA,1,0,0,0,0,0,5,10,19,0,1,1,8,0,0,NA,1,7,1,0,1,5,11,5,57,3,9,0,1,0,0,NA,0,1,0,0,0,1,2,0,5,0,0
147369,NA,NA,NA,NA,NA,NA,NA,NA,NA,NA,NA,NA,NA,369,NA,NA,NA,NA,NA,NA,NA,NA,NA,NA,NA,NA,NA,NA,NA,179,NA,NA,NA,NA,NA,NA,NA,NA,NA,NA,NA,NA,NA,NA,NA,12,NA,NA,NA,NA,NA,NA,NA,NA,NA,NA,NA,NA,NA,NA,NA,224,NA,NA,NA,NA,NA,NA,NA,NA,NA,NA,NA,NA,NA,NA,NA,31,NA,NA,NA,NA,NA,NA,NA,NA,NA,NA,NA,NA,NA,NA,NA,49,NA,NA,NA,NA,NA,NA,NA,NA,NA,NA,NA,NA,NA,NA,NA,40,NA,NA
147536,52,287,NA,NA,0,NA,NA,97,NA,41,49,NA,130,825,22,15,32,13,NA,NA,0,NA,NA,19,NA,4,16,NA,52,163,7,4,6,10,NA,NA,0,NA,NA,1,NA,1,0,NA,3,24,0,1,6,102,NA,NA,0,NA,NA,14,NA,11,2,NA,14,185,6,5,7,0,NA,NA,0,NA,NA,1,NA,0,0,NA,4,19,1,0,30,161,NA,NA,0,NA,NA,79,NA,26,45,NA,100,551,15,9,2,11,NA,NA,0,NA,NA,1,NA,3,2,NA,8,38,0,0
147660,21,37,28,11,0,38,37,66,NA,NA,38,41,137,557,26,25,17,7,25,3,0,20,17,14,NA,NA,11,13,77,243,13,5,4,1,1,0,0,3,0,6,NA,NA,1,1,5,27,0,2,11,32,15,7,0,25,21,32,NA,NA,22,23,95,356,22,20,4,0,5,0,0,2,0,1,NA,NA,1,0,4,22,1,0,2,4,5,2,0,7,12,25,NA,NA,10,10,24,116,2,3,0,0,0,1,0,0,1,2,NA,NA,1,5,7,21,0,0
147679,NA,18,9,5,1,40,26,27,4,NA,8,10,113,362,11,67,NA,7,7,2,1,9,16,5,3,NA,2,2,66,142,1,10,NA,3,0,1,0,4,3,2,0,NA,0,1,4,26,0,8,NA,9,3,2,1,19,8,7,0,NA,4,6,44,136,5,17,NA,0,2,0,0,1,1,0,0,NA,0,0,16,26,2,3,NA,4,4,2,0,15,10,18,3,NA,4,2,40,144,4,29,NA,2,0,0,0,0,2,0,1,NA,0,0,6,17,0,5
147703,120,241,195,47,93,65,102,213,NA,7,123,123,441,2445,74,333,101,41,162,14,38,24,75,55,NA,0,67,53,269,1160,38,72,22,4,12,2,1,6,6,18,NA,0,8,13,53,192,2,34,65,134,121,33,48,25,56,111,NA,2,61,73,212,1283,37,147,1,3,6,0,1,3,1,2,NA,0,1,1,8,33,2,3,23,91,50,11,38,30,37,76,NA,5,49,32,157,855,31,135,1,3,0,0,0,0,0,0,NA,0,0,0,2,13,0,5
147767,231,13,347,22,3,247,NA,125,NA,101,340,177,13,2160,310,12,162,5,208,4,1,81,NA,32,NA,39,187,72,5,983,82,3,83,4,86,2,0,79,NA,25,NA,16,76,30,2,503,52,4,70,7,118,11,3,78,NA,49,NA,45,128,99,5,852,148,4,30,0,52,0,0,14,NA,13,NA,4,42,4,0,209,23,0,35,2,62,3,0,51,NA,27,NA,27,64,27,3,392,55,3,4,0,7,1,0,11,NA,4,NA,1,20,6,1,76,14,1
147776,91,115,NA,21,77,51,NA,79,34,76,31,45,151,865,26,14,74,27,NA,3,31,20,NA,21,10,14,15,18,68,350,12,7,23,6,NA,0,2,6,NA,7,0,4,3,7,26,93,3,3,12,41,NA,9,12,14,NA,17,4,13,10,14,42,213,6,3,3,1,NA,0,2,1,NA,1,0,0,0,0,0,8,0,0,37,52,NA,8,52,23,NA,41,26,52,14,20,60,433,15,7,14,14,NA,3,6,7,NA,11,3,5,4,4,22,102,2,0
147828,24,48,35,6,7,30,33,16,27,19,17,30,83,521,26,73,17,11,27,1,2,12,22,3,12,2,13,8,41,203,7,13,3,0,0,0,0,1,1,1,1,0,2,1,1,17,0,6,17,38,27,2,4,23,19,10,17,12,9,23,59,370,23,50,0,0,2,0,0,0,1,0,0,0,0,2,3,9,0,0,3,8,5,1,3,4,8,4,8,6,6,4,17,99,2,12,1,0,0,2,0,1,2,0,0,0,0,0,1,11,0,3
148131,4,23,NA,1,8,21,17,11,9,4,3,2,41,198,4,36,3,2,NA,0,4,6,14,1,8,1,2,2,31,88,4,3,0,0,NA,0,0,0,1,0,0,0,0,0,0,2,0,1,4,21,NA,1,5,17,8,7,6,3,1,1,32,154,4,32,0,0,NA,0,0,0,0,0,0,0,0,0,4,4,0,0,0,2,NA,0,3,1,7,3,2,1,1,1,4,29,0,2,0,0,NA,0,0,3,1,1,1,0,1,0,1,9,0,1
148405,7,35,NA,7,0,17,26,8,NA,NA,21,12,46,229,NA,28,4,5,NA,4,0,5,19,0,NA,NA,15,3,22,84,NA,3,1,0,NA,0,0,0,0,1,NA,NA,0,1,4,7,NA,0,4,22,NA,4,0,9,13,7,NA,NA,9,9,16,114,NA,9,1,0,NA,0,0,2,0,0,NA,NA,2,1,2,19,NA,7,0,13,NA,3,0,6,12,0,NA,NA,9,0,14,72,NA,11,1,0,NA,0,0,0,0,0,NA,NA,0,0,9,13,NA,1
148487,24,57,NA,10,0,39,NA,53,14,0,19,71,123,528,3,85,18,7,NA,2,0,10,NA,9,4,0,8,31,59,184,1,22,3,6,NA,1,0,2,NA,4,0,0,0,0,5,39,0,17,5,9,NA,3,0,10,NA,21,2,0,10,50,46,184,2,16,1,1,NA,0,0,1,NA,0,0,0,0,4,9,18,0,2,15,38,NA,5,0,25,NA,26,11,0,8,12,56,260,1,47,0,3,NA,1,0,1,NA,1,1,0,0,1,7,18,0,1
148496,21,22,NA,15,0,27,NA,48,NA,1,43,8,91,412,6,55,12,2,NA,6,0,6,NA,5,NA,0,13,4,32,109,2,6,2,0,NA,0,0,1,NA,0,NA,0,1,0,1,11,0,4,5,7,NA,7,0,7,NA,11,NA,0,9,1,23,99,2,8,1,0,NA,0,0,0,NA,0,NA,0,1,0,1,3,0,0,11,15,NA,7,0,18,NA,35,NA,1,30,6,61,282,4,43,0,0,NA,1,0,0,NA,2,NA,0,1,1,3,11,0,0
148511,NA,NA,NA,NA,NA,NA,NA,NA,NA,NA,NA,NA,NA,46,NA,46,NA,NA,NA,NA,NA,NA,NA,NA,NA,NA,NA,NA,NA,13,NA,13,NA,NA,NA,NA,NA,NA,NA,NA,NA,NA,NA,NA,NA,2,NA,2,NA,NA,NA,NA,NA,NA,NA,NA,NA,NA,NA,NA,NA,12,NA,12,NA,NA,NA,NA,NA,NA,NA,NA,NA,NA,NA,NA,NA,1,NA,1,NA,NA,NA,NA,NA,NA,NA,NA,NA,NA,NA,NA,NA,28,NA,28,NA,NA,NA,NA,NA,NA,NA,NA,NA,NA,NA,NA,NA,2,NA,2
148584,7,20,NA,4,1,17,8,20,6,16,2,11,60,345,8,152,6,3,NA,1,0,9,4,3,3,2,2,7,28,97,4,15,2,0,NA,0,0,0,1,1,0,0,0,0,0,17,1,12,3,14,NA,2,1,10,3,10,4,6,2,7,34,179,2,74,0,0,NA,0,0,0,0,0,0,0,0,0,1,4,0,1,2,5,NA,1,0,7,3,8,1,9,0,4,23,128,4,58,0,1,NA,1,0,0,0,0,0,1,0,0,1,8,0,4
148627,32,65,NA,11,21,68,45,52,35,1,14,21,122,671,22,144,27,14,NA,5,4,19,29,9,12,1,3,9,64,233,11,20,1,0,NA,0,0,4,1,1,0,0,0,1,1,15,0,6,11,33,NA,3,8,22,19,14,6,1,6,7,49,253,9,61,0,0,NA,0,0,0,0,0,0,0,0,0,0,0,0,0,19,29,NA,7,11,38,25,34,28,0,8,12,65,373,13,71,1,3,NA,0,1,1,0,2,0,0,0,0,6,16,0,2
148654,108,38,NA,17,13,38,20,77,26,20,24,6,128,597,28,4,88,5,NA,1,5,15,3,16,6,3,13,1,68,259,8,3,10,0,NA,1,1,5,0,2,0,0,0,0,3,23,1,0,72,29,NA,12,11,24,17,57,15,11,17,3,89,418,19,3,3,0,NA,0,0,2,0,1,0,1,0,0,7,14,0,0,16,6,NA,1,1,4,3,16,9,7,4,2,24,109,5,1,3,1,NA,0,0,0,0,0,0,0,1,0,3,10,1,0
149222,69,181,54,11,66,108,68,71,21,38,102,59,157,1786,62,189,55,64,43,4,27,36,38,16,19,4,49,17,79,874,32,27,4,3,1,0,0,0,1,2,0,1,0,0,6,36,2,3,46,128,37,9,23,83,44,44,17,22,69,46,113,1260,40,142,4,0,5,0,1,1,1,1,0,0,0,1,5,41,1,0,13,44,8,2,39,21,20,17,4,13,27,10,27,384,18,39,0,2,0,0,0,0,0,1,0,0,0,0,0,6,0,0
149231,76,109,173,36,13,120,56,149,70,23,50,69,395,1990,87,385,63,6,145,12,3,46,21,30,30,2,19,22,252,817,37,50,2,2,3,0,0,4,2,1,0,0,1,1,13,45,1,12,62,85,131,26,7,93,45,101,46,16,34,52,305,1491,63,290,3,0,15,0,0,2,0,0,0,0,2,0,5,32,1,3,6,17,15,9,5,16,5,34,22,4,9,11,52,319,17,70,1,2,3,0,1,3,2,3,1,0,0,3,8,35,2,2
149772,37,71,19,10,135,36,28,72,185,22,46,62,140,1112,62,63,31,8,15,2,71,12,9,12,103,3,14,18,75,487,30,10,0,0,3,0,1,0,0,1,3,0,0,2,3,16,1,1,22,59,12,10,81,22,20,40,111,11,28,41,94,724,35,38,2,0,1,0,3,1,0,1,1,0,1,0,8,33,1,6,12,10,2,0,45,10,7,25,63,9,15,12,32,297,23,18,0,1,1,0,2,0,0,0,5,0,1,4,1,17,1,0
149781,16,24,14,38,NA,51,NA,35,NA,NA,84,35,53,518,34,7,9,5,11,9,NA,18,NA,8,NA,NA,34,15,40,223,9,1,4,2,1,1,NA,7,NA,7,NA,NA,7,5,5,57,6,1,8,20,11,32,NA,38,NA,18,NA,NA,60,24,35,359,20,5,1,1,0,0,NA,0,NA,3,NA,NA,1,2,2,12,0,0,1,1,2,4,NA,4,NA,4,NA,NA,6,1,8,46,6,0,0,0,0,1,NA,0,NA,0,NA,NA,0,1,1,5,0,0
150066,9,20,10,0,6,6,17,16,2,4,3,25,38,202,3,29,7,5,8,0,0,4,8,6,1,0,3,6,28,88,1,4,0,0,0,0,0,0,0,0,0,0,0,1,0,2,0,0,9,15,10,0,4,6,11,13,2,3,2,21,30,158,1,24,0,0,0,0,0,0,1,0,0,0,0,0,0,1,0,0,0,3,0,0,2,0,3,2,0,1,0,2,2,24,1,3,0,0,0,0,0,0,0,0,0,0,0,0,1,2,1,0
150136,63,360,0,47,205,120,108,227,85,75,75,175,477,2856,286,245,51,76,0,9,80,34,67,34,32,8,43,36,274,1076,140,22,3,10,0,1,5,9,0,6,3,2,2,6,16,80,4,6,45,305,0,38,150,87,84,157,61,50,50,134,362,2182,223,202,1,1,0,2,1,0,0,0,1,0,2,2,5,21,4,2,9,26,0,2,38,16,16,48,18,17,13,26,65,408,40,23,3,7,0,2,4,5,0,2,2,0,3,3,7,56,10,2
150145,3,15,7,2,14,8,24,8,7,4,7,6,54,251,6,39,3,1,7,1,7,2,5,2,1,1,7,1,29,97,2,3,0,0,0,0,1,0,0,0,1,0,0,0,3,7,0,0,0,14,4,2,10,8,17,6,6,3,6,6,31,188,4,33,0,0,1,0,1,0,1,1,0,0,0,0,7,14,0,1,3,1,2,0,1,0,3,1,0,0,1,0,10,31,2,5,0,0,0,0,0,0,2,0,0,0,0,0,0,3,0,0
150163,16,77,1,18,1,67,0,35,NA,NA,81,82,268,906,97,108,12,17,0,3,1,18,0,9,NA,NA,30,18,165,359,44,18,0,0,0,0,0,5,0,2,NA,NA,3,2,4,26,3,4,12,57,1,15,1,55,0,28,NA,NA,70,61,236,754,80,96,0,1,0,1,0,0,0,1,NA,NA,0,1,4,8,0,0,2,13,0,2,0,5,0,3,NA,NA,6,12,15,85,13,5,0,1,0,0,0,0,0,0,NA,NA,1,0,4,7,0,1
150400,33,9,4,12,NA,40,14,28,NA,NA,53,25,6,328,47,12,25,4,2,6,NA,14,4,6,NA,NA,32,7,4,162,29,4,1,0,0,0,NA,5,0,0,NA,NA,1,1,0,12,2,0,7,6,0,8,NA,22,12,22,NA,NA,36,13,2,195,34,6,21,1,4,0,NA,4,0,2,NA,NA,8,4,4,58,0,2,3,1,0,3,NA,9,2,3,NA,NA,8,5,0,52,9,3,0,0,0,0,NA,0,0,1,NA,NA,0,2,0,5,0,0
150534,0,30,12,9,4,20,36,13,4,NA,15,36,61,331,15,53,0,3,10,1,1,6,12,4,0,NA,3,11,34,116,9,9,0,0,0,0,0,1,4,1,0,NA,0,0,1,13,1,3,0,28,12,8,3,16,26,7,4,NA,12,33,49,274,13,45,0,1,0,1,0,2,3,0,0,NA,1,0,4,15,0,2,0,0,0,0,1,1,0,4,0,NA,2,1,4,16,1,0,0,0,0,0,0,0,0,0,0,NA,0,0,0,0,0,0
150677,0,39,7,5,0,3,21,61,10,4,1,11,106,353,11,13,0,7,7,0,0,2,13,10,7,0,0,3,49,135,3,4,0,1,0,0,0,0,0,1,0,0,0,0,4,11,0,0,0,33,7,5,0,3,17,49,7,4,0,11,80,284,10,9,0,0,0,0,0,0,3,0,0,0,0,0,8,12,0,1,0,4,0,0,0,0,0,9,1,0,0,0,11,32,1,1,0,0,0,0,0,0,0,1,0,0,0,0,0,5,0,2
150756,5,14,7,8,NA,17,27,19,NA,NA,13,4,39,200,19,NA,5,2,6,1,NA,5,12,4,NA,NA,4,0,32,97,13,NA,0,0,0,0,NA,0,0,0,NA,NA,0,0,0,0,0,NA,4,13,5,8,NA,14,24,17,NA,NA,11,3,37,172,13,NA,0,0,1,0,NA,0,1,0,NA,NA,1,0,0,5,1,NA,0,0,1,0,NA,1,2,0,NA,NA,0,1,0,10,2,NA,1,1,0,0,NA,0,0,0,NA,NA,1,0,1,5,1,NA
150941,3,19,NA,1,NA,5,7,10,NA,8,4,39,22,202,3,30,2,3,NA,0,NA,1,1,1,NA,0,2,20,12,68,1,1,0,0,NA,0,NA,1,0,1,NA,0,0,1,0,7,0,1,3,18,NA,1,NA,4,3,8,NA,8,4,33,16,171,3,26,0,0,NA,0,NA,0,1,0,NA,0,0,0,4,7,0,2,0,0,NA,0,NA,0,1,1,NA,0,0,2,1,7,0,1,0,0,NA,0,NA,0,0,0,NA,0,0,1,0,1,0,0
151102,56,114,69,23,86,57,NA,62,7,31,30,97,204,993,21,18,52,14,58,6,46,18,NA,14,2,4,11,41,123,493,8,2,4,5,6,2,3,6,NA,4,2,4,0,4,12,60,2,1,41,95,49,16,60,39,NA,44,3,20,22,72,158,734,12,14,1,0,3,0,1,3,NA,2,1,0,0,1,1,16,1,0,6,12,7,2,14,7,NA,10,1,6,5,15,26,139,4,3,0,0,0,0,0,0,NA,0,0,0,0,0,2,2,0,0
151111,261,150,270,42,192,224,84,188,115,181,90,131,568,3909,162,956,202,21,222,13,69,83,38,30,30,33,34,34,345,1544,76,132,34,9,18,1,3,30,5,9,7,6,3,6,57,275,5,71,144,113,169,31,124,119,57,116,71,107,48,98,366,2498,116,629,26,0,33,0,4,4,0,1,0,0,3,2,11,100,2,4,45,22,35,6,49,45,15,49,28,52,31,16,109,781,30,190,2,0,1,1,0,3,0,0,0,0,1,0,0,16,0,5
151263,5,24,9,7,24,23,76,76,27,23,13,22,200,755,20,154,4,5,7,1,11,7,41,15,14,2,4,8,114,272,5,10,0,1,0,0,1,1,3,0,0,2,1,0,8,27,1,7,0,19,5,5,12,15,54,47,18,12,8,12,83,441,12,104,4,0,1,0,0,0,6,2,0,0,0,0,80,100,1,2,0,3,1,0,8,6,11,25,8,7,4,7,22,145,3,32,1,0,1,0,2,0,0,0,0,1,0,1,6,20,2,4
151290,20,0,47,NA,0,6,3,14,19,0,NA,NA,40,173,1,15,15,0,37,NA,0,0,2,5,6,0,NA,NA,25,94,1,2,0,0,1,NA,0,0,0,0,0,0,NA,NA,0,2,0,1,14,0,38,NA,0,4,2,7,14,0,NA,NA,19,109,1,7,2,0,2,NA,0,0,0,1,1,0,NA,NA,6,12,0,0,4,0,5,NA,0,2,1,4,3,0,NA,NA,11,39,0,5,0,0,1,NA,0,0,0,1,0,0,NA,NA,1,4,0,1
151306,47,63,70,23,57,46,79,81,29,51,46,39,219,1251,40,288,43,3,58,5,24,19,40,11,7,7,22,11,122,450,13,27,0,0,0,0,0,3,2,2,0,0,0,1,8,21,1,4,41,61,56,21,47,36,68,68,20,45,38,31,197,1079,37,249,0,0,8,0,1,5,1,0,0,0,1,0,1,24,0,4,3,1,4,1,7,2,6,9,5,3,4,4,8,82,1,22,1,0,0,0,0,0,0,0,0,1,0,0,2,6,1,1
151324,35,129,5,9,55,25,62,124,21,14,122,29,327,1507,31,268,28,33,3,1,22,6,34,26,15,1,45,8,194,621,14,28,2,1,0,0,2,1,2,2,0,0,0,0,3,25,0,9,25,114,4,5,34,21,32,83,16,8,81,24,256,1100,19,181,2,1,0,0,0,0,2,1,0,0,0,0,5,21,0,1,5,8,0,3,16,2,22,31,4,5,35,3,52,293,10,64,0,0,0,0,0,0,0,0,0,0,0,1,3,9,0,3
151333,22,45,NA,3,56,8,11,33,27,1,7,9,117,544,17,155,20,10,NA,0,17,3,10,4,8,0,1,2,69,191,6,23,0,0,NA,0,0,0,0,0,0,0,0,0,4,6,0,2,17,36,NA,3,52,5,9,27,23,1,7,8,92,442,13,123,0,0,NA,0,0,1,0,1,0,0,0,0,2,7,0,3,4,9,NA,0,3,1,2,5,3,0,0,1,11,66,3,18,0,0,NA,0,0,0,0,0,0,0,0,0,1,3,0,2
151342,27,49,NA,5,43,23,NA,31,21,47,8,28,169,663,26,161,23,12,NA,1,12,7,NA,6,8,4,3,9,91,225,13,27,4,0,NA,0,0,1,NA,0,0,0,0,0,6,17,0,6,18,40,NA,4,31,15,NA,20,12,30,4,18,116,443,15,107,0,0,NA,0,0,0,NA,0,0,0,1,0,2,6,1,2,3,7,NA,1,10,4,NA,11,7,14,2,9,33,156,8,37,0,1,NA,0,0,0,NA,0,0,0,0,0,2,4,0,1
151351,443,266,34,49,196,658,496,362,85,379,325,349,2444,7340,453,264,353,57,27,16,108,206,271,78,26,229,135,147,1626,3713,156,34,45,9,3,1,7,92,12,22,3,19,13,29,383,679,10,13,298,217,25,43,124,418,392,244,56,275,212,234,1590,5092,354,197,34,0,3,0,11,7,5,20,1,22,22,13,160,329,16,0,43,33,1,4,44,96,61,55,20,48,56,45,186,842,57,40,2,0,0,0,3,2,0,0,0,0,4,3,15,34,0,0
151360,9,21,NA,6,65,14,NA,51,24,26,10,7,74,464,9,135,4,4,NA,2,15,6,NA,9,9,2,4,2,39,113,2,11,0,0,NA,0,0,4,NA,6,0,0,1,0,5,18,0,2,4,15,NA,4,31,7,NA,22,10,2,3,3,45,232,5,72,0,0,NA,0,0,0,NA,0,0,0,0,0,0,1,0,1,5,4,NA,2,30,2,NA,22,12,21,6,3,21,192,4,56,0,0,NA,0,0,0,NA,1,0,0,0,0,0,1,0,0
151379,32,65,NA,5,74,41,NA,70,22,NA,21,21,158,642,22,68,27,11,NA,2,25,12,NA,14,12,NA,8,10,85,236,3,4,2,1,NA,0,0,2,NA,3,0,NA,0,0,2,11,0,0,26,57,NA,4,55,28,NA,56,18,NA,17,18,130,515,20,53,1,0,NA,0,0,0,NA,1,0,NA,0,0,0,2,0,0,3,3,NA,0,12,6,NA,7,3,NA,1,2,20,75,1,11,0,0,NA,0,1,0,NA,0,0,NA,1,1,1,5,0,0
151388,6,29,NA,18,43,23,NA,115,49,8,12,7,132,627,34,81,5,4,NA,3,10,7,NA,19,14,1,4,2,59,189,6,13,0,0,NA,0,0,0,NA,3,0,0,1,0,5,18,0,2,6,27,NA,10,32,19,NA,89,34,8,9,6,103,482,28,69,0,0,NA,1,0,0,NA,2,0,0,0,0,7,14,0,1,0,1,NA,3,7,2,NA,13,10,0,2,1,4,60,3,6,0,0,NA,2,0,0,NA,3,1,0,0,0,4,14,0,1
151777,0,22,5,3,NA,2,36,13,0,7,10,10,30,186,3,28,0,9,4,3,NA,1,25,4,0,1,3,5,19,88,2,6,0,0,0,0,NA,0,0,0,0,0,0,0,0,3,0,3,0,18,3,3,NA,0,25,10,0,5,7,6,23,128,2,12,0,0,0,0,NA,0,0,0,0,0,0,0,0,1,0,1,0,2,2,0,NA,1,7,3,0,2,3,1,5,29,1,1,0,1,0,0,NA,1,3,0,0,0,0,1,0,18,0,11
151786,2,23,5,7,2,31,38,16,NA,10,9,5,87,583,9,296,2,4,5,2,0,7,18,3,NA,1,5,3,53,177,3,43,0,0,0,0,0,2,0,0,NA,0,0,0,2,22,0,17,2,22,5,6,1,19,26,11,NA,3,7,1,54,376,4,182,0,0,0,0,0,0,1,1,NA,1,0,0,6,14,0,2,0,1,0,1,1,9,7,2,NA,6,1,4,21,128,5,65,0,0,0,0,0,1,1,0,NA,0,0,0,1,16,0,13
151801,8,60,NA,7,19,31,10,35,13,33,7,17,72,461,5,107,4,11,NA,1,11,11,7,9,7,4,5,4,51,152,0,12,0,0,NA,0,1,1,0,2,0,2,1,0,2,14,0,2,7,56,NA,7,10,28,8,28,10,25,6,16,62,391,4,97,0,0,NA,0,0,0,1,0,0,0,0,0,3,5,0,0,0,2,NA,0,7,0,1,3,2,6,0,0,5,36,1,6,0,1,NA,0,0,1,0,1,0,0,0,0,0,5,0,1
152080,179,0,331,37,29,303,NA,66,NA,0,330,55,585,2357,NA,62,115,0,209,8,12,104,NA,7,NA,0,156,19,365,1201,NA,24,23,0,20,2,3,32,NA,1,NA,0,9,1,40,156,NA,3,109,0,230,30,22,209,NA,44,NA,0,211,32,411,1617,NA,40,7,0,10,0,0,5,NA,4,NA,0,22,1,35,96,NA,1,27,0,52,5,2,45,NA,11,NA,0,65,9,72,339,NA,9,4,0,7,0,0,4,NA,2,NA,0,5,5,4,40,NA,3
152318,97,NA,308,NA,NA,6,NA,NA,NA,NA,1,NA,NA,428,NA,NA,80,NA,224,NA,NA,3,NA,NA,NA,NA,0,NA,NA,318,NA,NA,13,NA,22,NA,NA,1,NA,NA,NA,NA,0,NA,NA,38,NA,NA,52,NA,225,NA,NA,3,NA,NA,NA,NA,0,NA,NA,291,NA,NA,17,NA,14,NA,NA,1,NA,NA,NA,NA,0,NA,NA,34,NA,NA,7,NA,28,NA,NA,1,NA,NA,NA,NA,1,NA,NA,37,NA,NA,0,NA,4,NA,NA,0,NA,NA,NA,NA,0,NA,NA,4,NA,NA
152336,4,21,NA,1,5,25,2,19,7,5,NA,41,42,333,1,150,4,5,NA,0,3,6,2,6,4,1,NA,15,33,108,0,25,0,0,NA,0,0,0,0,0,0,0,NA,0,0,2,0,1,2,18,NA,1,3,15,1,14,4,2,NA,33,31,220,1,88,0,0,NA,0,1,0,1,0,0,0,NA,1,6,11,0,2,2,2,NA,0,1,5,0,4,3,2,NA,6,5,46,0,15,0,0,NA,0,0,1,0,0,0,0,NA,0,0,43,0,42
152381,1,29,NA,7,3,2,40,12,NA,10,14,8,27,191,NA,31,1,0,NA,0,0,0,29,1,NA,1,4,4,9,53,NA,3,0,0,NA,0,0,0,0,0,NA,0,0,1,0,3,NA,2,0,29,NA,5,3,1,11,9,NA,9,13,5,22,139,NA,25,0,0,NA,0,0,0,1,0,NA,1,0,0,0,2,NA,0,1,0,NA,1,0,1,26,0,NA,0,1,2,4,40,NA,4,0,0,NA,1,0,0,1,1,NA,0,0,0,0,3,NA,0
152390,NA,18,NA,8,0,32,NA,20,NA,7,12,13,43,298,18,70,NA,0,NA,0,0,0,NA,0,NA,0,0,0,0,0,0,0,NA,0,NA,0,0,0,NA,0,NA,0,0,0,0,1,0,1,NA,16,NA,8,0,24,NA,15,NA,7,10,11,37,245,14,56,NA,0,NA,0,0,0,NA,0,NA,0,0,0,0,1,1,0,NA,1,NA,0,0,7,NA,5,NA,0,2,1,4,39,2,9,NA,0,NA,0,0,0,NA,0,NA,0,0,0,1,2,0,1
152530,16,67,10,14,NA,53,7,26,NA,14,19,39,47,393,28,10,13,12,8,4,NA,22,6,2,NA,3,10,13,33,149,4,2,0,0,1,0,NA,2,0,1,NA,0,0,1,1,9,2,0,16,55,9,11,NA,37,6,18,NA,11,15,36,41,324,23,9,0,3,0,2,NA,5,0,3,NA,2,2,0,2,19,0,0,0,4,0,1,NA,9,0,4,NA,1,1,2,1,31,3,1,0,0,0,0,NA,0,0,0,NA,0,1,0,0,1,0,0
152567,9,28,155,5,7,34,78,24,36,NA,NA,NA,56,483,7,0,9,6,128,0,3,7,46,6,14,NA,NA,NA,38,294,4,0,0,0,2,0,0,0,1,0,1,NA,NA,NA,0,5,0,0,8,26,143,5,6,30,69,20,32,NA,NA,NA,48,433,5,0,1,0,0,0,0,0,0,0,0,NA,NA,NA,3,5,1,0,0,2,5,0,1,2,4,2,3,NA,NA,NA,4,23,0,0,0,0,5,0,0,0,0,0,0,NA,NA,NA,1,8,0,0
152600,13,26,89,5,0,30,9,31,NA,9,33,10,68,573,26,160,10,7,63,3,0,11,8,3,NA,0,10,2,39,226,9,24,0,0,4,0,0,0,0,0,NA,0,1,0,0,16,0,8,6,21,68,4,0,24,6,23,NA,5,21,6,54,436,25,120,1,0,7,0,0,0,0,0,NA,0,0,0,3,17,0,5,6,5,7,1,0,3,1,6,NA,2,9,2,9,78,1,22,0,0,2,0,0,2,1,1,NA,0,0,0,0,8,0,0
152637,NA,22,NA,NA,NA,NA,NA,NA,38,NA,NA,NA,NA,176,NA,48,NA,2,NA,NA,NA,NA,NA,NA,27,NA,NA,NA,NA,78,NA,3,NA,0,NA,NA,NA,NA,NA,NA,0,NA,NA,NA,NA,1,NA,0,NA,19,NA,NA,NA,NA,NA,NA,25,NA,NA,NA,NA,133,NA,37,NA,0,NA,NA,NA,NA,NA,NA,0,NA,NA,NA,NA,1,NA,0,NA,3,NA,NA,NA,NA,NA,NA,11,NA,NA,NA,NA,35,NA,10,NA,0,NA,NA,NA,NA,NA,NA,1,NA,NA,NA,NA,1,NA,0
153001,7,134,NA,1,2,10,10,25,7,50,4,7,103,409,9,7,5,22,NA,0,1,5,6,6,2,5,2,2,37,119,6,1,0,0,NA,0,0,0,0,0,0,0,0,0,1,1,0,0,7,114,NA,1,2,7,9,17,6,39,4,7,77,333,6,7,0,0,NA,0,0,0,0,0,0,0,0,0,0,1,1,0,0,15,NA,0,0,2,0,7,1,8,0,0,15,53,2,0,0,2,NA,0,0,0,1,1,0,2,0,0,6,12,0,0
153108,12,21,8,4,NA,55,NA,17,NA,NA,22,12,51,237,16,NA,10,1,6,1,NA,23,NA,5,NA,NA,11,6,38,117,6,NA,1,1,1,0,NA,0,NA,0,NA,NA,0,1,0,5,0,NA,9,20,6,4,NA,48,NA,16,NA,NA,18,11,45,208,13,NA,0,0,0,0,NA,0,NA,0,NA,NA,0,0,1,1,0,NA,1,0,0,0,NA,4,NA,0,NA,NA,4,0,2,13,2,NA,0,0,0,0,NA,2,NA,1,NA,NA,0,0,1,5,1,NA
153144,3,12,NA,7,NA,35,17,18,6,NA,14,15,66,253,8,19,3,0,NA,2,NA,11,13,2,1,NA,7,7,41,117,6,4,0,0,NA,0,NA,1,1,1,0,NA,0,0,2,8,0,3,2,10,NA,5,NA,25,12,12,4,NA,8,14,44,177,4,14,0,0,NA,0,NA,1,0,2,0,NA,0,0,5,9,0,0,1,0,NA,0,NA,5,1,3,2,NA,3,1,8,34,3,2,0,1,NA,2,NA,2,1,0,0,NA,3,0,6,17,1,0
153162,10,10,11,12,0,32,22,23,NA,NA,17,13,28,210,NA,NA,9,1,7,3,0,18,14,6,NA,NA,8,2,17,102,NA,NA,0,0,0,1,0,0,1,1,NA,NA,1,0,1,6,NA,NA,6,9,10,8,0,23,14,16,NA,NA,13,11,23,157,NA,NA,1,0,0,0,0,0,0,0,NA,NA,0,0,1,2,NA,NA,2,1,1,1,0,8,5,5,NA,NA,2,2,3,36,NA,NA,0,0,0,1,0,0,1,1,NA,NA,1,0,0,5,NA,NA
153250,7,36,34,5,3,15,15,9,3,25,2,10,64,309,9,20,4,6,29,0,1,6,7,3,2,4,2,1,43,149,3,6,1,0,0,0,0,0,0,0,0,0,0,0,1,3,0,0,5,33,25,5,3,12,11,8,3,22,1,8,48,253,8,17,1,1,6,0,0,1,2,0,0,2,0,1,13,33,1,2,0,1,1,0,0,0,1,1,0,1,1,1,0,8,0,0,0,0,2,0,0,2,0,0,0,0,0,0,0,6,0,0
153269,46,61,NA,22,3,38,8,35,NA,NA,42,55,154,708,54,60,29,17,NA,4,2,13,4,6,NA,NA,17,18,88,276,17,10,7,0,NA,0,0,3,0,3,NA,NA,0,4,7,39,3,7,30,52,NA,16,3,29,5,24,NA,NA,28,41,111,521,43,40,2,0,NA,1,0,1,0,2,NA,NA,2,0,11,27,2,1,5,7,NA,2,0,2,3,4,NA,NA,11,7,15,84,5,8,1,0,NA,0,0,1,0,0,NA,NA,0,0,1,4,0,1
153278,9,24,NA,0,3,8,37,12,24,NA,4,1,90,325,11,29,7,4,NA,0,0,2,29,3,15,NA,4,0,39,181,4,7,0,0,NA,0,0,0,0,1,0,NA,0,0,0,2,0,0,6,18,NA,0,3,7,26,7,15,NA,1,1,74,239,8,23,0,0,NA,0,0,0,0,0,0,NA,0,0,0,10,1,0,2,3,NA,0,0,1,7,3,9,NA,1,0,11,48,1,3,1,2,NA,0,0,0,3,0,0,NA,1,0,5,16,1,1
153366,6,16,NA,2,11,4,8,9,10,NA,2,10,31,192,2,74,6,2,NA,0,6,2,4,4,5,NA,1,5,20,74,1,13,0,0,NA,0,0,0,1,0,0,NA,0,1,0,3,0,1,4,13,NA,2,6,4,2,3,1,NA,1,5,13,104,2,42,1,0,NA,0,2,0,0,0,1,NA,0,1,6,13,0,2,1,1,NA,0,2,0,4,2,6,NA,0,2,8,40,0,14,0,1,NA,0,1,0,0,3,1,NA,1,0,2,18,0,8
153375,3,16,NA,3,23,19,47,34,15,19,NA,12,83,350,10,48,2,1,NA,0,13,9,29,10,9,3,NA,5,51,153,4,8,1,0,NA,0,0,0,1,1,1,0,NA,1,6,11,0,0,2,11,NA,2,14,13,26,22,8,12,NA,10,52,222,6,35,0,0,NA,0,0,1,1,1,0,0,NA,0,4,10,1,0,0,2,NA,1,7,3,13,3,5,5,NA,0,17,69,2,8,0,2,NA,0,1,2,5,4,0,0,NA,0,3,25,1,3
153384,53,NA,NA,16,NA,62,NA,36,NA,NA,100,13,NA,383,NA,NA,39,NA,NA,4,NA,21,NA,12,NA,NA,51,3,NA,192,NA,NA,8,NA,NA,2,NA,7,NA,1,NA,NA,6,0,NA,27,NA,NA,21,NA,NA,9,NA,39,NA,18,NA,NA,59,9,NA,218,NA,NA,17,NA,NA,1,NA,5,NA,8,NA,NA,13,1,NA,62,NA,NA,4,NA,NA,4,NA,5,NA,4,NA,NA,15,2,NA,46,NA,NA,1,NA,NA,0,NA,3,NA,2,NA,NA,3,1,NA,15,NA,NA
153603,264,213,1234,64,76,354,234,204,98,8,100,267,994,5797,180,85,228,25,1014,15,39,132,89,53,46,2,62,91,619,3140,57,14,35,5,76,0,1,17,9,4,2,0,4,8,29,236,5,5,157,179,904,54,54,256,175,151,73,8,73,197,794,4396,149,60,29,0,57,0,6,4,2,5,1,0,2,7,24,177,2,2,12,11,56,1,10,28,19,19,10,0,6,13,48,306,4,6,14,14,90,6,2,31,12,14,5,0,7,25,65,417,12,5
153658,102,153,392,162,200,241,501,0,NA,40,323,239,1199,5006,226,451,80,28,286,50,72,98,198,0,NA,3,170,78,760,2212,62,35,14,4,25,1,12,24,25,0,NA,0,13,20,49,255,6,19,66,128,284,118,142,168,386,0,NA,27,227,175,939,3752,185,359,6,0,9,3,6,7,5,0,NA,0,13,3,28,105,2,3,10,10,46,21,33,25,57,0,NA,10,44,27,106,556,19,46,1,7,19,7,2,6,20,0,NA,1,11,5,40,165,7,12
153825,7,10,12,6,0,17,35,18,6,16,12,1,46,226,13,NA,5,1,12,2,0,3,24,6,2,2,7,0,38,128,10,NA,0,0,0,0,0,0,0,0,0,0,0,0,1,1,0,NA,4,10,9,5,0,14,25,15,3,13,7,1,37,172,9,NA,0,0,0,0,0,0,0,0,0,0,0,0,0,0,0,NA,2,0,2,1,0,2,7,3,3,3,2,0,4,35,3,NA,1,0,1,0,0,1,1,0,0,0,2,0,4,15,1,NA
153834,16,14,NA,10,NA,33,11,10,NA,11,21,41,39,343,8,60,15,1,NA,3,NA,8,11,5,NA,2,15,18,28,150,4,9,2,0,NA,0,NA,0,0,0,NA,1,0,1,0,5,0,0,7,14,NA,10,NA,30,7,8,NA,6,11,35,24,278,8,55,5,0,NA,0,NA,2,0,0,NA,0,4,4,4,22,0,1,0,0,NA,0,NA,1,4,1,NA,4,5,0,8,27,0,2,1,0,NA,0,NA,0,0,1,NA,0,0,0,3,7,0,1
153861,5,NA,NA,0,33,NA,NA,NA,NA,NA,NA,15,97,195,NA,36,3,NA,NA,0,9,NA,NA,NA,NA,NA,NA,5,16,42,NA,5,0,NA,NA,0,0,NA,NA,NA,NA,NA,NA,2,0,5,NA,3,0,NA,NA,0,24,NA,NA,NA,NA,NA,NA,8,2,59,NA,19,0,NA,NA,0,1,NA,NA,NA,NA,NA,NA,1,0,5,NA,2,5,NA,NA,0,3,NA,NA,NA,NA,NA,NA,4,0,21,NA,7,0,NA,NA,0,4,NA,NA,NA,NA,NA,NA,0,95,101,NA,2
154004,5,68,NA,3,NA,26,NA,20,4,NA,5,4,72,258,4,30,5,16,NA,0,NA,9,NA,9,3,NA,3,2,51,114,3,2,0,1,NA,0,NA,2,NA,0,0,NA,0,0,1,5,0,1,4,59,NA,3,NA,16,NA,10,1,NA,3,0,35,167,1,23,0,0,NA,0,NA,3,NA,0,0,NA,1,0,17,24,0,0,1,6,NA,0,NA,1,NA,4,2,NA,1,1,9,29,1,3,0,2,NA,0,NA,3,NA,3,0,NA,0,3,6,21,1,1
154013,3,40,NA,0,13,6,8,17,14,7,3,8,96,310,2,88,2,8,NA,0,4,2,4,5,7,2,1,1,55,100,0,6,0,0,NA,0,0,1,1,0,0,0,0,0,3,7,0,2,3,37,NA,0,7,3,5,8,8,4,1,8,69,228,1,71,0,0,NA,0,0,0,1,1,1,0,0,0,12,15,0,0,0,2,NA,0,1,0,0,1,1,2,1,0,5,17,1,2,0,1,NA,0,2,0,0,2,0,0,1,0,1,9,0,1
154022,201,616,72,14,59,NA,17,439,330,3,110,NA,2497,5237,42,564,151,63,56,4,19,NA,16,100,194,1,31,NA,1298,2074,20,83,12,5,8,0,1,NA,0,9,3,0,1,NA,86,147,0,21,75,265,33,9,27,NA,6,189,141,1,32,NA,1160,2266,15,194,2,1,0,0,0,NA,0,0,2,0,2,NA,2,9,0,0,93,304,28,5,28,NA,10,202,157,2,60,NA,1033,2379,26,307,8,31,3,0,2,NA,1,18,17,0,4,NA,104,220,0,26
154095,30,536,NA,17,59,80,63,92,19,87,84,76,389,1909,91,99,27,96,NA,0,20,25,28,6,9,9,40,20,249,662,35,9,1,5,NA,0,0,2,0,3,0,1,1,0,3,20,1,0,22,481,NA,16,51,69,52,79,14,65,59,65,351,1640,76,89,3,1,NA,0,0,0,1,0,0,0,2,1,5,19,0,0,1,42,NA,1,5,5,6,8,4,13,17,7,19,163,11,6,2,5,NA,0,1,2,1,1,1,2,1,1,5,30,1,2
154101,3,49,4,0,3,19,23,10,6,8,0,7,60,246,7,31,3,18,4,0,0,7,14,2,4,1,0,2,43,115,2,5,0,0,0,0,0,0,1,0,1,0,0,0,0,4,0,0,3,45,2,0,3,16,18,8,4,8,0,6,50,209,6,28,0,1,1,0,0,1,2,0,0,0,0,0,5,10,0,0,0,0,1,0,0,2,2,2,0,0,0,1,3,17,1,3,0,1,0,0,0,0,0,0,0,0,0,0,0,1,0,0
154174,NA,NA,NA,NA,NA,NA,NA,NA,NA,NA,NA,NA,NA,65,NA,NA,NA,NA,NA,NA,NA,NA,NA,NA,NA,NA,NA,NA,NA,35,NA,NA,NA,NA,NA,NA,NA,NA,NA,NA,NA,NA,NA,NA,NA,3,NA,NA,NA,NA,NA,NA,NA,NA,NA,NA,NA,NA,NA,NA,NA,53,NA,NA,NA,NA,NA,NA,NA,NA,NA,NA,NA,NA,NA,NA,NA,0,NA,NA,NA,NA,NA,NA,NA,NA,NA,NA,NA,NA,NA,NA,NA,7,NA,NA,NA,NA,NA,NA,NA,NA,NA,NA,NA,NA,NA,NA,NA,0,NA,NA
154235,18,41,13,6,NA,32,73,52,24,17,10,14,125,547,8,95,15,5,10,1,NA,6,40,7,17,1,6,3,79,205,4,3,0,1,1,1,NA,3,0,1,0,0,0,0,2,11,0,2,7,35,10,3,NA,24,59,46,18,10,6,12,96,423,7,76,1,1,1,0,NA,0,1,1,0,0,0,0,1,7,1,0,6,3,1,2,NA,4,9,2,2,3,2,1,20,70,0,11,2,0,0,0,NA,0,2,0,2,1,1,0,2,16,0,5
154350,20,23,2,4,0,15,17,11,14,7,15,5,46,247,19,24,16,4,2,1,0,4,11,1,8,1,9,1,24,112,10,10,0,0,1,0,0,0,0,0,0,0,0,0,1,3,0,1,13,21,1,4,0,13,12,8,8,7,15,3,37,201,16,21,1,0,0,0,0,1,1,1,1,0,0,0,0,6,0,1,3,2,0,0,0,0,1,2,2,0,0,1,4,21,3,1,0,0,0,0,0,0,0,0,1,0,0,0,2,4,0,0
154493,11,72,1,0,2,6,10,72,2,56,54,15,203,590,5,63,9,17,0,0,1,4,8,16,1,17,16,6,93,218,1,14,0,0,0,0,0,0,0,0,0,0,0,0,7,9,1,1,7,66,0,0,2,5,9,35,2,35,27,11,138,402,4,44,0,0,1,0,0,1,0,20,0,0,0,2,4,28,0,0,3,4,0,0,0,0,1,12,0,18,22,2,42,121,0,17,0,0,0,0,0,0,0,2,0,2,2,0,5,13,0,1
154518,NA,17,NA,2,0,5,15,62,187,NA,NA,4,126,588,10,20,NA,5,NA,2,0,1,15,16,158,NA,NA,2,76,386,2,4,NA,0,NA,0,0,0,1,1,5,NA,NA,0,4,12,0,1,NA,16,NA,2,0,3,7,24,103,NA,NA,4,62,307,7,8,NA,0,NA,0,0,1,0,1,1,NA,NA,0,4,7,0,0,NA,1,NA,0,0,1,6,17,20,NA,NA,0,19,86,1,4,NA,0,NA,0,0,0,0,18,54,NA,NA,0,33,163,2,6
154527,11,41,13,2,0,37,17,18,NA,10,20,8,56,279,16,11,9,10,12,2,0,11,10,4,NA,2,9,1,42,126,7,1,0,0,0,0,0,0,0,0,NA,0,0,0,0,0,0,0,6,39,11,2,0,31,16,14,NA,7,12,8,45,234,16,10,3,0,1,0,0,3,0,2,NA,1,4,0,1,17,0,0,2,1,1,0,0,3,1,2,NA,1,2,0,8,21,0,0,0,0,0,0,0,0,0,0,NA,1,0,0,0,1,0,0
154590,5,78,5,3,NA,16,37,23,NA,7,17,11,55,298,0,23,5,17,3,1,NA,8,20,8,NA,1,10,3,37,131,0,4,0,1,0,0,NA,0,0,0,NA,0,0,0,0,1,0,0,2,61,5,1,NA,9,13,15,NA,5,9,9,33,187,0,12,1,0,0,0,NA,2,7,1,NA,0,2,1,4,20,0,1,1,7,0,1,NA,4,11,6,NA,2,4,1,13,62,0,8,1,8,0,0,NA,0,3,0,NA,0,1,0,3,17,0,1
154688,3,7,NA,1,NA,9,28,15,NA,NA,7,2,73,235,7,64,3,1,NA,0,NA,2,17,4,NA,NA,1,0,42,87,4,6,0,0,NA,0,NA,0,0,0,NA,NA,0,0,2,4,0,2,2,6,NA,1,NA,6,17,8,NA,NA,6,2,49,157,3,46,1,0,NA,0,NA,0,0,0,NA,NA,0,0,1,2,0,0,0,0,NA,0,NA,1,5,4,NA,NA,1,0,13,43,3,10,0,1,NA,0,NA,2,5,0,NA,NA,0,0,7,20,1,4
154712,10,40,35,16,5,25,31,26,NA,NA,29,26,87,475,19,35,9,2,32,7,3,13,15,3,NA,NA,17,8,57,223,5,4,0,0,0,0,1,0,0,0,NA,NA,0,0,1,5,0,1,8,37,28,14,2,21,25,19,NA,NA,18,21,69,374,16,28,0,0,0,0,0,0,0,0,NA,NA,1,0,0,1,0,0,1,2,5,2,1,4,5,5,NA,NA,6,0,11,64,2,4,1,1,2,0,1,0,1,2,NA,NA,4,4,6,30,1,2
155025,25,178,NA,10,38,30,13,33,13,NA,19,24,133,635,23,79,21,31,NA,2,16,9,10,11,5,NA,5,4,73,225,6,23,0,2,NA,0,0,0,0,0,0,NA,1,0,2,6,0,1,17,145,NA,7,21,22,5,22,6,NA,8,16,91,454,17,65,1,2,NA,0,1,1,2,1,1,NA,3,5,10,31,2,2,3,9,NA,0,7,2,5,2,4,NA,4,2,13,60,3,4,1,5,NA,0,1,2,1,2,0,NA,0,1,4,20,0,2
155061,150,288,5,96,137,49,NA,101,43,41,182,35,740,2276,11,206,119,86,5,10,36,22,NA,18,18,3,60,14,291,822,4,21,8,2,0,2,2,0,NA,4,0,1,2,0,18,41,0,1,91,238,5,8,108,44,NA,70,27,26,31,24,161,1166,8,165,3,1,0,0,0,0,NA,1,0,0,3,0,5,14,0,0,15,34,0,0,18,4,NA,16,8,11,8,6,27,186,1,17,30,8,0,86,7,0,NA,10,7,2,137,4,528,851,2,21
155089,7,16,3,2,27,24,19,13,13,NA,1,13,57,218,1,13,4,6,3,1,13,8,9,3,4,NA,0,6,30,94,0,5,0,0,0,0,0,0,0,0,0,NA,0,0,2,2,0,0,6,11,1,1,13,19,6,9,3,NA,1,9,30,120,1,6,0,0,0,0,2,0,1,0,1,NA,0,1,1,6,0,0,1,4,1,1,11,1,9,2,5,NA,0,2,15,61,0,5,0,0,1,0,0,1,1,1,0,NA,0,0,2,8,0,2
155317,173,124,392,66,102,208,223,313,0,71,171,189,776,4011,250,386,146,32,273,18,56,75,120,67,0,12,76,74,471,1793,81,72,30,0,21,4,4,40,13,23,0,4,2,9,45,257,2,27,92,97,275,48,53,117,164,224,0,43,121,143,587,2822,191,275,20,2,34,0,7,8,4,11,0,0,10,6,26,156,7,5,21,19,37,10,27,25,31,33,0,18,27,22,69,515,35,56,1,1,2,1,3,0,2,4,0,1,1,1,6,34,3,2
155335,0,52,NA,1,0,25,NA,7,9,1,0,3,49,216,3,37,0,9,NA,0,0,9,NA,2,3,0,0,3,38,87,2,3,0,0,NA,0,0,3,NA,0,1,0,0,0,1,7,0,2,0,29,NA,1,0,11,NA,4,5,1,0,2,23,122,2,21,0,0,NA,0,0,3,NA,0,1,0,0,0,11,19,0,2,0,21,NA,0,0,6,NA,3,1,0,0,1,10,55,0,11,0,0,NA,0,0,0,NA,0,0,0,0,0,1,3,0,1
155399,101,292,373,20,4,278,23,82,NA,39,128,46,703,3269,76,128,91,64,306,4,2,103,13,17,NA,7,62,17,417,1550,27,14,5,5,10,0,1,3,1,1,NA,0,0,0,11,57,0,1,73,248,313,16,1,225,20,69,NA,28,86,34,587,2675,57,110,2,0,7,1,0,5,0,2,NA,1,7,0,13,65,2,2,14,24,25,2,2,31,1,6,NA,8,27,5,58,312,12,10,1,4,4,0,0,5,1,1,NA,0,1,2,9,47,2,3
155414,2,4,0,0,0,6,22,8,13,6,1,6,35,141,6,22,2,0,0,0,0,3,17,1,6,1,0,3,26,69,3,3,0,0,0,0,0,0,0,0,0,0,0,0,0,0,0,0,1,3,0,0,0,5,11,4,7,5,1,1,19,76,1,11,0,0,0,0,0,0,1,1,0,0,0,1,1,4,0,0,1,1,0,0,0,1,10,3,4,1,0,2,11,48,4,7,0,0,0,0,0,0,0,0,0,0,0,0,0,1,0,1
155520,7,20,NA,3,0,5,33,14,2,1,2,9,42,292,0,131,5,3,NA,1,0,2,21,7,1,0,0,1,20,96,0,22,1,0,NA,0,0,0,0,0,0,0,0,0,0,8,0,6,3,16,NA,3,0,4,21,9,1,1,1,7,27,191,0,80,0,0,NA,0,0,0,4,2,0,0,0,0,3,13,0,4,1,2,NA,0,0,0,4,2,1,0,1,1,9,57,0,34,2,1,NA,0,0,1,1,0,0,0,0,1,2,13,0,3
155681,27,105,NA,5,49,50,48,67,24,19,17,24,261,1051,28,106,23,35,NA,0,25,11,21,12,9,3,9,5,170,474,7,16,1,0,NA,0,0,1,0,0,1,0,0,0,1,7,0,1,18,88,NA,3,36,38,31,54,17,13,12,17,204,825,22,88,4,4,NA,0,1,0,2,0,0,0,1,0,4,20,1,1,2,2,NA,2,7,5,9,8,2,5,2,3,32,111,2,10,1,3,NA,0,1,0,1,0,0,0,0,1,4,17,0,3
155812,7,3,NA,3,0,18,30,12,NA,2,12,4,23,188,5,53,7,1,NA,0,0,7,17,0,NA,0,3,1,12,70,4,8,0,0,NA,0,0,0,0,0,NA,0,0,0,0,5,0,4,1,3,NA,2,0,15,16,9,NA,1,5,3,11,106,2,31,0,0,NA,0,0,1,1,2,NA,0,0,0,1,6,0,1,4,0,NA,0,0,2,9,1,NA,1,7,0,9,56,2,14,2,0,NA,0,0,0,1,0,NA,0,0,0,1,5,0,0
155900,47,20,NA,0,4,4,21,15,21,NA,NA,1,123,296,5,26,42,6,NA,0,2,2,19,4,18,NA,NA,1,94,203,3,8,0,0,NA,0,0,0,0,0,1,NA,NA,0,3,4,0,0,20,8,NA,0,3,2,3,3,6,NA,NA,0,56,123,3,12,1,1,NA,0,0,0,0,0,0,NA,NA,0,0,3,0,1,12,4,NA,0,1,2,11,9,8,NA,NA,1,29,86,1,7,12,7,NA,0,0,0,6,3,6,NA,NA,0,34,76,1,6
156082,15,33,NA,8,NA,29,29,32,53,43,30,16,89,693,43,188,13,6,NA,0,NA,9,20,6,22,8,7,8,55,244,20,26,0,0,NA,0,NA,1,0,0,1,1,0,1,3,13,0,4,10,25,NA,6,NA,22,23,19,34,29,27,8,62,509,29,155,3,0,NA,0,NA,1,2,2,2,0,0,3,8,28,3,1,2,5,NA,2,NA,3,2,5,14,9,1,1,11,91,7,20,0,1,NA,0,NA,0,1,2,1,1,1,3,1,22,1,3
156125,108,300,236,23,81,130,39,95,96,45,40,138,410,2205,41,342,90,43,176,9,31,45,34,16,32,2,18,62,220,882,16,38,24,4,21,0,2,17,0,5,4,1,2,11,23,167,4,39,51,233,131,16,50,76,30,60,51,24,25,93,245,1357,23,203,12,0,34,0,0,3,3,1,0,1,1,2,12,77,0,4,14,38,32,6,22,21,4,21,30,18,5,24,83,407,9,65,2,11,6,0,2,4,1,2,3,0,3,3,20,73,2,9
156213,0,23,1,16,0,15,15,12,NA,12,10,16,64,290,34,4,0,4,0,4,0,7,8,2,NA,3,5,4,35,111,12,0,0,0,0,0,0,0,0,0,NA,0,0,0,1,2,0,0,0,22,0,16,0,10,14,9,NA,10,6,15,39,235,25,4,0,0,0,0,0,2,0,1,NA,0,2,0,3,8,0,0,0,1,1,0,0,1,0,2,NA,2,1,1,18,35,6,0,0,0,0,0,0,0,1,0,NA,0,0,0,3,6,2,0
156286,4,20,14,11,22,43,41,63,11,NA,12,15,99,582,37,155,2,1,11,4,11,14,20,12,3,NA,6,8,71,216,17,24,1,1,2,0,0,3,1,2,0,NA,0,1,3,17,0,3,3,17,9,8,14,32,34,49,6,NA,10,10,82,442,33,110,0,0,0,0,0,0,1,2,0,NA,0,0,6,12,0,3,0,2,2,2,6,3,4,6,2,NA,1,1,5,72,2,31,0,0,0,1,0,1,0,0,0,NA,0,0,1,7,1,2
156295,31,15,NA,6,NA,20,13,12,NA,NA,24,29,29,281,7,19,18,6,NA,1,NA,10,5,5,NA,NA,8,9,18,110,4,1,4,0,NA,0,NA,1,0,1,NA,NA,2,1,2,11,0,0,10,10,NA,4,NA,12,5,5,NA,NA,11,22,9,143,3,8,10,0,NA,0,NA,0,0,0,NA,NA,1,1,2,18,0,2,6,4,NA,1,NA,7,7,4,NA,NA,8,5,14,89,3,7,0,0,NA,0,NA,0,0,0,NA,NA,0,0,1,2,0,0
156365,9,50,NA,1,35,8,37,25,28,56,9,12,116,473,6,26,9,8,NA,0,21,3,26,6,13,7,5,5,57,184,3,2,0,0,NA,0,0,0,0,0,0,1,0,0,0,2,0,0,3,44,NA,1,26,7,18,17,20,33,8,9,75,326,4,24,5,0,NA,0,2,0,6,1,0,2,0,0,19,39,1,0,1,4,NA,0,4,1,13,6,7,14,0,3,14,78,1,2,0,2,NA,0,2,0,0,1,1,6,0,0,6,22,0,0
156408,10,NA,NA,10,2,43,NA,49,NA,NA,83,8,NA,299,NA,NA,4,NA,NA,4,0,16,NA,13,NA,NA,53,3,NA,149,NA,NA,0,NA,NA,0,0,5,NA,3,NA,NA,1,0,NA,14,NA,NA,9,NA,NA,6,2,30,NA,39,NA,NA,65,6,NA,225,NA,NA,0,NA,NA,0,0,1,NA,0,NA,NA,0,0,NA,5,NA,NA,0,NA,NA,4,0,5,NA,6,NA,NA,14,1,NA,44,NA,NA,0,NA,NA,0,0,1,NA,0,NA,NA,0,0,NA,4,NA,NA
156471,NA,NA,NA,NA,NA,NA,NA,NA,NA,NA,NA,NA,NA,1207,NA,1207,NA,NA,NA,NA,NA,NA,NA,NA,NA,NA,NA,NA,NA,148,NA,148,NA,NA,NA,NA,NA,NA,NA,NA,NA,NA,NA,NA,NA,38,NA,38,NA,NA,NA,NA,NA,NA,NA,NA,NA,NA,NA,NA,NA,556,NA,556,NA,NA,NA,NA,NA,NA,NA,NA,NA,NA,NA,NA,NA,0,NA,0,NA,NA,NA,NA,NA,NA,NA,NA,NA,NA,NA,NA,NA,305,NA,305,NA,NA,NA,NA,NA,NA,NA,NA,NA,NA,NA,NA,NA,283,NA,283
156541,60,143,1,10,266,36,131,144,49,82,3,2,247,1381,18,144,52,16,1,2,41,15,90,19,30,9,0,0,114,436,6,21,1,0,0,0,0,0,0,2,0,0,0,0,2,6,0,1,25,69,0,9,216,23,56,80,26,49,0,0,129,825,8,104,5,0,1,0,1,0,11,3,0,0,1,0,12,36,2,0,3,1,0,0,12,2,17,5,3,6,0,0,6,57,1,1,26,73,0,1,37,11,47,53,20,27,2,2,97,455,7,38
156620,20,107,NA,26,155,62,108,245,253,58,43,52,329,2199,55,288,19,19,NA,6,60,17,70,39,123,3,16,18,188,840,13,48,1,2,NA,0,0,2,2,1,4,3,1,3,6,41,1,9,16,99,NA,25,121,46,72,201,197,42,34,42,270,1790,45,238,0,0,NA,0,2,0,2,2,3,0,0,0,8,26,1,5,0,4,NA,0,24,5,21,26,36,7,6,5,28,212,3,19,0,0,NA,0,1,4,4,3,1,1,0,0,1,29,0,5
156745,0,14,NA,5,NA,36,15,25,NA,NA,13,7,64,240,24,22,0,0,NA,1,NA,9,11,5,NA,NA,6,1,42,103,12,10,0,0,NA,0,NA,0,0,0,NA,NA,0,0,0,0,0,0,0,13,NA,5,NA,34,10,22,NA,NA,10,5,47,192,17,17,0,0,NA,0,NA,0,1,0,NA,NA,0,2,3,6,0,0,0,1,NA,0,NA,1,4,2,NA,NA,2,0,10,28,4,2,0,0,NA,0,NA,0,0,0,NA,NA,1,0,0,3,0,1
157058,16,9,0,6,25,13,22,40,20,17,11,5,48,291,16,20,11,1,0,2,14,3,11,3,9,3,4,2,29,114,8,5,0,0,0,0,0,1,0,0,0,0,0,0,0,2,0,0,2,0,0,2,4,1,1,1,3,1,2,1,4,28,0,5,1,0,0,0,0,0,0,1,0,0,0,0,0,3,0,1,11,8,0,4,20,9,18,34,16,16,8,4,42,239,15,13,1,0,0,0,1,0,1,3,0,0,1,0,0,7,0,0
157085,201,386,455,56,73,293,NA,283,NA,71,173,196,1109,5055,416,672,158,125,348,14,26,108,NA,49,NA,11,85,57,643,2107,150,77,19,10,16,0,1,32,NA,11,NA,2,6,6,45,190,2,17,127,316,364,44,51,203,NA,196,NA,50,133,153,884,3898,316,545,5,4,21,0,0,5,NA,3,NA,0,2,3,26,87,2,4,29,34,37,8,17,29,NA,55,NA,18,19,19,106,603,69,73,12,9,7,3,2,11,NA,3,NA,0,3,7,25,113,12,8
157216,NA,25,NA,3,13,12,6,30,15,110,2,10,60,348,21,19,NA,8,NA,2,9,5,3,11,6,12,1,5,42,135,15,2,NA,0,NA,0,0,0,1,0,0,0,0,0,0,1,0,0,NA,24,NA,3,6,9,2,22,11,100,1,8,41,275,12,16,NA,1,NA,0,2,1,1,2,0,0,0,0,3,11,1,0,NA,0,NA,0,2,1,1,2,2,4,1,1,9,29,4,1,NA,0,NA,0,2,1,1,4,2,5,0,0,7,28,4,1
157289,83,214,330,25,47,172,196,205,131,52,153,96,435,2770,95,401,65,69,246,9,11,64,115,44,49,4,81,29,234,1164,40,50,9,2,28,1,2,25,2,12,2,1,4,5,19,150,0,29,57,164,238,20,31,110,139,122,86,39,108,78,310,1908,64,250,2,0,11,0,0,3,4,1,1,0,0,1,13,42,0,4,12,32,37,3,9,22,40,43,35,10,33,6,73,495,25,92,0,3,0,0,0,2,0,1,1,0,1,1,1,10,0,0
157377,0,29,NA,1,NA,8,28,23,12,NA,NA,0,61,226,12,24,0,9,NA,1,NA,3,24,1,2,NA,NA,0,33,86,4,2,0,0,NA,0,NA,0,0,0,0,NA,NA,0,0,0,0,0,0,26,NA,1,NA,6,19,16,11,NA,NA,0,47,172,8,14,0,0,NA,0,NA,0,1,0,0,NA,NA,0,3,6,0,2,0,1,NA,0,NA,1,6,6,1,NA,NA,0,8,35,3,5,0,1,NA,0,NA,0,1,0,0,NA,NA,0,1,4,0,1
157386,17,80,21,19,126,53,40,36,NA,46,47,43,138,940,24,78,16,9,18,3,49,28,22,9,NA,12,19,18,78,394,10,8,1,1,0,0,0,1,0,0,NA,0,0,0,1,5,1,0,15,74,20,17,114,49,29,33,NA,42,39,39,120,841,18,75,0,0,0,0,0,1,0,1,NA,0,1,0,1,10,0,0,1,2,1,2,7,1,4,0,NA,2,5,1,8,40,2,1,0,2,0,0,0,0,1,1,NA,1,1,0,4,12,0,0
157401,64,149,31,29,111,70,0,60,17,52,26,60,262,1561,55,182,56,24,25,2,45,24,0,8,7,3,15,27,91,549,19,21,0,0,1,1,0,0,0,2,0,0,1,2,1,14,1,2,55,129,26,21,86,59,0,43,13,38,18,51,132,1216,41,154,1,0,1,0,1,2,0,3,0,0,2,0,104,117,0,1,4,5,1,2,22,3,0,5,4,11,2,6,13,111,8,13,3,11,1,4,0,3,0,4,0,1,0,0,8,66,3,8
157447,143,123,0,32,56,135,NA,128,43,40,56,101,444,1931,128,378,125,9,0,4,17,38,NA,21,18,5,28,35,244,699,51,36,7,0,0,1,0,4,NA,1,0,0,1,2,12,36,1,4,111,113,0,26,39,105,NA,102,38,36,50,85,364,1584,107,310,12,0,0,0,1,3,NA,0,0,0,1,1,13,43,4,0,8,6,0,2,13,19,NA,19,5,3,3,8,34,187,13,44,2,2,0,1,0,1,NA,1,0,1,0,1,8,30,2,10
157535,4,24,NA,2,NA,40,3,28,17,7,0,6,42,219,18,19,3,9,NA,0,NA,9,2,9,11,1,0,5,29,96,10,3,0,0,NA,0,NA,1,0,0,0,0,0,0,1,3,0,1,3,23,NA,2,NA,39,2,19,13,5,0,3,27,170,10,17,0,0,NA,0,NA,0,0,0,0,0,0,0,8,10,1,0,0,1,NA,0,NA,0,1,7,4,1,0,3,6,29,6,0,0,0,NA,0,NA,0,0,2,0,0,0,0,0,2,0,0
157748,NA,4,NA,NA,17,NA,NA,NA,NA,NA,NA,NA,21,100,12,NA,NA,0,NA,NA,7,NA,NA,NA,NA,NA,NA,NA,13,48,3,NA,NA,0,NA,NA,0,NA,NA,NA,NA,NA,NA,NA,0,3,0,NA,NA,4,NA,NA,16,NA,NA,NA,NA,NA,NA,NA,18,91,12,NA,NA,0,NA,NA,1,NA,NA,NA,NA,NA,NA,NA,3,6,0,NA,NA,0,NA,NA,0,NA,NA,NA,NA,NA,NA,NA,0,0,0,NA,NA,0,NA,NA,0,NA,NA,NA,NA,NA,NA,NA,0,0,0,NA
157757,NA,8,NA,4,0,3,NA,19,4,11,0,6,26,163,4,73,NA,3,NA,2,0,2,NA,2,1,1,0,1,15,42,4,9,NA,0,NA,0,0,0,NA,0,0,0,0,0,1,1,0,0,NA,5,NA,3,0,3,NA,14,2,3,0,5,11,107,1,58,NA,0,NA,0,0,0,NA,0,0,0,0,0,2,2,0,0,NA,3,NA,1,0,0,NA,4,2,8,0,0,11,46,3,13,NA,0,NA,0,0,0,NA,0,0,0,0,0,0,1,0,1
157793,18,NA,NA,NA,NA,NA,NA,NA,4,NA,NA,0,87,109,NA,0,16,NA,NA,NA,NA,NA,NA,NA,1,NA,NA,0,38,55,NA,0,0,NA,NA,NA,NA,NA,NA,NA,0,NA,NA,0,0,0,NA,0,13,NA,NA,NA,NA,NA,NA,NA,2,NA,NA,0,60,75,NA,0,0,NA,NA,NA,NA,NA,NA,NA,0,NA,NA,0,1,1,NA,0,4,NA,NA,NA,NA,NA,NA,NA,0,NA,NA,0,14,18,NA,0,1,NA,NA,NA,NA,NA,NA,NA,1,NA,NA,0,3,5,NA,0
157809,7,23,NA,4,26,14,22,22,11,NA,5,13,75,281,9,27,7,4,NA,0,18,4,15,6,5,NA,5,4,50,135,3,3,0,0,NA,0,0,1,0,0,0,NA,0,0,0,1,0,0,6,19,NA,3,20,12,18,19,11,NA,3,10,60,227,7,23,0,0,NA,0,2,1,0,1,0,NA,0,1,3,9,0,1,1,0,NA,0,3,0,2,1,0,NA,1,0,7,22,1,0,0,2,NA,0,0,0,1,0,0,NA,0,1,2,10,0,3
157818,9,7,NA,3,3,30,23,19,NA,NA,19,13,49,207,4,NA,6,1,NA,1,1,7,6,3,NA,NA,4,7,33,84,3,NA,0,0,NA,0,0,3,2,0,NA,NA,1,0,1,11,0,NA,4,7,NA,2,1,23,18,17,NA,NA,12,11,40,161,4,NA,0,0,NA,0,0,0,0,0,NA,NA,0,0,0,1,0,NA,4,0,NA,1,2,2,2,1,NA,NA,5,2,4,24,0,NA,0,0,NA,0,0,1,0,1,NA,NA,0,0,0,2,0,NA
157863,NA,12,NA,3,21,7,40,8,6,0,3,0,40,188,4,40,NA,6,NA,2,7,5,23,2,4,0,1,0,28,95,2,12,NA,0,NA,0,0,0,0,0,0,0,0,0,0,0,0,0,NA,12,NA,1,15,7,23,6,6,0,1,0,22,132,2,34,NA,0,NA,0,1,0,4,2,0,0,0,0,10,21,1,2,NA,0,NA,1,5,0,12,0,0,0,0,0,7,28,1,2,NA,0,NA,0,0,0,0,0,0,0,1,0,1,3,0,1
157951,79,186,95,36,137,113,127,165,NA,89,192,140,550,2735,140,360,72,22,84,9,62,44,63,25,NA,9,62,49,295,1027,45,36,7,1,5,1,0,13,3,6,NA,0,4,4,14,83,3,10,60,172,78,32,102,83,88,127,NA,68,136,112,461,2189,118,293,1,0,5,0,2,1,2,0,NA,0,4,0,6,30,2,6,4,8,4,3,26,10,23,23,NA,19,31,18,53,310,11,39,2,0,0,0,1,1,3,0,NA,0,5,0,2,19,1,0
158802,6,NA,NA,3,NA,18,NA,14,19,5,13,30,29,182,9,28,4,NA,NA,1,NA,3,NA,1,3,1,0,11,9,42,3,2,0,NA,NA,0,NA,0,NA,0,0,0,0,0,0,0,0,0,0,NA,NA,0,NA,0,NA,0,0,0,0,0,0,0,0,0,0,NA,NA,0,NA,0,NA,0,0,0,0,0,1,1,0,0,6,NA,NA,3,NA,17,NA,11,19,5,12,29,26,171,9,26,0,NA,NA,0,NA,1,NA,3,0,0,1,1,0,8,0,2
159009,36,41,NA,3,42,76,22,34,87,32,14,18,102,624,26,13,19,14,NA,0,14,9,10,3,37,3,2,11,41,202,13,1,1,0,NA,0,0,0,0,0,0,0,0,0,0,1,0,0,1,0,NA,0,0,1,0,2,1,0,1,0,0,7,0,0,5,1,NA,0,2,3,0,2,2,0,0,0,7,33,2,4,29,36,NA,3,38,71,22,27,81,32,12,17,92,562,23,9,0,1,NA,0,1,0,0,0,0,0,0,1,0,3,0,0
159373,NA,NA,NA,NA,NA,NA,NA,NA,NA,NA,NA,NA,NA,321,NA,321,NA,NA,NA,NA,NA,NA,NA,NA,NA,NA,NA,NA,NA,46,NA,46,NA,NA,NA,NA,NA,NA,NA,NA,NA,NA,NA,NA,NA,29,NA,29,NA,NA,NA,NA,NA,NA,NA,NA,NA,NA,NA,NA,NA,206,NA,206,NA,NA,NA,NA,NA,NA,NA,NA,NA,NA,NA,NA,NA,2,NA,2,NA,NA,NA,NA,NA,NA,NA,NA,NA,NA,NA,NA,NA,72,NA,72,NA,NA,NA,NA,NA,NA,NA,NA,NA,NA,NA,NA,NA,3,NA,3
159382,15,10,NA,30,90,22,14,109,36,NA,NA,NA,160,710,15,143,13,0,NA,6,25,5,6,13,12,NA,NA,NA,51,181,6,15,0,0,NA,0,2,0,0,1,0,NA,NA,NA,2,13,1,4,9,10,NA,25,58,11,11,66,23,NA,NA,NA,104,445,12,79,0,0,NA,0,0,0,0,0,0,NA,NA,NA,0,0,0,0,2,0,NA,2,17,6,1,24,8,NA,NA,NA,29,130,1,28,4,0,NA,1,12,5,2,18,5,NA,NA,NA,23,116,1,31
159391,155,483,526,79,9,448,206,283,NA,28,415,245,1154,5349,332,72,129,117,383,23,3,138,146,48,NA,2,162,83,713,2364,67,1,25,20,45,0,0,56,2,15,NA,0,9,9,47,273,7,0,81,358,372,61,6,288,125,176,NA,19,241,158,889,3692,224,57,7,1,8,1,0,5,3,2,NA,0,8,4,13,73,6,0,33,88,82,11,1,81,66,75,NA,5,138,63,171,1101,81,15,5,3,7,1,0,8,2,3,NA,1,4,2,18,67,1,0
159416,23,13,NA,1,62,33,NA,50,15,NA,2,13,181,425,5,12,19,2,NA,0,20,16,NA,10,3,NA,0,2,77,167,2,6,0,0,NA,0,1,1,NA,2,0,NA,0,0,3,8,0,0,12,9,NA,1,31,16,NA,33,5,NA,1,7,113,246,4,6,1,0,NA,0,0,3,NA,0,2,NA,0,1,4,13,0,2,7,2,NA,0,20,5,NA,11,6,NA,1,4,48,110,0,3,1,1,NA,0,7,4,NA,3,1,NA,0,0,9,28,0,0
159647,68,39,220,13,NA,104,19,57,NA,NA,42,32,321,1521,30,151,60,6,169,4,NA,45,11,11,NA,NA,26,13,209,829,11,32,0,1,5,0,NA,0,0,0,NA,NA,0,0,6,16,0,3,47,38,170,11,NA,80,11,41,NA,NA,29,21,246,1164,21,122,2,0,6,0,NA,0,0,2,NA,NA,0,0,4,23,0,2,11,0,24,1,NA,14,5,9,NA,NA,11,6,42,199,8,14,4,0,9,1,NA,7,2,3,NA,NA,1,3,13,75,0,8
159656,23,6,NA,23,0,48,NA,77,NA,NA,87,133,89,624,51,30,14,4,NA,6,0,12,NA,7,NA,NA,16,55,45,193,10,4,2,0,NA,0,0,2,NA,2,NA,NA,2,2,3,18,1,1,8,4,NA,13,0,23,NA,43,NA,NA,39,63,39,296,23,14,1,0,NA,0,0,1,NA,0,NA,NA,0,5,12,22,2,1,10,2,NA,9,0,21,NA,27,NA,NA,39,53,27,240,20,12,1,0,NA,0,0,0,NA,1,NA,NA,1,7,3,14,0,0
159717,21,23,69,17,131,39,68,60,28,NA,31,31,169,998,25,207,19,2,56,5,50,12,24,4,7,NA,8,13,78,333,11,16,3,0,2,0,0,1,0,1,1,NA,1,0,2,15,0,1,13,20,48,13,88,29,40,34,14,NA,20,23,132,705,19,154,3,0,9,0,3,1,2,3,1,NA,0,1,12,48,0,9,1,2,5,4,37,6,21,16,11,NA,10,6,15,181,4,34,0,0,2,0,0,0,0,1,0,NA,0,0,3,11,1,1
159939,41,26,109,20,NA,83,19,54,NA,NA,36,53,191,780,NA,8,39,1,82,9,NA,31,9,13,NA,NA,12,23,93,381,NA,1,7,3,13,0,NA,14,2,4,NA,NA,0,4,25,77,NA,1,19,17,61,10,NA,38,4,31,NA,NA,19,27,97,400,NA,4,3,1,4,0,NA,2,0,0,NA,NA,1,0,3,19,NA,0,6,5,21,8,NA,22,8,15,NA,NA,14,17,52,214,NA,2,2,0,5,1,NA,3,2,3,NA,NA,1,1,5,27,NA,0
159948,NA,NA,NA,NA,NA,NA,NA,5,NA,NA,NA,NA,NA,88,NA,NA,NA,NA,NA,NA,NA,NA,NA,2,NA,NA,NA,NA,NA,76,NA,NA,NA,NA,NA,NA,NA,NA,NA,0,NA,NA,NA,NA,NA,3,NA,NA,NA,NA,NA,NA,NA,NA,NA,4,NA,NA,NA,NA,NA,25,NA,NA,NA,NA,NA,NA,NA,NA,NA,0,NA,NA,NA,NA,NA,0,NA,NA,NA,NA,NA,NA,NA,NA,NA,1,NA,NA,NA,NA,NA,15,NA,NA,NA,NA,NA,NA,NA,NA,NA,0,NA,NA,NA,NA,NA,45,NA,NA
159966,NA,52,4,15,NA,49,NA,78,14,NA,24,23,173,898,18,261,NA,4,4,4,NA,16,NA,10,5,NA,4,9,93,265,2,32,NA,0,0,0,NA,0,NA,0,0,NA,0,0,1,15,0,11,NA,45,3,10,NA,36,NA,49,7,NA,16,16,127,627,15,176,NA,2,0,1,NA,2,NA,0,0,NA,0,1,7,19,1,1,NA,2,1,3,NA,8,NA,26,6,NA,7,6,30,196,2,59,NA,2,0,1,NA,1,NA,1,1,NA,1,0,5,26,0,9
159993,26,58,NA,10,79,53,85,160,32,15,18,20,148,1066,21,286,17,4,NA,4,32,18,46,27,11,4,3,8,83,340,6,45,5,0,NA,0,0,4,0,1,1,1,0,1,0,24,0,10,9,48,NA,8,38,26,53,100,17,8,10,12,104,695,13,205,9,0,NA,0,6,0,4,1,0,0,0,0,11,39,0,4,3,6,NA,2,30,21,23,50,13,6,8,6,26,261,7,56,0,2,NA,0,2,1,2,3,0,0,0,0,3,21,1,6
160038,22,35,NA,11,116,66,25,118,56,43,NA,52,146,1229,27,431,16,12,NA,2,38,18,9,19,18,6,NA,15,52,314,13,65,0,0,NA,0,0,0,0,1,0,0,NA,0,1,8,0,6,12,27,NA,8,63,39,14,50,29,26,NA,33,92,725,14,276,1,0,NA,0,0,0,1,0,0,1,NA,6,5,20,2,3,6,4,NA,2,49,18,10,53,24,13,NA,13,40,396,11,121,1,1,NA,0,2,4,0,4,0,0,NA,0,1,32,0,17
160074,NA,NA,NA,NA,0,2,NA,7,NA,NA,NA,NA,2,168,NA,155,NA,NA,NA,NA,0,0,NA,1,NA,NA,NA,NA,2,24,NA,19,NA,NA,NA,NA,0,0,NA,0,NA,NA,NA,NA,0,3,NA,3,NA,NA,NA,NA,0,2,NA,4,NA,NA,NA,NA,2,119,NA,109,NA,NA,NA,NA,0,0,NA,0,NA,NA,NA,NA,0,0,NA,0,NA,NA,NA,NA,0,0,NA,3,NA,NA,NA,NA,0,42,NA,39,NA,NA,NA,NA,0,0,NA,0,NA,NA,NA,NA,0,4,NA,4
160612,57,80,NA,24,223,96,87,97,67,32,19,68,386,1715,48,289,45,6,NA,6,75,27,31,15,31,4,6,17,183,587,21,37,1,0,NA,0,2,3,0,0,0,0,0,0,5,16,0,3,33,64,NA,19,147,76,55,64,47,18,11,43,290,1216,29,219,3,0,NA,0,2,0,2,1,0,0,0,2,2,16,1,2,16,14,NA,4,59,16,25,28,16,10,6,18,80,395,17,53,2,0,NA,1,1,1,0,0,0,1,0,1,1,11,0,1
160621,20,16,56,8,NA,37,NA,42,82,23,39,13,108,756,35,176,15,0,34,1,NA,5,NA,7,22,1,13,13,38,210,14,18,0,0,0,0,NA,1,NA,0,0,0,0,0,0,3,0,2,0,0,0,0,NA,0,NA,1,2,0,1,0,1,9,0,2,0,0,1,0,NA,1,NA,0,2,0,0,0,0,7,0,2,19,16,53,8,NA,33,NA,38,74,21,36,13,104,708,34,165,0,0,1,0,NA,0,NA,2,4,2,1,0,0,15,1,2
160630,6,16,NA,3,19,15,NA,29,35,17,NA,NA,25,195,NA,11,3,1,NA,3,1,4,NA,3,7,2,NA,NA,5,32,NA,0,0,0,NA,0,0,0,NA,0,0,0,NA,NA,0,0,NA,0,0,1,NA,0,0,0,NA,0,0,0,NA,NA,0,1,NA,0,0,0,NA,0,0,0,NA,0,0,0,NA,NA,0,0,NA,0,6,15,NA,3,19,13,NA,29,34,17,NA,NA,24,188,NA,11,0,0,NA,0,0,1,NA,0,0,0,NA,NA,0,3,NA,0
160658,86,242,207,37,354,128,NA,121,46,NA,51,92,316,2269,49,344,77,88,168,6,134,42,NA,30,14,NA,15,38,178,943,14,32,7,4,6,2,6,3,NA,0,1,NA,0,2,7,54,1,10,54,159,163,27,183,77,NA,78,27,NA,32,65,235,1473,24,225,0,2,1,0,3,0,NA,0,0,NA,0,0,5,15,1,0,17,56,25,7,139,39,NA,34,14,NA,17,21,58,578,22,84,3,9,8,0,13,4,NA,4,1,NA,1,3,4,77,1,15
160755,15,15,55,29,5,199,13,172,13,NA,295,81,604,2022,117,166,10,0,31,9,0,68,4,35,8,NA,105,29,348,807,25,32,1,0,4,1,0,34,0,7,1,NA,14,2,24,113,1,12,7,13,39,25,4,124,9,134,8,NA,204,54,399,1377,90,106,1,0,3,0,0,5,0,9,0,NA,5,2,81,134,4,4,5,1,7,3,1,24,3,17,3,NA,48,18,74,291,15,33,0,1,0,0,0,2,0,1,0,NA,4,2,5,19,2,1
160904,10,4,0,5,NA,156,NA,55,NA,NA,30,6,47,451,18,77,6,2,0,2,NA,29,NA,7,NA,NA,9,2,26,109,5,6,1,0,0,0,NA,9,NA,1,NA,NA,0,0,0,14,0,3,0,0,0,0,NA,2,NA,0,NA,NA,0,1,1,7,0,2,0,0,0,0,NA,2,NA,1,NA,NA,0,0,3,8,0,0,9,4,0,4,NA,135,NA,51,NA,NA,29,5,43,405,18,69,0,0,0,0,NA,3,NA,0,NA,NA,0,0,0,6,0,2
160977,NA,NA,1,21,NA,92,NA,46,NA,NA,124,15,NA,433,NA,NA,NA,NA,1,7,NA,33,NA,15,NA,NA,75,7,NA,211,NA,NA,NA,NA,0,2,NA,4,NA,2,NA,NA,6,0,NA,21,NA,NA,NA,NA,1,12,NA,56,NA,30,NA,NA,81,11,NA,284,NA,NA,NA,NA,0,1,NA,8,NA,5,NA,NA,9,1,NA,34,NA,NA,NA,NA,0,6,NA,16,NA,7,NA,NA,18,1,NA,60,NA,NA,NA,NA,0,0,NA,0,NA,0,NA,NA,0,0,NA,1,NA,NA
161004,33,0,NA,23,NA,93,NA,20,NA,NA,151,20,NA,482,NA,NA,23,0,NA,6,NA,39,NA,3,NA,NA,94,6,NA,233,NA,NA,6,0,NA,1,NA,11,NA,2,NA,NA,16,2,NA,47,NA,NA,19,0,NA,15,NA,51,NA,12,NA,NA,85,14,NA,284,NA,NA,2,0,NA,0,NA,5,NA,0,NA,NA,9,1,NA,29,NA,NA,5,0,NA,3,NA,11,NA,5,NA,NA,29,2,NA,74,NA,NA,0,0,NA,0,NA,0,NA,0,NA,NA,0,0,NA,2,NA,NA
161086,35,8,NA,22,NA,61,NA,64,NA,NA,156,19,NA,532,NA,NA,22,4,NA,10,NA,25,NA,20,NA,NA,107,5,NA,273,NA,NA,1,0,NA,2,NA,9,NA,4,NA,NA,14,4,NA,59,NA,NA,16,7,NA,16,NA,32,NA,37,NA,NA,100,10,NA,312,NA,NA,14,0,NA,0,NA,6,NA,4,NA,NA,10,1,NA,53,NA,NA,2,1,NA,1,NA,6,NA,11,NA,NA,16,2,NA,56,NA,NA,0,0,NA,1,NA,2,NA,4,NA,NA,11,0,NA,24,NA,NA
161217,32,19,NA,4,113,9,NA,NA,14,3,7,18,25,453,NA,140,24,4,NA,0,29,3,NA,NA,2,0,0,10,5,101,NA,10,0,0,NA,0,0,0,NA,NA,0,0,0,0,1,2,NA,1,21,17,NA,4,95,8,NA,NA,12,2,7,12,17,376,NA,122,0,0,NA,0,0,0,NA,NA,0,0,0,0,0,0,NA,0,9,1,NA,0,11,0,NA,NA,0,0,0,5,3,40,NA,6,1,1,NA,0,4,1,NA,NA,2,0,0,0,2,21,NA,6
161226,9,107,NA,18,21,14,NA,28,NA,NA,18,13,20,287,NA,18,8,18,NA,3,6,5,NA,5,NA,NA,11,4,16,90,NA,4,1,1,NA,0,0,0,NA,0,NA,NA,0,0,0,3,NA,1,7,98,NA,17,19,12,NA,22,NA,NA,16,11,18,253,NA,14,1,0,NA,0,0,0,NA,0,NA,NA,0,0,0,1,NA,0,0,3,NA,0,1,2,NA,5,NA,NA,2,1,0,17,NA,2,0,3,NA,1,1,0,NA,1,NA,NA,0,1,1,10,NA,1
161235,2,NA,NA,NA,7,0,NA,NA,7,3,NA,NA,15,192,NA,151,2,NA,NA,NA,4,0,NA,NA,2,2,NA,NA,9,44,NA,25,0,NA,NA,NA,0,0,NA,NA,0,0,NA,NA,0,1,NA,1,1,NA,NA,NA,2,0,NA,NA,4,3,NA,NA,7,134,NA,112,1,NA,NA,NA,2,0,NA,NA,0,0,NA,NA,4,15,NA,8,0,NA,NA,NA,3,0,NA,NA,1,0,NA,NA,3,28,NA,20,0,NA,NA,NA,0,0,NA,NA,1,0,NA,NA,0,7,NA,5
161253,46,161,228,21,42,124,19,97,NA,31,103,36,249,1757,62,93,38,52,171,3,13,42,16,25,NA,2,46,14,164,850,30,13,2,3,2,0,0,6,0,3,NA,0,2,1,5,37,0,3,38,141,199,17,33,101,16,76,NA,28,83,29,204,1475,51,80,1,4,5,1,1,5,2,3,NA,0,2,0,10,43,1,0,4,6,13,1,5,7,1,8,NA,0,9,3,15,108,3,3,1,4,1,1,2,1,0,2,NA,1,2,3,5,30,0,1
161341,3,24,NA,9,237,2,8,32,16,3,35,3,210,605,NA,NA,3,8,NA,3,134,1,3,11,13,1,21,1,134,351,NA,NA,0,0,NA,0,13,0,0,1,0,0,0,0,11,26,NA,NA,2,15,NA,6,93,2,6,19,9,1,18,3,109,296,NA,NA,1,6,NA,0,33,0,0,3,1,2,2,0,40,90,NA,NA,0,1,NA,2,74,0,2,6,5,0,10,0,36,141,NA,NA,0,2,NA,1,13,0,0,2,1,0,4,0,7,30,NA,NA
161457,NA,23,NA,1,0,139,40,15,NA,5,6,1,17,522,NA,221,NA,4,NA,0,0,39,21,0,NA,1,1,1,15,150,NA,44,NA,1,NA,0,0,14,0,0,NA,0,0,0,0,19,NA,3,NA,18,NA,1,0,117,38,14,NA,5,5,1,17,462,NA,195,NA,0,NA,0,0,0,0,0,NA,0,1,0,0,1,NA,0,NA,1,NA,0,0,3,1,1,NA,0,0,0,0,18,NA,12,NA,3,NA,0,0,2,0,0,NA,0,0,0,0,10,NA,5
161518,NA,18,NA,NA,6,14,35,9,6,10,0,1,34,239,1,89,NA,5,NA,NA,2,6,22,2,2,0,0,1,28,94,1,13,NA,0,NA,NA,0,0,0,0,0,0,0,0,0,1,0,0,NA,14,NA,NA,5,11,34,7,6,8,0,0,30,196,1,71,NA,0,NA,NA,0,0,0,0,0,0,0,0,0,0,0,0,NA,0,NA,NA,1,0,1,0,0,1,0,0,3,16,0,7,NA,2,NA,NA,0,1,0,1,0,0,0,0,1,14,0,6
161554,32,38,27,29,10,31,12,49,6,23,155,40,178,1015,39,257,28,12,22,9,2,8,5,11,5,1,36,11,104,355,17,36,1,2,1,1,0,0,1,1,1,0,1,0,2,22,1,8,24,34,18,24,10,23,8,37,3,16,119,37,138,794,32,198,2,0,0,0,0,0,0,1,0,0,0,0,2,10,0,4,5,1,6,3,0,6,2,4,2,5,26,2,26,128,3,29,0,1,0,1,0,0,0,1,0,0,6,1,5,27,1,6
161563,14,17,NA,2,0,NA,6,18,14,NA,4,NA,49,150,7,6,13,1,NA,1,0,NA,6,2,5,NA,3,NA,34,76,4,1,0,0,NA,0,0,NA,0,0,0,NA,0,NA,0,0,0,0,12,15,NA,2,0,NA,5,15,11,NA,3,NA,44,130,6,6,0,0,NA,0,0,NA,0,0,0,NA,0,NA,0,0,0,0,1,0,NA,0,0,NA,1,1,2,NA,0,NA,1,7,1,0,1,1,NA,0,0,NA,0,0,0,NA,0,NA,3,6,0,0
161572,NA,NA,NA,NA,NA,126,0,NA,NA,2,6,1,0,317,0,1,NA,NA,NA,NA,NA,34,0,NA,NA,0,5,0,0,74,0,0,NA,NA,NA,NA,NA,2,0,NA,NA,0,0,0,0,5,0,0,NA,NA,NA,NA,NA,89,0,NA,NA,2,5,0,0,224,0,1,NA,NA,NA,NA,NA,1,0,NA,NA,0,0,0,0,1,0,0,NA,NA,NA,NA,NA,11,0,NA,NA,0,1,0,0,38,0,0,NA,NA,NA,NA,NA,15,0,NA,NA,0,0,1,0,35,0,0
161873,16,NA,NA,6,NA,NA,0,34,39,29,14,3,89,340,10,20,13,NA,NA,0,NA,NA,0,7,9,11,7,1,36,129,4,2,1,NA,NA,0,NA,NA,0,3,3,0,0,0,7,21,0,3,3,NA,NA,2,NA,NA,0,10,15,7,7,2,26,107,2,3,4,NA,NA,0,NA,NA,0,0,1,0,0,0,2,10,1,1,8,NA,NA,3,NA,NA,0,19,13,18,6,1,47,174,5,12,0,NA,NA,0,NA,NA,0,1,2,4,0,0,4,12,0,0
162007,96,30,NA,7,0,52,24,84,89,16,34,51,124,757,NA,23,68,1,NA,4,0,10,22,13,33,2,12,25,59,304,NA,2,6,0,NA,0,0,2,0,0,1,0,0,1,4,17,NA,1,0,7,NA,2,0,1,0,2,1,1,0,0,1,17,NA,0,4,0,NA,0,0,1,0,1,0,0,0,0,7,14,NA,0,81,20,NA,5,0,44,21,79,85,15,29,45,105,664,NA,21,2,2,NA,0,0,3,3,1,0,0,1,2,3,21,NA,0
162061,22,NA,21,NA,NA,NA,0,NA,0,NA,NA,NA,1,48,NA,0,17,NA,17,NA,NA,NA,0,NA,0,NA,NA,NA,0,38,NA,0,2,NA,0,NA,NA,NA,0,NA,0,NA,NA,NA,0,3,NA,0,6,NA,13,NA,NA,NA,0,NA,0,NA,NA,NA,0,21,NA,0,0,NA,0,NA,NA,NA,0,NA,0,NA,NA,NA,0,0,NA,0,7,NA,5,NA,NA,NA,0,NA,0,NA,NA,NA,1,13,NA,0,5,NA,3,NA,NA,NA,0,NA,0,NA,NA,NA,0,9,NA,0
162283,8,12,NA,2,24,12,6,24,36,26,13,11,32,296,NA,86,3,0,NA,0,10,2,2,2,6,5,6,5,10,59,NA,5,0,0,NA,0,0,0,0,0,0,0,0,0,0,0,NA,0,0,0,NA,0,1,0,0,2,0,0,0,1,0,6,NA,1,1,0,NA,0,5,2,3,3,0,1,2,0,1,28,NA,10,7,12,NA,2,18,8,3,19,31,25,10,9,27,244,NA,70,0,0,NA,0,0,2,0,0,3,0,1,1,3,12,NA,2
162584,71,57,11,9,48,30,44,58,33,11,177,24,63,818,23,128,56,11,9,2,25,16,26,10,10,1,83,9,41,351,14,19,2,0,1,0,0,0,1,0,0,0,0,1,1,12,0,6,28,51,7,8,23,28,25,31,24,8,16,16,38,419,11,79,1,0,0,0,1,0,0,0,0,0,150,0,1,153,0,0,36,5,3,1,24,1,14,19,6,3,9,5,19,197,12,37,0,0,0,0,0,0,0,1,1,0,1,0,2,7,0,2
162654,3,6,3,17,NA,13,NA,25,0,NA,31,7,16,170,12,0,2,0,2,4,NA,2,NA,4,0,NA,8,2,9,46,4,0,0,1,0,0,NA,0,NA,0,0,NA,0,1,2,10,4,0,1,1,0,13,NA,6,NA,13,0,NA,17,1,4,73,3,0,0,0,1,0,NA,0,NA,0,0,NA,0,0,1,3,0,0,1,2,1,2,NA,6,NA,9,0,NA,8,4,6,51,2,0,0,2,1,2,NA,1,NA,3,0,NA,6,1,3,32,3,0
162760,11,20,NA,10,NA,19,NA,22,12,11,14,10,42,270,22,45,7,0,NA,3,NA,2,NA,3,5,0,9,2,24,91,14,6,1,0,NA,0,NA,1,NA,1,0,1,0,0,1,7,0,1,6,17,NA,9,NA,9,NA,10,6,5,11,6,25,166,17,22,1,0,NA,0,NA,1,NA,1,0,0,0,0,0,3,0,0,2,3,NA,0,NA,7,NA,7,4,4,2,4,14,77,4,20,0,0,NA,0,NA,1,NA,0,0,0,1,0,0,3,0,0
162928,138,0,260,24,0,347,NA,39,NA,NA,127,95,0,1344,NA,108,89,0,143,5,0,150,NA,11,NA,NA,71,50,0,642,NA,33,46,0,101,4,0,120,NA,9,NA,NA,23,17,0,420,NA,43,20,0,64,10,0,53,NA,9,NA,NA,53,40,0,321,NA,22,32,0,25,1,0,37,NA,4,NA,NA,22,18,0,180,NA,6,31,0,55,7,0,117,NA,13,NA,NA,26,14,0,346,NA,31,2,0,2,1,0,1,NA,0,NA,NA,0,2,0,10,NA,0
163046,57,31,27,25,NA,78,NA,74,26,NA,58,6,254,815,68,37,34,3,21,7,NA,13,NA,14,3,NA,17,1,161,318,18,0,5,0,0,0,NA,6,NA,2,0,NA,2,0,11,34,2,2,37,28,20,20,NA,41,NA,48,17,NA,35,6,190,568,51,29,0,0,2,1,NA,2,NA,0,1,NA,1,0,7,15,1,0,14,0,4,2,NA,23,NA,18,5,NA,18,0,36,156,12,4,0,0,0,0,NA,0,NA,1,0,NA,0,0,3,5,1,0
163204,3193,NA,NA,90,34,23,NA,661,384,49,296,NA,2343,8400,161,362,2430,NA,NA,26,11,10,NA,130,182,37,106,NA,1118,4560,62,71,248,NA,NA,1,0,1,NA,21,6,1,14,NA,121,494,5,33,1122,NA,NA,50,18,4,NA,262,143,28,119,NA,887,3166,69,95,31,NA,NA,0,2,0,NA,9,4,0,1,NA,36,102,2,7,1277,NA,NA,21,7,12,NA,262,171,11,119,NA,915,3283,59,175,374,NA,NA,16,5,4,NA,72,43,9,28,NA,290,995,19,43
163259,NA,NA,NA,NA,NA,NA,NA,NA,NA,NA,NA,NA,NA,433,NA,433,NA,NA,NA,NA,NA,NA,NA,NA,NA,NA,NA,NA,NA,76,NA,76,NA,NA,NA,NA,NA,NA,NA,NA,NA,NA,NA,NA,NA,84,NA,84,NA,NA,NA,NA,NA,NA,NA,NA,NA,NA,NA,NA,NA,132,NA,132,NA,NA,NA,NA,NA,NA,NA,NA,NA,NA,NA,NA,NA,12,NA,12,NA,NA,NA,NA,NA,NA,NA,NA,NA,NA,NA,NA,NA,183,NA,183,NA,NA,NA,NA,NA,NA,NA,NA,NA,NA,NA,NA,NA,3,NA,3
163268,604,0,179,36,NA,359,NA,286,NA,83,220,116,6,2263,38,59,455,0,148,12,NA,125,NA,66,NA,18,131,45,0,1171,19,14,186,0,18,5,NA,127,NA,52,NA,6,42,18,1,514,3,19,205,0,103,15,NA,82,NA,94,NA,30,88,50,3,828,10,9,29,0,8,1,NA,28,NA,12,NA,0,12,4,0,98,3,0,149,0,44,13,NA,100,NA,108,NA,35,56,33,1,655,14,28,7,0,2,0,NA,5,NA,5,NA,4,7,1,0,38,1,0
163286,1678,109,917,103,NA,689,179,428,NA,93,934,169,986,8036,361,439,1207,17,707,27,NA,235,73,68,NA,37,427,45,501,4012,125,58,676,11,216,14,NA,172,28,76,NA,9,124,28,186,1815,33,104,433,68,446,48,NA,287,82,209,NA,44,451,82,505,3472,204,143,75,0,17,1,NA,13,2,3,NA,2,30,1,32,227,4,8,326,21,141,30,NA,150,48,105,NA,27,254,39,187,1776,90,150,89,4,48,5,NA,30,6,8,NA,4,25,6,37,323,13,11
163295,NA,0,NA,NA,NA,NA,NA,NA,NA,NA,NA,245,NA,352,65,NA,NA,0,NA,NA,NA,NA,NA,NA,NA,NA,NA,44,NA,78,22,NA,NA,0,NA,NA,NA,NA,NA,NA,NA,NA,NA,24,NA,44,14,NA,NA,0,NA,NA,NA,NA,NA,NA,NA,NA,NA,87,NA,105,5,NA,NA,0,NA,NA,NA,NA,NA,NA,NA,NA,NA,47,NA,89,37,NA,NA,0,NA,NA,NA,NA,NA,NA,NA,NA,NA,59,NA,77,6,NA,NA,0,NA,NA,NA,NA,NA,NA,NA,NA,NA,7,NA,7,0,NA
163338,8,1,16,4,NA,32,20,12,23,NA,11,5,52,276,NA,10,7,0,12,2,NA,7,8,3,4,NA,4,2,26,112,NA,1,0,0,1,0,NA,0,0,0,0,NA,0,0,2,5,NA,0,0,0,2,0,NA,2,2,0,2,NA,0,0,6,29,NA,0,1,0,1,1,NA,1,0,0,0,NA,0,0,3,9,NA,0,7,0,11,3,NA,26,17,12,18,NA,10,3,39,214,NA,10,0,0,1,0,NA,0,0,0,2,NA,0,2,1,10,NA,0
163453,75,44,84,2,97,55,NA,77,NA,30,59,19,193,936,50,51,50,6,65,2,31,9,NA,10,NA,6,13,10,74,336,18,8,0,1,1,0,0,1,NA,0,NA,0,0,0,0,5,0,1,0,0,4,0,4,0,NA,0,NA,0,1,1,4,17,1,1,5,0,14,0,1,3,NA,4,NA,2,1,0,8,45,0,4,64,39,62,2,84,46,NA,66,NA,26,50,17,169,801,45,41,5,4,1,0,3,4,NA,3,NA,1,1,1,11,38,0,1
163462,47,26,NA,11,NA,44,19,23,NA,NA,62,9,124,481,16,26,31,5,NA,2,NA,9,12,5,NA,NA,20,2,77,201,5,4,3,1,NA,1,NA,5,1,0,NA,NA,0,0,2,15,0,0,21,20,NA,8,NA,19,8,13,NA,NA,30,4,75,272,10,12,1,0,NA,0,NA,1,3,0,NA,NA,1,0,5,15,0,2,21,2,NA,1,NA,15,5,8,NA,NA,28,4,35,147,4,9,1,1,NA,0,NA,0,1,1,NA,NA,0,0,4,11,0,2
163578,0,NA,NA,1,36,4,NA,3,NA,NA,4,2,6,194,4,131,0,NA,NA,0,0,0,NA,0,NA,NA,0,0,0,10,0,10,0,NA,NA,0,3,0,NA,0,NA,NA,0,0,0,18,0,15,0,NA,NA,1,18,1,NA,0,NA,NA,1,2,3,76,0,50,0,NA,NA,0,1,0,NA,0,NA,NA,1,0,0,13,0,11,0,NA,NA,0,12,1,NA,0,NA,NA,0,0,1,65,3,48,0,NA,NA,0,2,1,NA,2,NA,NA,2,0,2,14,1,2
163851,84,138,NA,27,45,82,106,106,NA,99,56,44,258,1468,111,158,74,32,NA,15,17,27,55,14,NA,12,28,18,183,647,68,25,4,4,NA,2,3,9,4,3,NA,3,2,1,7,63,7,9,57,114,NA,19,22,53,70,77,NA,60,37,31,203,1049,80,110,0,0,NA,0,0,1,2,0,NA,1,2,2,8,22,0,5,19,16,NA,6,15,14,23,19,NA,29,14,7,30,260,22,24,3,3,NA,0,2,2,2,3,NA,0,1,2,6,32,1,4
163912,19,NA,NA,20,NA,63,NA,51,NA,6,75,24,5,336,NA,NA,15,NA,NA,6,NA,11,NA,8,NA,1,39,8,2,121,NA,NA,2,NA,NA,0,NA,3,NA,1,NA,0,1,3,0,12,NA,NA,11,NA,NA,16,NA,46,NA,34,NA,6,53,17,5,249,NA,NA,0,NA,NA,0,NA,0,NA,0,NA,0,1,0,0,1,NA,NA,4,NA,NA,3,NA,11,NA,11,NA,0,17,3,0,55,NA,NA,0,NA,NA,0,NA,2,NA,2,NA,0,2,0,0,8,NA,NA
164076,420,319,NA,61,NA,187,255,352,NA,72,361,191,603,3986,411,487,304,48,NA,17,NA,48,141,55,NA,4,163,69,347,1587,208,61,67,13,NA,3,NA,23,18,19,NA,2,15,13,61,312,16,47,133,203,NA,27,NA,68,144,164,NA,34,168,102,321,1955,207,212,10,1,NA,0,NA,2,2,2,NA,0,1,1,7,37,2,7,185,85,NA,26,NA,84,80,144,NA,32,145,62,183,1441,156,194,3,3,NA,0,NA,0,3,2,NA,0,2,2,5,27,2,4
164155,44,NA,439,56,6,NA,NA,NA,NA,NA,199,NA,NA,1054,NA,NA,32,NA,327,26,5,NA,NA,NA,NA,NA,147,NA,NA,736,NA,NA,7,NA,43,3,0,NA,NA,NA,NA,NA,9,NA,NA,79,NA,NA,24,NA,292,37,2,NA,NA,NA,NA,NA,134,NA,NA,669,NA,NA,0,NA,3,0,0,NA,NA,NA,NA,NA,1,NA,NA,13,NA,NA,10,NA,63,10,4,NA,NA,NA,NA,NA,36,NA,NA,189,NA,NA,1,NA,6,2,0,NA,NA,NA,NA,NA,1,NA,NA,13,NA,NA
164173,65,31,3,10,NA,44,NA,40,45,NA,NA,41,130,681,21,184,45,4,1,5,NA,12,NA,8,24,NA,NA,17,84,242,13,11,1,2,0,0,NA,2,NA,3,1,NA,NA,2,5,33,1,14,37,18,1,4,NA,18,NA,18,31,NA,NA,18,80,368,13,97,3,0,1,0,NA,0,NA,0,0,NA,NA,0,3,9,1,0,20,8,0,3,NA,18,NA,13,8,NA,NA,19,36,212,5,56,2,0,0,3,NA,0,NA,0,0,NA,NA,0,1,16,0,6
164270,6,14,NA,12,NA,37,39,39,17,18,29,27,51,393,28,13,5,2,NA,1,NA,14,20,4,3,1,9,9,31,146,18,1,0,0,NA,0,NA,1,0,0,0,0,1,2,0,9,2,0,3,9,NA,11,NA,16,25,27,6,8,14,15,33,228,13,6,1,0,NA,0,NA,0,0,0,0,0,0,0,0,1,0,0,2,3,NA,1,NA,20,13,11,11,8,11,7,13,128,8,6,0,1,NA,0,NA,0,1,0,0,2,3,1,0,12,3,0
164368,NA,NA,NA,NA,NA,NA,NA,NA,NA,NA,NA,NA,165,165,NA,NA,NA,NA,NA,NA,NA,NA,NA,NA,NA,NA,NA,NA,107,107,NA,NA,NA,NA,NA,NA,NA,NA,NA,NA,NA,NA,NA,NA,1,1,NA,NA,NA,NA,NA,NA,NA,NA,NA,NA,NA,NA,NA,NA,4,4,NA,NA,NA,NA,NA,NA,NA,NA,NA,NA,NA,NA,NA,NA,135,135,NA,NA,NA,NA,NA,NA,NA,NA,NA,NA,NA,NA,NA,NA,11,11,NA,NA,NA,NA,NA,NA,NA,NA,NA,NA,NA,NA,NA,NA,13,13,NA,NA
164447,NA,1,NA,0,5,2,20,13,20,0,14,1,32,213,8,90,NA,0,NA,0,3,0,16,1,9,0,7,1,18,73,5,10,NA,0,NA,0,0,0,1,0,0,0,0,0,0,2,0,1,NA,1,NA,0,4,2,6,5,4,0,5,0,10,91,1,52,NA,0,NA,0,0,0,2,1,1,0,1,0,7,12,0,0,NA,0,NA,0,1,0,9,7,12,0,8,1,11,87,6,26,NA,0,NA,0,0,0,1,0,2,0,0,0,1,9,0,5
164465,48,9,NA,26,NA,77,NA,26,NA,NA,100,19,NA,486,NA,NA,37,2,NA,13,NA,28,NA,11,NA,NA,57,8,NA,250,NA,NA,11,1,NA,4,NA,20,NA,2,NA,NA,13,1,NA,79,NA,NA,13,3,NA,11,NA,20,NA,13,NA,NA,49,8,NA,181,NA,NA,15,0,NA,3,NA,8,NA,2,NA,NA,14,1,NA,60,NA,NA,7,5,NA,5,NA,22,NA,9,NA,NA,19,6,NA,126,NA,NA,1,0,NA,1,NA,2,NA,0,NA,NA,2,0,NA,10,NA,NA
164492,NA,3,NA,1,5,NA,NA,8,107,12,1,7,36,216,0,36,NA,0,NA,1,2,NA,NA,1,82,0,0,4,27,125,0,8,NA,0,NA,0,0,NA,NA,0,2,0,0,0,1,4,0,1,NA,3,NA,0,3,NA,NA,4,77,5,0,6,18,137,0,21,NA,0,NA,0,0,NA,NA,0,0,1,0,0,7,11,0,3,NA,0,NA,1,1,NA,NA,4,11,3,1,1,7,37,0,8,NA,0,NA,0,1,NA,NA,0,16,2,0,0,2,22,0,1
164562,25,0,NA,16,NA,26,NA,33,NA,NA,43,9,123,439,23,111,20,0,NA,2,NA,9,NA,8,NA,NA,27,4,83,194,13,14,2,0,NA,0,NA,2,NA,1,NA,NA,0,1,5,17,0,5,17,0,NA,15,NA,18,NA,24,NA,NA,28,7,89,318,13,81,0,0,NA,0,NA,0,NA,0,NA,NA,1,0,4,6,1,0,4,0,NA,1,NA,6,NA,5,NA,NA,11,0,16,68,6,18,2,0,NA,0,NA,0,NA,2,NA,NA,1,0,6,16,0,3
164580,NA,NA,NA,NA,NA,NA,NA,NA,NA,NA,NA,NA,721,721,NA,NA,NA,NA,NA,NA,NA,NA,NA,NA,NA,NA,NA,NA,425,425,NA,NA,NA,NA,NA,NA,NA,NA,NA,NA,NA,NA,NA,NA,92,92,NA,NA,NA,NA,NA,NA,NA,NA,NA,NA,NA,NA,NA,NA,235,235,NA,NA,NA,NA,NA,NA,NA,NA,NA,NA,NA,NA,NA,NA,205,205,NA,NA,NA,NA,NA,NA,NA,NA,NA,NA,NA,NA,NA,NA,133,133,NA,NA,NA,NA,NA,NA,NA,NA,NA,NA,NA,NA,NA,NA,40,40,NA,NA
164632,10,42,NA,NA,16,20,NA,75,18,NA,NA,5,59,292,NA,33,0,0,NA,NA,0,0,NA,0,0,NA,NA,0,0,0,NA,0,0,0,NA,NA,1,2,NA,2,0,NA,NA,0,2,10,NA,2,5,21,NA,NA,10,7,NA,37,9,NA,NA,2,28,138,NA,13,0,0,NA,NA,0,1,NA,1,0,NA,NA,0,0,2,NA,0,5,18,NA,NA,2,7,NA,26,7,NA,NA,1,19,103,NA,13,0,2,NA,NA,3,3,NA,9,2,NA,NA,2,9,37,NA,5
164739,47,NA,NA,0,0,NA,NA,NA,NA,3,13,NA,849,921,0,3,31,NA,NA,0,0,NA,NA,NA,NA,1,9,NA,501,543,0,0,5,NA,NA,0,0,NA,NA,NA,NA,0,0,NA,87,92,0,0,24,NA,NA,0,0,NA,NA,NA,NA,3,6,NA,497,537,0,2,5,NA,NA,0,0,NA,NA,NA,NA,0,7,NA,106,118,0,0,13,NA,NA,0,0,NA,NA,NA,NA,0,0,NA,123,137,0,1,0,NA,NA,0,0,NA,NA,NA,NA,0,0,NA,9,10,0,0
164748,365,15,NA,NA,NA,NA,NA,NA,NA,NA,NA,929,NA,1513,NA,29,248,8,NA,NA,NA,NA,NA,NA,NA,NA,NA,456,NA,848,NA,5,35,2,NA,NA,NA,NA,NA,NA,NA,NA,NA,60,NA,111,NA,4,124,4,NA,NA,NA,NA,NA,NA,NA,NA,NA,413,NA,640,NA,13,145,3,NA,NA,NA,NA,NA,NA,NA,NA,NA,216,NA,404,NA,2,46,2,NA,NA,NA,NA,NA,NA,NA,NA,NA,160,NA,243,NA,8,4,2,NA,NA,NA,NA,NA,NA,NA,NA,NA,24,NA,37,NA,1
164924,147,22,NA,56,7,312,NA,238,6,NA,471,27,566,2391,172,96,98,3,NA,21,5,103,NA,32,5,NA,278,5,398,1113,48,4,36,0,NA,1,1,43,NA,22,1,NA,31,2,68,248,5,15,52,17,NA,43,5,174,NA,144,4,NA,282,17,342,1416,108,66,21,0,NA,0,0,17,NA,19,0,NA,60,2,46,201,22,0,23,4,NA,8,0,51,NA,40,1,NA,66,5,69,350,23,11,8,0,NA,0,1,9,NA,5,0,NA,17,0,18,73,9,2
164988,361,62,354,43,0,569,NA,313,3,1,589,156,768,4505,598,236,256,5,233,6,0,174,NA,59,2,0,240,40,380,1810,165,51,107,12,87,2,0,164,NA,34,0,0,82,20,202,918,77,67,70,25,100,30,0,205,NA,120,2,0,208,87,231,1588,249,105,118,12,71,0,0,49,NA,73,0,0,166,10,229,1033,154,10,42,10,69,9,0,100,NA,65,1,1,102,21,66,649,83,32,19,1,17,1,0,23,NA,6,0,0,11,8,27,162,16,10
165015,51,6,NA,20,NA,138,NA,65,NA,70,137,29,57,753,NA,NA,34,1,NA,3,NA,49,NA,15,NA,16,72,10,39,324,NA,NA,11,2,NA,1,NA,42,NA,7,NA,13,18,0,12,126,NA,NA,17,2,NA,11,NA,52,NA,30,NA,32,51,16,20,321,NA,NA,13,0,NA,3,NA,21,NA,18,NA,0,44,3,16,154,NA,NA,7,2,NA,4,NA,14,NA,7,NA,23,15,7,6,105,NA,NA,3,0,NA,0,NA,5,NA,1,NA,0,7,3,1,31,NA,NA
165024,44,238,NA,63,NA,57,NA,213,125,76,85,53,246,1628,110,145,37,58,NA,17,NA,17,NA,37,60,9,29,14,151,605,47,28,3,2,NA,2,NA,1,NA,4,1,0,1,2,6,29,1,1,32,199,NA,52,NA,36,NA,154,87,48,59,37,182,1230,89,108,0,0,NA,0,NA,0,NA,0,0,0,0,1,1,3,1,0,8,26,NA,5,NA,18,NA,35,30,23,16,9,40,270,17,30,0,2,NA,0,NA,0,NA,3,3,0,3,0,2,18,0,4
165167,NA,19,NA,NA,NA,NA,NA,12,3,12,NA,NA,52,130,NA,23,NA,0,NA,NA,NA,NA,NA,3,2,2,NA,NA,15,25,NA,1,NA,0,NA,NA,NA,NA,NA,0,0,0,NA,NA,3,4,NA,1,NA,3,NA,NA,NA,NA,NA,1,1,2,NA,NA,29,46,NA,5,NA,0,NA,NA,NA,NA,NA,1,0,0,NA,NA,2,4,NA,0,NA,16,NA,NA,NA,NA,NA,10,2,9,NA,NA,18,74,NA,16,NA,0,NA,NA,NA,NA,NA,0,0,0,NA,NA,0,0,NA,0
165334,13,10,NA,21,0,43,NA,94,0,1,79,44,36,492,0,NA,9,1,NA,6,0,9,NA,16,0,0,31,11,21,187,0,NA,3,0,NA,0,0,3,NA,5,0,0,5,1,1,22,0,NA,5,8,NA,15,0,27,NA,58,0,0,51,34,16,320,0,NA,2,1,NA,0,0,2,NA,8,0,1,10,3,5,33,0,NA,1,0,NA,5,0,9,NA,20,0,0,8,1,9,75,0,NA,1,0,NA,1,0,0,NA,1,0,0,2,1,3,24,0,NA
165529,8,9,NA,0,0,19,10,47,53,1,5,12,44,401,32,150,7,1,NA,0,0,6,5,18,28,0,0,4,33,142,23,14,0,0,NA,0,0,2,0,0,1,0,1,0,1,10,2,3,5,7,NA,0,0,8,8,31,32,0,2,8,27,264,24,104,1,0,NA,0,0,0,0,0,0,0,0,1,1,5,0,2,2,1,NA,0,0,7,1,10,14,1,1,2,9,85,4,30,0,1,NA,0,0,1,1,3,5,0,1,1,5,27,1,8
165574,NA,3,NA,3,10,7,41,14,16,NA,4,50,39,217,28,NA,NA,0,NA,2,1,3,32,3,8,NA,0,7,22,102,22,NA,NA,0,NA,0,0,0,1,0,0,NA,0,0,0,1,0,NA,NA,2,NA,3,3,4,30,9,12,NA,2,39,20,145,19,NA,NA,0,NA,0,0,1,1,0,0,NA,0,0,0,3,1,NA,NA,0,NA,0,4,1,7,3,4,NA,2,6,11,46,8,NA,NA,1,NA,0,1,1,0,0,0,NA,0,1,7,11,0,NA
165662,NA,14,NA,116,NA,NA,NA,NA,NA,NA,NA,595,115,1044,170,10,NA,3,NA,25,NA,NA,NA,NA,NA,NA,NA,255,25,358,46,0,NA,0,NA,13,NA,NA,NA,NA,NA,NA,NA,33,4,61,8,0,NA,10,NA,73,NA,NA,NA,NA,NA,NA,NA,327,54,564,79,7,NA,1,NA,6,NA,NA,NA,NA,NA,NA,NA,112,35,198,41,1,NA,3,NA,18,NA,NA,NA,NA,NA,NA,NA,89,15,156,26,1,NA,0,NA,2,NA,NA,NA,NA,NA,NA,NA,10,2,19,5,0
165671,0,39,NA,15,0,76,9,38,NA,7,43,12,60,410,27,55,0,6,NA,1,0,7,6,6,NA,1,12,2,22,84,5,8,0,1,NA,1,0,8,0,0,NA,0,2,1,4,21,0,1,0,36,NA,13,0,43,9,32,NA,7,32,11,42,297,25,32,0,0,NA,0,0,1,0,0,NA,0,1,0,0,2,0,0,0,0,NA,1,0,19,0,5,NA,0,4,0,10,52,0,5,0,1,NA,0,0,3,0,1,NA,0,0,0,3,28,2,16
165699,9,27,11,10,12,14,96,40,34,NA,3,25,193,713,51,132,9,3,6,0,5,4,52,5,18,NA,1,1,122,262,13,9,0,0,0,0,1,1,1,0,0,NA,0,0,2,9,0,2,8,25,11,9,4,11,82,33,32,NA,3,25,161,612,44,114,0,0,0,0,0,0,0,0,0,NA,0,0,7,8,1,0,1,1,0,1,4,1,5,4,0,NA,0,0,12,38,2,5,0,0,0,0,3,0,4,0,1,NA,0,0,7,30,4,9
165802,16,15,NA,NA,4,14,10,17,21,26,1,NA,65,214,8,17,12,0,NA,NA,0,5,10,4,12,0,0,NA,34,82,4,1,0,0,NA,NA,0,0,0,0,1,0,0,NA,0,2,0,1,2,3,NA,NA,1,2,1,4,4,4,0,NA,10,38,0,7,3,0,NA,NA,0,1,2,2,0,0,0,NA,21,30,1,0,3,0,NA,NA,0,7,3,3,6,3,0,NA,21,55,4,5,8,12,NA,NA,3,4,3,8,10,19,1,NA,13,88,3,4
165820,21,48,NA,14,0,35,25,48,53,24,13,39,88,678,56,145,18,5,NA,5,0,10,13,7,40,7,4,35,52,274,28,13,1,2,NA,1,0,0,0,2,1,0,1,0,2,19,1,4,15,41,NA,10,0,20,18,28,39,8,7,31,56,448,40,92,1,0,NA,0,0,0,0,1,0,0,0,0,0,4,0,1,3,4,NA,3,0,13,7,13,11,14,5,7,25,170,11,40,1,0,NA,0,0,1,0,2,2,1,0,1,2,22,3,7
165866,30,39,NA,12,24,28,2,57,NA,NA,69,20,118,532,NA,9,26,2,NA,3,15,10,2,15,NA,NA,28,5,76,233,NA,2,5,0,NA,0,0,1,0,1,NA,NA,2,2,3,17,NA,1,16,35,NA,10,16,14,2,32,NA,NA,35,13,66,328,NA,3,0,0,NA,0,0,0,0,1,NA,NA,1,0,2,9,NA,2,7,3,NA,2,7,13,0,22,NA,NA,24,5,43,161,NA,3,0,0,NA,0,1,0,0,0,NA,NA,0,0,2,3,NA,0
165936,12,26,NA,13,0,57,1,34,NA,16,16,15,35,305,24,2,11,3,NA,2,0,21,0,5,NA,0,9,2,23,111,8,0,1,3,NA,0,0,1,0,0,NA,2,0,0,2,14,1,0,2,15,NA,10,0,37,1,19,NA,9,8,9,16,175,13,2,7,2,NA,0,0,2,0,5,NA,0,4,2,6,33,3,0,1,5,NA,2,0,14,0,8,NA,5,3,3,8,65,5,0,1,1,NA,1,0,1,0,0,NA,0,0,1,3,12,1,0
166027,184,0,96,40,22,244,NA,69,NA,NA,598,42,0,1912,NA,0,119,0,60,9,9,87,NA,19,NA,NA,297,14,0,948,NA,0,83,0,14,10,2,52,NA,9,NA,NA,106,9,0,423,NA,0,40,0,36,13,12,90,NA,27,NA,NA,241,15,0,705,NA,0,28,0,8,2,0,14,NA,7,NA,NA,72,4,0,204,NA,0,20,0,32,12,3,68,NA,18,NA,NA,122,9,0,403,NA,0,2,0,1,2,2,1,NA,3,NA,NA,12,1,0,37,NA,0
166124,12,NA,NA,51,6,81,NA,101,NA,NA,263,11,19,751,NA,NA,9,NA,NA,20,4,24,NA,17,NA,NA,137,2,12,320,NA,NA,4,NA,NA,2,0,4,NA,3,NA,NA,10,1,0,31,NA,NA,7,NA,NA,43,5,58,NA,76,NA,NA,201,8,16,574,NA,NA,0,NA,NA,0,0,1,NA,4,NA,NA,4,0,1,16,NA,NA,0,NA,NA,6,1,14,NA,17,NA,NA,32,2,0,95,NA,NA,1,NA,NA,0,0,1,NA,0,NA,NA,6,0,2,14,NA,NA
166391,1,15,NA,4,NA,2,30,13,10,NA,11,27,69,251,56,7,1,1,NA,0,NA,1,15,1,4,NA,4,4,26,80,21,0,0,0,NA,0,NA,0,0,1,1,NA,0,2,2,7,1,0,0,12,NA,2,NA,1,21,10,3,NA,9,18,47,167,36,5,0,0,NA,0,NA,0,0,0,0,NA,0,0,3,3,0,0,1,3,NA,0,NA,1,4,1,3,NA,1,6,11,47,12,1,0,0,NA,1,NA,0,5,1,3,NA,1,0,5,20,3,1
166452,NA,42,NA,12,46,10,NA,42,NA,16,8,118,12,348,0,23,NA,0,NA,1,5,3,NA,5,NA,2,4,34,6,72,0,4,NA,5,NA,0,4,0,NA,1,NA,0,0,6,1,21,0,2,NA,21,NA,8,23,4,NA,22,NA,10,8,76,7,201,0,12,NA,1,NA,0,2,2,NA,0,NA,1,0,2,2,14,0,2,NA,13,NA,3,12,4,NA,14,NA,4,0,24,2,82,0,4,NA,2,NA,1,4,0,NA,4,NA,1,0,5,0,21,0,1
166513,341,30,517,79,78,106,70,208,172,NA,49,93,556,2720,9,233,267,2,430,34,34,40,33,40,75,NA,21,52,351,1533,4,43,76,0,65,2,6,19,9,22,5,NA,3,7,84,356,1,45,170,23,294,55,49,51,41,106,115,NA,27,64,292,1521,8,102,13,0,31,0,1,1,0,1,0,NA,2,2,14,70,0,1,51,4,81,15,17,26,17,64,37,NA,16,12,123,565,0,76,17,2,32,3,2,5,0,4,7,NA,0,5,25,110,0,2
166629,489,64,510,113,67,675,112,525,NA,0,660,127,1093,6444,308,343,391,2,385,38,24,265,82,124,NA,0,382,45,631,3151,134,56,152,3,81,11,1,127,1,65,NA,0,65,5,138,811,9,42,143,51,320,87,49,381,91,323,NA,0,417,86,705,3920,226,184,126,2,36,0,2,26,5,25,NA,0,41,6,52,411,12,4,35,6,47,6,9,90,11,78,NA,0,85,24,125,816,42,89,18,0,6,3,3,17,2,16,NA,0,12,3,39,245,6,13
166638,216,71,26,74,NA,214,126,259,127,22,200,47,363,2344,67,366,179,5,24,27,NA,63,46,50,52,1,105,20,197,927,25,55,72,7,5,8,NA,48,15,17,7,6,18,7,102,381,7,41,47,21,11,30,NA,63,48,102,47,5,71,15,94,859,31,190,19,1,4,2,NA,9,0,12,1,0,26,3,39,127,4,2,62,32,5,24,NA,82,53,109,66,9,72,18,107,813,20,110,8,6,0,1,NA,8,2,6,1,0,6,1,6,65,2,11
166656,NA,NA,NA,NA,NA,38,NA,14,NA,NA,NA,NA,NA,839,NA,781,NA,NA,NA,NA,NA,13,NA,0,NA,NA,NA,NA,NA,196,NA,180,NA,NA,NA,NA,NA,6,NA,5,NA,NA,NA,NA,NA,165,NA,153,NA,NA,NA,NA,NA,11,NA,5,NA,NA,NA,NA,NA,331,NA,312,NA,NA,NA,NA,NA,9,NA,3,NA,NA,NA,NA,NA,119,NA,107,NA,NA,NA,NA,NA,10,NA,1,NA,NA,NA,NA,NA,156,NA,143,NA,NA,NA,NA,NA,2,NA,0,NA,NA,NA,NA,NA,49,NA,47
166674,NA,12,NA,NA,NA,NA,NA,NA,NA,NA,NA,297,NA,350,32,NA,NA,0,NA,NA,NA,NA,NA,NA,NA,NA,NA,86,NA,94,6,NA,NA,0,NA,NA,NA,NA,NA,NA,NA,NA,NA,26,NA,32,5,NA,NA,10,NA,NA,NA,NA,NA,NA,NA,NA,NA,154,NA,180,12,NA,NA,0,NA,NA,NA,NA,NA,NA,NA,NA,NA,10,NA,13,2,NA,NA,2,NA,NA,NA,NA,NA,NA,NA,NA,NA,45,NA,54,6,NA,NA,0,NA,NA,NA,NA,NA,NA,NA,NA,NA,47,NA,54,6,NA
166683,342,NA,355,2,6,52,NA,NA,NA,NA,10,0,15,1099,0,NA,204,NA,158,1,4,13,NA,NA,NA,NA,5,0,8,559,0,NA,158,NA,90,1,1,18,NA,NA,NA,NA,2,0,6,382,0,NA,49,NA,99,0,0,15,NA,NA,NA,NA,2,0,3,235,0,NA,44,NA,17,0,0,1,NA,NA,NA,NA,1,0,0,110,0,NA,50,NA,74,0,4,11,NA,NA,NA,NA,4,0,4,200,0,NA,14,NA,47,1,0,1,NA,NA,NA,NA,1,0,1,83,0,NA
166692,NA,NA,110,NA,NA,NA,NA,NA,61,NA,NA,NA,41,301,NA,NA,NA,NA,102,NA,NA,NA,NA,NA,49,NA,NA,NA,38,260,NA,NA,NA,NA,1,NA,NA,NA,NA,NA,0,NA,NA,NA,0,3,NA,NA,NA,NA,92,NA,NA,NA,NA,NA,47,NA,NA,NA,32,238,NA,NA,NA,NA,0,NA,NA,NA,NA,NA,0,NA,NA,NA,0,2,NA,NA,NA,NA,6,NA,NA,NA,NA,NA,4,NA,NA,NA,3,17,NA,NA,NA,NA,7,NA,NA,NA,NA,NA,9,NA,NA,NA,6,32,NA,NA
166850,23,2,49,8,34,35,72,43,61,0,14,9,297,932,43,122,20,0,40,1,10,11,44,7,25,0,7,4,200,431,20,15,0,0,1,0,1,2,1,2,1,0,0,0,5,18,0,5,19,2,36,7,22,22,58,31,52,0,12,7,233,746,39,102,1,0,2,0,0,2,3,2,0,0,0,0,12,23,0,0,2,0,6,1,10,7,5,4,7,0,2,2,32,98,1,10,0,0,2,0,0,1,1,1,1,0,0,0,10,22,1,2
166869,NA,NA,NA,NA,NA,NA,NA,NA,NA,NA,NA,NA,NA,122,NA,122,NA,NA,NA,NA,NA,NA,NA,NA,NA,NA,NA,NA,NA,15,NA,15,NA,NA,NA,NA,NA,NA,NA,NA,NA,NA,NA,NA,NA,11,NA,11,NA,NA,NA,NA,NA,NA,NA,NA,NA,NA,NA,NA,NA,89,NA,89,NA,NA,NA,NA,NA,NA,NA,NA,NA,NA,NA,NA,NA,0,NA,0,NA,NA,NA,NA,NA,NA,NA,NA,NA,NA,NA,NA,NA,15,NA,15,NA,NA,NA,NA,NA,NA,NA,NA,NA,NA,NA,NA,NA,2,NA,2
166939,39,17,NA,30,NA,70,NA,46,NA,NA,77,60,NA,500,NA,NA,0,0,NA,0,NA,0,NA,0,NA,NA,0,0,NA,0,NA,NA,3,0,NA,2,NA,5,NA,3,NA,NA,10,2,NA,32,NA,NA,10,10,NA,23,NA,40,NA,19,NA,NA,25,35,NA,246,NA,NA,20,3,NA,1,NA,9,NA,15,NA,NA,22,12,NA,123,NA,NA,5,4,NA,4,NA,11,NA,8,NA,NA,18,9,NA,76,NA,NA,0,0,NA,0,NA,0,NA,0,NA,NA,0,1,NA,5,NA,NA
167260,NA,NA,NA,NA,NA,NA,27,22,24,NA,0,NA,151,231,3,NA,NA,NA,NA,NA,NA,NA,21,8,17,NA,0,NA,97,148,2,NA,NA,NA,NA,NA,NA,NA,1,1,0,NA,0,NA,1,3,0,NA,NA,NA,NA,NA,NA,NA,21,17,19,NA,0,NA,115,177,2,NA,NA,NA,NA,NA,NA,NA,0,0,0,NA,0,NA,4,4,0,NA,NA,NA,NA,NA,NA,NA,3,3,1,NA,0,NA,26,35,1,NA,NA,NA,NA,NA,NA,NA,0,0,1,NA,0,NA,1,2,0,NA
167358,762,NA,844,22,5,482,NA,161,72,21,405,104,1082,4808,158,363,531,NA,554,3,1,142,NA,40,11,2,180,34,548,2276,29,57,276,NA,139,1,0,130,NA,15,5,2,60,21,213,1032,19,113,284,NA,450,14,3,226,NA,81,34,10,162,48,413,2130,74,148,84,NA,66,2,1,32,NA,21,5,0,94,9,288,688,25,19,66,NA,125,3,0,59,NA,35,24,8,56,16,110,631,24,64,7,NA,9,0,0,1,NA,0,0,0,5,0,7,34,1,1
167394,27,18,NA,1,0,15,2,8,8,30,0,0,15,262,NA,132,19,1,NA,0,0,6,2,2,3,2,0,0,12,57,NA,9,1,0,NA,0,0,1,0,0,0,0,0,0,0,7,NA,5,11,11,NA,1,0,8,1,2,4,10,0,0,9,138,NA,78,0,0,NA,0,0,0,0,0,0,0,0,0,0,1,NA,1,11,6,NA,0,0,4,1,3,3,9,0,0,4,75,NA,33,4,0,NA,0,0,2,0,2,1,10,0,0,1,32,NA,10
167525,0,NA,NA,NA,NA,NA,NA,0,NA,NA,NA,NA,12,12,NA,NA,0,NA,NA,NA,NA,NA,NA,0,NA,NA,NA,NA,8,8,NA,NA,0,NA,NA,NA,NA,NA,NA,0,NA,NA,NA,NA,2,2,NA,NA,0,NA,NA,NA,NA,NA,NA,0,NA,NA,NA,NA,3,3,NA,NA,0,NA,NA,NA,NA,NA,NA,0,NA,NA,NA,NA,0,0,NA,NA,0,NA,NA,NA,NA,NA,NA,0,NA,NA,NA,NA,6,6,NA,NA,0,NA,NA,NA,NA,NA,NA,0,NA,NA,NA,NA,0,0,NA,NA
167598,NA,7,2,3,0,15,7,10,3,5,NA,NA,18,294,2,213,NA,0,0,0,0,4,5,2,1,1,NA,NA,10,41,0,16,NA,0,0,0,0,1,0,0,0,0,NA,NA,1,11,0,9,NA,5,1,2,0,7,5,7,2,3,NA,NA,9,128,0,84,NA,0,0,0,0,0,0,0,0,0,NA,NA,0,3,0,3,NA,2,1,0,0,7,2,2,1,2,NA,NA,6,72,1,43,NA,0,0,1,0,0,0,1,0,0,NA,NA,0,77,1,73
167729,25,90,NA,40,7,59,33,94,91,42,40,47,169,1042,23,240,20,11,NA,7,2,21,25,13,43,5,12,12,93,318,10,27,4,1,NA,0,0,2,0,2,3,1,0,0,8,28,0,6,10,63,NA,18,3,30,26,58,56,24,31,35,97,636,15,141,2,0,NA,17,0,0,0,2,1,1,1,0,8,44,1,10,7,23,NA,3,1,22,6,23,23,12,5,11,54,279,7,73,1,1,NA,0,0,4,0,2,7,3,0,0,2,26,0,6
167783,22,NA,NA,6,2,24,26,37,NA,44,28,7,23,471,27,180,0,NA,NA,0,0,0,0,0,NA,0,0,0,0,0,0,0,4,NA,NA,0,0,5,4,3,NA,2,3,1,5,57,2,21,10,NA,NA,5,2,9,11,19,NA,24,10,2,9,242,13,108,2,NA,NA,0,0,1,0,0,NA,1,0,0,0,7,0,2,3,NA,NA,1,0,8,9,9,NA,9,11,2,6,114,7,35,2,NA,NA,0,0,1,1,6,NA,8,3,1,2,37,3,9
167835,29,19,40,36,NA,80,NA,62,NA,NA,97,50,NA,617,NA,NA,0,0,0,0,NA,0,NA,0,NA,NA,0,0,NA,0,NA,NA,6,1,2,3,NA,15,NA,10,NA,NA,8,6,NA,72,NA,NA,7,15,22,25,NA,31,NA,27,NA,NA,43,33,NA,313,NA,NA,6,0,7,0,NA,12,NA,6,NA,NA,15,2,NA,70,NA,NA,5,3,8,5,NA,15,NA,12,NA,NA,26,7,NA,112,NA,NA,2,0,0,2,NA,3,NA,4,NA,NA,2,1,NA,17,NA,NA
167899,8,29,NA,12,7,12,132,35,16,5,2,11,44,492,7,149,4,14,NA,5,5,5,87,11,10,1,0,3,25,227,5,40,1,0,NA,0,0,2,2,0,0,1,0,0,0,12,1,5,2,23,NA,10,4,8,105,17,12,4,1,8,35,367,5,112,3,0,NA,0,0,0,3,1,0,0,0,1,2,12,0,2,1,4,NA,1,1,2,13,12,3,0,1,1,6,64,1,16,1,2,NA,1,2,0,8,4,1,0,0,0,1,33,0,13
167987,49,6,117,16,10,64,NA,70,NA,1,98,94,325,1127,10,198,44,3,95,7,5,23,NA,9,NA,1,36,38,215,533,4,24,1,0,5,0,0,2,NA,1,NA,0,0,3,9,33,0,9,34,6,84,11,8,43,NA,52,NA,1,51,70,200,743,6,128,1,0,3,0,0,0,NA,1,NA,0,0,2,4,12,0,0,7,0,19,4,1,12,NA,14,NA,0,37,10,89,258,4,49,4,0,3,0,1,0,NA,0,NA,0,4,5,5,28,0,4
167996,16,57,0,8,NA,50,NA,62,NA,NA,76,8,194,591,31,47,11,6,0,2,NA,15,NA,13,NA,NA,31,1,130,260,12,13,0,0,0,0,NA,0,NA,1,NA,NA,1,0,4,9,0,3,11,52,0,7,NA,41,NA,50,NA,NA,63,6,162,492,29,35,0,0,0,0,NA,1,NA,0,NA,NA,1,0,1,4,0,1,4,3,0,1,NA,3,NA,6,NA,NA,6,1,20,54,2,5,1,1,0,0,NA,2,NA,2,NA,NA,2,1,4,14,0,0
168005,55,NA,NA,21,1,53,NA,89,38,NA,100,71,345,988,92,NA,36,NA,NA,4,1,9,NA,11,9,NA,42,17,193,402,29,NA,4,NA,NA,1,0,6,NA,3,3,NA,5,4,28,68,3,NA,21,NA,NA,15,1,29,NA,48,21,NA,57,42,154,510,53,NA,17,NA,NA,0,0,6,NA,3,0,NA,2,5,84,134,11,NA,9,NA,NA,4,0,8,NA,28,12,NA,25,12,59,205,22,NA,3,NA,NA,0,0,1,NA,1,2,NA,4,4,16,37,1,NA
168148,177,0,217,34,NA,191,NA,98,NA,NA,338,135,NA,1634,NA,57,104,0,116,14,NA,74,NA,28,NA,NA,177,33,NA,712,NA,13,37,0,31,6,NA,57,NA,19,NA,NA,35,15,NA,273,NA,17,72,0,111,21,NA,75,NA,42,NA,NA,167,63,NA,754,NA,23,34,0,20,1,NA,11,NA,12,NA,NA,50,27,NA,203,NA,2,18,0,37,5,NA,24,NA,17,NA,NA,60,17,NA,243,NA,12,6,0,7,0,NA,10,NA,1,NA,NA,8,1,NA,56,NA,0
168218,74,7,NA,20,NA,84,NA,59,NA,NA,147,28,NA,597,NA,NA,0,0,NA,0,NA,0,NA,0,NA,NA,0,0,NA,0,NA,NA,23,3,NA,7,NA,26,NA,18,NA,NA,33,2,NA,145,NA,NA,16,1,NA,9,NA,22,NA,19,NA,NA,45,10,NA,205,NA,NA,18,0,NA,1,NA,7,NA,5,NA,NA,27,8,NA,81,NA,NA,11,2,NA,1,NA,25,NA,13,NA,NA,35,6,NA,128,NA,NA,0,0,NA,0,NA,1,NA,1,NA,NA,0,0,NA,5,NA,NA
168227,188,NA,284,NA,NA,NA,NA,NA,NA,NA,NA,40,142,746,NA,NA,164,NA,213,NA,NA,NA,NA,NA,NA,NA,NA,16,121,569,NA,NA,41,NA,28,NA,NA,NA,NA,NA,NA,NA,NA,2,9,82,NA,NA,95,NA,178,NA,NA,NA,NA,NA,NA,NA,NA,28,95,462,NA,NA,10,NA,15,NA,NA,NA,NA,NA,NA,NA,NA,1,4,33,NA,NA,23,NA,36,NA,NA,NA,NA,NA,NA,NA,NA,6,24,106,NA,NA,12,NA,21,NA,NA,NA,NA,NA,NA,NA,NA,1,8,43,NA,NA
168254,25,8,75,7,3,18,28,33,30,NA,10,1,150,517,8,53,20,2,47,0,2,3,25,5,12,NA,6,0,90,283,5,17,3,0,2,0,0,0,1,0,1,NA,0,0,2,18,0,6,16,8,60,4,2,12,25,24,18,NA,9,1,125,404,5,38,0,0,2,0,0,0,0,0,1,NA,0,0,4,9,1,0,3,0,6,2,1,5,1,7,9,NA,1,0,14,63,1,7,1,0,4,1,0,1,0,0,0,NA,0,0,0,8,0,1
168263,15,74,NA,14,41,34,28,72,150,22,23,31,132,807,28,77,13,9,NA,3,21,17,10,11,90,4,12,13,83,350,14,15,1,1,NA,0,1,0,0,0,1,1,2,0,2,15,0,6,11,68,NA,10,23,23,18,57,109,16,11,21,95,592,20,55,1,0,NA,0,0,0,1,1,0,0,0,0,2,5,0,0,1,1,NA,1,11,5,5,7,10,0,2,1,8,66,3,7,1,1,NA,1,5,2,2,3,9,0,3,1,10,43,0,2
168281,7,15,NA,19,NA,69,NA,39,NA,NA,38,40,61,362,NA,16,4,1,NA,4,NA,24,NA,9,NA,NA,11,15,36,125,NA,2,0,0,NA,3,NA,3,NA,1,NA,NA,3,4,2,20,NA,1,5,14,NA,14,NA,50,NA,30,NA,NA,27,31,42,266,NA,12,0,1,NA,0,NA,2,NA,0,NA,NA,1,1,2,10,NA,1,0,0,NA,1,NA,8,NA,6,NA,NA,5,2,10,41,NA,2,0,0,NA,0,NA,0,NA,1,NA,NA,0,0,0,2,NA,0
168342,56,NA,NA,37,NA,50,NA,23,NA,NA,109,32,NA,493,NA,NA,40,NA,NA,16,NA,13,NA,4,NA,NA,72,10,NA,251,NA,NA,14,NA,NA,4,NA,11,NA,2,NA,NA,16,6,NA,89,NA,NA,32,NA,NA,19,NA,20,NA,14,NA,NA,57,12,NA,239,NA,NA,6,NA,NA,0,NA,2,NA,1,NA,NA,9,4,NA,35,NA,NA,3,NA,NA,4,NA,7,NA,5,NA,NA,13,5,NA,67,NA,NA,0,NA,NA,3,NA,7,NA,0,NA,NA,3,1,NA,22,NA,NA
168421,237,NA,726,NA,1,67,NA,6,NA,NA,2,20,10,1170,0,NA,193,NA,462,NA,0,13,NA,1,NA,NA,0,12,7,746,0,NA,41,NA,67,NA,1,3,NA,0,NA,NA,1,1,1,130,0,NA,141,NA,489,NA,0,56,NA,4,NA,NA,1,14,7,780,0,NA,14,NA,44,NA,0,2,NA,0,NA,NA,0,1,1,70,0,NA,24,NA,78,NA,0,5,NA,1,NA,NA,0,4,1,118,0,NA,4,NA,16,NA,0,1,NA,0,NA,NA,0,0,0,22,0,NA
168430,28,57,NA,29,27,72,NA,111,82,NA,39,6,157,850,53,136,22,3,NA,10,7,28,NA,17,45,NA,12,2,94,312,28,13,3,1,NA,0,2,8,NA,2,3,NA,1,0,15,46,1,6,12,48,NA,23,13,40,NA,84,49,NA,28,4,101,587,41,106,3,0,NA,0,0,1,NA,1,0,NA,1,0,3,9,0,0,10,6,NA,4,8,19,NA,12,25,NA,8,2,29,160,9,20,0,0,NA,1,2,1,NA,4,2,NA,0,0,2,16,1,0
168528,8,41,NA,7,NA,39,64,11,23,9,5,22,75,339,6,7,6,6,NA,2,NA,13,33,1,10,0,3,4,47,142,1,4,0,0,NA,0,NA,0,0,0,0,0,0,0,0,2,1,1,7,33,NA,4,NA,27,42,7,15,7,5,16,53,243,4,5,0,0,NA,0,NA,5,4,1,2,0,0,1,6,21,1,0,1,2,NA,1,NA,4,7,0,4,1,0,4,7,33,0,0,0,6,NA,1,NA,2,8,3,1,1,0,0,6,30,0,1
168546,3,13,1,7,0,37,32,28,NA,1,31,15,41,259,23,NA,3,10,0,1,0,13,16,5,NA,1,16,2,34,126,13,NA,0,0,0,0,0,4,0,0,NA,0,0,0,0,5,0,NA,0,12,0,3,0,25,14,16,NA,1,22,11,28,158,13,NA,1,0,0,0,0,0,1,0,NA,0,1,0,1,5,0,NA,2,0,0,2,0,4,13,8,NA,0,6,3,6,64,9,NA,0,1,0,2,0,4,2,2,NA,0,1,1,3,18,1,NA
168591,2,31,3,4,1,66,NA,30,NA,NA,13,12,61,282,7,18,2,11,2,1,0,26,NA,6,NA,NA,3,4,43,120,2,3,0,0,0,0,0,1,NA,1,NA,NA,0,0,1,4,0,0,2,28,3,3,1,58,NA,18,NA,NA,9,11,51,231,5,14,0,0,0,0,0,3,NA,0,NA,NA,2,1,1,9,1,0,0,2,0,0,0,4,NA,6,NA,NA,0,0,5,23,1,1,0,1,0,0,0,0,NA,0,NA,NA,0,0,1,2,0,0
168607,NA,NA,NA,NA,NA,NA,NA,NA,NA,NA,NA,NA,NA,2,NA,NA,NA,NA,NA,NA,NA,NA,NA,NA,NA,NA,NA,NA,NA,1,NA,NA,NA,NA,NA,NA,NA,NA,NA,NA,NA,NA,NA,NA,NA,0,NA,NA,NA,NA,NA,NA,NA,NA,NA,NA,NA,NA,NA,NA,NA,2,NA,NA,NA,NA,NA,NA,NA,NA,NA,NA,NA,NA,NA,NA,NA,0,NA,NA,NA,NA,NA,NA,NA,NA,NA,NA,NA,NA,NA,NA,NA,0,NA,NA,NA,NA,NA,NA,NA,NA,NA,NA,NA,NA,NA,NA,NA,0,NA,NA
168740,13,7,18,9,19,30,4,29,NA,13,4,17,22,324,3,66,11,2,18,2,3,12,2,10,NA,4,1,8,11,147,1,21,1,2,3,1,1,10,1,2,NA,0,0,3,1,49,0,13,4,3,4,3,4,2,2,6,NA,2,0,1,9,82,2,14,3,0,3,1,0,3,0,6,NA,0,0,5,3,31,0,5,4,2,4,4,12,11,1,13,NA,10,3,8,6,137,1,30,1,0,1,0,1,1,0,0,NA,0,0,0,0,5,0,0
168786,6,29,NA,9,6,19,22,18,NA,0,13,14,65,265,5,24,6,0,NA,1,2,7,16,1,NA,0,3,3,38,99,2,8,0,1,NA,0,0,0,0,1,NA,0,0,0,2,6,0,1,4,25,NA,8,4,18,17,15,NA,0,10,11,38,200,4,18,0,0,NA,0,0,0,2,0,NA,0,1,0,13,19,0,1,0,0,NA,0,1,1,2,1,NA,0,0,1,6,16,0,2,1,3,NA,1,0,0,0,1,NA,0,0,2,1,13,1,2
168847,71,0,NA,NA,28,NA,NA,37,13,NA,NA,NA,176,576,NA,216,62,0,NA,NA,7,NA,NA,5,2,NA,NA,NA,54,156,NA,25,2,0,NA,NA,0,NA,NA,0,0,NA,NA,NA,5,10,NA,3,56,0,NA,NA,20,NA,NA,33,12,NA,NA,NA,140,445,NA,159,0,0,NA,NA,0,NA,NA,0,0,NA,NA,NA,0,0,NA,0,4,0,NA,NA,5,NA,NA,2,1,NA,NA,NA,23,74,NA,30,2,0,NA,NA,0,NA,NA,0,0,NA,NA,NA,2,4,NA,0
169080,28,63,62,12,NA,58,26,31,NA,29,17,28,78,626,21,95,21,15,52,2,NA,27,14,4,NA,4,7,14,58,280,6,13,0,2,3,1,NA,7,2,3,NA,2,2,0,5,32,1,2,14,45,48,10,NA,37,18,21,NA,23,11,20,58,452,16,75,11,10,6,1,NA,7,3,6,NA,2,3,5,3,76,1,8,2,4,2,0,NA,3,2,1,NA,1,1,3,7,45,2,8,0,1,2,0,NA,1,0,0,NA,1,0,0,1,7,1,0
169248,54,302,66,21,0,155,170,178,31,135,79,115,540,2319,152,126,44,52,51,3,0,56,84,30,8,36,37,29,292,877,64,9,1,2,0,1,0,4,0,0,0,1,1,2,11,28,0,2,44,266,52,16,0,123,135,135,18,87,59,93,430,1846,112,110,0,1,4,0,0,4,2,2,1,4,1,1,14,40,0,2,6,18,8,2,0,14,22,29,11,35,12,14,59,283,29,8,0,8,2,0,0,4,3,1,0,6,3,1,8,41,2,2
169327,NA,NA,NA,NA,NA,NA,NA,NA,NA,NA,NA,NA,425,425,NA,NA,NA,NA,NA,NA,NA,NA,NA,NA,NA,NA,NA,NA,270,270,NA,NA,NA,NA,NA,NA,NA,NA,NA,NA,NA,NA,NA,NA,4,4,NA,NA,NA,NA,NA,NA,NA,NA,NA,NA,NA,NA,NA,NA,187,187,NA,NA,NA,NA,NA,NA,NA,NA,NA,NA,NA,NA,NA,NA,7,7,NA,NA,NA,NA,NA,NA,NA,NA,NA,NA,NA,NA,NA,NA,187,187,NA,NA,NA,NA,NA,NA,NA,NA,NA,NA,NA,NA,NA,NA,34,34,NA,NA
169363,0,11,2,0,0,8,18,6,8,7,0,3,40,168,6,45,0,6,1,0,0,3,11,1,7,1,0,1,28,78,1,12,0,0,0,0,0,0,0,1,0,0,0,0,0,2,0,0,0,8,0,0,0,6,17,5,7,6,0,3,33,137,5,36,0,0,0,0,0,0,0,0,0,0,0,0,2,5,0,1,0,2,2,0,0,1,1,0,0,1,0,0,4,19,1,7,0,1,0,0,0,0,0,0,0,0,0,0,1,3,0,1
169442,25,NA,NA,NA,NA,NA,NA,NA,NA,NA,NA,134,NA,305,NA,NA,8,NA,NA,NA,NA,NA,NA,NA,NA,NA,NA,35,NA,119,NA,NA,0,NA,NA,NA,NA,NA,NA,NA,NA,NA,NA,5,NA,23,NA,NA,14,NA,NA,NA,NA,NA,NA,NA,NA,NA,NA,98,NA,188,NA,NA,2,NA,NA,NA,NA,NA,NA,NA,NA,NA,NA,2,NA,21,NA,NA,4,NA,NA,NA,NA,NA,NA,NA,NA,NA,NA,20,NA,48,NA,NA,1,NA,NA,NA,NA,NA,NA,NA,NA,NA,NA,2,NA,8,NA,NA
169479,106,NA,NA,NA,NA,NA,44,NA,6,NA,NA,NA,351,737,NA,214,95,NA,NA,NA,NA,NA,36,NA,4,NA,NA,NA,193,355,NA,23,7,NA,NA,NA,NA,NA,0,NA,1,NA,NA,NA,9,24,NA,5,79,NA,NA,NA,NA,NA,32,NA,5,NA,NA,NA,259,535,NA,152,1,NA,NA,NA,NA,NA,2,NA,0,NA,NA,NA,19,27,NA,4,12,NA,NA,NA,NA,NA,6,NA,0,NA,NA,NA,37,86,NA,29,6,NA,NA,NA,NA,NA,3,NA,0,NA,NA,NA,16,42,NA,16
169716,17,NA,276,2,5,143,NA,17,12,16,10,3,64,811,7,177,16,NA,202,0,1,37,NA,5,5,0,5,2,27,361,3,21,3,NA,1,0,0,14,NA,0,2,0,0,0,6,43,0,16,10,NA,18,1,2,77,NA,11,6,6,6,2,42,308,3,98,1,NA,250,1,0,13,NA,1,0,1,1,0,2,292,0,4,3,NA,6,0,3,12,NA,2,3,9,2,1,11,103,4,34,0,NA,1,0,0,19,NA,3,0,0,1,0,3,53,0,24
169798,128,237,58,18,NA,122,37,139,NA,109,120,112,375,2383,103,442,108,47,46,3,NA,40,29,22,NA,20,49,44,213,919,41,65,10,8,5,0,NA,8,1,6,NA,2,4,1,15,90,2,18,77,167,37,14,NA,82,19,78,NA,56,67,87,236,1507,52,282,4,0,6,0,NA,4,0,1,NA,1,1,1,13,46,3,4,18,40,7,2,NA,18,13,36,NA,32,41,15,76,516,34,95,10,12,2,2,NA,6,3,12,NA,9,3,7,18,133,6,34
169910,68,75,31,29,70,75,NA,44,159,42,7,105,343,1672,16,223,58,16,27,9,31,18,NA,7,66,1,3,33,210,809,9,31,0,1,0,0,0,4,NA,0,4,0,0,2,4,21,0,3,61,64,31,21,45,54,NA,36,108,30,6,81,289,1349,9,181,0,0,0,0,0,0,NA,0,0,0,0,3,2,12,0,3,3,5,0,5,17,10,NA,3,38,10,1,11,30,197,4,26,2,1,0,0,1,2,NA,1,4,0,0,2,4,22,0,2
169983,46,NA,276,NA,NA,13,NA,NA,NA,NA,NA,NA,7,346,NA,NA,42,NA,209,NA,NA,2,NA,NA,NA,NA,NA,NA,1,258,NA,NA,2,NA,14,NA,NA,0,NA,NA,NA,NA,NA,NA,1,17,NA,NA,37,NA,224,NA,NA,8,NA,NA,NA,NA,NA,NA,4,277,NA,NA,1,NA,6,NA,NA,1,NA,NA,NA,NA,NA,NA,0,8,NA,NA,5,NA,16,NA,NA,3,NA,NA,NA,NA,NA,NA,0,24,NA,NA,1,NA,5,NA,NA,0,NA,NA,NA,NA,NA,NA,0,6,NA,NA
170000,NA,NA,NA,NA,NA,NA,NA,14,1,18,NA,1,14,88,6,NA,NA,NA,NA,NA,NA,NA,NA,7,1,2,NA,1,9,39,1,NA,NA,NA,NA,NA,NA,NA,NA,0,0,0,NA,1,0,1,0,NA,NA,NA,NA,NA,NA,NA,NA,6,0,10,NA,0,10,49,3,NA,NA,NA,NA,NA,NA,NA,NA,0,0,0,NA,0,0,0,0,NA,NA,NA,NA,NA,NA,NA,NA,4,1,6,NA,0,4,27,2,NA,NA,NA,NA,NA,NA,NA,NA,1,0,0,NA,0,0,5,1,NA
170037,1,41,7,8,4,9,27,50,NA,6,3,17,87,326,17,21,1,6,4,3,0,4,23,7,NA,0,2,4,39,120,3,7,0,0,0,0,0,0,1,1,NA,0,0,0,3,9,1,2,0,35,6,7,2,7,21,35,NA,4,3,16,67,251,14,15,1,0,1,0,0,2,1,2,NA,0,0,1,3,16,1,2,0,3,0,0,2,0,3,10,NA,2,0,0,13,41,1,1,0,1,0,0,0,0,0,1,NA,0,0,0,1,3,0,0
170082,156,146,123,105,92,340,232,278,100,111,143,169,939,4057,202,613,132,18,101,18,34,90,96,41,28,16,63,65,558,1545,64,77,10,2,3,0,2,4,6,5,1,2,0,4,27,78,1,9,118,129,112,97,68,287,197,227,66,81,119,144,801,3412,169,530,7,0,3,0,0,6,2,2,0,0,1,1,15,44,2,4,15,8,4,7,15,29,15,33,23,27,14,12,63,359,23,45,2,1,0,0,2,3,3,1,2,0,1,1,5,29,0,7
170240,NA,NA,NA,NA,NA,NA,NA,NA,NA,NA,NA,NA,NA,7,NA,NA,NA,NA,NA,NA,NA,NA,NA,NA,NA,NA,NA,NA,NA,1,NA,NA,NA,NA,NA,NA,NA,NA,NA,NA,NA,NA,NA,NA,NA,0,NA,NA,NA,NA,NA,NA,NA,NA,NA,NA,NA,NA,NA,NA,NA,2,NA,NA,NA,NA,NA,NA,NA,NA,NA,NA,NA,NA,NA,NA,NA,0,NA,NA,NA,NA,NA,NA,NA,NA,NA,NA,NA,NA,NA,NA,NA,2,NA,NA,NA,NA,NA,NA,NA,NA,NA,NA,NA,NA,NA,NA,NA,2,NA,NA
170286,NA,NA,NA,32,NA,37,18,13,NA,NA,70,18,48,355,5,NA,NA,NA,NA,7,NA,16,11,2,NA,NA,42,5,38,187,4,NA,NA,NA,NA,0,NA,0,0,0,NA,NA,0,0,0,0,0,NA,NA,NA,NA,0,NA,0,0,0,NA,NA,0,0,0,0,0,NA,NA,NA,NA,0,NA,0,0,0,NA,NA,0,0,0,0,0,NA,NA,NA,NA,0,NA,0,0,0,NA,NA,0,0,0,0,0,NA,NA,NA,NA,32,NA,37,18,13,NA,NA,70,18,48,355,5,NA
170301,15,80,58,11,NA,62,23,63,NA,14,36,17,141,695,48,46,12,15,43,2,NA,16,9,7,NA,0,18,1,91,271,16,6,0,2,2,2,NA,1,1,1,NA,0,1,0,0,12,0,0,9,69,45,8,NA,52,19,49,NA,12,30,17,118,575,41,38,2,1,0,0,NA,1,0,1,NA,0,0,0,7,14,0,1,2,8,9,1,NA,3,2,8,NA,0,3,0,10,61,5,4,2,0,0,0,NA,3,0,0,NA,0,1,0,3,16,1,3
170444,NA,NA,NA,NA,NA,NA,NA,NA,NA,NA,NA,NA,NA,2,NA,NA,NA,NA,NA,NA,NA,NA,NA,NA,NA,NA,NA,NA,NA,1,NA,NA,NA,NA,NA,NA,NA,NA,NA,NA,NA,NA,NA,NA,NA,0,NA,NA,NA,NA,NA,NA,NA,NA,NA,NA,NA,NA,NA,NA,NA,1,NA,NA,NA,NA,NA,NA,NA,NA,NA,NA,NA,NA,NA,NA,NA,0,NA,NA,NA,NA,NA,NA,NA,NA,NA,NA,NA,NA,NA,NA,NA,0,NA,NA,NA,NA,NA,NA,NA,NA,NA,NA,NA,NA,NA,NA,NA,1,NA,NA
170532,16,NA,NA,24,NA,66,NA,32,NA,NA,35,15,41,302,NA,NA,10,NA,NA,3,NA,21,NA,7,NA,NA,14,4,32,117,NA,NA,0,NA,NA,1,NA,10,NA,3,NA,NA,4,0,1,21,NA,NA,9,NA,NA,18,NA,39,NA,15,NA,NA,22,10,28,190,NA,NA,3,NA,NA,0,NA,1,NA,1,NA,NA,2,0,1,9,NA,NA,1,NA,NA,4,NA,9,NA,7,NA,NA,5,3,8,51,NA,NA,0,NA,NA,0,NA,1,NA,2,NA,NA,0,1,1,5,NA,NA
170639,7,24,28,3,4,28,13,12,31,NA,9,NA,42,297,NA,44,6,3,23,0,0,6,3,3,16,NA,5,NA,20,119,NA,3,0,0,1,0,0,0,0,0,0,NA,0,NA,0,2,NA,1,7,19,26,2,2,25,11,9,25,NA,7,NA,29,242,NA,35,0,1,1,0,1,0,2,0,2,NA,0,NA,5,14,NA,0,0,0,0,1,0,1,0,1,1,NA,1,NA,2,8,NA,1,0,2,0,0,1,2,0,1,3,NA,1,NA,4,22,NA,6
170675,23,NA,157,NA,2,0,0,6,NA,NA,NA,23,24,327,11,8,20,NA,129,NA,0,0,0,3,NA,NA,NA,12,20,237,6,2,1,NA,5,NA,0,0,0,0,NA,NA,NA,1,1,8,0,0,16,NA,98,NA,2,0,0,4,NA,NA,NA,18,18,223,7,6,0,NA,45,NA,0,0,0,0,NA,NA,NA,0,2,57,0,0,1,NA,6,NA,0,0,0,2,NA,NA,NA,2,2,23,3,0,4,NA,3,NA,0,0,0,0,NA,NA,NA,0,1,9,0,0
170806,2,11,NA,0,11,19,18,7,47,13,2,14,90,391,1,138,2,2,NA,0,5,6,13,1,16,1,0,4,54,129,1,22,0,0,NA,0,0,1,0,0,1,0,0,0,1,15,0,12,2,7,NA,0,4,16,13,5,40,9,1,8,26,244,1,99,0,0,NA,0,2,0,0,0,0,0,0,1,53,61,0,5,0,1,NA,0,4,2,5,2,5,4,0,3,8,49,0,12,0,1,NA,0,0,0,0,0,1,0,1,1,0,11,0,5
170967,4,46,NA,2,NA,3,12,24,NA,NA,NA,3,27,168,14,27,3,2,NA,0,NA,1,9,4,NA,NA,NA,0,17,51,6,6,1,1,NA,0,NA,0,0,1,NA,NA,NA,0,0,5,1,1,2,28,NA,2,NA,3,6,12,NA,NA,NA,3,19,110,8,22,0,0,NA,0,NA,0,0,0,NA,NA,NA,0,2,2,0,0,1,13,NA,0,NA,0,4,9,NA,NA,NA,0,5,38,4,1,0,4,NA,0,NA,0,1,1,NA,NA,NA,0,1,9,0,2
170976,1354,51,1164,87,58,800,318,646,NA,77,1047,399,655,8444,211,362,942,13,777,23,33,287,180,163,NA,27,564,155,351,4146,47,39,434,4,213,8,2,181,28,118,NA,7,126,40,152,1532,12,70,431,37,603,61,34,432,232,376,NA,52,577,250,332,4413,134,205,263,0,102,1,2,29,9,32,NA,0,156,13,13,852,22,4,75,6,120,10,13,69,21,70,NA,6,91,62,75,801,23,46,98,1,71,4,2,37,15,17,NA,5,53,11,58,448,8,15
171100,402,157,754,81,29,1240,311,486,195,66,683,300,1469,8757,852,348,309,19,552,12,10,408,107,105,70,10,392,137,856,3999,388,41,73,3,57,0,2,165,12,43,11,0,47,16,107,672,29,24,213,124,532,69,14,830,207,317,123,49,451,196,1081,6080,588,266,51,8,48,0,0,31,4,20,8,0,54,22,87,443,57,6,41,14,71,7,3,138,57,70,46,10,85,50,113,1026,125,34,8,1,26,0,3,28,7,11,3,4,15,3,32,182,16,5
171128,115,NA,609,3,0,27,16,13,NA,NA,15,21,79,1094,17,22,97,NA,426,1,0,11,8,0,NA,NA,8,11,56,724,7,4,6,NA,14,0,0,1,1,1,NA,NA,1,1,1,30,0,1,98,NA,540,3,0,22,14,9,NA,NA,11,19,62,950,13,20,2,NA,2,0,0,0,0,1,NA,NA,0,0,7,15,0,0,2,NA,14,0,0,0,1,0,NA,NA,0,0,3,27,2,0,3,NA,11,0,0,0,0,0,NA,NA,3,0,3,22,0,1
171137,178,43,315,20,13,114,NA,103,0,NA,115,4,215,1318,33,84,141,6,254,5,2,53,NA,20,0,NA,53,0,129,730,17,17,24,1,24,2,1,14,NA,4,0,NA,5,0,19,102,1,3,116,34,230,16,8,82,NA,77,0,NA,77,1,146,928,22,61,12,0,12,0,0,4,NA,1,0,NA,6,0,8,50,0,2,16,5,28,2,4,8,NA,19,0,NA,15,2,25,152,7,13,3,2,1,0,0,5,NA,1,0,NA,4,0,4,24,1,3
171146,40,47,26,7,NA,75,NA,97,13,27,31,19,136,911,12,314,33,9,17,5,NA,28,NA,12,6,4,17,4,64,281,3,42,1,0,1,0,NA,1,NA,1,0,1,0,0,2,13,0,4,26,36,15,3,NA,65,NA,75,9,18,20,13,106,660,7,219,3,0,3,0,NA,2,NA,0,0,0,1,0,3,14,0,2,4,7,2,2,NA,5,NA,16,3,7,10,6,18,160,3,61,4,3,1,1,NA,0,NA,2,0,0,0,0,5,30,0,13
171456,23,115,1,23,0,118,64,60,55,30,63,59,153,1153,28,165,20,27,1,4,0,28,23,9,22,1,28,18,77,399,12,41,0,1,0,0,0,1,0,1,0,0,2,1,1,12,0,4,21,104,1,23,0,106,55,45,46,25,53,49,131,1000,25,144,0,0,0,0,0,2,2,1,0,1,1,1,6,17,1,0,1,1,0,0,0,8,3,6,6,3,2,3,7,61,2,11,0,2,0,0,0,0,2,3,1,0,2,2,4,25,0,1
171483,NA,NA,7,NA,NA,NA,NA,NA,NA,NA,NA,NA,NA,48,NA,NA,NA,NA,6,NA,NA,NA,NA,NA,NA,NA,NA,NA,NA,46,NA,NA,NA,NA,0,NA,NA,NA,NA,NA,NA,NA,NA,NA,NA,0,NA,NA,NA,NA,6,NA,NA,NA,NA,NA,NA,NA,NA,NA,NA,40,NA,NA,NA,NA,0,NA,NA,NA,NA,NA,NA,NA,NA,NA,NA,0,NA,NA,NA,NA,0,NA,NA,NA,NA,NA,NA,NA,NA,NA,NA,4,NA,NA,NA,NA,1,NA,NA,NA,NA,NA,NA,NA,NA,NA,NA,2,NA,NA
171492,37,NA,NA,NA,NA,NA,23,NA,0,NA,NA,NA,468,551,7,16,28,NA,NA,NA,NA,NA,15,NA,0,NA,NA,NA,256,306,3,4,2,NA,NA,NA,NA,NA,0,NA,0,NA,NA,NA,4,6,0,0,21,NA,NA,NA,NA,NA,18,NA,0,NA,NA,NA,354,410,6,11,0,NA,NA,NA,NA,NA,2,NA,0,NA,NA,NA,9,11,0,0,10,NA,NA,NA,NA,NA,2,NA,0,NA,NA,NA,54,67,0,1,0,NA,NA,NA,NA,NA,1,NA,0,NA,NA,NA,37,41,0,3
171571,158,187,252,77,142,130,42,204,63,88,83,153,540,3080,97,733,130,19,206,18,57,47,19,41,22,6,38,49,284,1177,31,151,15,3,20,1,8,13,0,12,2,6,7,6,29,170,1,45,113,158,187,64,100,100,26,147,43,56,60,102,434,2300,69,530,3,0,4,0,4,2,2,2,0,0,0,4,11,41,2,7,12,13,24,3,18,5,7,23,9,22,10,26,37,312,17,78,7,11,11,6,5,6,4,9,4,2,2,7,14,137,2,40
172051,52,138,49,15,29,64,36,65,63,75,20,39,202,1195,27,266,46,26,44,3,15,20,18,13,19,6,7,10,106,407,11,34,1,1,0,0,0,2,1,1,1,0,1,0,1,11,0,1,35,124,41,12,17,52,27,52,47,62,12,35,154,952,15,228,2,2,2,0,0,2,0,1,0,0,3,1,9,32,2,5,6,5,3,1,6,4,3,7,10,13,3,2,22,121,8,23,5,4,2,0,2,1,2,0,3,0,1,0,10,38,1,3
172200,NA,NA,NA,NA,NA,NA,NA,NA,NA,NA,NA,NA,NA,0,NA,NA,NA,NA,NA,NA,NA,NA,NA,NA,NA,NA,NA,NA,NA,0,NA,NA,NA,NA,NA,NA,NA,NA,NA,NA,NA,NA,NA,NA,NA,0,NA,NA,NA,NA,NA,NA,NA,NA,NA,NA,NA,NA,NA,NA,NA,0,NA,NA,NA,NA,NA,NA,NA,NA,NA,NA,NA,NA,NA,NA,NA,0,NA,NA,NA,NA,NA,NA,NA,NA,NA,NA,NA,NA,NA,NA,NA,0,NA,NA,NA,NA,NA,NA,NA,NA,NA,NA,NA,NA,NA,NA,NA,0,NA,NA
172264,11,13,5,4,10,17,21,17,33,20,0,22,104,484,18,149,11,4,3,0,5,4,15,8,25,1,0,6,67,195,6,16,0,0,0,0,0,0,0,0,0,2,0,1,4,12,1,4,6,11,3,3,7,13,15,13,26,10,0,13,68,319,12,96,0,0,0,0,0,0,0,0,0,0,0,0,0,0,0,0,4,1,1,0,2,2,4,2,4,5,0,4,18,77,1,21,1,1,0,0,1,2,1,0,2,2,0,1,13,58,3,25
172334,1,26,5,1,13,5,17,6,3,48,3,9,45,231,7,28,1,5,5,1,5,3,3,1,1,7,1,3,24,70,4,1,0,0,0,0,0,0,0,0,0,0,0,0,0,1,0,1,1,22,4,1,6,4,15,5,3,30,2,8,33,178,7,26,0,0,0,0,0,0,0,0,0,0,0,0,1,2,0,0,0,3,0,0,5,0,0,0,0,13,0,1,7,31,0,0,0,0,0,0,1,0,0,0,0,3,0,0,2,7,0,1
172644,184,164,266,35,5,211,114,366,122,121,164,135,867,3850,116,522,138,48,189,14,1,78,59,50,30,16,54,51,452,1522,39,106,64,9,37,1,0,28,6,47,7,3,7,4,132,457,3,82,89,107,184,23,0,144,73,204,69,65,94,76,517,2355,63,327,6,3,15,0,0,10,4,5,1,0,2,3,15,82,0,11,22,38,24,8,4,18,27,91,37,47,53,39,174,794,44,82,0,1,1,0,1,7,2,2,1,0,0,1,5,26,1,1
172699,61,197,251,41,NA,117,106,152,56,65,71,217,847,3113,86,228,55,48,194,10,NA,44,61,29,22,8,44,67,477,1518,28,33,2,2,4,0,NA,5,0,1,3,1,1,2,13,49,0,3,37,156,182,30,NA,73,81,110,30,39,46,169,436,2056,65,173,12,0,42,0,NA,10,2,7,1,1,3,2,300,436,3,3,6,28,15,5,NA,19,17,24,15,16,17,30,70,409,14,38,2,6,0,2,NA,6,0,7,4,3,2,4,15,75,3,4
173045,22,37,NA,7,10,51,22,40,NA,25,29,34,115,489,17,32,14,7,NA,1,0,17,12,10,NA,4,13,17,65,192,5,7,4,3,NA,1,1,4,2,3,NA,3,1,2,19,52,2,5,8,22,NA,6,4,19,11,19,NA,8,18,18,34,214,8,16,0,1,NA,0,1,2,0,0,NA,0,0,0,4,9,0,1,10,8,NA,0,3,21,6,14,NA,7,9,12,51,170,6,7,0,3,NA,0,1,2,1,0,NA,3,1,2,3,20,0,3
173124,11,95,NA,9,11,40,39,81,33,38,17,13,192,851,15,135,10,21,NA,2,1,20,22,14,14,3,7,7,89,316,11,12,1,1,NA,0,0,2,0,0,0,0,0,0,1,14,1,4,8,91,NA,8,6,30,35,65,27,32,14,12,173,720,12,108,2,0,NA,0,2,0,1,0,0,0,0,0,2,10,0,3,0,1,NA,0,1,5,1,9,3,4,0,0,7,49,1,9,0,0,NA,0,2,1,0,1,1,1,1,0,8,27,1,4
173160,7,62,18,5,NA,44,25,34,NA,7,17,12,146,581,29,100,5,15,16,2,NA,15,14,5,NA,0,5,4,89,227,5,7,0,3,0,0,NA,5,1,1,NA,0,2,1,3,23,1,4,5,47,15,5,NA,32,21,27,NA,5,12,9,123,463,23,73,0,0,0,0,NA,0,0,0,NA,0,0,0,2,3,0,1,2,8,2,0,NA,4,1,4,NA,2,2,2,15,65,2,15,0,1,0,0,NA,1,0,0,NA,0,0,0,1,5,0,2
173258,69,NA,NA,16,NA,39,NA,36,NA,NA,84,24,NA,424,NA,NA,45,NA,NA,4,NA,11,NA,9,NA,NA,46,11,NA,208,NA,NA,10,NA,NA,2,NA,4,NA,4,NA,NA,5,2,NA,45,NA,NA,37,NA,NA,11,NA,20,NA,13,NA,NA,45,12,NA,228,NA,NA,5,NA,NA,0,NA,1,NA,4,NA,NA,9,2,NA,28,NA,NA,8,NA,NA,3,NA,8,NA,11,NA,NA,18,6,NA,78,NA,NA,1,NA,NA,0,NA,1,NA,1,NA,NA,1,1,NA,13,NA,NA
173300,10,43,NA,17,NA,55,9,32,NA,6,10,20,90,375,13,31,7,15,NA,3,NA,19,2,4,NA,0,4,13,61,156,4,5,0,0,NA,0,NA,0,0,2,NA,0,0,0,0,5,1,2,6,39,NA,17,NA,43,7,23,NA,6,7,18,74,309,11,24,1,0,NA,0,NA,8,1,4,NA,0,2,0,3,21,1,0,3,0,NA,0,NA,2,1,0,NA,0,0,0,9,18,0,2,0,4,NA,0,NA,1,0,2,NA,0,1,1,4,17,0,2
173328,32,31,NA,2,7,19,89,68,27,0,3,15,140,834,17,343,25,7,NA,0,4,4,54,10,11,0,1,4,68,262,5,61,2,2,NA,0,0,3,3,6,1,0,0,5,15,87,4,43,19,25,NA,2,4,10,57,40,14,0,2,6,77,494,10,201,1,0,NA,0,0,0,0,1,0,0,0,0,4,8,0,1,5,3,NA,0,3,4,21,14,10,0,1,4,29,173,2,72,2,0,NA,0,0,1,2,3,0,0,0,0,8,30,0,12
173647,17,31,NA,19,0,61,39,52,NA,NA,53,36,61,557,20,31,14,8,NA,8,0,15,20,14,NA,NA,27,8,39,215,8,2,1,2,NA,1,0,3,1,2,NA,NA,3,0,1,24,2,4,13,27,NA,16,0,49,32,44,NA,NA,35,31,49,446,12,22,0,0,NA,0,0,1,1,0,NA,NA,1,1,2,9,2,0,2,1,NA,1,0,1,3,5,NA,NA,10,0,4,41,0,5,1,0,NA,0,0,0,0,0,NA,NA,0,0,1,4,2,0
173665,NA,4,2,26,NA,41,14,37,4,NA,71,14,77,389,13,NA,NA,0,2,7,NA,7,5,5,0,NA,27,6,44,152,5,NA,NA,0,0,0,NA,7,0,4,0,NA,3,2,10,31,0,NA,NA,2,2,22,NA,26,6,22,3,NA,52,9,41,241,8,NA,NA,0,0,0,NA,0,0,0,0,NA,0,0,1,2,1,NA,NA,1,0,2,NA,6,5,5,0,NA,5,2,20,71,2,NA,NA,0,0,0,NA,1,3,3,0,NA,3,0,2,14,0,NA
173902,39,0,NA,23,NA,66,NA,47,NA,NA,98,30,NA,513,10,NA,25,0,NA,5,NA,17,NA,18,NA,NA,33,10,NA,201,4,NA,9,0,NA,1,NA,9,NA,7,NA,NA,6,3,NA,55,1,NA,12,0,NA,18,NA,27,NA,18,NA,NA,51,19,NA,264,3,NA,12,0,NA,0,NA,5,NA,5,NA,NA,23,3,NA,77,3,NA,3,0,NA,4,NA,16,NA,12,NA,NA,12,2,NA,74,2,NA,1,0,NA,0,NA,2,NA,0,NA,NA,2,0,NA,6,0,NA
173920,67,185,121,17,10,99,123,133,82,55,66,75,583,2554,99,557,51,34,104,2,5,30,79,15,43,1,43,24,361,1065,28,69,8,6,5,1,0,6,3,5,2,3,4,2,15,91,3,25,28,158,70,14,8,66,102,105,67,45,40,58,448,1906,77,416,18,0,24,0,0,10,4,3,0,0,10,2,39,170,1,9,12,13,19,1,1,10,11,13,10,5,7,9,61,293,16,90,0,3,1,0,1,2,0,1,0,1,0,1,2,17,0,2
173957,NA,NA,NA,NA,NA,NA,NA,NA,NA,NA,NA,NA,NA,NA,NA,NA,NA,NA,NA,NA,NA,NA,NA,NA,NA,NA,NA,NA,NA,NA,NA,NA,NA,NA,NA,NA,NA,NA,NA,NA,NA,NA,NA,NA,NA,NA,NA,NA,NA,NA,NA,NA,NA,NA,NA,NA,NA,NA,NA,NA,NA,NA,NA,NA,NA,NA,NA,NA,NA,NA,NA,NA,NA,NA,NA,NA,NA,NA,NA,NA,NA,NA,NA,NA,NA,NA,NA,NA,NA,NA,NA,NA,NA,NA,NA,NA,NA,NA,NA,NA,NA,NA,NA,NA,NA,NA,NA,NA,NA,NA,NA,NA
174020,242,37,NA,26,6,51,NA,131,59,102,29,12,375,1451,34,134,183,7,NA,14,4,16,NA,15,27,11,11,5,165,591,12,34,57,4,NA,0,0,11,NA,14,5,13,3,2,78,228,3,12,64,15,NA,17,1,12,NA,55,27,26,12,6,168,609,14,75,16,0,NA,1,2,2,NA,1,1,0,1,0,16,48,1,5,99,16,NA,5,2,21,NA,53,25,59,11,3,105,507,15,36,0,0,NA,0,1,4,NA,1,0,1,0,0,3,16,0,5
174066,751,306,700,204,NA,880,82,645,NA,NA,617,283,905,7215,279,312,567,105,503,72,NA,304,62,136,NA,NA,304,103,506,3340,87,51,169,31,79,17,NA,158,1,77,NA,NA,57,31,94,884,10,34,332,187,474,140,NA,547,63,376,NA,NA,370,178,662,4572,206,202,85,8,53,14,NA,19,5,48,NA,NA,69,7,36,429,8,1,116,60,47,18,NA,89,8,100,NA,NA,85,36,56,830,41,61,15,4,18,2,NA,21,1,9,NA,NA,8,8,24,146,4,3
174075,NA,8,6,9,NA,6,8,NA,9,NA,NA,NA,145,333,17,38,NA,1,3,2,NA,1,5,NA,7,NA,NA,NA,67,125,3,8,NA,0,0,0,NA,0,0,NA,0,NA,NA,NA,8,10,0,0,NA,7,5,8,NA,2,7,NA,4,NA,NA,NA,112,260,13,25,NA,1,1,0,NA,3,0,NA,0,NA,NA,NA,5,16,2,1,NA,0,0,1,NA,1,0,NA,2,NA,NA,NA,11,27,2,8,NA,0,0,0,NA,0,1,NA,1,NA,NA,NA,6,12,0,3
174233,111,105,250,29,NA,179,72,151,NA,35,107,68,339,1781,68,52,89,30,203,7,NA,54,34,27,NA,5,42,24,236,896,25,11,17,2,3,0,NA,8,2,5,NA,3,2,5,9,70,3,3,67,97,217,27,NA,158,65,126,NA,28,87,54,292,1500,55,46,5,0,3,0,NA,1,0,1,NA,0,1,0,7,21,2,0,15,1,15,1,NA,3,2,11,NA,2,8,4,15,90,5,1,3,3,4,1,NA,1,2,3,NA,1,2,1,4,34,0,0
174358,30,127,3,9,0,37,26,45,27,43,15,56,161,854,47,147,26,33,3,2,0,16,13,10,7,1,8,22,104,311,16,9,1,1,0,0,0,0,0,0,0,0,0,0,3,9,0,2,21,119,3,8,0,31,20,40,22,34,12,53,132,713,39,119,1,0,0,0,0,2,3,1,0,0,0,2,2,22,2,5,6,1,0,1,0,3,2,1,3,6,2,1,21,84,5,19,1,1,0,0,0,0,1,0,0,0,0,0,0,3,0,0
174491,22,38,18,11,NA,21,21,34,13,NA,5,32,69,425,21,59,15,5,15,1,NA,7,7,6,4,NA,4,9,45,158,8,4,0,1,0,0,NA,1,0,1,1,NA,1,1,3,16,0,5,16,32,16,10,NA,16,20,29,11,NA,4,31,56,358,19,46,2,1,0,0,NA,1,0,0,0,NA,0,0,0,7,0,0,1,2,1,0,NA,2,0,2,1,NA,0,0,5,23,1,5,1,0,0,0,NA,0,0,0,0,NA,0,0,0,3,0,1
174507,NA,NA,NA,NA,NA,NA,NA,NA,NA,NA,NA,NA,NA,20,NA,4,NA,NA,NA,NA,NA,NA,NA,NA,NA,NA,NA,NA,NA,10,NA,2,NA,NA,NA,NA,NA,NA,NA,NA,NA,NA,NA,NA,NA,2,NA,0,NA,NA,NA,NA,NA,NA,NA,NA,NA,NA,NA,NA,NA,6,NA,1,NA,NA,NA,NA,NA,NA,NA,NA,NA,NA,NA,NA,NA,0,NA,0,NA,NA,NA,NA,NA,NA,NA,NA,NA,NA,NA,NA,NA,2,NA,0,NA,NA,NA,NA,NA,NA,NA,NA,NA,NA,NA,NA,NA,10,NA,3
174747,4,29,NA,12,NA,56,NA,29,NA,NA,26,16,47,338,18,58,0,0,NA,0,NA,0,NA,0,NA,NA,0,0,0,0,0,0,0,1,NA,0,NA,0,NA,1,NA,NA,0,0,0,7,1,3,4,24,NA,11,NA,50,NA,16,NA,NA,20,12,43,282,14,54,0,1,NA,0,NA,0,NA,3,NA,NA,1,2,0,9,0,0,0,3,NA,1,NA,6,NA,8,NA,NA,4,2,4,37,3,1,0,0,NA,0,NA,0,NA,1,NA,NA,1,0,0,3,0,0
174783,95,92,89,19,0,64,15,102,33,55,35,46,216,1243,72,127,78,34,78,6,0,18,8,23,15,7,21,22,111,566,36,17,7,3,3,0,0,1,0,5,1,3,1,4,12,57,5,7,39,83,57,16,0,46,13,71,25,30,18,33,143,847,49,84,27,1,18,0,0,8,1,1,2,4,6,2,29,116,1,7,17,4,8,2,0,6,1,22,4,16,9,4,26,173,11,22,0,0,0,0,0,1,0,1,0,0,0,1,2,7,1,0
174792,24,5,NA,4,NA,53,NA,13,NA,NA,42,4,162,370,24,8,24,5,NA,4,NA,53,NA,13,NA,NA,42,4,162,370,24,8,2,0,NA,0,NA,3,NA,0,NA,NA,0,0,6,14,0,1,19,4,NA,3,NA,37,NA,10,NA,NA,32,4,135,294,18,6,2,0,NA,0,NA,2,NA,0,NA,NA,3,0,2,10,0,1,1,1,NA,1,NA,9,NA,3,NA,NA,7,0,19,49,5,0,0,0,NA,0,NA,2,NA,0,NA,NA,0,0,0,3,1,0
174817,21,16,NA,5,NA,20,NA,28,20,NA,1,9,80,317,4,68,14,2,NA,0,NA,5,NA,3,15,NA,1,3,39,132,2,9,1,0,NA,0,NA,1,NA,1,2,NA,0,0,2,10,0,3,6,14,NA,4,NA,16,NA,18,15,NA,1,4,57,206,1,33,2,1,NA,0,NA,0,NA,0,0,NA,0,0,2,6,0,0,10,0,NA,1,NA,2,NA,8,3,NA,0,1,13,71,3,26,2,1,NA,0,NA,1,NA,1,0,NA,0,4,6,23,0,6
174844,28,20,NA,20,2,81,32,58,NA,14,108,62,NA,646,NA,23,21,11,NA,4,0,24,14,14,NA,2,63,27,NA,277,NA,4,1,1,NA,2,0,6,2,10,NA,0,7,1,NA,45,NA,2,15,16,NA,18,1,52,25,34,NA,7,68,46,NA,438,NA,13,6,0,NA,0,1,4,2,6,NA,0,20,5,NA,65,NA,2,5,2,NA,0,0,13,1,4,NA,6,10,6,NA,69,NA,5,0,1,NA,0,0,2,0,1,NA,0,0,0,NA,4,NA,0
174862,NA,10,NA,1,8,3,16,22,1,NA,3,2,16,146,11,7,NA,1,NA,0,2,2,12,3,1,NA,2,1,6,64,4,0,NA,1,NA,0,0,0,0,0,0,NA,0,0,1,8,2,0,NA,8,NA,1,5,3,13,17,1,NA,2,2,15,118,8,7,NA,0,NA,0,0,0,2,0,0,NA,0,0,0,3,0,0,NA,1,NA,0,3,0,1,3,0,NA,1,0,0,13,1,0,NA,0,NA,0,0,0,0,0,0,NA,0,0,0,0,0,0
174899,15,24,NA,6,1,75,NA,55,NA,45,2,0,67,603,3,295,11,4,NA,2,0,30,NA,7,NA,4,0,0,38,139,1,34,0,0,NA,0,0,0,NA,3,NA,0,0,0,0,12,0,9,12,22,NA,6,0,70,NA,45,NA,32,1,0,49,494,2,242,0,0,NA,0,0,1,NA,0,NA,0,0,0,5,7,0,1,0,2,NA,0,1,3,NA,3,NA,5,0,0,6,49,1,26,2,0,NA,0,0,1,NA,1,NA,6,0,0,3,21,0,8
174914,76,30,135,16,3,136,46,57,NA,13,84,43,607,1423,35,18,56,6,106,1,0,42,13,9,NA,3,41,19,356,727,11,1,7,0,6,1,0,5,1,1,NA,0,2,2,25,54,1,1,45,25,99,14,1,112,37,40,NA,9,61,32,493,1100,24,11,6,0,6,0,0,2,0,5,NA,0,6,1,14,44,0,0,11,3,11,1,2,11,4,6,NA,1,4,7,39,117,5,6,5,2,6,0,0,3,1,4,NA,3,6,1,18,59,2,0
175005,1,32,NA,10,10,23,17,40,1,35,8,9,38,484,5,225,0,0,NA,0,1,0,0,1,0,0,0,0,1,11,0,8,0,4,NA,1,1,5,1,8,0,3,2,0,6,60,0,27,0,19,NA,4,6,9,13,18,1,16,3,6,17,263,4,126,0,0,NA,0,0,2,0,2,0,0,0,0,1,6,0,1,1,8,NA,5,3,5,2,8,0,11,2,3,12,115,0,50,0,0,NA,0,0,1,0,0,0,4,0,0,0,16,1,9
175014,9,24,NA,NA,NA,NA,NA,NA,8,15,NA,3,36,233,NA,138,6,1,NA,NA,NA,NA,NA,NA,4,0,NA,1,9,39,NA,18,0,1,NA,NA,NA,NA,NA,NA,1,0,NA,2,2,16,NA,10,6,11,NA,NA,NA,NA,NA,NA,5,8,NA,1,19,127,NA,77,0,0,NA,NA,NA,NA,NA,NA,0,0,NA,0,0,0,NA,0,2,10,NA,NA,NA,NA,NA,NA,1,7,NA,0,10,63,NA,33,1,2,NA,NA,NA,NA,NA,NA,1,0,NA,0,4,20,NA,12
175078,20,87,NA,7,6,6,36,20,13,31,9,9,58,398,12,57,17,8,NA,1,2,1,20,3,4,1,6,4,28,124,4,7,1,3,NA,1,0,0,2,0,0,0,1,0,3,13,0,2,9,75,NA,2,4,5,24,20,12,27,7,6,40,294,8,30,8,0,NA,0,0,0,2,0,0,0,0,0,3,13,0,0,1,7,NA,3,1,1,7,0,1,4,0,1,10,64,3,25,1,1,NA,0,0,0,1,0,0,0,0,0,0,4,0,0
175227,11,NA,42,NA,NA,NA,NA,NA,NA,NA,NA,17,11,98,NA,NA,11,NA,38,NA,NA,NA,NA,NA,NA,NA,NA,2,9,71,NA,NA,1,NA,7,NA,NA,NA,NA,NA,NA,NA,NA,0,0,10,NA,NA,10,NA,32,NA,NA,NA,NA,NA,NA,NA,NA,13,7,72,NA,NA,0,NA,0,NA,NA,NA,NA,NA,NA,NA,NA,0,0,0,NA,NA,0,NA,2,NA,NA,NA,NA,NA,NA,NA,NA,3,2,10,NA,NA,0,NA,1,NA,NA,NA,NA,NA,NA,NA,NA,1,1,3,NA,NA
175272,53,204,25,11,0,67,83,61,26,71,22,24,187,1247,59,247,41,42,20,4,0,18,21,9,13,9,10,7,108,399,23,31,5,5,0,1,0,2,1,2,0,3,1,0,7,47,4,13,36,181,21,9,0,59,76,50,23,51,21,22,160,1049,50,196,8,0,3,1,0,0,0,2,0,0,0,0,1,19,0,4,4,15,1,0,0,2,3,6,3,10,0,1,13,91,4,21,0,0,0,0,0,1,0,0,0,2,0,0,2,9,1,3
175342,12,7,NA,3,55,107,14,36,23,20,0,6,23,460,7,65,7,1,NA,0,22,16,13,7,7,0,0,4,10,123,1,1,0,0,NA,0,0,0,0,0,0,0,0,0,0,0,0,0,0,1,NA,0,3,1,0,1,0,0,0,0,0,13,0,6,0,0,NA,0,0,1,0,1,0,0,0,0,2,7,0,1,12,5,NA,3,51,105,14,33,23,20,0,5,21,434,6,57,0,1,NA,0,1,0,0,1,0,0,0,1,0,6,1,1
175421,16,4,NA,13,3,7,31,27,6,4,6,43,58,297,6,41,12,0,NA,6,1,0,21,4,4,1,0,13,29,109,4,1,0,0,NA,0,0,0,0,0,0,0,0,1,1,3,0,1,4,2,NA,7,1,4,12,7,2,1,1,28,26,124,4,11,0,0,NA,1,0,0,0,0,0,0,0,0,0,1,0,0,11,2,NA,3,2,2,19,17,4,2,3,11,23,137,1,25,1,0,NA,2,0,0,0,2,0,1,1,3,7,23,0,3
175616,NA,85,NA,4,27,26,NA,19,6,19,5,23,77,430,NA,73,NA,33,NA,3,12,6,NA,5,3,0,3,15,35,154,NA,7,NA,0,NA,0,0,0,NA,0,0,0,0,0,0,0,NA,0,NA,55,NA,4,11,12,NA,9,2,6,4,11,47,253,NA,51,NA,2,NA,0,0,1,NA,0,1,1,0,1,8,16,NA,1,NA,27,NA,0,16,13,NA,8,3,12,1,10,21,151,NA,18,NA,0,NA,0,0,0,NA,0,0,0,0,0,0,4,NA,2
175856,25,122,35,3,16,73,NA,41,75,66,25,14,111,826,34,71,15,27,25,1,6,13,NA,6,22,3,8,7,38,256,18,5,0,0,0,0,0,0,NA,0,0,0,0,0,0,0,0,0,0,3,0,2,1,7,NA,2,5,0,1,2,4,38,2,2,3,2,2,0,0,0,NA,0,0,0,0,0,4,13,0,0,22,115,33,1,15,63,NA,38,70,64,24,12,102,765,32,68,0,0,0,0,0,0,NA,0,0,0,0,0,1,1,0,0
176017,50,212,153,24,59,149,137,175,115,114,147,61,1058,3886,362,748,43,28,106,5,30,52,53,20,46,33,63,28,653,1462,72,105,4,1,7,1,1,12,3,5,1,0,2,1,21,90,4,22,36,177,129,19,30,109,106,114,88,81,118,45,899,3036,312,542,2,1,4,1,0,0,0,1,0,0,1,3,7,24,0,1,8,24,7,3,26,26,19,48,24,28,24,11,106,630,38,167,0,3,0,0,0,0,2,0,0,3,0,0,6,17,0,2
176035,NA,23,NA,9,12,18,21,13,NA,NA,6,18,96,637,6,385,NA,0,NA,2,4,6,6,2,NA,NA,2,4,34,105,4,35,NA,0,NA,0,0,0,0,0,NA,NA,0,0,1,5,0,4,NA,19,NA,6,6,13,14,7,NA,NA,4,8,56,367,4,210,NA,0,NA,0,0,0,0,0,NA,NA,0,0,2,4,0,1,NA,4,NA,3,6,3,7,6,NA,NA,2,10,36,253,2,166,NA,0,NA,0,0,2,0,0,NA,NA,0,0,1,7,0,4
176044,2,32,NA,3,50,10,15,NA,5,5,3,4,30,174,5,0,1,7,NA,1,28,1,12,NA,2,0,1,3,12,75,1,0,0,1,NA,0,0,0,0,NA,0,0,0,0,0,1,0,0,0,0,NA,0,3,0,2,NA,0,0,0,0,1,6,0,0,0,0,NA,0,0,0,0,NA,0,0,0,0,0,0,0,0,2,31,NA,3,45,9,13,NA,5,4,3,4,29,162,5,0,0,0,NA,0,0,1,0,NA,0,1,0,0,0,2,0,0
176053,3,37,7,16,NA,61,53,37,25,9,10,22,99,579,36,102,3,2,7,2,NA,27,22,10,14,2,4,7,55,203,11,17,0,0,0,0,NA,1,1,0,1,0,0,0,5,13,1,3,3,30,6,11,NA,46,32,28,13,6,6,17,63,394,32,60,0,0,1,0,NA,3,3,0,0,0,1,1,6,19,1,0,0,6,0,5,NA,7,14,8,9,2,2,4,18,130,2,39,0,1,0,0,NA,2,1,0,1,0,1,0,6,13,0,0
176080,110,323,672,22,64,224,243,317,NA,25,125,53,849,4337,134,10,95,49,530,4,27,53,102,50,NA,5,45,16,500,2068,44,2,11,1,23,0,0,4,2,4,NA,0,2,2,11,68,0,0,64,271,529,20,29,174,192,232,NA,17,89,38,689,3418,112,9,6,0,9,0,0,1,1,3,NA,0,1,0,9,33,0,0,24,44,82,2,29,33,37,57,NA,6,26,12,116,661,18,0,1,1,8,0,6,1,7,8,NA,2,3,0,9,61,2,0
176372,107,200,34,44,153,121,177,172,116,69,55,106,438,2526,49,343,85,18,28,11,62,36,94,37,42,4,25,48,218,907,12,45,2,0,2,0,1,3,2,1,1,0,1,2,14,42,0,7,69,155,24,37,76,78,95,94,71,31,32,72,291,1574,27,206,0,1,0,0,2,3,2,1,1,0,1,1,10,33,1,3,31,35,5,4,68,32,70,65,39,37,17,27,100,762,18,114,3,0,0,0,2,0,0,0,2,0,1,1,3,17,1,2
176406,0,10,NA,3,NA,17,14,12,NA,2,21,4,NA,96,8,NA,0,1,NA,2,NA,2,8,1,NA,0,8,4,NA,32,4,NA,0,0,NA,0,NA,0,0,0,NA,0,0,0,NA,0,0,NA,0,0,NA,0,NA,0,0,1,NA,0,0,0,NA,1,0,NA,0,0,NA,0,NA,0,0,0,NA,0,0,0,NA,0,0,NA,0,9,NA,2,NA,16,13,8,NA,2,19,4,NA,85,7,NA,0,1,NA,1,NA,1,1,1,NA,0,2,0,NA,8,1,NA
176479,NA,158,NA,7,26,38,0,31,12,NA,7,15,34,498,10,142,NA,45,NA,1,10,12,0,4,2,NA,7,5,22,136,4,13,NA,2,NA,0,0,0,0,1,1,NA,0,0,1,6,0,0,NA,106,NA,6,20,29,0,19,9,NA,4,9,23,322,3,78,NA,5,NA,0,2,1,0,2,0,NA,0,2,7,23,3,1,NA,43,NA,0,2,8,0,9,1,NA,3,4,3,132,3,55,NA,0,NA,0,1,0,0,0,1,NA,0,0,0,3,0,1
176628,11,10,NA,3,11,11,12,14,NA,9,5,10,32,197,17,51,8,1,NA,0,7,5,9,1,NA,1,4,4,17,74,12,5,0,0,NA,0,0,0,0,0,NA,0,0,1,0,4,0,3,3,6,NA,3,3,3,6,8,NA,5,3,6,16,98,7,28,2,0,NA,0,0,0,0,0,NA,0,0,0,1,6,0,3,6,4,NA,0,7,8,6,5,NA,4,2,3,15,85,10,15,0,0,NA,0,0,0,0,0,NA,0,0,0,0,1,0,1
176947,10,31,NA,3,NA,27,19,15,17,NA,1,2,33,221,6,40,8,15,NA,1,NA,10,13,1,8,NA,0,1,18,90,2,6,1,0,NA,0,NA,0,0,0,0,NA,0,0,0,2,0,0,5,29,NA,1,NA,23,7,13,13,NA,1,2,18,161,4,34,2,0,NA,0,NA,2,5,1,0,NA,0,0,5,17,1,1,2,2,NA,2,NA,0,3,0,1,NA,0,0,6,22,0,2,0,0,NA,0,NA,1,1,0,1,NA,0,0,2,6,1,0
176965,134,198,5,11,84,41,73,41,110,31,40,44,173,1384,48,142,114,29,4,5,37,13,39,8,46,1,17,16,108,605,25,12,3,1,0,0,0,1,0,0,1,0,0,0,1,10,1,2,86,175,4,9,60,33,55,25,92,17,31,34,145,1095,42,110,20,1,0,0,0,1,1,0,0,0,0,0,0,32,0,6,12,13,1,1,12,1,11,13,9,11,7,9,20,166,2,22,2,0,0,0,1,2,1,1,0,1,0,0,1,10,1,0
177065,56,NA,NA,18,162,31,18,76,76,56,12,10,366,981,3,69,45,NA,NA,5,90,9,9,12,33,7,6,4,175,416,1,5,0,NA,NA,0,3,0,0,0,0,0,0,1,4,9,0,1,26,NA,NA,14,93,24,8,46,39,28,8,6,228,600,0,56,7,NA,NA,0,0,4,4,0,1,0,0,1,12,30,1,0,17,NA,NA,4,52,2,5,20,32,21,2,1,98,266,1,9,2,NA,NA,0,2,0,0,0,2,0,0,0,10,18,1,1
177144,1,5,NA,0,6,3,22,25,13,NA,1,19,55,182,4,20,1,3,NA,0,3,2,17,3,6,NA,1,8,41,102,2,10,0,0,NA,0,0,0,0,0,1,NA,0,0,0,1,0,0,1,4,NA,0,6,2,8,17,6,NA,1,15,37,120,1,15,0,0,NA,0,0,0,2,0,0,NA,0,1,5,10,1,1,0,1,NA,0,0,1,10,6,5,NA,0,3,11,42,2,3,0,0,NA,0,0,0,2,1,1,NA,0,0,1,7,0,1
177214,2,15,11,10,NA,51,0,22,5,NA,28,26,42,309,13,18,2,5,10,0,NA,17,0,1,1,NA,11,10,30,128,8,2,0,0,0,0,NA,0,0,1,0,NA,0,1,1,6,0,0,2,11,9,8,NA,42,0,17,3,NA,22,22,33,243,9,16,0,0,1,0,NA,4,0,1,0,NA,4,2,5,22,1,0,0,1,1,1,NA,1,0,1,1,NA,1,0,1,12,2,0,0,3,0,1,NA,2,0,2,1,NA,1,1,2,20,1,1
177339,4,48,NA,5,3,11,12,23,9,11,5,20,41,253,13,19,3,15,NA,1,2,4,9,5,5,2,4,4,26,108,6,7,0,0,NA,0,0,0,0,0,0,0,1,0,0,2,0,0,3,43,NA,5,2,10,7,18,6,8,3,17,31,203,10,17,0,0,NA,0,0,0,1,0,0,0,0,0,1,3,0,1,1,2,NA,0,1,1,3,3,2,1,1,1,2,22,2,1,0,0,NA,0,0,0,1,0,1,0,0,1,5,11,1,0
177472,NA,NA,NA,NA,NA,NA,NA,NA,NA,NA,NA,NA,NA,3,NA,3,NA,NA,NA,NA,NA,NA,NA,NA,NA,NA,NA,NA,NA,1,NA,1,NA,NA,NA,NA,NA,NA,NA,NA,NA,NA,NA,NA,NA,0,NA,0,NA,NA,NA,NA,NA,NA,NA,NA,NA,NA,NA,NA,NA,3,NA,3,NA,NA,NA,NA,NA,NA,NA,NA,NA,NA,NA,NA,NA,0,NA,0,NA,NA,NA,NA,NA,NA,NA,NA,NA,NA,NA,NA,NA,0,NA,0,NA,NA,NA,NA,NA,NA,NA,NA,NA,NA,NA,NA,NA,0,NA,0
177551,8,16,NA,NA,21,51,NA,18,26,NA,12,NA,45,214,10,3,7,3,NA,NA,8,5,NA,0,5,NA,3,NA,20,60,7,1,1,0,NA,NA,0,0,NA,0,0,NA,0,NA,0,1,0,0,1,0,NA,NA,1,2,NA,0,1,NA,0,NA,1,8,0,1,1,0,NA,NA,0,0,NA,0,0,NA,0,NA,4,5,0,0,5,15,NA,NA,19,47,NA,17,24,NA,9,NA,35,185,10,1,0,1,NA,NA,1,0,NA,1,0,NA,1,NA,3,7,0,0
177940,7,34,NA,1,16,6,NA,23,11,7,8,1,36,243,15,23,4,3,NA,0,6,4,NA,3,6,0,1,0,20,75,9,0,0,0,NA,0,0,0,NA,0,0,0,0,0,0,1,0,0,1,24,NA,0,5,2,NA,8,3,1,1,0,17,93,0,17,1,0,NA,0,1,1,NA,1,0,0,0,0,3,19,4,0,5,7,NA,1,9,3,NA,13,8,4,6,1,16,116,10,4,0,2,NA,0,1,0,NA,0,0,2,0,0,0,7,1,1
177968,112,69,NA,15,0,38,83,38,62,12,36,71,279,960,23,45,57,13,NA,7,0,7,41,12,22,2,14,28,134,404,9,13,5,3,NA,0,0,2,1,0,0,0,0,1,7,24,1,2,80,61,NA,14,0,24,54,22,43,7,22,49,197,659,15,23,7,0,NA,0,0,2,13,3,0,0,9,5,18,65,3,1,13,2,NA,1,0,7,13,12,13,4,2,10,43,149,2,11,5,2,NA,0,0,0,1,0,2,0,1,6,9,34,1,4
177986,NA,NA,NA,NA,NA,62,NA,NA,NA,NA,NA,NA,NA,85,NA,NA,NA,NA,NA,NA,NA,14,NA,NA,NA,NA,NA,NA,NA,25,NA,NA,NA,NA,NA,NA,NA,2,NA,NA,NA,NA,NA,NA,NA,2,NA,NA,NA,NA,NA,NA,NA,38,NA,NA,NA,NA,NA,NA,NA,58,NA,NA,NA,NA,NA,NA,NA,0,NA,NA,NA,NA,NA,NA,NA,0,NA,NA,NA,NA,NA,NA,NA,12,NA,NA,NA,NA,NA,NA,NA,12,NA,NA,NA,NA,NA,NA,NA,5,NA,NA,NA,NA,NA,NA,NA,5,NA,NA
178059,35,20,NA,15,9,58,58,163,NA,18,43,49,185,1120,20,302,29,5,NA,3,2,18,42,11,NA,2,6,14,99,358,7,33,4,0,NA,1,0,6,0,2,NA,0,2,2,8,35,1,4,21,13,NA,12,4,36,48,115,NA,12,16,31,133,777,15,218,1,0,NA,0,0,2,2,3,NA,0,0,1,15,31,0,4,7,2,NA,2,4,8,7,28,NA,4,21,11,21,189,3,51,2,3,NA,0,0,4,1,6,NA,2,1,2,5,49,1,17
178208,NA,NA,NA,NA,NA,NA,NA,NA,NA,NA,NA,0,6,103,2,NA,NA,NA,NA,NA,NA,NA,NA,NA,NA,NA,NA,0,5,68,1,NA,NA,NA,NA,NA,NA,NA,NA,NA,NA,NA,NA,0,0,3,0,NA,NA,NA,NA,NA,NA,NA,NA,NA,NA,NA,NA,0,5,85,2,NA,NA,NA,NA,NA,NA,NA,NA,NA,NA,NA,NA,0,0,1,0,NA,NA,NA,NA,NA,NA,NA,NA,NA,NA,NA,NA,0,0,9,0,NA,NA,NA,NA,NA,NA,NA,NA,NA,NA,NA,NA,0,1,5,0,NA
178244,5,66,NA,5,17,12,20,36,20,1,6,6,69,365,9,57,4,10,NA,3,7,3,10,10,14,0,3,2,37,133,5,9,1,0,NA,0,0,0,0,0,0,0,0,0,0,2,0,1,1,62,NA,5,11,8,15,24,17,1,6,4,57,293,5,49,2,1,NA,0,0,1,2,2,0,0,0,0,3,12,0,0,0,2,NA,0,5,1,1,8,2,0,0,2,6,37,2,4,0,1,NA,0,0,1,1,0,1,0,0,0,2,14,2,3
178341,16,86,NA,14,85,40,23,24,50,24,6,17,157,670,12,83,12,17,NA,5,20,16,14,6,24,4,2,3,74,240,6,20,2,2,NA,0,0,4,0,1,0,1,0,0,2,19,0,5,9,64,NA,13,57,29,19,16,36,19,3,13,117,494,6,68,1,0,NA,0,3,0,0,3,2,0,0,0,5,16,0,1,3,15,NA,1,13,5,3,3,10,4,1,2,20,95,5,5,0,4,NA,0,9,2,1,0,1,0,1,2,8,32,1,3
178369,6,22,NA,1,4,12,18,20,9,NA,1,4,69,201,6,18,6,9,NA,1,4,6,11,10,6,NA,0,2,46,114,2,2,0,0,NA,0,0,1,0,0,0,NA,0,0,0,1,0,0,0,18,NA,0,3,8,9,6,3,NA,0,1,21,90,2,13,6,1,NA,0,0,2,5,8,1,NA,0,1,29,60,3,1,0,3,NA,0,1,0,1,4,2,NA,0,2,14,33,1,4,0,0,NA,1,0,1,1,2,3,NA,1,0,2,11,0,0
178387,15,49,NA,0,NA,43,44,30,24,20,3,19,88,513,12,95,13,8,NA,0,NA,14,18,7,11,1,1,2,53,179,3,15,0,0,NA,0,NA,1,0,0,1,1,0,0,0,6,1,1,11,46,NA,0,NA,33,34,24,18,15,3,13,63,400,8,77,0,0,NA,0,NA,1,1,1,0,0,0,1,4,13,0,4,0,1,NA,0,NA,5,7,4,2,3,0,2,13,54,3,5,2,0,NA,0,NA,0,0,1,1,0,0,1,2,13,0,4
178396,216,282,428,56,NA,365,70,344,NA,38,426,163,1160,6105,624,963,190,49,320,13,NA,136,60,89,NA,9,233,72,744,2786,213,184,23,6,12,2,NA,18,1,16,NA,1,11,3,31,184,11,31,149,253,357,48,NA,294,62,248,NA,33,335,119,965,4922,500,784,2,2,10,0,NA,3,1,3,NA,0,0,0,7,60,15,3,26,14,32,3,NA,27,4,58,NA,2,45,26,106,621,67,98,4,1,2,1,NA,2,0,2,NA,0,7,3,12,51,3,4
178402,106,43,118,41,112,171,NA,115,NA,NA,107,85,313,1596,51,179,81,11,98,7,36,57,NA,24,NA,NA,36,30,154,632,15,19,17,3,7,0,44,42,NA,5,NA,NA,2,5,26,181,1,14,37,24,63,32,38,82,NA,70,NA,NA,72,59,161,871,28,112,25,0,22,0,1,1,NA,0,NA,NA,1,4,19,82,1,0,17,12,21,7,20,34,NA,35,NA,NA,23,12,90,354,16,42,3,1,3,1,4,3,NA,1,NA,NA,4,3,3,32,3,2
178411,162,7,779,10,NA,37,NA,18,NA,NA,5,NA,41,1209,NA,NA,139,3,617,5,NA,12,NA,7,NA,NA,5,NA,28,920,NA,NA,15,0,34,0,NA,0,NA,0,NA,NA,0,NA,1,53,NA,NA,125,6,630,9,NA,31,NA,18,NA,NA,4,NA,30,978,NA,NA,4,0,17,0,NA,0,NA,0,NA,NA,0,NA,0,22,NA,NA,9,1,61,1,NA,3,NA,0,NA,NA,1,NA,8,96,NA,NA,3,0,17,0,NA,1,NA,0,NA,NA,0,NA,0,25,NA,NA
178420,108,122,49,22,40,72,14,128,NA,68,143,44,326,1385,48,126,84,22,38,6,14,29,10,27,NA,11,61,14,184,582,16,28,9,1,1,1,2,8,0,1,NA,1,5,1,12,54,1,8,64,100,34,16,26,45,13,86,NA,45,96,33,239,955,35,71,3,0,2,1,0,2,0,1,NA,0,0,0,7,19,0,0,23,20,7,4,9,11,1,32,NA,19,27,7,48,258,8,37,6,0,3,0,3,5,0,4,NA,1,9,1,14,57,1,3
178615,27,NA,NA,47,8,58,55,59,14,1,46,47,103,687,11,101,22,NA,NA,11,3,28,31,16,4,0,25,16,63,296,6,14,1,NA,NA,2,0,3,1,1,0,0,0,1,3,18,0,5,20,NA,NA,35,8,52,49,54,13,1,37,38,76,565,7,83,5,NA,NA,3,0,0,0,0,0,0,6,2,17,42,1,2,1,NA,NA,2,0,2,3,2,0,0,2,2,4,28,2,3,0,NA,NA,0,0,0,1,1,0,0,0,1,0,7,0,3
178624,70,198,NA,9,46,50,25,112,8,0,32,21,185,1092,48,98,48,38,NA,0,23,8,17,18,5,0,9,6,96,381,22,12,1,0,NA,0,1,1,0,1,0,0,0,0,2,10,0,1,50,185,NA,9,41,36,19,87,8,0,25,18,149,924,42,85,8,0,NA,0,1,1,0,1,0,0,2,1,4,21,1,0,10,8,NA,0,2,6,4,19,0,0,5,1,16,89,3,7,1,3,NA,0,0,1,0,2,0,0,0,1,3,16,0,2
178697,10,28,12,10,6,13,16,26,12,6,12,14,54,332,10,30,10,4,9,3,1,6,13,7,9,0,4,4,28,136,1,6,0,0,1,0,0,1,0,0,0,0,1,1,0,5,0,0,9,28,7,10,5,10,13,24,10,3,10,12,48,291,9,28,1,0,2,0,0,0,0,0,0,0,0,0,1,5,0,0,0,0,2,0,0,1,2,2,2,1,1,0,2,18,0,2,0,0,0,0,1,0,0,0,0,1,0,1,1,6,0,0
178721,122,30,NA,6,NA,11,29,166,92,46,30,25,515,1215,14,53,102,3,NA,2,NA,5,16,50,44,29,19,12,275,615,4,11,11,0,NA,0,NA,1,0,3,1,3,0,0,18,43,1,3,59,18,NA,6,NA,8,14,52,32,16,19,13,215,522,5,24,5,0,NA,0,NA,1,2,8,1,0,0,6,20,45,1,1,33,12,NA,0,NA,1,12,79,44,19,8,2,217,469,3,16,6,0,NA,0,NA,0,0,5,4,2,1,0,13,39,0,3
178891,NA,NA,NA,NA,NA,NA,NA,NA,NA,NA,NA,NA,14,24,NA,NA,NA,NA,NA,NA,NA,NA,NA,NA,NA,NA,NA,NA,14,21,NA,NA,NA,NA,NA,NA,NA,NA,NA,NA,NA,NA,NA,NA,0,0,NA,NA,NA,NA,NA,NA,NA,NA,NA,NA,NA,NA,NA,NA,11,17,NA,NA,NA,NA,NA,NA,NA,NA,NA,NA,NA,NA,NA,NA,0,0,NA,NA,NA,NA,NA,NA,NA,NA,NA,NA,NA,NA,NA,NA,1,4,NA,NA,NA,NA,NA,NA,NA,NA,NA,NA,NA,NA,NA,NA,1,1,NA,NA
179043,3,8,17,13,NA,54,35,33,12,0,4,1,83,472,9,174,3,1,14,4,NA,16,13,8,7,0,4,1,50,157,3,15,0,0,0,2,NA,2,0,0,0,0,0,0,1,17,0,10,2,6,11,8,NA,41,23,23,6,0,3,1,56,315,6,114,0,0,1,0,NA,0,0,0,0,0,0,0,3,8,1,1,1,1,5,3,NA,8,9,8,5,0,1,0,19,101,1,33,0,0,0,0,NA,0,0,0,0,0,0,0,0,14,0,14
179159,52,28,97,16,3,139,108,72,39,18,56,11,269,1503,31,437,44,6,63,3,0,56,34,13,10,1,20,3,160,555,11,59,10,3,6,3,0,39,18,15,2,1,3,1,33,225,0,86,25,20,67,10,3,68,72,37,29,14,39,8,169,947,23,275,2,0,6,0,0,5,2,2,0,0,2,1,26,60,1,3,9,4,14,2,0,17,11,15,6,3,7,1,30,190,4,52,1,0,1,0,0,0,0,0,0,0,1,0,0,9,0,4
179308,NA,NA,NA,NA,NA,NA,NA,NA,NA,NA,NA,NA,NA,0,NA,0,NA,NA,NA,NA,NA,NA,NA,NA,NA,NA,NA,NA,NA,0,NA,0,NA,NA,NA,NA,NA,NA,NA,NA,NA,NA,NA,NA,NA,0,NA,0,NA,NA,NA,NA,NA,NA,NA,NA,NA,NA,NA,NA,NA,0,NA,0,NA,NA,NA,NA,NA,NA,NA,NA,NA,NA,NA,NA,NA,0,NA,0,NA,NA,NA,NA,NA,NA,NA,NA,NA,NA,NA,NA,NA,0,NA,0,NA,NA,NA,NA,NA,NA,NA,NA,NA,NA,NA,NA,NA,0,NA,0
179326,19,46,NA,4,NA,6,41,31,8,3,1,4,32,254,5,41,16,14,NA,0,NA,3,23,10,4,0,0,0,15,98,0,3,0,1,NA,0,NA,0,0,0,0,1,0,0,0,3,0,0,10,35,NA,3,NA,3,31,22,5,2,0,1,20,173,4,29,1,1,NA,0,NA,0,0,1,0,0,0,0,3,6,0,0,0,1,NA,0,NA,0,4,2,1,0,1,1,1,13,0,1,7,7,NA,1,NA,3,5,5,2,0,0,2,6,52,1,10
179557,92,164,9,16,116,90,45,95,44,38,41,95,249,1579,112,153,77,44,6,6,48,36,34,11,17,3,19,28,117,625,61,21,1,0,1,0,2,0,0,0,0,0,0,0,2,9,1,2,57,153,5,14,80,70,38,73,30,26,32,83,196,1244,88,128,21,0,1,0,1,5,1,1,0,0,1,2,11,55,0,0,5,7,0,2,27,8,3,16,11,9,4,4,23,173,14,15,5,0,1,0,3,3,0,1,1,1,1,1,2,29,1,2
179566,162,462,NA,62,65,162,97,252,NA,62,193,205,692,3186,111,294,129,113,NA,13,33,54,32,48,NA,4,76,91,393,1222,49,37,7,7,NA,1,2,8,2,4,NA,0,3,1,15,58,0,5,123,409,NA,55,44,138,79,205,NA,54,157,174,581,2645,91,239,16,1,NA,0,0,3,1,4,NA,0,9,4,29,96,1,9,9,27,NA,2,15,4,10,26,NA,7,17,18,43,251,14,27,2,4,NA,1,0,1,1,2,NA,0,2,1,11,29,0,3
179867,235,9,292,37,1,246,NA,167,NA,NA,237,105,222,1994,1,11,164,5,182,5,0,96,NA,37,NA,NA,118,22,116,953,0,2,59,0,51,2,0,107,NA,32,NA,NA,41,26,56,450,0,1,77,6,142,27,1,86,NA,78,NA,NA,108,44,117,894,0,6,51,0,33,0,0,12,NA,4,NA,NA,14,6,10,165,1,0,31,2,48,5,0,24,NA,36,NA,NA,53,19,27,336,0,3,3,0,8,0,0,3,NA,7,NA,NA,6,1,5,40,0,1
179894,39,27,2,21,8,26,5,29,NA,NA,23,146,81,544,43,21,28,7,2,4,3,12,1,9,NA,NA,9,64,50,248,19,4,1,0,0,0,0,1,0,1,NA,NA,1,7,3,19,2,0,26,24,1,18,7,17,3,19,NA,NA,12,101,40,352,22,13,3,0,0,0,0,1,0,2,NA,NA,4,0,10,20,0,0,6,2,0,2,1,5,1,4,NA,NA,5,21,18,100,14,7,2,1,0,0,0,2,0,1,NA,NA,1,6,7,29,4,1
179964,5,19,NA,1,1,14,16,10,5,4,NA,5,29,178,2,0,4,7,NA,0,1,2,9,3,2,0,NA,1,15,55,0,0,0,0,NA,0,0,0,0,0,0,0,NA,0,0,1,0,0,4,15,NA,1,0,10,10,8,3,3,NA,3,19,125,2,0,0,0,NA,0,0,0,2,0,0,0,NA,0,3,6,0,0,0,1,NA,0,1,1,1,0,1,0,NA,1,1,16,0,0,1,3,NA,0,0,2,1,2,0,1,NA,0,4,22,0,0
180106,5,16,6,3,NA,34,0,7,NA,NA,10,3,26,221,5,82,4,3,4,1,NA,12,0,3,NA,NA,8,1,17,84,3,17,0,0,0,0,NA,1,0,0,NA,NA,0,0,1,3,0,1,4,13,4,3,NA,26,0,6,NA,NA,8,1,19,167,4,60,0,0,0,0,NA,0,0,0,NA,NA,0,0,0,0,0,0,0,1,1,0,NA,2,0,0,NA,NA,1,0,2,15,0,4,1,1,0,0,NA,0,0,1,NA,NA,0,1,3,20,1,12
180179,NA,43,NA,7,31,14,14,36,14,NA,7,12,111,353,11,27,NA,9,NA,0,13,4,3,7,6,NA,5,9,57,134,5,3,NA,0,NA,0,1,1,0,0,0,NA,0,0,1,4,0,0,NA,39,NA,6,20,9,13,30,12,NA,5,12,88,283,5,22,NA,0,NA,0,2,1,0,0,1,NA,0,0,5,11,1,0,NA,4,NA,1,3,1,0,3,0,NA,1,0,7,23,2,1,NA,0,NA,0,3,1,1,2,1,NA,0,0,7,22,2,3
180416,17,NA,126,NA,6,20,NA,NA,NA,NA,NA,NA,44,295,NA,75,11,NA,104,NA,3,7,NA,NA,NA,NA,NA,NA,30,182,NA,24,1,NA,1,NA,0,0,NA,NA,NA,NA,NA,NA,1,3,NA,0,15,NA,103,NA,4,17,NA,NA,NA,NA,NA,NA,33,244,NA,66,0,NA,7,NA,0,0,NA,NA,NA,NA,NA,NA,0,9,NA,2,0,NA,5,NA,0,1,NA,NA,NA,NA,NA,NA,2,12,NA,4,1,NA,8,NA,2,2,NA,NA,NA,NA,NA,NA,8,25,NA,3
180461,99,86,379,35,51,241,7,147,NA,NA,124,138,389,2667,NA,374,79,16,285,11,19,103,4,38,NA,NA,50,82,255,1305,NA,70,4,1,8,1,0,1,0,3,NA,NA,1,3,3,37,NA,7,86,71,315,29,43,217,6,130,NA,NA,109,112,344,2281,NA,302,3,0,12,0,1,1,0,1,NA,NA,0,0,4,25,NA,0,2,3,13,2,2,11,1,6,NA,NA,7,8,14,122,NA,24,2,0,10,0,2,3,0,3,NA,NA,2,3,5,55,NA,16
180489,79,42,NA,30,0,97,0,107,NA,33,116,104,147,1140,62,52,54,8,NA,4,0,42,0,23,NA,4,39,42,85,479,28,7,1,1,NA,0,0,0,0,3,NA,0,1,1,1,9,0,1,62,28,NA,25,0,77,0,74,NA,19,91,77,113,888,44,47,2,0,NA,0,0,2,0,2,NA,0,2,0,6,14,0,0,3,5,NA,3,0,7,0,7,NA,3,9,9,7,76,10,1,6,3,NA,1,0,7,0,10,NA,2,4,6,8,64,4,3
180595,2,18,NA,3,NA,26,16,15,NA,NA,7,5,27,152,3,NA,2,3,NA,0,NA,5,7,5,NA,NA,2,0,17,61,3,NA,0,0,NA,0,NA,0,0,0,NA,NA,0,0,0,0,0,NA,1,13,NA,2,NA,22,13,10,NA,NA,6,2,19,116,2,NA,0,0,NA,0,NA,1,1,1,NA,NA,0,0,5,8,0,NA,1,2,NA,0,NA,3,1,3,NA,NA,1,1,0,14,0,NA,0,1,NA,0,NA,0,0,0,NA,NA,0,1,0,3,0,NA
180692,NA,110,NA,6,0,19,14,8,NA,NA,1,3,32,256,NA,NA,NA,25,NA,0,0,8,6,0,NA,NA,0,0,21,87,NA,NA,NA,1,NA,0,0,0,0,0,NA,NA,0,0,0,1,NA,NA,NA,77,NA,5,0,17,11,8,NA,NA,1,3,27,201,NA,NA,NA,0,NA,0,0,0,0,0,NA,NA,0,0,0,1,NA,NA,NA,2,NA,0,0,0,1,0,NA,NA,0,0,1,9,NA,NA,NA,26,NA,1,0,1,1,0,NA,NA,0,0,2,36,NA,NA
180814,415,15,NA,0,1,7,26,57,43,21,131,31,989,2021,16,177,309,9,NA,0,0,0,19,10,23,1,26,7,449,909,4,16,35,0,NA,0,0,0,1,0,0,0,0,4,35,85,1,4,228,11,NA,0,0,5,17,35,27,10,92,18,553,1179,9,118,0,0,NA,0,0,0,0,0,0,0,0,0,2,2,0,0,100,4,NA,0,0,2,6,19,13,0,27,7,286,531,4,43,38,0,NA,0,1,0,1,1,2,10,7,2,88,167,2,9
180832,NA,NA,NA,NA,NA,NA,NA,0,NA,NA,NA,NA,5,193,NA,188,NA,NA,NA,NA,NA,NA,NA,0,NA,NA,NA,NA,1,19,NA,18,NA,NA,NA,NA,NA,NA,NA,0,NA,NA,NA,NA,0,6,NA,6,NA,NA,NA,NA,NA,NA,NA,0,NA,NA,NA,NA,4,127,NA,123,NA,NA,NA,NA,NA,NA,NA,0,NA,NA,NA,NA,0,0,NA,0,NA,NA,NA,NA,NA,NA,NA,0,NA,NA,NA,NA,0,26,NA,26,NA,NA,NA,NA,NA,NA,NA,0,NA,NA,NA,NA,0,18,NA,18
180948,NA,104,NA,5,NA,18,22,18,21,5,NA,6,94,385,7,3,NA,17,NA,1,NA,4,15,3,8,1,NA,2,43,126,2,0,NA,0,NA,0,NA,0,0,0,0,1,NA,0,0,1,0,0,NA,93,NA,5,NA,17,12,13,14,2,NA,5,81,322,6,2,NA,0,NA,0,NA,0,1,0,1,0,NA,0,1,5,0,0,NA,9,NA,0,NA,1,8,5,4,2,NA,1,11,49,1,0,NA,1,NA,0,NA,0,0,0,2,0,NA,0,1,4,0,0
180984,9,54,NA,4,1,14,18,24,14,NA,1,13,44,252,5,3,9,13,NA,1,1,5,9,10,7,NA,0,5,27,117,3,2,0,0,NA,0,0,0,0,0,0,NA,0,0,0,1,1,0,7,48,NA,4,0,13,12,20,9,NA,1,10,34,209,4,2,0,0,NA,0,0,0,0,2,0,NA,0,0,0,2,0,0,1,3,NA,0,0,0,3,2,2,NA,0,2,5,19,0,0,1,3,NA,0,1,1,1,0,3,NA,0,0,5,18,0,1
181002,18,13,NA,14,NA,196,NA,56,7,9,60,11,248,1048,14,333,14,1,NA,2,NA,80,NA,15,1,1,22,5,155,397,8,58,2,1,NA,3,NA,21,NA,4,0,1,5,1,15,93,0,34,11,11,NA,6,NA,130,NA,39,6,6,38,5,192,730,10,222,0,0,NA,0,NA,7,NA,0,0,0,0,0,2,20,3,7,4,1,NA,2,NA,20,NA,8,1,1,12,3,22,124,1,43,0,0,NA,1,NA,1,NA,0,0,0,1,0,6,13,0,4
181020,13,26,18,5,20,10,17,13,0,6,5,15,35,217,6,10,7,11,16,0,8,4,11,2,0,0,2,2,26,109,4,2,1,0,0,0,2,0,0,0,0,0,0,0,0,3,0,0,10,24,12,4,10,7,15,11,0,5,2,13,25,166,4,9,2,0,2,0,0,0,1,1,0,0,0,0,4,10,0,0,0,2,4,1,6,3,1,1,0,1,1,2,6,33,1,1,0,0,0,0,1,0,0,0,0,0,0,0,0,1,0,0
181215,17,177,NA,28,44,31,65,45,20,43,26,42,160,863,13,71,15,22,NA,8,11,9,31,10,7,6,13,9,92,278,5,7,0,1,NA,0,2,0,1,0,0,0,1,1,1,8,0,0,15,149,NA,23,30,28,53,39,10,26,12,33,116,651,11,52,1,2,NA,2,2,0,3,1,1,2,2,0,13,40,1,1,1,19,NA,3,9,3,5,5,7,12,8,5,29,134,1,15,0,2,NA,0,0,0,1,0,1,0,0,0,0,4,0,0
181297,NA,NA,NA,NA,NA,NA,NA,NA,NA,NA,NA,NA,NA,224,NA,224,NA,NA,NA,NA,NA,NA,NA,NA,NA,NA,NA,NA,NA,27,NA,27,NA,NA,NA,NA,NA,NA,NA,NA,NA,NA,NA,NA,NA,12,NA,12,NA,NA,NA,NA,NA,NA,NA,NA,NA,NA,NA,NA,NA,175,NA,175,NA,NA,NA,NA,NA,NA,NA,NA,NA,NA,NA,NA,NA,0,NA,0,NA,NA,NA,NA,NA,NA,NA,NA,NA,NA,NA,NA,NA,25,NA,25,NA,NA,NA,NA,NA,NA,NA,NA,NA,NA,NA,NA,NA,8,NA,8
181330,NA,66,NA,0,1,14,33,13,18,8,4,7,57,271,3,40,NA,19,NA,0,1,5,20,2,8,2,3,2,38,112,2,5,NA,0,NA,0,0,0,1,1,1,0,0,1,0,6,0,2,NA,42,NA,0,0,8,20,9,10,2,3,5,28,153,2,21,NA,1,NA,0,0,1,0,0,1,0,0,0,10,16,0,2,NA,15,NA,0,1,4,7,1,6,3,0,1,13,67,1,13,NA,7,NA,0,0,1,5,2,0,2,1,0,5,26,0,2
181394,192,246,NA,34,338,153,69,173,242,32,58,82,420,2399,75,54,160,52,NA,9,140,48,28,24,89,4,30,27,244,999,30,5,14,7,NA,0,6,16,3,2,9,3,0,2,19,96,3,7,127,189,NA,25,223,90,41,116,141,19,38,54,284,1567,48,20,17,1,NA,1,4,5,3,5,10,1,1,4,28,103,4,3,16,20,NA,0,54,14,7,19,36,7,9,10,38,273,9,9,2,2,NA,0,4,1,0,2,5,0,0,0,5,27,0,2
181428,NA,NA,NA,NA,NA,NA,NA,NA,NA,NA,NA,NA,NA,429,NA,429,NA,NA,NA,NA,NA,NA,NA,NA,NA,NA,NA,NA,NA,64,NA,64,NA,NA,NA,NA,NA,NA,NA,NA,NA,NA,NA,NA,NA,8,NA,8,NA,NA,NA,NA,NA,NA,NA,NA,NA,NA,NA,NA,NA,336,NA,336,NA,NA,NA,NA,NA,NA,NA,NA,NA,NA,NA,NA,NA,7,NA,7,NA,NA,NA,NA,NA,NA,NA,NA,NA,NA,NA,NA,NA,62,NA,62,NA,NA,NA,NA,NA,NA,NA,NA,NA,NA,NA,NA,NA,2,NA,2
181446,1,30,NA,11,0,46,57,37,9,13,12,24,37,338,11,29,1,10,NA,1,0,17,39,7,4,1,5,9,24,138,1,7,0,0,NA,0,0,0,0,1,0,1,0,1,0,7,0,2,0,26,NA,11,0,40,48,29,8,10,11,21,31,282,9,22,0,0,NA,0,0,0,0,1,0,0,0,1,1,5,0,0,0,1,NA,0,0,4,7,3,1,2,1,1,4,30,1,4,0,2,NA,0,0,1,1,0,0,0,0,0,0,6,1,1
181464,115,248,400,45,2,259,NA,246,38,NA,173,152,900,4021,287,55,88,68,339,8,1,106,NA,42,4,NA,80,66,559,1955,102,8,18,3,10,1,0,19,NA,8,0,NA,10,6,28,147,7,2,64,209,319,38,2,195,NA,186,27,NA,128,113,730,3128,223,47,17,0,15,0,0,14,NA,3,2,NA,7,7,34,179,9,0,8,29,44,3,0,21,NA,34,9,NA,18,16,77,391,31,3,1,1,3,1,0,4,NA,3,0,NA,3,2,8,47,3,1
181534,6,42,NA,2,0,11,13,39,20,NA,2,9,79,234,NA,NA,1,7,NA,1,0,1,5,6,4,NA,2,5,41,76,NA,NA,0,2,NA,0,0,0,0,1,0,NA,0,0,0,3,NA,NA,6,39,NA,2,0,10,9,32,17,NA,2,6,59,193,NA,NA,0,0,NA,0,0,0,1,1,0,NA,0,0,3,5,NA,NA,0,0,NA,0,0,1,3,4,3,NA,0,1,13,25,NA,NA,0,0,NA,0,0,0,0,0,0,NA,0,0,2,2,NA,NA
181783,36,159,NA,4,NA,34,30,48,71,NA,6,25,136,669,22,5,33,45,NA,0,NA,10,21,10,25,NA,1,9,63,283,12,0,1,0,NA,0,NA,1,0,0,1,NA,0,0,3,7,0,0,27,150,NA,4,NA,30,23,39,53,NA,4,17,114,561,18,5,3,1,NA,0,NA,1,4,0,2,NA,0,3,1,19,1,0,4,7,NA,0,NA,0,1,8,13,NA,1,4,14,61,3,0,0,0,NA,0,NA,0,0,1,1,NA,0,0,2,5,0,0
182005,NA,NA,NA,NA,NA,NA,NA,NA,3,NA,NA,NA,91,141,NA,31,NA,NA,NA,NA,NA,NA,NA,NA,3,NA,NA,NA,38,52,NA,7,NA,NA,NA,NA,NA,NA,NA,NA,0,NA,NA,NA,10,17,NA,7,NA,NA,NA,NA,NA,NA,NA,NA,2,NA,NA,NA,36,55,NA,8,NA,NA,NA,NA,NA,NA,NA,NA,0,NA,NA,NA,1,1,NA,0,NA,NA,NA,NA,NA,NA,NA,NA,0,NA,NA,NA,36,51,NA,10,NA,NA,NA,NA,NA,NA,NA,NA,0,NA,NA,NA,3,5,NA,1
182281,239,384,239,78,0,246,245,520,297,104,269,352,1068,4880,154,365,185,71,188,25,0,97,108,117,100,20,122,135,541,1987,69,75,84,28,48,9,0,77,60,70,23,5,20,45,202,857,15,131,52,130,64,30,0,63,61,140,76,16,88,113,302,1350,56,55,7,0,3,0,0,2,2,5,2,0,3,2,80,116,2,4,65,197,103,34,0,86,89,241,156,68,127,138,356,1977,64,122,3,4,1,1,0,1,5,4,5,2,3,5,15,65,5,7
182290,225,93,317,55,62,367,NA,262,145,105,164,76,584,3523,128,514,167,30,239,19,32,140,NA,64,52,15,79,26,362,1571,45,115,41,4,37,1,0,60,NA,19,5,3,7,4,38,295,5,50,99,52,168,37,41,171,NA,119,62,40,96,54,348,1872,76,264,7,1,3,0,5,5,NA,3,0,0,2,0,8,42,1,4,42,28,73,12,13,87,NA,87,59,50,47,12,128,916,33,133,8,1,8,0,1,7,NA,5,6,4,4,1,14,84,0,13
182306,6,30,NA,8,NA,2,NA,NA,NA,NA,11,0,17,109,NA,20,4,2,NA,1,NA,1,NA,NA,NA,NA,4,0,9,33,NA,0,0,0,NA,0,NA,0,NA,NA,NA,NA,0,0,0,0,NA,0,3,22,NA,8,NA,2,NA,NA,NA,NA,9,0,9,77,NA,16,0,0,NA,0,NA,0,NA,NA,NA,NA,0,0,0,0,NA,0,0,8,NA,0,NA,0,NA,NA,NA,NA,2,0,6,25,NA,4,2,0,NA,0,NA,0,NA,NA,NA,NA,0,0,2,6,NA,0
182500,NA,2,NA,NA,NA,NA,NA,NA,6,NA,NA,NA,9,39,NA,17,NA,0,NA,NA,NA,NA,NA,NA,3,NA,NA,NA,6,15,NA,1,NA,1,NA,NA,NA,NA,NA,NA,0,NA,NA,NA,0,3,NA,2,NA,1,NA,NA,NA,NA,NA,NA,3,NA,NA,NA,8,24,NA,8,NA,0,NA,NA,NA,NA,NA,NA,0,NA,NA,NA,0,0,NA,0,NA,0,NA,NA,NA,NA,NA,NA,1,NA,NA,NA,1,9,NA,6,NA,0,NA,NA,NA,NA,NA,NA,0,NA,NA,NA,0,0,NA,0
182564,NA,NA,NA,NA,NA,NA,NA,NA,NA,NA,NA,NA,15,18,NA,NA,NA,NA,NA,NA,NA,NA,NA,NA,NA,NA,NA,NA,3,6,NA,NA,NA,NA,NA,NA,NA,NA,NA,NA,NA,NA,NA,NA,0,0,NA,NA,NA,NA,NA,NA,NA,NA,NA,NA,NA,NA,NA,NA,6,8,NA,NA,NA,NA,NA,NA,NA,NA,NA,NA,NA,NA,NA,NA,0,0,NA,NA,NA,NA,NA,NA,NA,NA,NA,NA,NA,NA,NA,NA,5,6,NA,NA,NA,NA,NA,NA,NA,NA,NA,NA,NA,NA,NA,NA,4,4,NA,NA
182670,103,NA,214,29,0,70,NA,60,NA,NA,348,51,NA,1257,NA,NA,77,NA,110,6,0,28,NA,11,NA,NA,202,23,NA,651,NA,NA,28,NA,26,0,0,7,NA,3,NA,NA,61,5,NA,182,NA,NA,41,NA,127,19,0,42,NA,37,NA,NA,170,30,NA,659,NA,NA,12,NA,18,1,0,3,NA,5,NA,NA,33,1,NA,119,NA,NA,14,NA,28,6,0,12,NA,11,NA,NA,53,11,NA,192,NA,NA,2,NA,3,0,0,2,NA,2,NA,NA,8,1,NA,31,NA,NA
182795,NA,16,NA,4,NA,11,21,19,17,5,4,2,54,274,16,79,NA,0,NA,1,NA,1,14,6,7,0,3,1,36,111,12,20,NA,0,NA,0,NA,0,0,1,0,1,0,0,1,5,0,2,NA,12,NA,4,NA,9,16,14,11,2,2,1,38,206,14,63,NA,0,NA,0,NA,0,2,1,0,0,2,0,5,10,0,0,NA,2,NA,0,NA,2,3,1,4,2,0,1,6,37,2,8,NA,1,NA,0,NA,0,0,1,2,0,0,0,3,11,0,4
182980,13,7,NA,4,1,13,22,30,39,4,9,37,42,237,5,7,7,1,NA,2,1,4,14,5,23,1,8,12,24,106,3,0,0,0,NA,0,0,0,0,0,0,0,0,0,0,0,0,0,1,7,NA,3,1,7,12,15,19,2,3,23,24,124,2,2,1,0,NA,0,0,1,2,0,0,0,0,0,3,7,0,0,4,0,NA,1,0,2,3,12,11,2,1,4,9,56,2,4,7,0,NA,0,0,3,3,3,7,0,5,10,5,44,0,1
183026,2390,44,37,821,1524,30,119,3538,1059,670,543,953,8012,23952,650,2308,1782,4,30,194,731,12,92,611,469,79,171,344,3216,8903,195,356,111,0,0,7,38,1,1,56,14,6,11,31,224,593,8,65,1391,40,31,536,829,24,73,1957,598,367,231,576,4481,13428,306,1126,4,0,0,1,1,1,0,64,0,0,95,0,95,303,40,1,495,1,4,178,422,2,32,952,301,215,134,206,1977,5985,160,716,306,1,2,63,181,1,9,375,118,59,48,100,1033,2908,119,348
183044,78,3,209,72,0,236,125,186,66,34,144,71,514,2525,153,229,65,0,165,27,0,63,60,29,45,2,66,22,305,1058,55,13,5,0,6,1,0,10,3,2,0,0,5,2,16,71,5,7,60,3,182,60,0,191,110,161,61,31,116,59,451,2165,131,198,2,0,3,0,0,4,1,3,0,0,5,0,11,36,2,2,5,0,6,8,0,10,7,14,3,2,10,5,18,127,9,11,5,0,6,2,0,12,3,3,1,0,3,1,8,68,4,7
183062,18,68,NA,18,2,15,24,51,26,NA,27,84,72,629,21,63,15,14,NA,4,0,4,15,2,11,NA,7,35,37,242,9,5,1,0,NA,0,0,0,0,0,0,NA,0,2,0,4,0,1,15,63,NA,18,1,14,21,42,22,NA,22,72,61,536,17,52,0,0,NA,0,0,0,0,0,0,NA,0,0,0,0,0,0,0,1,NA,0,0,1,0,5,2,NA,3,3,5,35,0,4,2,4,NA,0,1,0,2,2,1,NA,2,4,4,36,3,1
183080,9,54,NA,15,NA,24,63,37,55,13,13,33,188,686,24,70,9,7,NA,3,NA,9,47,6,32,1,8,14,140,347,12,13,1,1,NA,0,NA,0,0,0,0,0,0,1,1,6,0,2,6,49,NA,12,NA,20,51,26,46,11,10,28,150,560,20,57,0,0,NA,1,NA,0,1,0,0,0,0,0,5,11,0,2,1,2,NA,0,NA,1,1,4,4,0,0,2,7,30,1,5,1,1,NA,2,NA,2,9,5,4,2,2,1,16,57,1,4
183211,NA,13,NA,2,NA,10,5,10,15,0,1,NA,29,223,NA,134,NA,1,NA,0,NA,2,4,2,10,0,1,NA,23,48,NA,5,NA,0,NA,0,NA,1,0,0,0,0,0,NA,1,8,NA,6,NA,6,NA,2,NA,7,5,9,11,0,0,NA,24,162,NA,94,NA,0,NA,0,NA,0,0,0,0,0,0,NA,0,0,NA,0,NA,4,NA,0,NA,0,0,0,1,0,1,NA,0,28,NA,22,NA,2,NA,0,NA,1,0,1,2,0,0,NA,2,18,NA,10
183239,9,20,0,3,1,21,NA,37,0,5,72,6,127,482,24,97,8,1,0,1,0,3,NA,9,0,0,37,1,91,194,8,5,0,0,0,0,0,0,NA,0,0,0,1,0,1,5,0,3,7,18,0,3,1,18,NA,32,0,4,58,5,107,414,19,87,0,0,0,0,0,0,NA,0,0,0,0,0,0,0,0,0,0,0,0,0,0,1,NA,2,0,1,7,0,11,31,5,3,1,1,0,0,0,0,NA,1,0,0,4,0,5,15,0,2
183257,8,36,NA,NA,3,NA,NA,32,8,16,NA,NA,52,232,1,42,6,6,NA,NA,0,NA,NA,7,3,1,NA,NA,27,83,0,9,0,0,NA,NA,0,NA,NA,1,0,1,NA,NA,0,4,0,2,7,35,NA,NA,3,NA,NA,29,8,14,NA,NA,45,202,1,36,0,0,NA,NA,0,NA,NA,0,0,0,NA,NA,0,0,0,0,1,0,NA,NA,0,NA,NA,1,0,1,NA,NA,6,16,0,1,0,1,NA,NA,0,NA,NA,1,0,0,NA,NA,0,6,0,3
183488,NA,NA,NA,NA,NA,NA,NA,NA,NA,NA,NA,NA,NA,1,NA,1,NA,NA,NA,NA,NA,NA,NA,NA,NA,NA,NA,NA,NA,0,NA,0,NA,NA,NA,NA,NA,NA,NA,NA,NA,NA,NA,NA,NA,0,NA,0,NA,NA,NA,NA,NA,NA,NA,NA,NA,NA,NA,NA,NA,0,NA,0,NA,NA,NA,NA,NA,NA,NA,NA,NA,NA,NA,NA,NA,0,NA,0,NA,NA,NA,NA,NA,NA,NA,NA,NA,NA,NA,NA,NA,1,NA,1,NA,NA,NA,NA,NA,NA,NA,NA,NA,NA,NA,NA,NA,0,NA,0
183789,12,NA,NA,NA,NA,NA,NA,NA,50,NA,NA,40,93,317,NA,103,10,NA,NA,NA,NA,NA,NA,NA,15,NA,NA,13,29,78,NA,8,3,NA,NA,NA,NA,NA,NA,NA,0,NA,NA,0,0,6,NA,1,2,NA,NA,NA,NA,NA,NA,NA,3,NA,NA,7,14,35,NA,7,0,NA,NA,NA,NA,NA,NA,NA,0,NA,NA,0,2,3,NA,0,5,NA,NA,NA,NA,NA,NA,NA,35,NA,NA,14,52,162,NA,46,2,NA,NA,NA,NA,NA,NA,NA,12,NA,NA,19,23,107,NA,48
183804,NA,NA,NA,NA,NA,NA,NA,NA,NA,NA,NA,NA,NA,635,NA,NA,NA,NA,NA,NA,NA,NA,NA,NA,NA,NA,NA,NA,NA,635,NA,NA,NA,NA,NA,NA,NA,NA,NA,NA,NA,NA,NA,NA,NA,0,NA,NA,NA,NA,NA,NA,NA,NA,NA,NA,NA,NA,NA,NA,NA,627,NA,NA,NA,NA,NA,NA,NA,NA,NA,NA,NA,NA,NA,NA,NA,8,NA,NA,NA,NA,NA,NA,NA,NA,NA,NA,NA,NA,NA,NA,NA,0,NA,NA,NA,NA,NA,NA,NA,NA,NA,NA,NA,NA,NA,NA,NA,0,NA,NA
183910,11,11,NA,3,NA,24,7,39,22,NA,14,10,40,297,9,105,8,3,NA,0,NA,6,6,7,8,NA,7,1,21,82,2,12,1,0,NA,0,NA,3,0,0,0,NA,1,0,2,21,0,14,0,9,NA,0,NA,6,3,13,5,NA,2,5,13,90,2,30,3,0,NA,0,NA,1,0,2,2,NA,3,0,4,18,1,2,7,2,NA,3,NA,13,3,22,14,NA,7,3,20,152,6,52,0,0,NA,0,NA,1,0,2,1,NA,1,2,0,13,0,6
183974,0,31,NA,7,9,9,0,21,21,14,4,10,74,239,4,5,0,3,NA,0,3,6,0,4,13,1,2,4,45,89,2,2,0,1,NA,0,0,0,0,1,0,0,0,0,0,3,0,0,0,23,NA,5,7,6,0,12,16,10,1,7,50,168,3,3,0,0,NA,0,0,0,0,0,0,0,0,0,0,0,0,0,0,4,NA,2,2,2,0,5,3,3,2,2,16,47,1,2,0,3,NA,0,0,1,0,3,2,1,1,1,8,21,0,0
184348,21,0,1,13,1,34,NA,37,NA,NA,64,33,71,372,26,4,14,0,1,3,1,10,NA,10,NA,NA,31,8,40,159,14,0,1,0,0,1,0,8,NA,0,NA,NA,1,0,1,13,1,0,8,0,1,9,1,12,NA,23,NA,NA,33,18,36,203,15,4,5,0,0,0,0,3,NA,5,NA,NA,12,5,14,52,3,0,6,0,0,0,0,11,NA,7,NA,NA,16,6,15,79,6,0,0,0,0,1,0,0,NA,2,NA,NA,1,1,2,13,0,0
184603,19,NA,33,2,169,29,1,52,22,NA,10,7,96,544,8,59,18,NA,27,0,104,9,1,4,8,NA,3,3,52,267,6,7,4,NA,2,0,0,4,0,4,0,NA,0,2,4,27,1,5,5,NA,8,1,56,6,0,16,7,NA,4,0,16,153,0,17,0,NA,8,0,3,2,0,2,0,NA,1,0,28,48,1,0,10,NA,14,1,58,13,1,28,14,NA,4,3,42,243,6,35,0,NA,1,0,50,2,0,0,0,NA,1,1,5,61,0,0
184612,12,5,NA,3,2,39,0,26,18,NA,5,4,51,415,5,227,9,2,NA,1,1,11,0,3,11,NA,0,2,35,102,2,22,1,0,NA,0,0,1,0,2,0,NA,0,2,0,30,0,22,3,2,NA,1,0,8,0,4,5,NA,0,0,13,121,2,81,3,0,NA,0,0,4,0,1,0,NA,0,1,8,22,0,5,5,3,NA,2,1,23,0,18,13,NA,5,1,29,225,2,109,0,0,NA,0,1,2,0,1,0,NA,0,0,1,10,0,5
184694,17,NA,NA,10,9,34,1,63,NA,NA,35,54,99,431,21,40,10,NA,NA,2,2,13,0,9,NA,NA,14,19,54,165,8,1,1,NA,NA,0,1,4,0,0,NA,NA,0,3,5,18,1,1,8,NA,NA,5,5,16,1,37,NA,NA,15,31,57,236,9,20,0,NA,NA,0,0,0,0,0,NA,NA,0,0,0,0,0,0,7,NA,NA,4,2,10,0,23,NA,NA,18,16,31,147,10,17,1,NA,NA,0,1,2,0,2,NA,NA,2,3,4,18,0,1
184773,1,0,NA,15,0,8,20,48,10,15,0,10,32,298,3,116,1,0,NA,0,0,1,9,2,2,1,0,2,11,50,1,13,0,0,NA,3,0,0,0,0,0,0,0,0,0,8,0,5,0,0,NA,8,0,4,15,26,6,5,0,4,19,183,1,83,0,0,NA,0,0,0,3,0,0,0,0,2,1,7,0,1,1,0,NA,0,0,3,2,17,3,3,0,3,8,65,2,21,0,0,NA,4,0,1,0,5,1,7,0,1,4,35,0,6
184782,297,283,309,61,183,316,2,533,263,NA,123,163,633,4131,318,254,248,42,245,13,83,111,2,91,124,NA,70,82,419,1985,161,66,41,3,25,1,5,55,0,18,9,NA,6,4,32,233,5,10,177,230,237,45,111,167,2,333,170,NA,74,113,470,2805,229,172,10,2,4,2,4,4,0,5,1,NA,1,1,6,53,3,2,54,35,29,12,57,80,0,151,68,NA,38,39,92,853,69,61,3,3,6,1,3,1,0,5,2,NA,1,0,6,41,5,3
184959,NA,NA,NA,NA,NA,NA,NA,NA,NA,NA,NA,NA,NA,7,NA,7,NA,NA,NA,NA,NA,NA,NA,NA,NA,NA,NA,NA,NA,2,NA,2,NA,NA,NA,NA,NA,NA,NA,NA,NA,NA,NA,NA,NA,2,NA,2,NA,NA,NA,NA,NA,NA,NA,NA,NA,NA,NA,NA,NA,0,NA,0,NA,NA,NA,NA,NA,NA,NA,NA,NA,NA,NA,NA,NA,0,NA,0,NA,NA,NA,NA,NA,NA,NA,NA,NA,NA,NA,NA,NA,5,NA,5,NA,NA,NA,NA,NA,NA,NA,NA,NA,NA,NA,NA,NA,0,NA,0
185129,78,1,NA,40,NA,88,29,105,130,NA,51,88,227,1051,25,112,52,0,NA,4,NA,29,14,10,73,NA,11,31,103,386,15,21,18,0,NA,2,NA,13,2,6,4,NA,2,6,12,94,2,22,16,0,NA,11,NA,15,3,14,30,NA,5,16,47,202,2,24,5,0,NA,0,NA,3,0,0,0,NA,2,3,17,34,0,3,33,1,NA,24,NA,51,22,81,91,NA,42,50,138,655,18,55,1,0,NA,0,NA,3,1,0,4,NA,0,10,6,29,0,2
185262,144,170,NA,54,15,183,69,388,191,21,61,139,547,2492,112,160,126,37,NA,12,3,44,40,65,93,7,21,38,250,921,52,32,18,2,NA,3,0,20,5,12,10,0,1,8,32,143,3,15,26,104,NA,22,5,34,28,124,58,3,16,56,170,817,35,56,14,5,NA,4,0,11,0,5,0,0,1,3,48,106,2,4,77,42,NA,21,7,101,31,214,111,15,39,61,258,1230,62,75,6,16,NA,4,3,11,2,19,9,2,3,7,31,140,7,7
185572,22,33,8,39,NA,52,25,52,57,34,40,41,264,937,68,144,19,2,8,2,NA,14,11,9,34,1,10,22,147,342,24,19,1,0,2,0,NA,1,0,2,0,0,1,0,3,19,2,5,14,28,4,35,NA,35,19,34,34,22,29,20,182,647,44,106,1,0,0,0,NA,0,1,1,0,0,1,0,6,11,1,0,6,4,2,3,NA,15,4,11,19,12,7,19,57,221,18,31,0,0,0,0,NA,0,0,1,3,0,2,2,6,18,2,0
185590,124,180,NA,103,51,189,143,471,NA,47,160,424,785,3777,315,190,93,43,NA,28,10,52,66,75,NA,5,80,170,381,1330,129,28,23,9,NA,2,2,20,10,23,NA,1,16,14,68,249,17,23,43,111,NA,55,22,63,56,159,NA,11,50,198,324,1542,142,58,3,0,NA,0,0,2,1,1,NA,0,0,1,2,15,1,0,44,54,NA,41,24,91,69,256,NA,34,84,172,333,1715,127,98,9,2,NA,2,1,11,3,19,NA,1,4,21,40,152,13,6
185828,526,NA,597,9,9,71,NA,NA,9,NA,NA,26,101,1726,NA,NA,411,NA,479,2,4,28,NA,NA,4,NA,NA,10,72,1263,NA,NA,200,NA,95,2,0,23,NA,NA,0,NA,NA,3,26,418,NA,NA,145,NA,257,2,4,25,NA,NA,6,NA,NA,14,30,622,NA,NA,25,NA,38,0,1,2,NA,NA,1,NA,NA,1,11,111,NA,NA,140,NA,180,5,3,17,NA,NA,2,NA,NA,8,32,510,NA,NA,16,NA,27,0,1,4,NA,NA,0,NA,NA,0,2,65,NA,NA
186131,213,NA,228,30,NA,133,NA,38,NA,130,258,19,NA,1324,NA,NA,129,NA,120,10,NA,45,NA,8,NA,46,125,7,NA,639,NA,NA,88,NA,67,5,NA,34,NA,7,NA,20,47,1,NA,315,NA,NA,61,NA,83,15,NA,52,NA,12,NA,65,100,11,NA,542,NA,NA,24,NA,27,1,NA,9,NA,5,NA,9,27,1,NA,131,NA,NA,22,NA,34,6,NA,30,NA,12,NA,23,65,4,NA,231,NA,NA,7,NA,9,0,NA,1,NA,0,NA,1,1,1,NA,23,NA,NA
186201,67,61,NA,22,1,94,NA,83,NA,49,103,58,288,1127,76,123,51,4,NA,8,1,35,NA,15,NA,5,29,28,195,476,35,13,10,2,NA,1,1,23,NA,13,NA,3,5,4,23,127,4,31,37,51,NA,16,0,41,NA,39,NA,25,54,34,191,668,57,61,5,0,NA,0,0,3,NA,0,NA,0,0,0,1,13,0,0,12,5,NA,5,0,19,NA,29,NA,19,41,20,62,282,13,30,3,3,NA,0,0,8,NA,2,NA,2,3,0,11,37,2,1
186283,50,74,NA,11,28,9,5,63,30,2,19,113,213,728,40,37,38,15,NA,3,12,1,1,12,14,2,8,36,130,305,15,5,5,1,NA,1,2,1,1,3,3,0,2,5,19,48,0,5,25,55,NA,5,12,2,3,35,14,0,9,80,116,420,21,19,3,0,NA,0,0,0,0,1,0,0,1,3,10,20,1,0,13,17,NA,5,12,6,1,21,10,2,5,18,57,200,15,11,2,0,NA,0,0,0,0,0,1,0,0,1,5,13,2,1
186371,34,NA,NA,12,34,54,NA,88,50,42,42,34,302,1095,NA,336,26,NA,NA,2,18,12,NA,17,18,6,21,20,147,381,NA,65,13,NA,NA,0,1,14,NA,10,1,1,1,5,34,128,NA,42,11,NA,NA,5,21,23,NA,35,17,13,25,12,150,494,NA,148,2,NA,NA,1,0,1,NA,1,0,0,0,0,6,13,NA,1,7,NA,NA,5,9,16,NA,35,27,28,14,14,94,394,NA,121,0,NA,NA,0,2,0,NA,2,1,0,0,1,10,28,NA,11
186380,1131,1,825,106,NA,748,301,570,172,100,541,203,1777,8438,391,768,871,0,613,26,NA,269,144,129,89,17,301,75,1042,4219,144,133,572,0,293,18,NA,313,72,123,22,12,112,21,667,2626,55,206,234,1,285,56,NA,204,139,231,69,34,228,121,556,2946,187,242,112,0,54,2,NA,35,8,33,3,1,66,5,222,676,30,7,165,0,151,21,NA,155,64,147,66,50,107,43,265,1758,92,263,16,0,18,0,NA,17,5,10,2,0,5,2,25,149,7,28
186399,88,1,0,15,NA,230,NA,167,156,108,82,33,656,1606,9,0,64,0,0,2,NA,70,NA,33,67,22,46,13,367,716,5,0,21,0,0,1,NA,47,NA,19,10,3,14,2,158,285,2,0,16,0,0,4,NA,63,NA,37,32,17,17,7,129,342,2,0,2,0,0,0,NA,2,NA,1,1,2,1,1,20,30,0,0,42,1,0,10,NA,107,NA,98,100,83,47,23,330,880,5,0,5,0,0,0,NA,5,NA,5,4,1,0,0,6,26,0,0
186432,16,17,NA,2,16,50,24,68,42,3,9,6,132,451,6,48,11,1,NA,0,5,21,16,3,13,0,4,4,53,149,2,10,3,1,NA,0,2,5,1,2,1,0,0,0,5,32,0,10,2,10,NA,1,4,6,6,46,5,0,3,1,65,159,0,8,1,0,NA,0,0,3,1,0,0,0,2,2,1,12,0,0,9,6,NA,1,8,33,14,19,36,2,4,3,57,230,5,28,1,0,NA,0,2,3,2,1,0,1,0,0,4,17,0,2
186584,15,53,NA,17,68,183,32,63,41,12,145,24,270,1193,72,124,12,4,NA,8,17,63,30,14,14,1,59,10,191,520,33,15,1,2,NA,1,3,59,0,8,4,2,13,0,24,145,1,21,6,39,NA,7,30,66,22,35,16,5,79,12,166,609,43,51,0,0,NA,0,3,0,0,1,0,0,1,0,5,17,0,1,6,10,NA,7,28,42,8,16,18,5,41,12,58,325,23,28,0,1,NA,0,2,4,1,1,0,0,1,0,6,36,4,15
186867,205,NA,375,1,7,29,NA,NA,NA,NA,5,31,108,871,NA,NA,162,NA,267,0,2,7,NA,NA,NA,NA,1,24,74,615,NA,NA,57,NA,61,1,2,6,NA,NA,NA,NA,0,3,22,182,NA,NA,97,NA,208,0,4,14,NA,NA,NA,NA,5,18,53,456,NA,NA,7,NA,8,0,0,2,NA,NA,NA,NA,0,0,6,28,NA,NA,27,NA,56,0,1,3,NA,NA,NA,NA,0,6,20,119,NA,NA,12,NA,24,0,0,1,NA,NA,NA,NA,0,2,6,49,NA,NA
186876,97,14,NA,26,193,152,42,208,139,101,48,71,340,2045,81,362,75,6,NA,6,44,46,23,37,62,17,21,18,180,732,46,57,25,0,NA,0,3,25,6,7,6,3,1,8,24,155,2,36,49,12,NA,22,129,83,24,130,73,49,33,44,226,1248,59,193,2,0,NA,0,1,2,0,0,1,1,0,0,1,15,0,6,17,1,NA,2,54,33,8,60,53,44,13,14,75,538,19,114,2,0,NA,0,2,2,0,4,2,1,0,1,2,20,0,1
187046,7,NA,NA,NA,351,NA,NA,3,59,3,78,NA,196,1273,NA,139,5,NA,NA,NA,148,NA,NA,1,42,0,33,NA,108,723,NA,28,0,NA,NA,NA,23,NA,NA,0,0,0,1,NA,9,87,NA,15,1,NA,NA,NA,153,NA,NA,3,23,0,34,NA,86,596,NA,69,2,NA,NA,NA,1,NA,NA,0,0,0,1,NA,3,14,NA,1,0,NA,NA,NA,86,NA,NA,0,21,3,26,NA,50,312,NA,38,4,NA,NA,NA,74,NA,NA,0,10,0,12,NA,42,212,NA,13
187134,31,179,110,69,NA,114,65,122,39,NA,88,87,309,1589,77,135,21,13,81,13,NA,39,27,30,21,NA,44,35,202,664,36,18,8,7,10,3,NA,27,9,15,0,NA,12,6,33,166,4,14,15,131,71,55,NA,59,47,77,24,NA,50,55,196,1010,50,73,2,0,1,0,NA,1,0,0,0,NA,2,0,3,9,0,0,5,36,22,9,NA,21,6,24,12,NA,22,21,59,326,18,37,0,2,5,0,NA,3,1,0,0,NA,1,2,9,36,2,8
187444,71,74,NA,31,67,79,64,168,142,0,94,96,249,1895,110,557,62,24,NA,10,15,25,57,24,66,0,26,44,138,657,48,90,12,0,NA,2,3,9,4,8,8,0,3,5,18,159,5,80,26,51,NA,12,28,28,23,55,45,0,24,40,102,707,36,191,4,0,NA,0,1,2,0,0,0,0,1,2,2,19,3,4,28,23,NA,15,33,38,34,96,80,0,62,43,120,940,65,262,1,0,NA,0,0,1,1,3,3,0,1,1,1,23,0,9
187596,2,18,8,1,NA,1,NA,NA,NA,NA,NA,0,4,36,NA,NA,2,1,3,0,NA,0,NA,NA,NA,NA,NA,0,0,6,NA,NA,0,0,0,0,NA,0,NA,NA,NA,NA,NA,0,0,0,NA,NA,0,0,0,0,NA,0,NA,NA,NA,NA,NA,0,0,0,NA,NA,0,0,0,0,NA,0,NA,NA,NA,NA,NA,0,0,0,NA,NA,0,0,0,0,NA,0,NA,NA,NA,NA,NA,0,0,0,NA,NA,2,18,8,1,NA,1,NA,NA,NA,NA,NA,0,4,36,NA,NA
187648,12,79,NA,4,160,27,NA,44,42,NA,30,27,79,759,26,137,11,19,NA,1,77,7,NA,5,8,NA,10,10,28,262,11,15,0,1,NA,0,1,0,NA,0,0,NA,0,0,2,9,0,5,3,28,NA,1,63,11,NA,18,11,NA,20,11,31,306,7,57,1,2,NA,0,2,1,NA,0,1,NA,1,0,2,16,1,3,6,38,NA,3,81,13,NA,24,24,NA,8,13,35,364,15,67,1,9,NA,0,9,1,NA,2,3,NA,1,1,5,40,0,3
187897,10,122,NA,2,16,11,NA,17,12,NA,5,14,55,382,NA,100,7,18,NA,0,7,3,NA,3,4,NA,3,5,16,92,NA,17,0,2,NA,0,0,0,NA,0,0,NA,0,0,0,4,NA,2,1,14,NA,0,4,1,NA,7,1,NA,1,1,8,64,NA,21,2,8,NA,0,1,1,NA,0,0,NA,0,1,1,15,NA,1,4,82,NA,2,9,8,NA,8,11,NA,3,8,36,253,NA,69,2,16,NA,0,2,0,NA,1,0,NA,1,2,6,36,NA,6
187967,22,NA,120,1,3,17,NA,2,NA,NA,NA,NA,NA,202,NA,NA,20,NA,97,1,0,4,NA,0,NA,NA,NA,NA,NA,148,NA,NA,2,NA,2,0,0,0,NA,0,NA,NA,NA,NA,NA,5,NA,NA,12,NA,60,1,0,6,NA,1,NA,NA,NA,NA,NA,97,NA,NA,0,NA,5,0,0,0,NA,0,NA,NA,NA,NA,NA,6,NA,NA,6,NA,43,0,3,11,NA,1,NA,NA,NA,NA,NA,79,NA,NA,1,NA,8,0,0,0,NA,0,NA,NA,NA,NA,NA,11,NA,NA
187985,58,190,165,100,158,231,NA,379,91,0,178,189,447,3189,33,607,47,58,122,32,70,81,NA,91,27,0,76,91,233,1249,17,142,5,4,14,5,1,33,NA,19,0,0,3,5,21,164,1,40,26,47,65,37,59,60,NA,115,17,0,73,77,125,1024,9,186,5,2,7,2,3,4,NA,1,0,0,1,3,6,43,0,4,13,116,67,47,79,112,NA,206,68,0,80,88,242,1615,18,306,2,17,7,5,13,11,NA,27,2,0,13,9,37,228,4,49
188030,150,142,283,24,159,137,71,117,140,46,74,84,333,2473,59,228,117,22,207,2,65,39,22,24,43,2,26,38,146,962,23,31,5,1,4,0,2,1,0,0,0,0,1,1,6,29,0,3,38,28,69,8,42,26,20,26,24,7,27,19,76,585,13,45,5,2,30,1,3,5,1,1,0,2,5,1,18,86,2,3,93,106,171,14,99,102,44,85,109,36,39,61,225,1670,38,162,3,4,6,0,5,2,1,1,5,0,2,0,2,51,2,9
188058,0,15,NA,NA,11,5,NA,NA,NA,NA,NA,NA,21,68,NA,5,0,1,NA,NA,5,1,NA,NA,NA,NA,NA,NA,7,24,NA,0,0,0,NA,NA,0,0,NA,NA,NA,NA,NA,NA,0,1,NA,0,0,1,NA,NA,1,1,NA,NA,NA,NA,NA,NA,2,7,NA,2,0,0,NA,NA,0,0,NA,NA,NA,NA,NA,NA,0,0,NA,0,0,9,NA,NA,7,3,NA,NA,NA,NA,NA,NA,17,47,NA,3,0,5,NA,NA,2,0,NA,NA,NA,NA,NA,NA,1,9,NA,0
188182,NA,10,NA,NA,15,3,11,5,6,NA,NA,NA,11,68,1,2,NA,0,NA,NA,8,1,7,1,4,NA,NA,NA,6,32,1,0,NA,0,NA,NA,0,0,0,0,0,NA,NA,NA,0,0,0,0,NA,5,NA,NA,4,0,1,2,3,NA,NA,NA,2,19,0,1,NA,0,NA,NA,0,0,0,0,0,NA,NA,NA,0,0,0,0,NA,4,NA,NA,11,3,9,3,3,NA,NA,NA,8,46,1,1,NA,1,NA,NA,0,0,1,0,0,NA,NA,NA,0,2,0,0
188304,NA,71,NA,4,NA,9,16,27,18,35,4,6,36,285,NA,25,NA,11,NA,0,NA,2,11,3,4,4,3,1,16,73,NA,5,NA,1,NA,0,NA,0,0,0,0,1,0,1,1,4,NA,0,NA,24,NA,2,NA,2,2,10,3,12,2,2,12,88,NA,4,NA,1,NA,0,NA,0,0,0,0,0,0,0,3,6,NA,1,NA,36,NA,2,NA,7,13,14,12,19,2,3,17,163,NA,19,NA,9,NA,0,NA,0,0,2,2,3,0,0,1,17,NA,0
188340,0,NA,34,NA,NA,NA,NA,NA,NA,NA,NA,NA,0,111,NA,NA,0,NA,26,NA,NA,NA,NA,NA,NA,NA,NA,NA,0,89,NA,NA,0,NA,4,NA,NA,NA,NA,NA,NA,NA,NA,NA,0,15,NA,NA,0,NA,4,NA,NA,NA,NA,NA,NA,NA,NA,NA,0,19,NA,NA,0,NA,2,NA,NA,NA,NA,NA,NA,NA,NA,NA,0,7,NA,NA,0,NA,16,NA,NA,NA,NA,NA,NA,NA,NA,NA,0,56,NA,NA,0,NA,7,NA,NA,NA,NA,NA,NA,NA,NA,NA,0,11,NA,NA
188429,44,46,NA,20,6,112,53,96,20,35,65,50,125,1095,31,341,39,25,NA,2,2,31,26,13,7,6,20,17,70,328,9,41,7,1,NA,0,0,31,5,5,1,3,2,1,11,139,2,61,10,32,NA,15,3,38,32,44,8,13,35,31,50,510,18,151,8,0,NA,0,0,3,3,6,1,1,2,2,21,51,3,0,14,8,NA,5,3,33,9,32,9,14,14,12,32,283,7,85,3,4,NA,0,0,2,4,3,0,1,10,2,9,77,1,35
188641,NA,16,55,5,1,5,NA,23,10,NA,12,58,49,259,4,3,NA,0,39,0,0,2,NA,4,5,NA,3,11,33,111,1,1,NA,0,0,0,0,0,NA,0,0,NA,0,1,2,3,0,0,NA,16,44,4,0,2,NA,14,5,NA,8,37,37,184,2,2,NA,0,4,0,0,0,NA,0,0,NA,0,9,2,16,0,0,NA,0,4,0,1,2,NA,9,5,NA,4,7,8,45,2,1,NA,0,3,1,0,1,NA,0,0,NA,0,4,0,10,0,0
188854,NA,NA,NA,NA,NA,NA,NA,NA,NA,NA,NA,241,NA,241,NA,NA,NA,NA,NA,NA,NA,NA,NA,NA,NA,NA,NA,65,NA,65,NA,NA,NA,NA,NA,NA,NA,NA,NA,NA,NA,NA,NA,7,NA,7,NA,NA,NA,NA,NA,NA,NA,NA,NA,NA,NA,NA,NA,96,NA,96,NA,NA,NA,NA,NA,NA,NA,NA,NA,NA,NA,NA,NA,16,NA,16,NA,NA,NA,NA,NA,NA,NA,NA,NA,NA,NA,NA,NA,89,NA,89,NA,NA,NA,NA,NA,NA,NA,NA,NA,NA,NA,NA,NA,11,NA,11,NA,NA
189088,NA,NA,NA,75,NA,NA,NA,NA,NA,NA,121,143,0,422,NA,NA,NA,NA,NA,31,NA,NA,NA,NA,NA,NA,52,61,0,172,NA,NA,NA,NA,NA,0,NA,NA,NA,NA,NA,NA,3,5,0,13,NA,NA,NA,NA,NA,47,NA,NA,NA,NA,NA,NA,57,76,0,215,NA,NA,NA,NA,NA,8,NA,NA,NA,NA,NA,NA,26,23,0,79,NA,NA,NA,NA,NA,13,NA,NA,NA,NA,NA,NA,29,22,0,78,NA,NA,NA,NA,NA,4,NA,NA,NA,NA,NA,NA,1,9,0,17,NA,NA
189097,61,5,NA,48,0,126,NA,99,NA,0,236,52,NA,827,NA,NA,0,0,NA,0,0,0,NA,0,NA,0,0,0,NA,0,NA,NA,17,0,NA,2,0,36,NA,28,NA,0,36,6,NA,159,NA,NA,13,1,NA,25,0,48,NA,28,NA,0,83,31,NA,314,NA,NA,16,0,NA,3,0,5,NA,17,NA,0,53,7,NA,131,NA,NA,6,2,NA,8,0,27,NA,18,NA,0,45,5,NA,146,NA,NA,7,2,NA,2,0,5,NA,1,NA,0,4,1,NA,27,NA,NA
189228,13,NA,NA,NA,NA,NA,NA,NA,55,NA,NA,NA,148,289,NA,55,9,NA,NA,NA,NA,NA,NA,NA,15,NA,NA,NA,47,81,NA,6,3,NA,NA,NA,NA,NA,NA,NA,1,NA,NA,NA,2,7,NA,1,1,NA,NA,NA,NA,NA,NA,NA,1,NA,NA,NA,9,12,NA,1,0,NA,NA,NA,NA,NA,NA,NA,1,NA,NA,NA,43,44,NA,0,4,NA,NA,NA,NA,NA,NA,NA,28,NA,NA,NA,58,126,NA,29,5,NA,NA,NA,NA,NA,NA,NA,23,NA,NA,NA,35,98,NA,24
189583,NA,NA,NA,NA,NA,NA,NA,NA,NA,NA,NA,NA,27,35,NA,8,NA,NA,NA,NA,NA,NA,NA,NA,NA,NA,NA,NA,10,10,NA,0,NA,NA,NA,NA,NA,NA,NA,NA,NA,NA,NA,NA,1,2,NA,1,NA,NA,NA,NA,NA,NA,NA,NA,NA,NA,NA,NA,10,10,NA,0,NA,NA,NA,NA,NA,NA,NA,NA,NA,NA,NA,NA,0,0,NA,0,NA,NA,NA,NA,NA,NA,NA,NA,NA,NA,NA,NA,15,21,NA,6,NA,NA,NA,NA,NA,NA,NA,NA,NA,NA,NA,NA,0,1,NA,1
189705,7,23,0,7,2,67,60,38,16,0,20,0,76,377,42,1,4,6,0,2,2,23,38,10,4,0,13,0,54,186,19,0,1,0,0,0,0,0,1,1,1,0,0,0,2,9,2,0,6,18,0,5,2,53,40,26,6,0,15,0,55,263,26,1,0,0,0,0,0,2,6,0,0,0,2,0,4,15,1,0,0,4,0,1,0,5,9,8,6,0,2,0,8,57,8,0,0,1,0,1,0,6,2,3,3,0,0,0,6,26,3,0
190044,31,NA,325,0,1,48,NA,20,NA,NA,9,NA,55,622,13,1,25,NA,246,0,1,5,NA,2,NA,NA,2,NA,35,408,5,0,1,NA,11,0,0,0,NA,0,NA,NA,0,NA,1,18,0,0,23,NA,278,0,0,40,NA,13,NA,NA,6,NA,40,508,12,1,2,NA,5,0,1,2,NA,1,NA,NA,0,NA,4,17,0,0,3,NA,19,0,0,1,NA,3,NA,NA,2,NA,8,50,1,0,1,NA,0,0,0,1,NA,1,NA,NA,0,NA,0,4,0,0
190099,42,12,NA,31,1,108,NA,62,NA,NA,263,28,NA,729,NA,NA,28,4,NA,10,1,32,NA,18,NA,NA,140,8,NA,334,NA,NA,4,0,NA,1,0,15,NA,5,NA,NA,10,0,NA,46,NA,NA,19,5,NA,25,1,65,NA,36,NA,NA,188,21,NA,477,NA,NA,7,3,NA,2,0,7,NA,2,NA,NA,19,2,NA,58,NA,NA,8,4,NA,2,0,15,NA,12,NA,NA,32,2,NA,103,NA,NA,0,0,NA,0,0,1,NA,4,NA,NA,5,0,NA,14,NA,NA
190150,419,0,302,130,2,193,NA,116,NA,NA,584,114,NA,2433,NA,0,263,0,168,34,0,74,NA,38,NA,NA,317,41,NA,1215,NA,0,129,0,61,24,0,42,NA,13,NA,NA,110,17,NA,488,NA,0,78,0,83,54,1,67,NA,42,NA,NA,186,47,NA,746,NA,0,96,0,50,11,0,21,NA,13,NA,NA,118,17,NA,429,NA,0,79,0,75,25,1,50,NA,27,NA,NA,122,22,NA,503,NA,0,15,0,11,5,0,5,NA,4,NA,NA,17,5,NA,107,NA,0
190415,693,0,511,28,18,382,NA,125,NA,74,297,44,557,3875,75,28,384,0,263,7,8,157,NA,31,NA,26,155,12,250,1777,24,8,256,0,120,9,2,115,NA,18,NA,18,56,7,130,945,10,5,141,0,185,11,11,110,NA,55,NA,30,113,17,226,1328,27,11,105,0,50,2,0,26,NA,7,NA,2,45,6,35,391,8,1,102,0,97,5,2,94,NA,35,NA,15,68,9,103,787,14,8,65,0,29,0,2,16,NA,7,NA,6,7,2,44,250,6,1
190503,NA,NA,NA,NA,NA,NA,NA,NA,NA,NA,NA,NA,221,358,NA,NA,NA,NA,NA,NA,NA,NA,NA,NA,NA,NA,NA,NA,118,186,NA,NA,NA,NA,NA,NA,NA,NA,NA,NA,NA,NA,NA,NA,20,35,NA,NA,NA,NA,NA,NA,NA,NA,NA,NA,NA,NA,NA,NA,96,171,NA,NA,NA,NA,NA,NA,NA,NA,NA,NA,NA,NA,NA,NA,24,37,NA,NA,NA,NA,NA,NA,NA,NA,NA,NA,NA,NA,NA,NA,66,90,NA,NA,NA,NA,NA,NA,NA,NA,NA,NA,NA,NA,NA,NA,7,11,NA,NA
190512,302,0,NA,29,9,50,NA,169,NA,30,158,10,2497,3462,136,NA,202,0,NA,9,1,17,NA,45,NA,12,75,5,1267,1720,43,NA,155,0,NA,5,2,19,NA,33,NA,5,29,1,1002,1293,22,NA,44,0,NA,7,4,13,NA,42,NA,9,33,4,423,634,29,NA,22,0,NA,1,0,3,NA,6,NA,0,13,0,273,327,6,NA,68,0,NA,16,3,15,NA,82,NA,15,71,5,728,1099,73,NA,1,0,NA,0,0,0,NA,1,NA,0,1,0,5,9,1,NA
190549,163,269,NA,54,NA,120,41,412,NA,NA,90,198,652,2440,90,164,117,52,NA,15,NA,53,25,81,NA,NA,35,90,327,929,42,18,56,64,NA,5,NA,29,10,73,NA,NA,10,30,228,584,4,30,53,57,NA,20,NA,44,10,126,NA,NA,26,52,149,662,23,55,11,4,NA,1,NA,4,3,4,NA,NA,4,4,18,67,4,7,37,138,NA,27,NA,40,14,198,NA,NA,43,104,237,1050,57,66,0,0,NA,0,NA,0,0,0,NA,NA,0,1,0,2,0,1
190558,115,94,51,64,18,131,NA,254,NA,14,120,35,248,1316,46,48,94,8,46,10,1,48,NA,51,NA,0,52,15,152,550,21,12,30,4,10,0,1,31,NA,19,NA,2,9,3,51,185,1,11,50,67,18,33,11,51,NA,122,NA,5,49,15,107,612,21,23,5,1,2,0,0,1,NA,5,NA,0,3,0,5,25,0,0,27,20,21,28,6,42,NA,97,NA,7,58,16,80,453,23,9,0,1,0,0,0,0,NA,2,NA,0,1,0,1,6,1,0
190567,84,106,288,58,77,226,NA,389,NA,NA,245,153,84,1956,68,0,66,8,208,14,12,76,NA,94,NA,NA,117,62,48,825,29,0,48,12,113,8,0,67,NA,87,NA,NA,41,21,32,473,8,0,15,11,43,9,5,40,NA,32,NA,NA,37,27,11,278,6,0,10,4,30,1,3,8,NA,11,NA,NA,12,8,3,105,7,0,8,77,92,39,67,97,NA,250,NA,NA,147,89,32,1033,44,0,1,0,0,0,0,1,NA,0,NA,NA,1,1,1,5,0,0
190576,111,0,0,0,59,0,0,92,0,0,51,0,71,787,60,270,79,0,0,0,17,0,0,17,0,0,8,0,29,219,19,34,42,0,0,0,10,0,0,7,0,0,1,0,10,139,8,43,15,0,0,0,19,0,0,28,0,0,12,0,19,183,19,58,8,0,0,0,3,0,0,1,0,0,0,0,2,19,0,3,42,0,0,0,25,0,0,52,0,0,36,0,38,413,27,155,0,0,0,0,0,0,0,0,0,0,0,0,1,4,0,2
190594,287,41,NA,128,0,193,NA,591,NA,43,438,172,78,3140,134,240,227,11,NA,34,0,68,NA,135,NA,9,165,54,33,1071,51,54,161,13,NA,26,0,74,NA,143,NA,8,114,27,36,1030,34,107,40,12,NA,37,0,47,NA,120,NA,7,101,45,16,642,28,40,19,0,NA,7,0,11,NA,27,NA,1,10,10,4,145,8,10,57,16,NA,56,0,55,NA,287,NA,24,201,86,19,1217,57,76,0,0,NA,0,0,1,NA,4,NA,0,0,0,0,10,0,1
190600,192,NA,NA,25,13,38,NA,476,1513,128,347,NA,NA,2876,NA,NA,149,NA,NA,7,2,9,NA,84,688,26,124,NA,NA,1133,NA,NA,65,NA,NA,1,2,8,NA,33,205,12,39,NA,NA,382,NA,NA,24,NA,NA,7,3,5,NA,96,200,10,50,NA,NA,418,NA,NA,15,NA,NA,2,0,2,NA,17,37,3,10,NA,NA,91,NA,NA,86,NA,NA,13,6,21,NA,312,1019,99,241,NA,NA,1890,NA,NA,0,NA,NA,0,1,0,NA,1,13,1,2,NA,NA,19,NA,NA
190637,159,8,NA,79,5,80,53,315,NA,125,216,103,439,2369,61,592,126,3,NA,14,2,26,31,43,NA,15,53,43,189,708,29,85,26,0,NA,2,0,10,7,11,NA,4,7,10,31,178,4,53,13,1,NA,6,1,8,7,12,NA,3,8,7,17,135,1,38,8,0,NA,2,0,1,2,7,NA,3,4,2,14,66,2,18,108,5,NA,65,4,59,35,278,NA,111,197,84,369,1939,53,472,1,0,NA,0,0,0,0,1,NA,1,0,0,1,9,0,4
190646,24,31,NA,10,11,78,NA,77,NA,49,NA,2,76,367,NA,7,22,2,NA,2,3,11,NA,11,NA,2,NA,0,32,86,NA,1,0,4,NA,0,1,4,NA,1,NA,1,NA,0,3,14,NA,0,0,1,NA,1,0,2,NA,1,NA,2,NA,0,1,8,NA,0,1,1,NA,0,0,1,NA,2,NA,1,NA,1,2,9,NA,0,20,23,NA,8,10,67,NA,71,NA,45,NA,0,68,321,NA,7,0,0,NA,0,0,1,NA,0,NA,0,NA,1,0,2,NA,0
190655,257,10,6,4,NA,32,NA,NA,NA,73,NA,119,101,1194,NA,154,209,5,5,1,NA,9,NA,NA,NA,15,NA,63,21,682,NA,34,77,3,0,2,NA,9,NA,NA,NA,9,NA,23,19,296,NA,41,27,3,0,0,NA,5,NA,NA,NA,3,NA,6,10,140,NA,20,16,0,0,0,NA,1,NA,NA,NA,3,NA,9,6,60,NA,8,132,4,6,2,NA,14,NA,NA,NA,54,NA,79,62,669,NA,85,2,0,0,0,NA,0,NA,NA,NA,1,NA,0,1,7,NA,0
190664,256,293,NA,84,NA,85,21,560,NA,NA,413,207,295,2596,82,73,211,64,NA,26,NA,37,12,111,NA,NA,219,77,175,1084,49,7,131,80,NA,17,NA,27,1,122,NA,NA,113,54,124,765,14,12,42,86,NA,18,NA,20,7,158,NA,NA,87,45,50,615,27,15,20,10,NA,1,NA,4,2,17,NA,NA,23,10,20,120,2,4,54,106,NA,45,NA,33,11,236,NA,NA,169,93,88,995,39,35,1,1,NA,0,NA,0,0,2,NA,NA,6,1,5,18,0,2
190691,46,34,NA,16,NA,47,NA,96,NA,32,53,20,142,934,14,339,39,13,NA,5,NA,17,NA,12,NA,6,16,14,61,306,7,72,15,3,NA,3,NA,18,NA,17,NA,1,4,3,34,213,0,94,0,3,NA,1,NA,3,NA,5,NA,4,3,0,5,63,3,27,1,2,NA,2,NA,5,NA,2,NA,1,0,0,6,36,1,15,28,26,NA,10,NA,18,NA,68,NA,25,43,17,88,585,10,189,0,0,NA,0,NA,0,NA,1,NA,0,0,0,4,10,0,5
190716,NA,0,NA,0,0,8,NA,10,NA,NA,1,NA,17,319,NA,255,NA,0,NA,0,0,3,NA,3,NA,NA,0,NA,12,78,NA,47,NA,0,NA,0,0,0,NA,0,NA,NA,0,NA,1,31,NA,30,NA,0,NA,0,0,5,NA,3,NA,NA,1,NA,7,192,NA,156,NA,0,NA,0,0,1,NA,0,NA,NA,0,NA,3,13,NA,4,NA,0,NA,0,0,2,NA,5,NA,NA,0,NA,5,43,NA,30,NA,0,NA,0,0,0,NA,1,NA,NA,0,NA,0,23,NA,21
190725,NA,20,NA,2,83,21,NA,12,NA,4,9,26,35,412,2,96,NA,6,NA,0,1,4,NA,2,NA,1,4,9,22,82,0,9,NA,0,NA,0,0,1,NA,0,NA,1,0,1,1,16,0,2,NA,18,NA,1,79,15,NA,10,NA,1,4,20,18,322,1,73,NA,0,NA,0,0,0,NA,0,NA,0,1,0,6,9,0,0,NA,2,NA,1,2,4,NA,2,NA,2,3,5,8,49,0,15,NA,0,NA,0,2,1,NA,0,NA,0,1,0,1,11,0,6
190761,8,13,NA,7,0,7,NA,9,9,5,31,NA,40,243,5,102,6,3,NA,0,0,2,NA,3,7,0,10,NA,26,94,4,27,1,0,NA,1,0,1,NA,0,0,1,0,NA,2,20,0,14,2,6,NA,5,0,2,NA,2,2,0,5,NA,6,72,2,38,0,0,NA,0,0,0,NA,1,0,0,0,NA,9,10,0,0,4,5,NA,1,0,2,NA,6,4,4,21,NA,20,113,2,40,1,2,NA,0,0,2,NA,0,3,0,4,NA,3,26,1,9
191126,NA,NA,NA,NA,NA,NA,NA,NA,NA,NA,NA,620,589,1545,254,NA,NA,NA,NA,NA,NA,NA,NA,NA,NA,NA,NA,95,83,230,28,NA,NA,NA,NA,NA,NA,NA,NA,NA,NA,NA,NA,114,64,208,21,NA,NA,NA,NA,NA,NA,NA,NA,NA,NA,NA,NA,223,233,610,125,NA,NA,NA,NA,NA,NA,NA,NA,NA,NA,NA,NA,82,85,186,10,NA,NA,NA,NA,NA,NA,NA,NA,NA,NA,NA,NA,175,177,466,81,NA,NA,NA,NA,NA,NA,NA,NA,NA,NA,NA,NA,3,6,10,1,NA
191241,98,NA,16,94,7,101,NA,177,NA,6,350,164,377,2115,177,NA,59,NA,11,17,2,18,NA,29,NA,1,155,44,210,908,46,NA,17,NA,1,7,1,24,NA,22,NA,1,51,9,72,293,17,NA,35,NA,8,62,4,53,NA,98,NA,2,186,99,175,1125,97,NA,11,NA,0,1,0,2,NA,4,NA,0,19,8,45,141,12,NA,28,NA,4,17,2,17,NA,42,NA,3,69,37,66,427,34,NA,1,NA,1,0,0,0,NA,2,NA,0,6,0,5,21,0,NA
191515,35,NA,NA,37,NA,69,NA,21,NA,18,141,38,NA,488,NA,NA,22,NA,NA,8,NA,19,NA,2,NA,12,87,10,NA,214,NA,NA,3,NA,NA,1,NA,9,NA,2,NA,0,13,0,NA,35,NA,NA,24,NA,NA,29,NA,46,NA,18,NA,16,85,31,NA,343,NA,NA,2,NA,NA,1,NA,3,NA,1,NA,0,14,3,NA,29,NA,NA,2,NA,NA,4,NA,6,NA,0,NA,2,22,3,NA,54,NA,NA,2,NA,NA,0,NA,1,NA,0,NA,0,2,0,NA,5,NA,NA
191533,6,7,NA,5,1,16,NA,17,16,NA,19,11,33,196,NA,51,6,0,NA,1,1,4,NA,4,9,NA,7,6,24,76,NA,6,1,0,NA,0,0,1,NA,0,0,NA,0,0,1,4,NA,0,0,5,NA,4,1,11,NA,9,8,NA,12,7,22,123,NA,36,1,0,NA,0,0,1,NA,1,0,NA,0,0,0,7,NA,2,1,1,NA,1,0,3,NA,4,4,NA,5,0,5,32,NA,6,3,0,NA,0,0,0,NA,3,4,NA,1,2,4,25,NA,7
191630,9,8,NA,25,5,21,NA,28,NA,0,88,19,3,356,33,NA,8,1,NA,5,3,8,NA,7,NA,0,56,6,3,172,18,NA,1,0,NA,1,0,1,NA,0,NA,0,0,0,0,3,0,NA,5,6,NA,18,2,16,NA,17,NA,0,67,9,1,242,18,NA,2,0,NA,2,1,0,NA,0,NA,0,10,1,1,24,1,NA,1,1,NA,3,0,3,NA,8,NA,0,7,8,1,55,7,NA,0,0,NA,0,0,1,NA,2,NA,0,1,1,0,15,3,NA
191649,52,42,79,28,5,60,NA,96,9,3,87,109,235,1214,159,175,45,10,56,4,5,19,NA,17,1,2,32,35,158,538,74,46,17,2,8,1,0,27,NA,11,1,0,6,3,22,142,5,30,14,33,38,14,1,20,NA,55,2,1,47,87,126,688,106,99,6,0,7,0,0,0,NA,3,0,0,2,2,29,58,4,3,11,7,19,7,3,10,NA,22,5,2,27,14,41,247,35,29,1,0,3,2,0,1,NA,0,0,0,1,1,8,28,2,6
191676,4,19,NA,6,0,11,13,15,1,NA,4,21,16,152,14,NA,4,1,NA,3,0,2,4,3,0,NA,2,5,7,50,6,NA,1,0,NA,0,0,0,0,0,0,NA,0,1,1,5,0,NA,1,18,NA,5,0,10,12,10,1,NA,2,15,11,119,9,NA,1,0,NA,1,0,0,1,2,0,NA,1,0,2,10,1,NA,0,0,NA,0,0,1,0,1,0,NA,1,1,0,7,3,NA,1,0,NA,0,0,0,0,2,0,NA,0,1,2,6,0,NA
191931,11,24,NA,14,3,18,NA,66,45,10,22,9,222,558,37,53,10,2,NA,4,2,8,NA,14,25,0,15,1,151,264,15,2,0,0,NA,0,0,0,NA,0,0,0,0,0,8,12,0,3,5,21,NA,6,1,9,NA,23,22,2,13,5,124,294,18,34,1,0,NA,0,0,0,NA,1,0,0,0,1,10,17,4,0,4,3,NA,7,2,5,NA,37,19,8,8,3,70,203,15,13,0,0,NA,1,0,2,NA,3,3,0,1,0,4,18,0,3
191968,12,37,3,34,1,45,4,49,NA,NA,36,230,94,935,207,130,9,16,3,6,0,21,3,11,NA,NA,17,97,76,415,99,31,0,0,0,2,0,2,0,1,NA,NA,1,9,3,29,3,6,6,30,3,23,0,29,4,33,NA,NA,15,170,70,682,156,103,2,0,0,0,0,1,0,2,NA,NA,2,3,1,19,3,2,2,4,0,8,0,11,0,10,NA,NA,17,25,16,137,28,11,1,1,0,0,1,1,0,0,NA,NA,0,7,2,21,2,4
192110,NA,NA,NA,NA,NA,NA,NA,NA,NA,NA,NA,130,NA,130,NA,NA,NA,NA,NA,NA,NA,NA,NA,NA,NA,NA,NA,68,NA,68,NA,NA,NA,NA,NA,NA,NA,NA,NA,NA,NA,NA,NA,17,NA,17,NA,NA,NA,NA,NA,NA,NA,NA,NA,NA,NA,NA,NA,40,NA,40,NA,NA,NA,NA,NA,NA,NA,NA,NA,NA,NA,NA,NA,42,NA,42,NA,NA,NA,NA,NA,NA,NA,NA,NA,NA,NA,NA,NA,20,NA,20,NA,NA,NA,NA,NA,NA,NA,NA,NA,NA,NA,NA,NA,1,NA,1,NA,NA
192192,NA,34,NA,3,0,12,NA,16,5,94,0,8,41,272,0,38,NA,5,NA,1,0,4,NA,5,3,9,0,2,26,68,0,5,NA,0,NA,0,0,0,NA,0,0,0,0,0,0,3,0,3,NA,32,NA,2,0,10,NA,14,2,77,0,7,35,228,0,29,NA,0,NA,0,0,0,NA,0,0,0,0,0,2,2,0,0,NA,1,NA,1,0,0,NA,1,1,13,0,1,3,22,0,0,NA,1,NA,0,0,2,NA,0,1,1,0,0,0,9,0,4
192271,NA,NA,NA,NA,NA,NA,NA,NA,NA,NA,NA,20,195,234,19,NA,NA,NA,NA,NA,NA,NA,NA,NA,NA,NA,NA,1,12,14,1,NA,NA,NA,NA,NA,NA,NA,NA,NA,NA,NA,NA,1,16,17,0,NA,NA,NA,NA,NA,NA,NA,NA,NA,NA,NA,NA,8,85,103,10,NA,NA,NA,NA,NA,NA,NA,NA,NA,NA,NA,NA,2,10,14,2,NA,NA,NA,NA,NA,NA,NA,NA,NA,NA,NA,NA,9,81,97,7,NA,NA,NA,NA,NA,NA,NA,NA,NA,NA,NA,NA,0,2,2,0,NA
192323,13,0,NA,14,0,96,NA,73,NA,0,31,3,148,531,9,93,10,0,NA,3,0,27,NA,12,NA,0,11,2,108,215,2,10,2,0,NA,0,0,5,NA,3,NA,0,3,0,6,27,1,5,8,0,NA,12,0,69,NA,54,NA,0,21,3,121,404,6,74,0,0,NA,0,0,0,NA,0,NA,0,1,0,1,5,0,2,2,0,NA,1,0,15,NA,13,NA,0,4,0,15,68,2,8,0,0,NA,0,0,1,NA,0,NA,0,0,0,2,6,0,2
192448,27,63,NA,7,2,81,42,34,27,17,19,102,170,1392,22,733,22,15,NA,3,1,28,28,9,8,0,9,33,86,395,10,128,2,1,NA,0,0,11,3,1,2,0,1,3,10,172,0,135,10,42,NA,5,1,33,16,21,15,10,6,59,78,610,10,280,2,0,NA,1,0,12,5,0,2,0,2,2,20,65,2,15,9,11,NA,0,0,18,12,7,5,4,8,28,34,374,9,220,4,9,NA,1,1,7,4,3,3,2,2,10,19,136,1,64
192703,25,51,189,7,1,25,17,32,NA,NA,32,11,164,650,45,19,20,13,148,1,1,9,10,6,NA,NA,13,4,108,376,18,6,4,0,21,0,0,1,0,1,NA,NA,1,0,6,39,1,1,11,29,82,5,0,11,9,14,NA,NA,14,3,86,320,31,6,2,0,6,0,0,1,0,1,NA,NA,2,1,8,22,1,0,6,15,61,2,0,8,6,16,NA,NA,8,5,44,196,9,8,2,6,18,0,1,3,2,0,NA,NA,3,2,13,56,2,4
192712,NA,NA,NA,NA,NA,NA,NA,NA,NA,NA,NA,108,NA,108,NA,NA,NA,NA,NA,NA,NA,NA,NA,NA,NA,NA,NA,50,NA,50,NA,NA,NA,NA,NA,NA,NA,NA,NA,NA,NA,NA,NA,4,NA,4,NA,NA,NA,NA,NA,NA,NA,NA,NA,NA,NA,NA,NA,44,NA,44,NA,NA,NA,NA,NA,NA,NA,NA,NA,NA,NA,NA,NA,46,NA,46,NA,NA,NA,NA,NA,NA,NA,NA,NA,NA,NA,NA,NA,14,NA,14,NA,NA,NA,NA,NA,NA,NA,NA,NA,NA,NA,NA,NA,0,NA,0,NA,NA
192749,3,1,NA,14,0,11,34,30,7,0,17,31,35,308,20,82,2,1,NA,2,0,4,21,3,2,0,5,7,23,101,9,15,0,0,NA,0,0,0,0,0,0,0,0,0,1,10,2,5,2,1,NA,7,0,3,22,11,4,0,10,17,19,152,7,39,0,0,NA,0,0,1,0,0,1,0,0,1,1,4,0,0,1,0,NA,6,0,7,10,18,2,0,6,11,12,129,10,35,0,0,NA,1,0,0,2,1,0,0,1,1,1,10,0,3
192819,82,49,NA,16,NA,65,NA,121,51,16,41,85,315,1084,158,23,73,7,NA,2,NA,18,NA,14,26,1,20,26,143,443,77,7,4,0,NA,0,NA,3,NA,3,1,0,1,3,10,36,2,7,60,48,NA,14,NA,46,NA,92,33,12,26,55,238,799,120,9,2,0,NA,0,NA,0,NA,4,0,0,2,2,5,16,1,0,8,1,NA,1,NA,14,NA,16,10,4,10,22,55,184,28,6,3,0,NA,0,NA,0,NA,2,1,0,0,0,2,12,1,1
192864,NA,NA,NA,3,NA,4,1,18,NA,NA,21,190,37,304,21,3,NA,NA,NA,0,NA,0,0,2,NA,NA,1,41,9,57,3,0,NA,NA,NA,0,NA,0,0,0,NA,NA,0,4,2,7,1,0,NA,NA,NA,2,NA,2,0,8,NA,NA,4,127,16,178,11,2,NA,NA,NA,0,NA,0,0,0,NA,NA,0,4,0,4,0,0,NA,NA,NA,1,NA,1,1,8,NA,NA,10,40,13,81,6,1,NA,NA,NA,0,NA,0,0,1,NA,NA,5,5,1,13,1,0
193016,45,42,NA,18,10,43,17,138,72,40,74,12,177,1238,31,460,39,0,NA,2,2,9,14,25,28,6,16,10,100,354,19,71,4,2,NA,2,0,4,0,0,2,1,0,0,8,80,1,56,9,13,NA,5,0,5,6,32,13,6,12,6,39,260,9,90,2,1,NA,0,0,1,1,7,1,1,1,0,17,37,1,3,30,26,NA,11,10,31,10,95,51,30,54,6,105,802,17,286,0,0,NA,0,0,1,0,2,3,1,5,0,6,34,1,14
193292,7,59,NA,4,32,17,NA,24,20,8,7,44,71,739,13,426,5,10,NA,0,12,3,NA,5,11,0,2,18,55,215,6,84,1,1,NA,0,2,0,NA,1,0,1,0,1,7,63,0,49,3,47,NA,2,15,7,NA,12,11,2,4,29,46,394,10,200,0,0,NA,0,0,1,NA,0,0,0,1,0,0,6,0,3,2,6,NA,2,13,9,NA,8,9,4,2,9,12,210,3,131,0,3,NA,0,0,0,NA,1,0,0,0,1,4,41,0,32
193308,58,14,NA,NA,NA,NA,17,NA,92,71,NA,NA,227,740,NA,261,47,2,NA,NA,NA,NA,14,NA,26,5,NA,NA,84,205,NA,27,4,0,NA,NA,NA,NA,0,NA,0,0,NA,NA,2,31,NA,25,1,0,NA,NA,NA,NA,0,NA,2,1,NA,NA,9,23,NA,10,18,0,NA,NA,NA,NA,0,NA,6,2,NA,NA,53,105,NA,26,34,14,NA,NA,NA,NA,17,NA,84,68,NA,NA,160,574,NA,197,0,0,NA,NA,NA,NA,0,NA,0,0,NA,NA,1,1,NA,0
193353,12,NA,NA,14,NA,11,9,26,NA,10,31,2,42,336,5,124,9,NA,NA,0,NA,3,7,3,NA,0,13,1,28,93,4,14,0,NA,NA,0,NA,0,0,1,NA,0,0,0,0,6,0,4,6,NA,NA,7,NA,7,6,17,NA,2,14,0,20,190,4,77,0,NA,NA,0,NA,0,0,0,NA,0,0,0,1,1,0,0,5,NA,NA,5,NA,4,3,6,NA,6,7,2,15,104,1,34,1,NA,NA,2,NA,0,0,1,NA,2,10,0,6,31,0,8
193399,NA,NA,NA,6,2,10,NA,432,NA,0,26,6,112,839,12,209,NA,NA,NA,1,0,3,NA,6,NA,0,5,3,30,98,5,36,NA,NA,NA,0,0,2,NA,1,NA,0,3,0,3,36,0,26,NA,NA,NA,1,0,0,NA,371,NA,0,2,0,74,496,2,40,NA,NA,NA,0,0,1,NA,10,NA,0,0,1,2,15,0,1,NA,NA,NA,4,1,5,NA,37,NA,0,19,5,24,232,10,113,NA,NA,NA,0,0,0,NA,4,NA,0,1,0,4,17,0,6
193584,0,22,NA,10,1,29,NA,37,NA,34,15,67,50,444,9,137,0,8,NA,0,0,8,NA,7,NA,4,4,20,32,107,5,13,0,0,NA,0,0,0,NA,0,NA,0,0,0,2,9,1,4,0,22,NA,9,1,24,NA,32,NA,32,10,58,37,366,5,113,0,0,NA,0,0,0,NA,0,NA,1,0,0,3,5,0,0,0,0,NA,0,0,2,NA,4,NA,0,5,8,7,46,2,13,0,0,NA,0,0,1,NA,0,NA,1,0,0,1,4,0,0
193654,160,NA,NA,46,62,NA,NA,38,NA,NA,40,1018,1,1557,103,NA,28,NA,NA,6,17,NA,NA,6,NA,NA,9,259,1,375,20,NA,31,NA,NA,2,3,NA,NA,2,NA,NA,4,122,0,176,7,NA,22,NA,NA,31,37,NA,NA,15,NA,NA,19,266,0,466,45,NA,85,NA,NA,1,3,NA,NA,7,NA,NA,2,424,0,547,7,NA,11,NA,NA,8,12,NA,NA,8,NA,NA,9,134,1,233,29,NA,6,NA,NA,0,1,NA,NA,3,NA,NA,0,30,0,44,2,NA
193900,748,62,262,92,649,333,NA,508,NA,63,1069,1319,1016,7932,382,510,459,7,184,26,197,108,NA,104,NA,14,491,474,620,3322,70,70,228,13,72,16,77,120,NA,113,NA,9,191,136,300,1631,58,126,74,12,45,28,253,50,NA,88,NA,17,171,460,200,1747,64,164,286,15,66,4,65,37,NA,122,NA,10,400,211,230,2048,159,12,115,20,59,26,192,101,NA,154,NA,21,241,377,202,1892,74,172,27,2,9,8,29,16,NA,14,NA,1,36,45,64,320,17,19
193973,18,262,NA,1,21,26,27,32,NA,17,58,13,133,719,18,73,16,42,NA,0,10,11,21,2,NA,3,23,6,67,224,3,9,2,1,NA,0,2,2,0,0,NA,0,1,0,4,16,0,3,11,78,NA,1,10,20,18,19,NA,7,42,10,92,404,16,65,4,146,NA,0,3,1,6,3,NA,9,0,0,13,185,0,0,1,4,NA,0,5,0,1,4,NA,0,8,3,18,52,1,5,0,32,NA,0,0,2,1,2,NA,0,3,0,2,43,0,0
194091,105,NA,53,0,NA,111,NA,15,2,NA,0,NA,31,544,10,67,78,NA,42,0,NA,51,NA,5,1,NA,0,NA,19,300,5,15,38,NA,13,0,NA,53,NA,7,0,NA,0,NA,5,144,0,9,26,NA,14,0,NA,21,NA,5,0,NA,0,NA,6,151,6,26,5,NA,3,0,NA,4,NA,0,0,NA,0,NA,9,33,0,0,27,NA,15,0,NA,21,NA,2,2,NA,0,NA,8,164,4,28,6,NA,7,0,NA,4,NA,0,0,NA,0,NA,1,32,0,4
194310,102,40,NA,37,21,42,NA,137,57,NA,104,284,333,1688,195,269,76,5,NA,4,5,17,NA,26,10,NA,40,72,186,562,54,47,15,1,NA,1,1,6,NA,9,2,NA,10,17,38,144,8,33,41,29,NA,24,10,19,NA,63,22,NA,40,156,158,813,99,121,9,0,NA,0,0,2,NA,8,0,NA,13,14,56,127,21,3,36,7,NA,8,8,12,NA,44,29,NA,29,67,71,488,58,93,1,2,NA,1,0,2,NA,2,2,NA,2,0,3,32,2,13
194499,NA,NA,NA,NA,NA,NA,NA,NA,NA,NA,NA,NA,38,101,NA,63,NA,NA,NA,NA,NA,NA,NA,NA,NA,NA,NA,NA,4,12,NA,8,NA,NA,NA,NA,NA,NA,NA,NA,NA,NA,NA,NA,2,6,NA,4,NA,NA,NA,NA,NA,NA,NA,NA,NA,NA,NA,NA,6,15,NA,9,NA,NA,NA,NA,NA,NA,NA,NA,NA,NA,NA,NA,0,0,NA,0,NA,NA,NA,NA,NA,NA,NA,NA,NA,NA,NA,NA,28,76,NA,48,NA,NA,NA,NA,NA,NA,NA,NA,NA,NA,NA,NA,0,0,NA,0
194578,NA,7,NA,32,NA,NA,NA,NA,NA,NA,NA,543,NA,792,NA,NA,NA,1,NA,6,NA,NA,NA,NA,NA,NA,NA,145,NA,228,NA,NA,NA,0,NA,0,NA,NA,NA,NA,NA,NA,NA,83,NA,120,NA,NA,NA,1,NA,20,NA,NA,NA,NA,NA,NA,NA,194,NA,272,NA,NA,NA,3,NA,0,NA,NA,NA,NA,NA,NA,NA,184,NA,258,NA,NA,NA,3,NA,11,NA,NA,NA,NA,NA,NA,NA,62,NA,107,NA,NA,NA,0,NA,1,NA,NA,NA,NA,NA,NA,NA,7,NA,13,NA,NA
194824,260,NA,539,NA,NA,51,NA,11,NA,NA,8,48,74,1247,8,14,215,NA,365,NA,NA,24,NA,4,NA,NA,8,35,59,871,3,6,71,NA,68,NA,NA,7,NA,0,NA,NA,1,6,14,219,2,10,81,NA,271,NA,NA,33,NA,7,NA,NA,3,20,26,537,3,0,33,NA,54,NA,NA,1,NA,1,NA,NA,3,8,17,159,1,0,41,NA,88,NA,NA,8,NA,2,NA,NA,1,9,12,198,1,1,17,NA,25,NA,NA,1,NA,1,NA,NA,0,2,0,61,0,2
194958,3,61,NA,2,4,20,8,14,18,20,0,11,39,282,4,71,2,12,NA,0,1,8,6,4,8,4,0,3,21,82,0,7,0,2,NA,0,0,0,0,0,0,1,0,0,0,6,0,2,2,49,NA,1,3,15,7,9,13,11,0,9,24,201,3,53,1,0,NA,0,0,2,1,0,2,2,0,1,3,13,0,0,0,9,NA,1,1,3,0,4,3,5,0,1,10,54,1,14,0,0,NA,0,0,0,0,0,0,0,0,0,1,1,0,0
195003,585,NA,534,5,107,126,8,31,21,3,20,329,167,2552,55,75,485,NA,410,0,55,40,4,11,12,2,15,109,115,1602,20,13,80,NA,52,0,10,17,3,2,0,0,1,36,25,298,6,11,378,NA,388,4,62,75,2,17,15,2,11,203,88,1654,36,52,41,NA,28,0,5,3,0,3,2,0,3,18,16,140,3,1,49,NA,40,0,23,23,3,6,3,1,3,43,24,290,8,4,9,NA,5,1,2,2,0,1,0,0,2,7,7,50,1,2
195030,109,7,200,40,2,216,NA,162,NA,NA,158,159,169,1734,21,173,75,6,121,12,2,72,NA,40,NA,NA,78,85,93,788,9,35,22,0,26,8,0,47,NA,21,NA,NA,18,15,29,251,5,21,25,4,101,22,0,106,NA,59,NA,NA,62,73,38,734,2,122,49,1,37,1,0,23,NA,40,NA,NA,46,34,78,438,10,1,11,0,16,8,2,27,NA,25,NA,NA,21,23,18,205,2,23,0,1,8,0,0,5,NA,5,NA,NA,4,4,3,39,1,3
195128,NA,20,NA,1,8,11,NA,24,5,NA,18,24,30,259,NA,114,NA,10,NA,0,3,1,NA,4,1,NA,5,3,17,59,NA,15,NA,0,NA,1,0,1,NA,0,0,NA,0,2,0,10,NA,6,NA,16,NA,0,5,8,NA,12,3,NA,7,19,19,162,NA,71,NA,0,NA,0,0,0,NA,0,0,NA,0,0,0,0,NA,0,NA,2,NA,0,2,0,NA,6,2,NA,3,1,8,49,NA,23,NA,2,NA,0,0,1,NA,6,0,NA,8,1,2,30,NA,10
195164,7,42,NA,5,NA,18,21,27,NA,NA,24,4,137,395,31,38,6,12,NA,2,NA,4,18,4,NA,NA,14,3,100,212,21,11,2,0,NA,0,NA,6,0,1,NA,NA,0,0,1,17,0,2,5,40,NA,4,NA,9,12,20,NA,NA,17,2,118,311,24,29,0,1,NA,0,NA,0,2,0,NA,NA,0,0,3,12,0,4,0,1,NA,1,NA,1,7,4,NA,NA,6,2,11,41,6,0,0,0,NA,0,NA,1,0,1,NA,NA,0,0,2,4,0,0
195173,25,32,NA,3,16,52,12,44,25,NA,41,NA,73,489,38,112,16,5,NA,0,5,12,8,6,10,NA,17,NA,51,171,15,16,0,0,NA,0,0,3,0,0,0,NA,0,NA,2,16,0,11,0,17,NA,1,6,10,4,11,3,NA,9,NA,20,112,5,24,12,1,NA,0,3,5,3,5,3,NA,9,NA,25,85,6,8,12,12,NA,1,6,28,5,27,18,NA,21,NA,20,242,26,58,1,1,NA,1,1,4,0,1,1,NA,2,NA,2,22,1,6
195216,13,NA,NA,18,0,60,NA,50,NA,NA,135,16,16,491,46,4,7,NA,NA,7,0,11,NA,16,NA,NA,83,7,16,221,19,1,0,NA,NA,0,0,3,NA,2,NA,NA,3,0,0,9,1,0,7,NA,NA,14,0,42,NA,38,NA,NA,105,15,13,384,37,3,4,NA,NA,0,0,6,NA,4,NA,NA,13,0,1,39,3,0,2,NA,NA,3,0,6,NA,2,NA,NA,9,1,1,38,1,0,0,NA,NA,0,0,0,NA,0,NA,NA,3,0,0,7,1,1
195234,NA,NA,NA,NA,NA,NA,NA,NA,NA,NA,NA,NA,NA,NA,NA,NA,NA,NA,NA,NA,NA,NA,NA,NA,NA,NA,NA,NA,NA,NA,NA,NA,NA,NA,NA,NA,NA,NA,NA,NA,NA,NA,NA,NA,NA,NA,NA,NA,NA,NA,NA,NA,NA,NA,NA,NA,NA,NA,NA,NA,NA,NA,NA,NA,NA,NA,NA,NA,NA,NA,NA,NA,NA,NA,NA,NA,NA,NA,NA,NA,NA,NA,NA,NA,NA,NA,NA,NA,NA,NA,NA,NA,NA,NA,NA,NA,NA,NA,NA,NA,NA,NA,NA,NA,NA,NA,NA,NA,NA,NA,NA,NA
195243,4,34,NA,3,2,8,24,24,30,NA,21,6,49,238,9,6,3,6,NA,2,0,2,16,9,20,NA,20,2,34,129,5,0,1,0,NA,0,0,1,0,1,1,NA,0,0,1,7,0,1,1,23,NA,2,1,4,15,13,18,NA,7,3,22,129,4,2,1,0,NA,0,0,1,2,1,1,NA,2,1,9,21,2,0,1,10,NA,1,0,2,7,9,10,NA,8,2,15,70,1,3,0,1,NA,0,1,0,0,0,0,NA,4,0,2,11,2,0
195304,NA,NA,NA,NA,333,NA,NA,NA,NA,NA,NA,NA,NA,333,NA,NA,NA,NA,NA,NA,65,NA,NA,NA,NA,NA,NA,NA,NA,65,NA,NA,NA,NA,NA,NA,7,NA,NA,NA,NA,NA,NA,NA,NA,7,NA,NA,NA,NA,NA,NA,201,NA,NA,NA,NA,NA,NA,NA,NA,201,NA,NA,NA,NA,NA,NA,31,NA,NA,NA,NA,NA,NA,NA,NA,31,NA,NA,NA,NA,NA,NA,40,NA,NA,NA,NA,NA,NA,NA,NA,40,NA,NA,NA,NA,NA,NA,32,NA,NA,NA,NA,NA,NA,NA,NA,32,NA,NA
195474,22,25,15,15,NA,70,NA,82,NA,21,82,13,216,772,67,82,17,4,11,1,NA,22,NA,17,NA,3,49,4,139,345,34,11,4,1,1,0,NA,15,NA,7,NA,0,4,1,3,44,2,5,12,24,9,15,NA,44,NA,63,NA,16,63,9,178,601,53,64,1,0,0,0,NA,2,NA,2,NA,0,5,0,13,27,2,0,4,0,4,0,NA,4,NA,6,NA,5,10,3,18,78,7,11,0,0,0,0,NA,2,NA,0,NA,0,0,0,1,3,0,0
195526,23,10,NA,50,4,64,NA,83,NA,17,98,64,98,640,NA,NA,18,2,NA,12,2,25,NA,20,NA,3,45,16,66,268,NA,NA,1,0,NA,3,0,6,NA,3,NA,0,5,2,5,30,NA,NA,9,10,NA,36,2,37,NA,54,NA,15,58,47,48,403,NA,NA,4,0,NA,2,0,5,NA,13,NA,0,13,2,17,69,NA,NA,8,0,NA,6,1,10,NA,9,NA,2,14,8,23,98,NA,NA,0,0,NA,0,0,3,NA,2,NA,0,2,3,3,16,NA,NA
195544,34,279,NA,19,46,23,12,50,45,12,22,6,156,935,11,185,24,64,NA,5,20,5,5,9,18,1,9,1,74,281,1,26,4,4,NA,1,3,4,0,1,0,0,0,1,5,39,1,15,13,216,NA,11,28,8,7,24,25,5,14,3,88,549,7,78,4,0,NA,0,0,2,0,0,2,0,2,0,3,13,0,0,13,39,NA,6,13,6,4,20,17,7,4,2,49,261,1,72,0,11,NA,1,2,1,1,5,1,0,2,0,9,53,1,14
195720,15,40,NA,5,20,62,37,46,NA,NA,37,NA,120,662,17,213,12,9,NA,0,7,26,32,9,NA,NA,20,NA,79,259,6,29,0,1,NA,0,0,6,0,3,NA,NA,2,NA,8,29,0,8,12,34,NA,5,15,51,35,36,NA,NA,25,NA,97,542,15,174,1,0,NA,0,0,0,0,0,NA,NA,1,NA,2,4,0,0,1,2,NA,0,4,3,1,5,NA,NA,6,NA,9,62,2,25,0,3,NA,0,1,1,1,1,NA,NA,1,NA,4,15,0,3
195809,96,85,NA,26,13,272,56,131,138,1,81,27,491,1799,101,96,82,16,NA,5,9,91,49,26,75,1,39,13,291,832,38,11,25,4,NA,7,0,84,2,14,6,0,6,2,57,241,4,9,28,63,NA,13,4,82,26,46,79,1,36,14,250,812,39,56,11,0,NA,0,0,7,2,5,2,0,4,1,37,76,4,1,24,15,NA,5,9,80,20,56,46,0,30,8,118,555,46,25,1,1,NA,1,0,2,0,1,1,0,1,0,9,22,1,0
196006,30,NA,NA,0,NA,NA,16,0,22,NA,NA,6,91,369,NA,77,29,NA,NA,0,NA,NA,16,0,10,NA,NA,4,66,218,NA,8,0,NA,NA,0,NA,NA,0,0,0,NA,NA,0,1,9,NA,4,23,NA,NA,0,NA,NA,8,0,18,NA,NA,5,60,245,NA,44,0,NA,NA,0,NA,NA,0,0,0,NA,NA,0,0,1,NA,1,6,NA,NA,0,NA,NA,7,0,4,NA,NA,1,25,104,NA,28,0,NA,NA,0,NA,NA,0,0,0,NA,NA,0,0,0,NA,0
196015,94,NA,3,NA,NA,NA,13,59,65,NA,24,10,60,543,2,100,79,NA,2,NA,NA,NA,11,6,29,NA,1,6,34,225,0,16,7,NA,0,NA,NA,NA,0,0,2,NA,1,0,2,13,0,1,54,NA,3,NA,NA,NA,8,43,44,NA,14,8,35,351,1,61,1,NA,0,NA,NA,NA,0,0,1,NA,0,0,9,17,0,3,23,NA,0,NA,NA,NA,4,14,11,NA,5,2,11,127,1,30,5,NA,0,NA,NA,NA,1,1,4,NA,2,0,1,20,0,3
196024,10,NA,NA,NA,NA,NA,12,NA,46,NA,NA,NA,90,378,0,143,10,NA,NA,NA,NA,NA,11,NA,16,NA,NA,NA,52,143,0,17,0,NA,NA,NA,NA,NA,0,NA,3,NA,NA,NA,2,8,0,2,3,NA,NA,NA,NA,NA,6,NA,16,NA,NA,NA,60,236,0,102,0,NA,NA,NA,NA,NA,0,NA,0,NA,NA,NA,0,0,0,0,7,NA,NA,NA,NA,NA,6,NA,22,NA,NA,NA,27,116,0,32,0,NA,NA,NA,NA,NA,0,NA,3,NA,NA,NA,0,13,0,6
196033,17,11,NA,NA,NA,10,NA,17,NA,NA,NA,3,42,314,7,2,13,0,NA,NA,NA,2,NA,1,NA,NA,NA,2,21,107,4,0,0,0,NA,NA,NA,0,NA,0,NA,NA,NA,2,0,7,0,0,8,8,NA,NA,NA,3,NA,12,NA,NA,NA,1,22,217,2,1,0,0,NA,NA,NA,7,NA,0,NA,NA,NA,0,0,8,0,0,8,3,NA,NA,NA,0,NA,5,NA,NA,NA,0,17,73,5,1,1,0,NA,NA,NA,0,NA,0,NA,NA,NA,0,0,5,0,0
196042,174,NA,NA,NA,NA,52,53,63,189,NA,15,42,337,1663,42,158,151,NA,NA,NA,NA,18,47,17,114,NA,11,19,219,1013,24,43,56,NA,NA,NA,NA,6,1,5,8,NA,1,4,34,203,0,21,63,NA,NA,NA,NA,16,28,31,93,NA,8,18,188,781,31,78,1,NA,NA,NA,NA,0,1,0,2,NA,0,0,8,27,0,3,50,NA,NA,NA,NA,27,20,26,82,NA,5,17,97,597,11,47,1,NA,NA,NA,NA,1,0,0,0,NA,0,0,2,9,0,1
196051,11,NA,NA,NA,NA,NA,6,17,22,NA,NA,NA,28,166,0,5,9,NA,NA,NA,NA,NA,1,3,6,NA,NA,NA,22,75,0,0,0,NA,NA,NA,NA,NA,0,0,0,NA,NA,NA,0,3,0,1,7,NA,NA,NA,NA,NA,4,7,4,NA,NA,NA,16,108,0,4,0,NA,NA,NA,NA,NA,1,0,1,NA,NA,NA,4,6,0,0,4,NA,NA,NA,NA,NA,0,10,14,NA,NA,NA,8,43,0,0,0,NA,NA,NA,NA,NA,0,0,0,NA,NA,NA,0,1,0,0
196060,298,91,41,50,NA,178,NA,285,271,49,409,31,435,2835,154,63,226,11,30,13,NA,68,NA,59,155,10,200,11,274,1318,65,15,36,2,7,2,NA,23,NA,19,19,3,26,1,50,232,4,5,112,52,19,32,NA,69,NA,117,147,29,161,17,220,1273,58,14,19,2,5,1,NA,5,NA,5,2,1,23,3,20,100,4,1,106,26,9,11,NA,68,NA,129,95,13,174,9,123,1059,83,41,11,2,0,2,NA,6,NA,3,0,1,5,0,6,47,2,0
196079,164,NA,328,98,21,753,NA,357,NA,39,477,111,525,3684,NA,170,126,NA,230,31,6,252,NA,80,NA,9,302,38,312,1696,NA,31,40,NA,37,9,4,153,NA,45,NA,3,51,14,114,549,NA,30,65,NA,208,63,12,411,NA,222,NA,25,278,62,297,2150,NA,97,28,NA,10,1,1,11,NA,5,NA,0,40,5,25,142,NA,2,21,NA,50,18,2,137,NA,61,NA,7,88,20,59,611,NA,31,2,NA,8,2,2,8,NA,5,NA,4,7,2,18,86,NA,3
196088,321,0,695,69,0,474,0,477,NA,NA,599,151,798,4793,281,390,267,0,535,21,0,218,0,124,NA,NA,247,68,508,2499,110,90,108,0,101,1,0,113,0,51,NA,NA,53,18,149,733,16,61,104,0,392,41,0,218,0,186,NA,NA,252,84,365,2248,90,190,53,0,61,1,0,25,0,134,NA,NA,129,14,160,745,134,9,29,0,86,20,0,79,0,70,NA,NA,120,22,74,703,26,96,18,0,34,3,0,21,0,20,NA,NA,24,3,34,207,7,20
196097,390,0,342,95,1,608,NA,546,NA,37,373,59,444,4472,66,688,317,0,279,28,0,250,NA,143,NA,8,197,19,243,2204,24,201,243,0,147,12,0,234,NA,118,NA,2,72,9,100,1399,6,252,36,0,88,50,0,182,NA,182,NA,16,76,23,140,1246,37,194,59,0,28,0,0,19,NA,28,NA,0,91,8,87,501,5,5,13,0,50,23,0,113,NA,158,NA,17,101,12,86,906,14,182,27,0,22,8,1,40,NA,43,NA,2,24,5,24,291,0,30
196103,NA,NA,61,NA,NA,188,NA,NA,NA,NA,NA,NA,14,424,NA,NA,NA,NA,37,NA,NA,76,NA,NA,NA,NA,NA,NA,10,205,NA,NA,NA,NA,1,NA,NA,6,NA,NA,NA,NA,NA,NA,0,13,NA,NA,NA,NA,34,NA,NA,141,NA,NA,NA,NA,NA,NA,12,316,NA,NA,NA,NA,21,NA,NA,3,NA,NA,NA,NA,NA,NA,0,24,NA,NA,NA,NA,3,NA,NA,22,NA,NA,NA,NA,NA,NA,2,42,NA,NA,NA,NA,1,NA,NA,10,NA,NA,NA,NA,NA,NA,0,18,NA,NA
196112,91,NA,50,NA,NA,24,NA,21,NA,NA,6,NA,90,458,34,47,79,NA,42,NA,NA,7,NA,1,NA,NA,1,NA,44,296,27,10,4,NA,3,NA,NA,7,NA,0,NA,NA,0,NA,7,31,0,2,69,NA,38,NA,NA,13,NA,14,NA,NA,6,NA,66,324,20,32,0,NA,1,NA,NA,0,NA,0,NA,NA,0,NA,0,2,0,1,11,NA,8,NA,NA,4,NA,6,NA,NA,0,NA,14,83,12,12,1,NA,0,NA,NA,0,NA,0,NA,NA,0,NA,1,3,0,0
196121,47,162,NA,24,2,40,140,104,64,66,42,53,138,1268,56,261,41,61,NA,4,1,13,88,19,27,17,12,11,84,474,24,37,8,4,NA,1,0,1,2,1,1,1,2,3,4,35,0,5,28,129,NA,18,2,22,115,71,45,41,25,40,102,914,39,187,1,0,NA,0,0,1,1,0,0,1,0,1,2,7,0,0,5,21,NA,3,0,14,16,28,10,18,11,8,24,236,12,55,4,5,NA,1,0,0,4,2,6,1,2,1,4,44,3,8
196130,55,178,NA,15,83,47,NA,61,79,34,70,77,147,1091,61,58,47,30,NA,8,20,15,NA,10,29,6,30,24,70,416,36,14,10,3,NA,1,3,8,NA,2,4,2,3,6,15,65,2,1,28,135,NA,11,23,20,NA,33,28,17,28,50,68,590,33,37,1,0,NA,0,0,2,NA,1,2,0,0,0,2,10,0,0,15,29,NA,3,53,16,NA,22,43,13,33,17,55,370,22,16,0,1,NA,0,0,0,NA,0,0,0,1,1,2,8,1,1
196149,NA,501,NA,17,41,60,286,84,NA,12,112,31,92,1420,52,84,NA,164,NA,6,20,15,203,16,NA,1,46,17,73,614,19,4,NA,3,NA,0,0,1,10,1,NA,0,2,0,1,24,3,3,NA,425,NA,14,21,36,210,57,NA,7,81,20,69,1075,33,64,NA,1,NA,0,0,0,4,0,NA,0,1,0,1,7,0,0,NA,60,NA,2,15,16,47,19,NA,3,23,9,18,249,14,14,NA,7,NA,0,3,5,5,2,NA,0,1,2,3,30,1,1
196158,16,151,NA,16,NA,35,22,50,17,14,15,135,54,660,46,28,14,40,NA,4,NA,14,19,5,7,1,6,54,29,251,21,3,0,0,NA,0,NA,0,0,0,0,0,1,4,0,8,0,1,11,130,NA,13,NA,29,13,36,10,11,8,91,42,495,33,23,2,0,NA,0,NA,2,2,1,2,0,0,5,2,18,1,1,3,14,NA,3,NA,3,5,8,5,2,5,25,10,104,9,2,0,2,NA,0,NA,1,0,0,0,0,1,3,0,9,1,0
196167,NA,220,NA,31,NA,126,NA,84,NA,NA,135,19,153,922,48,NA,NA,39,NA,8,NA,42,NA,16,NA,NA,46,5,91,328,23,NA,NA,2,NA,1,NA,7,NA,3,NA,NA,7,1,5,30,2,NA,NA,192,NA,26,NA,101,NA,67,NA,NA,101,12,133,756,40,NA,NA,0,NA,0,NA,1,NA,0,NA,NA,5,0,4,11,0,NA,NA,15,NA,4,NA,11,NA,10,NA,NA,18,5,7,89,5,NA,NA,10,NA,0,NA,4,NA,1,NA,NA,2,1,4,25,1,NA
196176,54,187,47,75,40,67,NA,145,NA,NA,148,165,179,1456,137,57,42,30,39,19,15,29,NA,22,NA,NA,50,42,103,518,61,1,4,5,3,1,1,9,NA,1,NA,NA,9,5,8,57,7,2,31,131,29,50,19,31,NA,82,NA,NA,78,110,92,875,82,36,0,0,0,0,8,0,NA,1,NA,NA,2,6,16,33,0,0,17,42,12,18,12,21,NA,53,NA,NA,54,37,57,420,40,16,0,2,2,4,0,1,NA,4,NA,NA,1,3,3,25,0,1
196185,15,259,NA,28,NA,57,94,137,48,NA,59,146,148,1205,97,13,15,43,NA,7,NA,12,54,33,26,NA,18,57,101,442,36,1,0,3,NA,1,NA,1,3,2,3,NA,0,4,4,25,3,0,10,212,NA,20,NA,38,65,109,31,NA,44,91,108,890,69,11,0,0,NA,0,NA,0,0,0,0,NA,0,2,0,2,0,0,5,30,NA,5,NA,16,23,18,13,NA,15,41,25,227,21,0,0,10,NA,1,NA,0,3,4,1,NA,0,5,10,42,3,2
196194,46,179,19,40,11,100,0,93,101,NA,43,103,332,1420,148,61,38,54,16,16,4,25,0,22,32,NA,22,39,191,612,64,20,1,2,0,0,0,6,0,3,2,NA,1,2,15,41,3,1,25,158,15,25,10,70,0,63,69,NA,21,75,217,992,104,43,5,0,2,0,0,2,0,1,0,NA,1,3,35,59,2,1,12,15,2,14,1,18,0,18,28,NA,18,20,55,274,31,12,0,0,0,0,0,0,0,0,1,NA,0,0,1,6,3,1
196200,2,137,NA,14,NA,11,10,45,18,NA,26,48,45,439,12,12,2,52,NA,1,NA,3,8,8,10,NA,15,19,24,173,7,0,0,2,NA,0,NA,0,0,0,1,NA,0,1,0,7,0,0,1,111,NA,10,NA,6,7,35,11,NA,13,34,29,318,6,5,0,0,NA,1,NA,0,1,0,1,NA,0,0,1,4,0,0,1,17,NA,0,NA,3,2,8,5,NA,9,9,13,78,6,3,0,4,NA,0,NA,2,0,0,0,NA,2,1,1,14,0,3
196219,NA,0,NA,37,38,12,NA,57,NA,NA,43,366,NA,686,88,NA,NA,0,NA,7,14,3,NA,11,NA,NA,18,146,NA,264,44,NA,NA,0,NA,1,1,3,NA,4,NA,NA,0,12,NA,28,3,NA,NA,0,NA,19,20,2,NA,21,NA,NA,25,202,NA,366,53,NA,NA,0,NA,1,0,0,NA,0,NA,NA,0,11,NA,12,0,NA,NA,0,NA,15,14,7,NA,28,NA,NA,17,120,NA,245,30,NA,NA,0,NA,0,0,0,NA,0,NA,NA,0,2,NA,4,0,NA
196237,28,111,NA,32,34,70,NA,110,NA,NA,124,22,184,868,42,56,26,16,NA,9,12,23,NA,19,NA,NA,44,10,97,311,19,8,12,7,NA,2,2,15,NA,11,NA,NA,10,3,30,102,1,7,5,48,NA,10,9,9,NA,32,NA,NA,18,10,50,239,13,10,1,1,NA,0,0,2,NA,1,NA,NA,1,0,2,11,0,2,8,51,NA,19,23,42,NA,63,NA,NA,87,7,100,481,27,31,1,0,NA,0,0,1,NA,0,NA,NA,3,0,1,13,1,5
196246,15,62,NA,20,19,54,7,65,37,52,25,32,234,880,67,113,13,6,NA,5,4,19,7,14,21,5,9,10,116,320,35,18,0,0,NA,0,0,0,0,0,2,0,0,0,15,21,2,2,9,51,NA,15,13,33,7,44,19,34,12,24,142,589,41,88,1,0,NA,0,0,7,0,3,1,0,4,0,12,34,2,2,5,7,NA,4,4,13,0,14,9,13,8,7,56,191,19,18,0,4,NA,0,0,0,0,2,4,1,0,1,5,25,3,1
196255,NA,NA,NA,NA,NA,NA,NA,NA,NA,NA,NA,NA,NA,155,NA,155,NA,NA,NA,NA,NA,NA,NA,NA,NA,NA,NA,NA,NA,33,NA,33,NA,NA,NA,NA,NA,NA,NA,NA,NA,NA,NA,NA,NA,34,NA,34,NA,NA,NA,NA,NA,NA,NA,NA,NA,NA,NA,NA,NA,59,NA,59,NA,NA,NA,NA,NA,NA,NA,NA,NA,NA,NA,NA,NA,1,NA,1,NA,NA,NA,NA,NA,NA,NA,NA,NA,NA,NA,NA,NA,52,NA,52,NA,NA,NA,NA,NA,NA,NA,NA,NA,NA,NA,NA,NA,7,NA,7
196264,NA,118,NA,NA,14,0,NA,261,16,359,25,64,544,1876,0,143,NA,14,NA,NA,4,0,NA,37,9,95,5,15,231,559,0,24,NA,1,NA,NA,0,0,NA,3,0,4,1,5,24,56,0,6,NA,69,NA,NA,7,0,NA,140,10,186,10,37,280,977,0,82,NA,1,NA,NA,0,0,NA,2,0,4,0,1,3,13,0,0,NA,33,NA,NA,7,0,NA,71,4,118,7,15,123,471,0,39,NA,11,NA,NA,0,0,NA,33,2,31,5,5,108,304,0,14
196291,NA,NA,128,NA,NA,NA,NA,NA,NA,NA,NA,NA,57,341,NA,NA,NA,NA,114,NA,NA,NA,NA,NA,NA,NA,NA,NA,52,298,NA,NA,NA,NA,10,NA,NA,NA,NA,NA,NA,NA,NA,NA,2,16,NA,NA,NA,NA,78,NA,NA,NA,NA,NA,NA,NA,NA,NA,41,239,NA,NA,NA,NA,1,NA,NA,NA,NA,NA,NA,NA,NA,NA,4,9,NA,NA,NA,NA,31,NA,NA,NA,NA,NA,NA,NA,NA,NA,9,59,NA,NA,NA,NA,4,NA,NA,NA,NA,NA,NA,NA,NA,NA,0,9,NA,NA
196307,NA,NA,NA,NA,NA,3,NA,NA,NA,NA,NA,NA,NA,79,NA,76,NA,NA,NA,NA,NA,2,NA,NA,NA,NA,NA,NA,NA,25,NA,23,NA,NA,NA,NA,NA,0,NA,NA,NA,NA,NA,NA,NA,3,NA,3,NA,NA,NA,NA,NA,1,NA,NA,NA,NA,NA,NA,NA,57,NA,56,NA,NA,NA,NA,NA,1,NA,NA,NA,NA,NA,NA,NA,1,NA,0,NA,NA,NA,NA,NA,1,NA,NA,NA,NA,NA,NA,NA,13,NA,12,NA,NA,NA,NA,NA,0,NA,NA,NA,NA,NA,NA,NA,5,NA,5
196413,240,63,223,47,11,138,150,220,0,70,454,305,450,3356,492,69,158,9,159,11,7,45,99,40,0,24,233,99,245,1521,190,11,27,3,11,0,0,17,4,8,0,7,29,18,33,210,20,5,115,35,128,27,3,75,97,111,0,34,188,170,269,1794,311,29,28,9,18,4,0,11,13,40,0,4,122,41,52,486,50,5,57,10,47,9,6,28,27,50,0,16,82,51,73,638,81,26,7,3,9,3,1,3,2,2,0,4,14,13,13,99,11,2
196592,69,11,NA,2,NA,102,NA,238,NA,25,43,NA,135,1076,12,302,33,0,NA,1,NA,35,NA,45,NA,3,15,NA,80,314,0,73,2,0,NA,0,NA,1,NA,5,NA,0,0,NA,0,40,0,25,52,7,NA,2,NA,88,NA,149,NA,2,23,NA,100,720,11,223,5,2,NA,0,NA,2,NA,6,NA,0,1,NA,9,34,0,5,3,2,NA,0,NA,5,NA,54,NA,18,18,NA,6,184,0,30,7,0,NA,0,NA,5,NA,20,NA,4,1,NA,20,85,1,14
196653,NA,NA,NA,NA,NA,NA,NA,NA,NA,NA,NA,NA,1,12,NA,11,NA,NA,NA,NA,NA,NA,NA,NA,NA,NA,NA,NA,0,2,NA,2,NA,NA,NA,NA,NA,NA,NA,NA,NA,NA,NA,NA,0,0,NA,0,NA,NA,NA,NA,NA,NA,NA,NA,NA,NA,NA,NA,1,10,NA,9,NA,NA,NA,NA,NA,NA,NA,NA,NA,NA,NA,NA,0,1,NA,1,NA,NA,NA,NA,NA,NA,NA,NA,NA,NA,NA,NA,0,0,NA,0,NA,NA,NA,NA,NA,NA,NA,NA,NA,NA,NA,NA,0,1,NA,1
196680,64,0,NA,1,1172,12,NA,124,77,5,26,0,320,2489,NA,202,52,0,NA,0,618,7,NA,35,51,0,21,0,215,1480,NA,45,3,0,NA,0,19,0,NA,2,1,0,3,0,11,59,NA,6,43,0,NA,1,947,7,NA,95,40,1,12,0,196,1823,NA,122,2,0,NA,0,5,0,NA,4,0,0,0,0,3,14,NA,0,10,0,NA,0,164,4,NA,14,32,4,5,0,97,481,NA,66,2,0,NA,0,14,0,NA,2,0,0,2,0,4,33,NA,4
196866,26,NA,89,13,32,65,NA,40,NA,NA,105,7,15,453,NA,NA,22,NA,70,5,14,22,NA,15,NA,NA,70,3,12,267,NA,NA,1,NA,4,1,1,12,NA,2,NA,NA,4,0,2,29,NA,NA,13,NA,63,10,22,37,NA,22,NA,NA,74,3,10,297,NA,NA,10,NA,8,0,1,2,NA,7,NA,NA,13,1,1,46,NA,NA,1,NA,11,2,7,8,NA,7,NA,NA,13,3,1,62,NA,NA,0,NA,0,0,0,1,NA,1,NA,NA,1,0,0,3,NA,NA
197018,NA,NA,NA,NA,NA,NA,NA,NA,NA,NA,NA,NA,NA,324,NA,NA,NA,NA,NA,NA,NA,NA,NA,NA,NA,NA,NA,NA,NA,324,NA,NA,NA,NA,NA,NA,NA,NA,NA,NA,NA,NA,NA,NA,NA,0,NA,NA,NA,NA,NA,NA,NA,NA,NA,NA,NA,NA,NA,NA,NA,324,NA,NA,NA,NA,NA,NA,NA,NA,NA,NA,NA,NA,NA,NA,NA,0,NA,NA,NA,NA,NA,NA,NA,NA,NA,NA,NA,NA,NA,NA,NA,0,NA,NA,NA,NA,NA,NA,NA,NA,NA,NA,NA,NA,NA,NA,NA,0,NA,NA
197036,55,NA,258,8,NA,29,14,53,NA,NA,240,NA,43,1072,NA,NA,48,NA,213,6,NA,19,8,31,NA,NA,187,NA,29,833,NA,NA,17,NA,22,1,NA,9,2,3,NA,NA,13,NA,3,92,NA,NA,26,NA,176,6,NA,15,8,29,NA,NA,155,NA,25,679,NA,NA,2,NA,4,0,NA,0,0,0,NA,NA,2,NA,1,13,NA,NA,10,NA,46,1,NA,5,4,19,NA,NA,61,NA,11,253,NA,NA,0,NA,5,0,NA,0,0,0,NA,NA,3,NA,0,12,NA,NA
197045,1,27,NA,12,13,18,18,57,117,NA,4,NA,50,708,23,346,1,20,NA,3,2,4,12,6,69,NA,1,NA,38,239,13,63,0,0,NA,0,1,0,0,1,6,NA,0,NA,0,34,0,25,0,24,NA,11,10,14,13,43,80,NA,4,NA,39,465,14,195,0,0,NA,0,0,0,0,0,3,NA,0,NA,1,9,0,5,1,2,NA,1,2,3,4,10,14,NA,0,NA,6,122,9,68,0,1,NA,0,0,1,0,2,10,NA,0,NA,2,66,0,50
197133,35,6,NA,25,0,105,NA,35,NA,NA,126,58,NA,581,17,NA,23,1,NA,7,0,27,NA,9,NA,NA,58,17,NA,196,2,NA,9,2,NA,1,0,17,NA,3,NA,NA,16,1,NA,73,3,NA,8,2,NA,18,0,60,NA,18,NA,NA,65,40,NA,328,7,NA,6,0,NA,2,0,6,NA,5,NA,NA,18,3,NA,55,2,NA,6,1,NA,3,0,14,NA,8,NA,NA,17,9,NA,82,4,NA,1,0,NA,0,0,1,NA,0,NA,NA,1,1,NA,4,0,NA
197151,241,NA,NA,NA,NA,NA,NA,NA,NA,NA,NA,474,NA,807,9,NA,61,NA,NA,NA,NA,NA,NA,NA,NA,NA,NA,124,NA,201,0,NA,41,NA,NA,NA,NA,NA,NA,NA,NA,NA,NA,71,NA,135,3,NA,15,NA,NA,NA,NA,NA,NA,NA,NA,NA,NA,67,NA,105,1,NA,166,NA,NA,NA,NA,NA,NA,NA,NA,NA,NA,276,NA,472,4,NA,17,NA,NA,NA,NA,NA,NA,NA,NA,NA,NA,52,NA,80,0,NA,2,NA,NA,NA,NA,NA,NA,NA,NA,NA,NA,6,NA,11,1,NA
197197,5,14,NA,3,NA,10,8,18,NA,0,21,49,58,358,NA,160,3,1,NA,0,NA,4,7,3,NA,0,8,19,41,126,NA,32,0,0,NA,0,NA,1,0,0,NA,0,0,2,2,17,NA,11,0,9,NA,3,NA,8,2,11,NA,0,15,30,28,224,NA,111,2,0,NA,0,NA,0,0,1,NA,0,0,3,8,15,NA,0,2,4,NA,0,NA,1,3,5,NA,0,4,5,15,68,NA,27,1,0,NA,0,NA,0,2,1,NA,0,2,4,3,21,NA,7
197708,48,8,0,15,NA,71,NA,66,NA,NA,35,2,196,569,NA,12,36,0,0,7,NA,19,NA,23,NA,NA,20,0,146,299,NA,0,0,0,0,0,NA,0,NA,0,NA,NA,0,0,0,1,NA,0,39,4,0,9,NA,45,NA,49,NA,NA,21,2,136,400,NA,5,4,1,0,0,NA,12,NA,0,NA,NA,3,0,22,48,NA,0,0,0,0,1,NA,1,NA,1,NA,NA,1,0,2,6,NA,0,5,3,0,5,NA,13,NA,16,NA,NA,10,0,34,112,NA,7
197735,NA,NA,NA,NA,NA,NA,NA,NA,NA,NA,NA,NA,NA,99,NA,NA,NA,NA,NA,NA,NA,NA,NA,NA,NA,NA,NA,NA,NA,99,NA,NA,NA,NA,NA,NA,NA,NA,NA,NA,NA,NA,NA,NA,NA,0,NA,NA,NA,NA,NA,NA,NA,NA,NA,NA,NA,NA,NA,NA,NA,99,NA,NA,NA,NA,NA,NA,NA,NA,NA,NA,NA,NA,NA,NA,NA,0,NA,NA,NA,NA,NA,NA,NA,NA,NA,NA,NA,NA,NA,NA,NA,0,NA,NA,NA,NA,NA,NA,NA,NA,NA,NA,NA,NA,NA,NA,NA,0,NA,NA
197869,87,372,NA,88,21,387,134,362,107,95,188,242,1065,4276,315,338,76,74,NA,24,10,124,71,76,51,9,82,82,705,1762,123,42,4,1,NA,0,0,10,2,9,1,1,5,3,21,84,5,11,70,324,NA,75,12,308,108,289,85,80,154,192,897,3519,260,285,0,1,NA,0,0,0,1,3,0,0,1,1,2,11,1,1,10,33,NA,6,6,45,17,43,12,11,18,32,105,463,37,29,1,3,NA,1,0,3,1,1,0,0,2,3,7,28,2,2
197911,NA,11,NA,1,3,24,49,11,12,14,6,9,35,240,8,47,NA,2,NA,0,1,13,39,4,4,1,3,3,29,112,5,6,NA,0,NA,0,0,0,0,0,0,1,0,0,1,2,0,0,NA,8,NA,1,2,14,29,6,9,7,4,3,26,150,5,32,NA,1,NA,0,0,0,1,1,0,0,1,0,0,5,1,0,NA,2,NA,0,1,8,16,2,3,6,1,4,6,67,1,12,NA,0,NA,0,0,1,2,1,0,0,0,0,0,7,0,2
197984,NA,17,NA,5,31,23,39,21,20,0,14,NA,83,299,NA,20,NA,2,NA,2,13,3,30,5,2,0,13,NA,53,141,NA,3,NA,0,NA,0,0,0,0,1,0,0,0,NA,0,1,NA,0,NA,11,NA,5,14,18,18,12,12,0,9,NA,38,167,NA,13,NA,0,NA,0,0,0,4,0,1,0,0,NA,7,12,NA,0,NA,3,NA,0,7,1,11,4,3,0,2,NA,7,41,NA,0,NA,3,NA,0,10,4,6,4,4,0,3,NA,31,77,NA,6
198136,47,40,30,6,8,38,92,49,35,8,13,12,177,740,35,98,34,5,26,3,0,10,39,12,19,0,11,4,112,345,21,26,3,1,0,1,0,2,1,0,0,0,1,0,1,20,1,6,17,34,26,5,6,18,56,25,17,5,9,8,115,447,15,64,3,0,1,0,0,1,2,0,0,1,0,0,13,21,0,0,20,3,3,0,2,10,29,18,12,2,2,4,37,191,13,20,1,2,0,0,0,1,1,3,1,0,0,0,6,27,5,4
198215,2,13,NA,3,0,11,51,3,2,NA,8,5,54,219,15,28,2,1,NA,1,0,3,34,0,2,NA,2,2,32,97,8,0,0,0,NA,0,0,0,0,0,0,NA,0,0,3,3,0,0,2,9,NA,3,0,9,28,1,2,NA,4,3,29,137,7,18,0,0,NA,0,0,0,0,0,0,NA,0,0,0,0,0,0,0,4,NA,0,0,2,19,1,0,NA,3,2,17,64,5,9,0,0,NA,0,0,0,3,1,0,NA,0,0,4,9,0,1
198385,32,3,NA,17,NA,87,NA,49,NA,NA,136,15,NA,504,19,NA,23,0,NA,5,NA,24,NA,15,NA,NA,83,5,NA,239,8,NA,3,0,NA,3,NA,9,NA,4,NA,NA,5,0,NA,34,1,NA,13,2,NA,11,NA,45,NA,30,NA,NA,100,13,NA,327,13,NA,9,0,NA,0,NA,6,NA,3,NA,NA,10,1,NA,41,2,NA,4,0,NA,1,NA,22,NA,9,NA,NA,11,0,NA,69,2,NA,2,0,NA,0,NA,1,NA,0,NA,NA,2,0,NA,7,0,NA
198419,274,13,272,25,NA,274,NA,113,NA,142,282,21,NA,2128,NA,206,168,4,177,8,NA,89,NA,20,NA,58,158,6,NA,963,NA,30,96,1,58,6,NA,74,NA,16,NA,29,48,4,NA,414,NA,16,76,9,133,15,NA,106,NA,50,NA,56,135,9,NA,806,NA,116,36,0,12,0,NA,8,NA,4,NA,4,23,0,NA,349,NA,1,41,2,48,3,NA,55,NA,28,NA,36,58,3,NA,365,NA,51,14,0,11,0,NA,10,NA,3,NA,6,9,2,NA,91,NA,13
198464,127,296,100,31,233,381,88,270,NA,64,292,180,944,4666,256,759,114,38,73,12,75,149,62,38,NA,9,123,53,548,1885,85,83,8,1,3,0,4,23,1,3,NA,0,4,6,15,117,1,27,70,239,70,21,142,216,55,162,NA,37,187,126,720,3196,171,531,0,0,1,0,1,2,0,1,NA,0,2,1,3,19,3,2,37,42,22,7,76,121,24,85,NA,22,85,32,152,1063,69,158,5,8,2,3,5,9,5,3,NA,1,7,8,31,141,4,29
198507,15,13,NA,2,NA,30,35,21,61,15,NA,20,41,355,NA,0,9,0,NA,0,NA,8,21,6,20,0,NA,11,15,134,NA,0,0,0,NA,0,NA,0,0,0,0,0,NA,0,1,3,NA,0,4,3,NA,0,NA,3,3,4,9,3,NA,4,5,69,NA,0,2,0,NA,0,NA,1,1,0,0,0,NA,0,0,4,NA,0,8,9,NA,2,NA,23,29,16,46,10,NA,15,29,252,NA,0,0,1,NA,0,NA,1,0,0,3,0,NA,1,1,10,NA,0
198516,43,46,25,24,3,79,109,92,NA,17,86,76,431,1472,287,48,34,3,14,6,3,14,45,13,NA,2,43,16,268,599,84,6,1,0,0,1,0,1,2,1,NA,1,1,3,12,32,5,2,28,42,16,20,3,67,87,76,NA,14,68,54,338,1177,249,33,1,0,3,0,0,0,5,0,NA,0,0,0,19,34,3,0,12,3,5,2,0,7,13,12,NA,2,15,12,50,184,26,11,0,1,0,0,0,2,0,3,NA,0,1,2,5,18,2,0
198543,29,33,NA,19,93,48,7,140,134,36,64,23,234,1123,21,202,23,7,NA,5,25,14,4,12,60,1,16,9,86,304,9,15,1,0,NA,0,1,0,0,4,0,0,0,0,3,14,0,4,9,8,NA,4,15,9,0,39,46,2,17,2,51,290,1,72,0,0,NA,0,0,1,0,0,0,0,0,0,3,7,0,3,16,23,NA,13,70,35,7,82,84,30,44,18,159,714,18,94,1,0,NA,0,5,0,0,5,1,2,1,1,8,47,0,21
198561,11,43,NA,4,NA,37,12,61,26,NA,8,10,86,429,15,81,10,3,NA,2,NA,7,7,13,15,NA,5,4,45,137,10,6,0,0,NA,0,NA,0,0,0,0,NA,0,0,0,4,2,2,7,31,NA,3,NA,19,8,40,13,NA,5,4,54,273,6,62,0,0,NA,0,NA,0,0,0,0,NA,0,0,0,0,0,0,3,6,NA,1,NA,10,1,12,10,NA,1,1,17,83,5,14,1,5,NA,0,NA,7,2,8,3,NA,2,5,11,58,2,2
198613,11,12,NA,7,NA,12,33,23,17,7,12,12,23,195,NA,5,7,4,NA,1,NA,3,22,6,5,1,5,5,14,86,NA,1,0,0,NA,0,NA,1,1,2,0,1,1,0,1,7,NA,0,4,8,NA,3,NA,6,21,8,9,3,3,5,14,100,NA,2,1,0,NA,0,NA,0,0,0,0,0,0,0,0,1,NA,0,5,4,NA,3,NA,3,10,9,7,3,7,6,8,73,NA,3,0,0,NA,0,NA,1,0,2,0,0,0,0,0,3,NA,0
198695,35,47,5,15,NA,58,101,49,44,NA,35,93,413,1020,86,2,30,3,4,3,NA,16,48,5,15,NA,18,27,228,434,26,0,2,1,0,1,NA,2,5,0,0,NA,0,2,8,25,3,0,25,40,3,10,NA,42,84,39,37,NA,22,68,332,797,66,2,0,0,0,0,NA,0,0,0,0,NA,0,0,0,0,0,0,6,5,0,4,NA,7,10,7,6,NA,8,19,48,138,12,0,2,1,2,0,NA,5,0,3,1,NA,4,3,21,50,5,0
198756,14,NA,3,NA,24,17,26,14,NA,14,22,4,46,207,13,8,11,NA,2,NA,3,5,18,3,NA,4,5,3,26,84,2,0,0,NA,0,NA,0,0,0,0,NA,0,0,0,0,0,0,0,0,NA,0,NA,1,0,0,0,NA,0,0,0,0,1,0,0,0,NA,2,NA,1,3,0,0,NA,0,0,0,0,6,0,0,12,NA,0,NA,17,12,18,12,NA,9,19,3,36,155,11,6,2,NA,1,NA,5,2,8,2,NA,5,3,1,10,45,2,2
198835,10,22,NA,4,NA,22,65,16,14,9,19,10,64,337,3,62,5,6,NA,1,NA,8,37,4,6,0,6,1,45,139,2,8,2,1,NA,0,NA,0,0,0,0,0,0,1,1,6,0,1,7,19,NA,3,NA,14,37,11,7,3,9,8,34,219,2,54,0,0,NA,0,NA,2,5,1,1,0,3,0,7,19,0,0,1,1,NA,1,NA,6,16,4,4,4,4,1,12,66,1,6,0,0,NA,0,NA,0,2,0,1,2,1,0,3,10,0,0
198899,6,10,NA,4,NA,23,17,18,18,13,6,12,46,213,NA,34,5,2,NA,1,NA,7,16,7,10,3,3,3,36,106,NA,11,0,0,NA,0,NA,2,0,1,0,0,0,1,0,5,NA,1,3,9,NA,2,NA,14,11,11,14,6,3,10,23,138,NA,26,1,0,NA,1,NA,0,0,2,0,0,0,0,5,10,NA,1,2,0,NA,1,NA,5,6,2,4,4,3,1,16,49,NA,5,0,1,NA,0,NA,2,0,2,0,3,0,0,2,11,NA,1
198950,7,6,NA,7,NA,35,12,42,NA,15,22,47,51,332,15,22,0,0,NA,0,NA,0,0,0,NA,0,0,0,0,0,0,0,1,1,NA,0,NA,1,0,3,NA,1,1,0,5,18,0,2,0,4,NA,5,NA,25,11,27,NA,9,13,34,34,220,12,12,3,0,NA,0,NA,2,0,0,NA,0,1,1,0,11,0,2,3,1,NA,2,NA,5,1,10,NA,5,6,8,10,66,2,3,0,0,NA,0,NA,2,0,0,NA,0,0,1,1,6,0,1
198969,12,12,6,1,NA,14,31,18,22,15,9,9,58,253,5,30,9,3,4,0,NA,3,20,1,8,4,5,5,35,112,4,7,0,0,0,0,NA,1,0,0,0,0,0,0,2,3,0,0,5,8,4,0,NA,6,17,8,10,9,5,5,34,128,2,10,2,0,2,0,NA,1,0,0,1,0,1,2,4,21,0,7,3,2,0,1,NA,3,8,6,4,3,1,2,10,55,1,9,2,2,0,0,NA,3,3,4,5,3,2,0,7,40,2,4
199069,12,57,NA,0,NA,15,38,35,19,21,NA,8,103,413,3,41,8,6,NA,0,NA,2,25,6,9,2,NA,5,42,142,2,4,0,0,NA,0,NA,0,0,1,0,0,NA,0,0,1,0,0,6,36,NA,0,NA,11,21,21,7,8,NA,5,58,254,1,30,1,0,NA,0,NA,0,3,1,0,0,NA,1,6,12,0,0,5,20,NA,0,NA,4,9,11,9,12,NA,2,30,121,2,8,0,0,NA,0,NA,0,1,0,0,0,NA,0,4,5,0,0
199102,151,44,349,9,192,124,105,173,133,48,75,60,274,2244,134,112,93,8,211,2,75,18,39,24,31,6,16,23,107,790,38,5,3,1,5,0,0,0,0,0,0,0,0,0,0,12,0,0,7,16,32,0,1,1,0,1,5,0,2,1,10,100,0,11,0,0,9,0,0,0,0,0,0,0,0,0,4,13,0,0,129,23,288,8,173,118,99,164,118,45,69,55,243,1978,128,89,5,2,4,0,13,1,0,0,3,0,2,3,7,47,2,3
199111,23,NA,25,30,14,51,NA,101,NA,NA,65,106,59,679,29,41,21,NA,22,10,3,17,NA,14,NA,NA,33,37,29,262,9,13,1,NA,1,0,0,0,NA,2,NA,NA,1,0,0,6,0,0,18,NA,19,25,12,36,NA,70,NA,NA,44,84,36,505,21,27,0,NA,1,0,0,0,NA,2,NA,NA,2,0,1,7,0,1,3,NA,3,4,1,13,NA,15,NA,NA,6,17,15,103,6,9,1,NA,1,0,1,2,NA,2,NA,NA,7,1,2,25,1,0
199120,435,115,147,105,15,778,295,NA,NA,87,746,68,504,5328,465,343,258,10,61,24,6,267,134,NA,NA,25,385,22,264,2045,119,52,145,6,34,1,0,158,19,NA,NA,6,55,1,75,698,22,40,139,65,85,75,8,413,189,NA,NA,45,447,51,294,3037,322,194,33,0,2,1,1,24,5,NA,NA,4,56,2,25,239,11,3,79,30,13,18,5,125,63,NA,NA,24,129,10,74,959,85,85,19,3,7,2,0,21,1,NA,NA,3,23,0,12,127,10,3
199139,755,152,453,115,NA,503,9,432,190,80,342,166,1085,5740,269,489,605,11,385,37,NA,160,3,89,79,8,146,44,668,2864,101,97,155,7,35,7,NA,51,1,31,12,4,17,13,112,565,15,64,359,104,294,73,NA,249,6,196,92,32,171,96,616,3056,139,200,25,1,13,0,NA,3,0,3,2,1,4,3,23,102,0,5,169,34,93,28,NA,161,2,165,70,38,123,45,266,1643,93,189,16,2,7,4,NA,5,0,4,2,0,5,3,26,107,5,15
199148,186,139,NA,65,18,201,171,229,NA,72,186,261,631,3195,158,374,128,29,NA,12,6,55,57,50,NA,5,56,75,297,986,67,37,25,1,NA,0,0,29,3,6,NA,1,3,9,49,166,5,19,61,96,NA,42,13,65,67,97,NA,25,66,135,289,1446,62,184,6,1,NA,0,0,1,3,0,NA,1,1,4,9,35,1,3,77,33,NA,15,5,82,85,116,NA,39,92,88,248,1327,82,155,7,2,NA,1,0,1,3,1,NA,0,5,4,14,55,2,4
199157,23,49,NA,11,25,64,52,95,105,44,155,36,128,923,39,61,15,4,NA,4,8,7,20,12,26,4,42,6,63,248,17,4,2,0,NA,0,0,0,0,1,0,1,1,1,2,10,0,0,2,6,NA,2,1,4,2,7,4,3,13,2,7,70,0,12,0,0,NA,0,1,0,0,0,0,1,0,0,3,5,0,0,18,39,NA,9,23,54,49,77,88,38,125,33,111,771,35,46,0,1,NA,0,0,1,0,3,3,0,2,0,0,12,0,2
199184,NA,NA,NA,NA,NA,NA,NA,NA,NA,NA,NA,206,NA,206,NA,NA,NA,NA,NA,NA,NA,NA,NA,NA,NA,NA,NA,73,NA,73,NA,NA,NA,NA,NA,NA,NA,NA,NA,NA,NA,NA,NA,8,NA,8,NA,NA,NA,NA,NA,NA,NA,NA,NA,NA,NA,NA,NA,128,NA,128,NA,NA,NA,NA,NA,NA,NA,NA,NA,NA,NA,NA,NA,3,NA,3,NA,NA,NA,NA,NA,NA,NA,NA,NA,NA,NA,NA,NA,52,NA,52,NA,NA,NA,NA,NA,NA,NA,NA,NA,NA,NA,NA,NA,5,NA,5,NA,NA
199193,373,142,1598,104,29,644,149,342,NA,64,334,109,1157,6660,201,NA,297,30,1065,28,10,191,93,66,NA,7,122,32,678,3281,51,NA,92,4,149,4,2,95,0,22,NA,1,19,13,129,629,8,NA,197,118,1113,79,17,415,106,235,NA,38,219,72,809,4596,154,NA,19,0,43,2,0,7,2,4,NA,0,1,0,47,148,1,NA,33,15,174,11,10,82,32,61,NA,21,70,18,113,841,29,NA,12,3,51,0,0,15,5,8,NA,1,6,0,16,152,4,NA
199209,24,4,NA,2,2,8,15,26,46,NA,11,3,112,300,2,34,19,0,NA,0,1,3,10,11,25,NA,5,1,49,134,0,8,0,0,NA,0,0,0,0,1,0,NA,1,0,1,4,0,1,6,4,NA,2,0,1,5,7,13,NA,1,1,33,86,1,8,3,0,NA,0,1,0,4,2,0,NA,3,0,11,29,0,4,10,0,NA,0,0,5,3,11,24,NA,3,1,49,126,1,17,5,0,NA,0,1,1,2,4,6,NA,2,1,10,34,0,1
199218,142,129,13,68,NA,246,231,299,NA,73,189,147,665,3689,184,976,111,5,12,16,NA,70,86,53,NA,3,60,65,410,1178,63,88,5,1,0,1,NA,4,5,2,NA,0,2,2,9,58,2,21,102,105,12,55,NA,197,181,243,NA,56,144,114,528,2872,154,724,4,0,0,0,NA,0,4,3,NA,0,2,1,32,61,1,5,25,14,1,8,NA,34,30,37,NA,13,26,19,58,507,21,184,1,3,0,0,NA,4,1,3,NA,2,5,2,17,67,2,22
199281,43,55,NA,9,NA,111,75,46,109,39,117,26,169,1204,33,74,36,6,NA,5,NA,33,38,12,52,4,17,13,76,418,15,10,2,2,NA,0,NA,1,0,0,0,0,2,0,1,12,0,0,18,30,NA,6,NA,44,21,16,51,9,42,14,81,503,8,32,2,0,NA,0,NA,3,3,1,1,0,3,0,6,23,0,1,17,14,NA,2,NA,28,34,18,34,17,47,10,56,417,19,21,1,7,NA,1,NA,22,14,7,14,8,16,1,16,178,4,16
199412,NA,7,4,14,0,34,11,22,NA,4,18,25,61,330,21,101,NA,0,2,4,0,13,9,4,NA,1,3,5,40,109,9,13,NA,0,0,1,0,0,1,3,NA,0,1,2,0,14,0,6,NA,5,2,10,0,21,3,7,NA,3,8,15,36,183,12,56,NA,0,1,0,0,2,1,2,NA,0,2,3,15,31,3,1,NA,2,0,2,0,8,6,9,NA,1,7,4,9,83,4,29,NA,0,1,1,0,3,0,1,NA,0,0,1,1,19,2,9
199759,NA,0,NA,10,4,NA,NA,NA,NA,NA,NA,NA,0,77,NA,NA,NA,0,NA,2,1,NA,NA,NA,NA,NA,NA,NA,0,51,NA,NA,NA,0,NA,0,1,NA,NA,NA,NA,NA,NA,NA,0,3,NA,NA,NA,0,NA,10,3,NA,NA,NA,NA,NA,NA,NA,0,63,NA,NA,NA,0,NA,0,0,NA,NA,NA,NA,NA,NA,NA,0,0,NA,NA,NA,0,NA,0,0,NA,NA,NA,NA,NA,NA,NA,0,10,NA,NA,NA,0,NA,0,0,NA,NA,NA,NA,NA,NA,NA,0,1,NA,NA
199847,40,11,36,27,0,126,97,123,NA,NA,283,11,299,1337,124,NA,25,3,18,2,0,43,23,19,NA,NA,166,3,184,591,39,NA,1,0,0,1,0,14,4,9,NA,NA,13,1,11,63,2,NA,27,9,21,23,0,80,63,82,NA,NA,192,7,231,922,74,NA,5,1,1,0,0,8,1,5,NA,NA,16,1,21,90,11,NA,5,1,13,2,0,18,22,23,NA,NA,49,2,22,197,28,NA,0,0,0,0,0,0,1,0,NA,NA,0,0,0,1,0,NA
199962,NA,36,NA,5,NA,60,76,60,18,17,14,7,97,472,32,27,NA,7,NA,1,NA,15,38,10,3,1,6,3,48,160,9,6,NA,0,NA,0,NA,3,0,1,0,0,2,0,0,8,0,0,NA,24,NA,3,NA,30,49,30,9,9,4,5,36,240,18,13,NA,0,NA,0,NA,1,4,3,0,0,0,0,11,23,1,1,NA,7,NA,1,NA,16,18,17,8,5,6,0,36,140,10,9,NA,1,NA,1,NA,4,3,4,0,3,2,1,5,29,2,2
199999,19,20,NA,6,58,102,41,60,36,33,42,15,86,890,33,327,12,1,NA,1,12,14,26,11,5,3,14,8,32,184,17,24,0,0,NA,0,0,0,0,1,0,0,0,0,2,11,0,8,3,1,NA,0,4,2,1,0,2,2,2,0,1,90,1,70,1,0,NA,0,0,2,0,0,0,0,1,0,1,6,0,1,15,18,NA,6,52,94,36,59,28,31,34,14,75,723,31,220,0,0,NA,0,1,1,1,0,4,0,1,1,4,24,0,11
200004,22,195,53,41,5,68,66,150,139,156,74,141,527,2539,65,549,19,29,46,9,1,16,40,36,66,78,19,49,271,1006,38,126,2,3,6,0,0,2,0,2,0,2,1,0,6,34,2,4,15,159,35,35,5,51,51,113,112,137,61,114,398,2005,48,430,1,4,2,0,0,2,0,2,2,0,0,2,17,43,2,4,3,19,7,3,0,9,10,23,23,12,9,20,75,334,8,85,0,6,1,1,0,3,4,3,1,2,1,2,11,51,2,9
200022,12,NA,NA,NA,NA,NA,NA,NA,NA,NA,NA,NA,53,65,NA,NA,12,NA,NA,NA,NA,NA,NA,NA,NA,NA,NA,NA,48,60,NA,NA,0,NA,NA,NA,NA,NA,NA,NA,NA,NA,NA,NA,0,0,NA,NA,12,NA,NA,NA,NA,NA,NA,NA,NA,NA,NA,NA,41,53,NA,NA,0,NA,NA,NA,NA,NA,NA,NA,NA,NA,NA,NA,1,1,NA,NA,0,NA,NA,NA,NA,NA,NA,NA,NA,NA,NA,NA,9,9,NA,NA,0,NA,NA,NA,NA,NA,NA,NA,NA,NA,NA,NA,0,0,NA,NA
200059,3,43,NA,3,NA,9,17,10,6,NA,5,2,83,233,0,16,3,13,NA,0,NA,6,9,2,3,NA,3,1,49,107,0,3,0,0,NA,0,NA,0,0,0,0,NA,0,0,0,0,0,0,2,39,NA,2,NA,8,12,6,4,NA,3,2,71,190,0,11,0,0,NA,0,NA,0,0,0,0,NA,1,0,1,5,0,3,1,1,NA,1,NA,1,4,3,2,NA,1,0,8,27,0,2,0,0,NA,0,NA,0,0,1,0,NA,0,0,0,3,0,0
200156,5,17,5,1,1,8,38,12,4,NA,2,3,40,175,3,25,5,9,5,1,0,5,25,5,2,NA,1,3,29,105,1,5,0,0,0,0,0,0,0,0,0,NA,0,0,1,1,0,0,4,14,3,1,1,6,27,7,2,NA,1,3,26,127,3,22,0,0,0,0,0,1,3,2,0,NA,0,0,4,12,0,1,0,1,1,0,0,0,5,1,1,NA,1,0,6,19,0,0,0,0,0,0,0,1,2,2,0,NA,0,0,2,9,0,2
200217,9,49,18,7,22,35,41,39,18,13,6,6,110,554,17,125,7,10,11,1,12,10,16,9,11,1,5,2,72,220,6,24,0,0,0,0,0,0,2,2,0,0,0,0,1,12,0,6,8,42,15,7,16,29,32,30,14,11,4,6,87,448,13,104,1,0,0,0,1,0,5,1,0,0,0,0,4,15,0,2,0,3,0,0,3,3,1,1,2,1,2,0,11,43,1,9,0,4,3,0,2,1,0,4,1,1,0,0,5,26,2,2
200226,NA,65,NA,0,20,6,5,6,NA,NA,1,NA,26,181,1,28,NA,12,NA,0,8,2,5,1,NA,NA,1,NA,16,58,0,3,NA,0,NA,0,0,0,0,0,NA,NA,0,NA,0,1,0,0,NA,60,NA,0,17,6,3,4,NA,NA,1,NA,20,153,1,23,NA,1,NA,0,0,0,1,1,NA,NA,0,NA,3,7,0,1,NA,0,NA,0,3,0,1,0,NA,NA,0,NA,1,9,0,2,NA,0,NA,0,0,0,0,0,NA,NA,0,NA,1,2,0,0
200253,10,79,NA,0,21,15,13,3,35,46,1,2,77,442,6,118,7,12,NA,0,7,7,7,3,16,2,0,0,50,135,4,13,0,1,NA,0,0,0,1,0,0,0,0,0,1,3,0,0,4,63,NA,0,13,7,6,3,23,41,1,1,59,321,4,85,1,2,NA,0,6,4,0,0,3,2,0,0,2,37,0,15,2,5,NA,0,2,2,5,0,6,2,0,0,13,47,0,9,1,4,NA,0,0,0,0,0,1,0,0,0,2,11,0,3
200280,33,57,193,19,97,73,44,108,93,76,49,9,247,1833,49,233,30,9,159,3,41,26,22,15,26,6,20,2,168,952,20,44,2,0,4,0,0,2,0,0,2,1,0,0,1,44,0,8,27,54,145,14,83,63,35,87,82,49,40,7,226,1472,40,190,2,1,15,1,3,2,3,2,1,2,2,0,4,83,1,7,1,1,16,1,5,4,1,8,5,6,1,2,8,108,4,14,1,0,3,0,2,1,1,3,0,11,2,0,1,32,2,1
200332,77,59,280,11,4,97,61,95,43,NA,45,52,350,2003,29,290,63,33,240,3,3,29,33,19,17,NA,17,11,228,954,4,40,1,0,4,0,0,0,1,1,0,NA,0,2,2,24,1,8,62,57,252,8,4,87,57,79,33,NA,36,44,322,1784,27,253,3,0,2,1,0,0,0,3,1,NA,0,1,0,16,0,2,6,0,12,2,0,5,2,3,3,NA,7,4,7,91,0,19,0,0,1,0,0,1,0,2,1,NA,0,1,3,18,0,2
200572,3,126,1,2,10,2,5,5,NA,2,0,12,20,233,5,15,3,23,1,0,6,1,5,2,NA,0,0,2,13,84,2,6,0,1,0,0,0,0,0,0,NA,0,0,1,0,2,0,0,3,111,1,2,6,1,3,5,NA,2,0,8,18,194,2,11,0,3,0,0,1,0,0,0,NA,0,0,1,0,9,1,2,0,8,0,0,2,1,2,0,NA,0,0,2,2,21,2,1,0,1,0,0,0,0,0,0,NA,0,0,0,0,1,0,0
200800,122,144,345,16,6,102,30,81,97,39,71,46,328,1982,64,281,106,43,240,7,0,36,26,14,33,9,29,18,191,1005,27,67,9,1,10,0,1,10,0,0,1,1,4,1,4,65,2,16,101,128,277,14,2,78,20,61,80,26,46,38,264,1546,40,205,0,0,12,0,0,2,0,2,1,0,2,0,3,40,2,13,6,9,20,2,3,10,6,13,10,8,11,4,43,209,12,33,2,0,11,0,0,1,2,0,2,1,0,0,9,37,1,7
200846,NA,11,NA,NA,NA,NA,NA,NA,NA,21,NA,NA,6,62,0,24,NA,0,NA,NA,NA,NA,NA,NA,NA,3,NA,NA,2,6,0,1,NA,0,NA,NA,NA,NA,NA,NA,NA,0,NA,NA,0,0,0,0,NA,11,NA,NA,NA,NA,NA,NA,NA,14,NA,NA,4,51,0,22,NA,0,NA,NA,NA,NA,NA,NA,NA,0,NA,NA,0,0,0,0,NA,0,NA,NA,NA,NA,NA,NA,NA,6,NA,NA,2,8,0,0,NA,0,NA,NA,NA,NA,NA,NA,NA,1,NA,NA,0,1,0,0
201104,9,88,NA,0,NA,46,10,13,20,9,10,10,89,487,54,104,7,19,NA,0,NA,18,9,0,10,1,6,4,53,186,34,14,0,1,NA,0,NA,1,0,0,0,0,0,0,1,9,1,5,8,81,NA,0,NA,35,6,13,16,7,5,7,78,389,37,77,0,0,NA,0,NA,1,1,0,0,0,0,0,1,10,0,6,1,1,NA,0,NA,5,1,0,4,0,4,1,3,41,12,7,0,3,NA,0,NA,2,2,0,0,0,1,1,5,22,1,6
201195,27,51,13,16,NA,48,32,36,15,NA,25,121,107,617,19,67,23,12,9,2,NA,21,26,3,5,NA,13,46,63,261,5,19,0,0,0,1,NA,1,0,1,0,NA,0,2,1,12,0,3,21,44,12,12,NA,40,25,27,10,NA,19,89,88,478,14,49,0,0,0,0,NA,0,0,0,0,NA,0,2,2,5,0,1,5,6,0,2,NA,6,5,7,5,NA,2,19,14,89,4,8,0,0,0,0,NA,0,0,0,0,NA,0,0,0,0,0,0
201432,NA,NA,NA,NA,NA,NA,NA,NA,NA,NA,NA,NA,34,53,NA,7,NA,NA,NA,NA,NA,NA,NA,NA,NA,NA,NA,NA,25,33,NA,2,NA,NA,NA,NA,NA,NA,NA,NA,NA,NA,NA,NA,0,0,NA,0,NA,NA,NA,NA,NA,NA,NA,NA,NA,NA,NA,NA,28,44,NA,6,NA,NA,NA,NA,NA,NA,NA,NA,NA,NA,NA,NA,0,0,NA,0,NA,NA,NA,NA,NA,NA,NA,NA,NA,NA,NA,NA,2,3,NA,1,NA,NA,NA,NA,NA,NA,NA,NA,NA,NA,NA,NA,3,4,NA,0
201441,42,439,93,88,37,132,174,125,119,48,51,194,424,2831,77,260,33,128,84,27,15,32,92,27,45,7,28,63,261,1170,35,33,1,1,1,3,0,1,1,1,1,1,1,1,7,30,1,3,38,386,79,66,22,105,142,95,85,36,31,157,360,2311,66,217,0,3,2,0,0,2,2,2,0,0,1,2,5,28,0,0,2,29,9,10,11,14,19,20,22,6,8,17,36,293,5,30,1,10,2,5,3,4,5,4,2,2,4,5,7,71,2,3
201548,8,61,1,8,NA,23,17,41,NA,17,25,53,58,447,15,84,6,22,1,2,NA,12,8,12,NA,2,10,36,35,172,6,9,0,2,0,0,NA,2,0,3,NA,0,1,1,1,17,1,5,6,46,1,7,NA,14,12,22,NA,13,15,41,45,318,7,66,0,1,0,0,NA,0,0,1,NA,0,0,2,1,6,0,1,0,5,0,1,NA,3,4,11,NA,4,5,6,5,64,5,6,0,1,0,0,NA,1,0,0,NA,0,0,1,0,3,0,0
201645,116,3,318,17,1,238,NA,59,NA,NA,105,31,102,1268,NA,72,89,0,217,4,1,100,NA,18,NA,NA,52,8,66,653,NA,8,31,1,50,4,1,112,NA,20,NA,NA,22,6,15,348,NA,18,39,2,168,7,0,58,NA,24,NA,NA,37,19,39,499,NA,32,26,0,38,0,0,34,NA,4,NA,NA,18,1,22,173,NA,2,12,0,40,6,0,21,NA,8,NA,NA,21,3,16,166,NA,17,1,0,4,0,0,4,NA,0,NA,NA,0,0,0,11,NA,1
201654,40,84,90,20,0,45,16,55,19,29,12,63,113,900,44,135,37,16,69,3,0,25,8,10,7,2,6,21,77,402,19,32,2,2,0,1,0,5,0,4,0,0,0,1,1,29,2,6,37,78,84,19,0,34,14,45,18,25,10,53,102,795,37,118,0,0,3,0,0,1,1,1,0,0,0,2,2,15,0,1,1,3,1,0,0,4,1,3,1,1,2,4,5,36,3,4,0,0,0,0,0,0,0,0,0,0,0,0,0,3,0,2
201672,NA,NA,NA,NA,NA,NA,NA,NA,NA,NA,NA,NA,NA,10,NA,10,NA,NA,NA,NA,NA,NA,NA,NA,NA,NA,NA,NA,NA,1,NA,1,NA,NA,NA,NA,NA,NA,NA,NA,NA,NA,NA,NA,NA,1,NA,1,NA,NA,NA,NA,NA,NA,NA,NA,NA,NA,NA,NA,NA,7,NA,7,NA,NA,NA,NA,NA,NA,NA,NA,NA,NA,NA,NA,NA,0,NA,0,NA,NA,NA,NA,NA,NA,NA,NA,NA,NA,NA,NA,NA,1,NA,1,NA,NA,NA,NA,NA,NA,NA,NA,NA,NA,NA,NA,NA,0,NA,0
201690,4,357,17,1,NA,7,17,15,204,12,8,6,324,1063,6,NA,2,28,6,0,NA,4,8,5,98,2,2,4,114,294,1,NA,0,16,0,0,NA,0,0,0,2,0,0,0,17,40,0,NA,0,130,1,0,NA,0,0,0,87,0,0,1,118,358,0,NA,1,0,2,0,NA,1,2,0,0,0,0,1,1,10,0,NA,3,146,13,1,NA,5,15,13,74,12,8,4,135,469,6,NA,0,45,0,0,NA,1,0,0,31,0,0,0,42,130,0,NA
201885,487,199,816,57,14,367,138,316,202,97,181,325,1248,6287,321,919,378,44,622,21,4,125,101,61,74,9,80,89,764,2943,137,176,44,4,40,3,1,83,0,15,3,0,4,18,61,355,6,48,325,163,647,37,11,217,114,228,150,55,126,244,987,4630,246,635,43,0,62,1,0,12,1,5,6,1,9,15,48,243,10,12,48,21,38,12,1,32,15,54,29,22,30,24,96,661,45,111,6,8,3,1,1,9,4,1,7,13,3,8,10,164,1,80
201928,NA,NA,NA,NA,NA,NA,NA,NA,NA,NA,NA,NA,NA,16,NA,NA,NA,NA,NA,NA,NA,NA,NA,NA,NA,NA,NA,NA,NA,10,NA,NA,NA,NA,NA,NA,NA,NA,NA,NA,NA,NA,NA,NA,NA,1,NA,NA,NA,NA,NA,NA,NA,NA,NA,NA,NA,NA,NA,NA,NA,11,NA,NA,NA,NA,NA,NA,NA,NA,NA,NA,NA,NA,NA,NA,NA,0,NA,NA,NA,NA,NA,NA,NA,NA,NA,NA,NA,NA,NA,NA,NA,1,NA,NA,NA,NA,NA,NA,NA,NA,NA,NA,NA,NA,NA,NA,NA,3,NA,NA
201946,NA,NA,NA,NA,NA,NA,NA,NA,NA,NA,NA,NA,NA,9,NA,NA,NA,NA,NA,NA,NA,NA,NA,NA,NA,NA,NA,NA,NA,7,NA,NA,NA,NA,NA,NA,NA,NA,NA,NA,NA,NA,NA,NA,NA,0,NA,NA,NA,NA,NA,NA,NA,NA,NA,NA,NA,NA,NA,NA,NA,8,NA,NA,NA,NA,NA,NA,NA,NA,NA,NA,NA,NA,NA,NA,NA,0,NA,NA,NA,NA,NA,NA,NA,NA,NA,NA,NA,NA,NA,NA,NA,1,NA,NA,NA,NA,NA,NA,NA,NA,NA,NA,NA,NA,NA,NA,NA,0,NA,NA
201955,NA,NA,NA,NA,NA,NA,NA,NA,NA,NA,NA,NA,NA,12,NA,11,NA,NA,NA,NA,NA,NA,NA,NA,NA,NA,NA,NA,NA,1,NA,0,NA,NA,NA,NA,NA,NA,NA,NA,NA,NA,NA,NA,NA,0,NA,0,NA,NA,NA,NA,NA,NA,NA,NA,NA,NA,NA,NA,NA,8,NA,8,NA,NA,NA,NA,NA,NA,NA,NA,NA,NA,NA,NA,NA,0,NA,0,NA,NA,NA,NA,NA,NA,NA,NA,NA,NA,NA,NA,NA,2,NA,1,NA,NA,NA,NA,NA,NA,NA,NA,NA,NA,NA,NA,NA,1,NA,1
201964,2,8,NA,2,20,NA,5,18,12,9,1,2,34,142,NA,6,1,1,NA,1,10,NA,4,2,6,1,1,2,17,60,NA,1,0,0,NA,0,0,NA,0,0,0,0,0,0,0,0,NA,0,1,8,NA,2,12,NA,4,12,11,4,1,2,26,104,NA,5,0,0,NA,0,0,NA,0,0,0,0,0,0,0,0,NA,0,1,0,NA,0,6,NA,1,5,0,3,0,0,6,28,NA,1,0,0,NA,0,2,NA,0,0,0,0,0,0,2,5,NA,0
201973,3,NA,NA,NA,NA,NA,NA,NA,NA,NA,NA,NA,NA,11,NA,4,2,NA,NA,NA,NA,NA,NA,NA,NA,NA,NA,NA,NA,6,NA,1,0,NA,NA,NA,NA,NA,NA,NA,NA,NA,NA,NA,NA,0,NA,0,3,NA,NA,NA,NA,NA,NA,NA,NA,NA,NA,NA,NA,9,NA,3,0,NA,NA,NA,NA,NA,NA,NA,NA,NA,NA,NA,NA,0,NA,0,0,NA,NA,NA,NA,NA,NA,NA,NA,NA,NA,NA,NA,2,NA,1,0,NA,NA,NA,NA,NA,NA,NA,NA,NA,NA,NA,NA,0,NA,0
202134,88,80,186,27,6,61,0,194,NA,60,152,137,430,2133,112,445,71,19,148,3,3,27,0,35,NA,8,62,66,248,911,35,96,13,0,6,1,0,3,0,5,NA,0,5,4,19,91,2,26,55,60,133,18,2,38,0,126,NA,30,100,92,309,1440,72,303,6,2,22,4,0,1,0,2,NA,0,4,1,22,81,3,8,12,15,18,1,2,10,0,47,NA,23,38,32,67,414,31,88,0,0,0,0,1,2,0,0,NA,2,1,1,4,24,1,9
202222,NA,NA,NA,NA,NA,NA,NA,NA,NA,NA,NA,NA,NA,NA,NA,NA,NA,NA,NA,NA,NA,NA,NA,NA,NA,NA,NA,NA,NA,NA,NA,NA,NA,NA,NA,NA,NA,NA,NA,NA,NA,NA,NA,NA,NA,NA,NA,NA,NA,NA,NA,NA,NA,NA,NA,NA,NA,NA,NA,NA,NA,NA,NA,NA,NA,NA,NA,NA,NA,NA,NA,NA,NA,NA,NA,NA,NA,NA,NA,NA,NA,NA,NA,NA,NA,NA,NA,NA,NA,NA,NA,NA,NA,NA,NA,NA,NA,NA,NA,NA,NA,NA,NA,NA,NA,NA,NA,NA,NA,NA,NA,NA
202480,45,163,338,18,6,86,24,103,47,NA,53,54,513,1957,156,228,38,29,264,5,6,28,16,21,17,NA,23,13,347,979,51,51,1,1,8,0,0,3,0,2,0,NA,0,1,10,35,2,6,32,142,273,12,1,64,20,75,32,NA,43,43,428,1571,120,197,3,0,22,0,2,1,0,1,0,NA,1,1,10,55,3,2,8,15,23,3,2,13,3,19,9,NA,8,8,50,220,23,21,0,0,3,1,0,0,0,0,0,NA,0,0,1,14,0,0
202523,24,9,NA,20,0,46,24,36,NA,NA,109,31,42,505,52,9,18,2,NA,4,0,15,12,7,NA,NA,69,11,21,226,12,2,0,0,NA,0,0,4,0,1,NA,NA,4,1,5,20,3,0,4,6,NA,17,0,28,17,21,NA,NA,60,17,29,308,42,5,18,3,NA,0,0,7,0,5,NA,NA,27,5,1,96,4,1,2,0,NA,1,0,3,7,6,NA,NA,15,4,4,54,3,1,0,0,NA,0,0,0,0,3,NA,NA,2,1,1,8,0,1
202648,NA,NA,NA,NA,NA,NA,NA,NA,NA,NA,NA,NA,NA,NA,NA,NA,NA,NA,NA,NA,NA,NA,NA,NA,NA,NA,NA,NA,NA,NA,NA,NA,NA,NA,NA,NA,NA,NA,NA,NA,NA,NA,NA,NA,NA,NA,NA,NA,NA,NA,NA,NA,NA,NA,NA,NA,NA,NA,NA,NA,NA,NA,NA,NA,NA,NA,NA,NA,NA,NA,NA,NA,NA,NA,NA,NA,NA,NA,NA,NA,NA,NA,NA,NA,NA,NA,NA,NA,NA,NA,NA,NA,NA,NA,NA,NA,NA,NA,NA,NA,NA,NA,NA,NA,NA,NA,NA,NA,NA,NA,NA,NA
202763,7,37,NA,3,NA,17,4,14,9,4,1,3,70,415,1,82,6,13,NA,0,NA,3,3,3,2,0,0,0,39,119,0,20,0,0,NA,0,NA,0,0,0,0,0,0,0,0,2,0,2,3,28,NA,3,NA,13,1,10,5,4,1,1,45,317,1,62,3,1,NA,0,NA,0,0,0,0,0,0,1,5,16,0,3,1,2,NA,0,NA,2,0,1,1,0,0,1,6,24,0,5,0,5,NA,0,NA,2,3,1,3,0,0,0,12,46,0,7
202806,124,19,NA,NA,NA,NA,26,67,175,2,148,NA,895,1602,28,118,95,0,NA,NA,NA,NA,5,7,91,2,35,NA,340,604,12,17,9,0,NA,NA,NA,NA,1,3,0,0,2,NA,28,50,0,7,72,15,NA,NA,NA,NA,17,31,108,2,68,NA,540,929,16,60,0,0,NA,NA,NA,NA,0,0,0,0,0,NA,3,3,0,0,26,2,NA,NA,NA,NA,5,14,54,0,62,NA,223,413,7,20,8,2,NA,NA,NA,NA,1,13,7,0,7,NA,66,134,2,28
203085,11,24,NA,5,NA,11,18,12,NA,NA,10,13,31,173,8,19,9,4,NA,1,NA,4,10,4,NA,NA,6,7,24,82,5,3,0,0,NA,0,NA,1,0,0,NA,NA,1,0,0,2,0,0,9,23,NA,5,NA,9,18,10,NA,NA,7,9,28,153,8,16,0,0,NA,0,NA,0,0,0,NA,NA,0,0,0,0,0,0,2,0,NA,0,NA,1,0,1,NA,NA,2,2,3,12,0,1,0,0,NA,0,NA,0,0,0,NA,NA,0,0,0,0,0,0
203128,2,15,NA,5,0,27,7,10,NA,NA,15,6,30,149,2,18,2,5,NA,1,0,10,5,2,NA,NA,8,2,21,71,1,5,0,0,NA,0,0,0,0,0,NA,NA,0,0,1,1,0,0,2,7,NA,1,0,13,3,8,NA,NA,9,3,19,85,1,9,0,0,NA,0,0,0,0,0,NA,NA,0,0,0,0,0,0,0,2,NA,2,0,4,3,0,NA,NA,3,1,5,24,1,3,0,6,NA,1,0,10,1,2,NA,NA,1,2,4,35,0,6
203368,16,21,5,11,0,45,62,40,NA,NA,49,NA,188,538,39,0,14,1,5,4,0,17,42,7,NA,NA,17,NA,136,287,15,0,3,0,1,0,0,2,0,1,NA,NA,1,NA,5,14,0,0,13,20,2,11,0,34,54,33,NA,NA,45,NA,175,477,38,0,0,0,0,0,0,0,0,0,NA,NA,1,NA,1,4,0,0,0,0,1,0,0,8,3,3,NA,NA,2,NA,5,29,1,0,0,0,0,0,0,0,0,0,NA,NA,0,NA,0,0,0,0
203447,7,NA,NA,0,2,NA,NA,0,0,0,0,NA,0,13,0,4,3,NA,NA,0,0,NA,NA,0,0,0,0,NA,0,5,0,2,0,NA,NA,0,0,NA,NA,0,0,0,0,NA,0,0,0,0,6,NA,NA,0,2,NA,NA,0,0,0,0,NA,0,11,0,3,0,NA,NA,0,0,NA,NA,0,0,0,0,NA,0,0,0,0,1,NA,NA,0,0,NA,NA,0,0,0,0,NA,0,1,0,0,0,NA,NA,0,0,NA,NA,0,0,0,0,NA,0,0,0,0
203456,3,NA,NA,0,0,NA,NA,0,0,NA,NA,NA,0,3,0,0,3,NA,NA,0,0,NA,NA,0,0,NA,NA,NA,0,3,0,0,0,NA,NA,0,0,NA,NA,0,0,NA,NA,NA,0,0,0,0,3,NA,NA,0,0,NA,NA,0,0,NA,NA,NA,0,3,0,0,0,NA,NA,0,0,NA,NA,0,0,NA,NA,NA,0,0,0,0,0,NA,NA,0,0,NA,NA,0,0,NA,NA,NA,0,0,0,0,0,NA,NA,0,0,NA,NA,0,0,NA,NA,NA,0,0,0,0
203465,14,0,NA,0,3,0,NA,0,0,NA,0,2,0,19,0,0,11,0,NA,0,1,0,NA,0,0,NA,0,2,0,14,0,0,0,0,NA,0,0,0,NA,0,0,NA,0,0,0,0,0,0,12,0,NA,0,3,0,NA,0,0,NA,0,2,0,17,0,0,0,0,NA,0,0,0,NA,0,0,NA,0,0,0,0,0,0,1,0,NA,0,0,0,NA,0,0,NA,0,0,0,1,0,0,1,0,NA,0,0,0,NA,0,0,NA,0,0,0,1,0,0
203474,38,NA,NA,0,12,NA,NA,0,0,NA,NA,0,0,50,0,0,33,NA,NA,0,5,NA,NA,0,0,NA,NA,0,0,38,0,0,1,NA,NA,0,0,NA,NA,0,0,NA,NA,0,0,1,0,0,29,NA,NA,0,9,NA,NA,0,0,NA,NA,0,0,38,0,0,0,NA,NA,0,0,NA,NA,0,0,NA,NA,0,0,0,0,0,4,NA,NA,0,2,NA,NA,0,0,NA,NA,0,0,6,0,0,1,NA,NA,0,0,NA,NA,0,0,NA,NA,0,0,1,0,0
203483,7,0,NA,0,5,NA,NA,0,0,0,NA,27,0,68,0,NA,5,0,NA,0,2,NA,NA,0,0,0,NA,18,0,49,0,NA,0,0,NA,0,0,NA,NA,0,0,0,NA,2,0,2,0,NA,7,0,NA,0,4,NA,NA,0,0,0,NA,20,0,59,0,NA,0,0,NA,0,0,NA,NA,0,0,0,NA,0,0,0,0,NA,0,0,NA,0,0,NA,NA,0,0,0,NA,4,0,5,0,NA,0,0,NA,0,0,NA,NA,0,0,0,NA,1,0,1,0,NA
203492,1,0,NA,0,0,NA,NA,0,0,0,NA,NA,6,31,0,23,1,0,NA,0,0,NA,NA,0,0,0,NA,NA,1,5,0,3,0,0,NA,0,0,NA,NA,0,0,0,NA,NA,0,3,0,3,1,0,NA,0,0,NA,NA,0,0,0,NA,NA,5,24,0,17,0,0,NA,0,0,NA,NA,0,0,0,NA,NA,0,0,0,0,0,0,NA,0,0,NA,NA,0,0,0,NA,NA,1,1,0,0,0,0,NA,0,0,NA,NA,0,0,0,NA,NA,0,2,0,2
203517,119,379,93,63,92,226,137,344,118,NA,135,413,883,4515,283,662,107,107,71,14,40,73,73,59,46,NA,60,84,384,1586,95,86,7,2,1,0,1,8,2,6,3,NA,3,13,18,89,2,15,87,320,82,50,68,176,109,280,87,NA,110,302,698,3557,206,523,2,3,3,1,0,5,4,6,0,NA,5,12,27,105,11,6,12,32,6,5,17,25,10,36,21,NA,9,50,82,469,39,72,5,11,0,4,2,9,3,2,3,NA,2,11,29,123,9,18
203526,14,0,NA,0,4,NA,NA,0,NA,NA,NA,NA,0,18,NA,0,12,0,NA,0,0,NA,NA,0,NA,NA,NA,NA,0,12,NA,0,0,0,NA,0,0,NA,NA,0,NA,NA,NA,NA,0,0,NA,0,12,0,NA,0,3,NA,NA,0,NA,NA,NA,NA,0,15,NA,0,0,0,NA,0,0,NA,NA,0,NA,NA,NA,NA,0,0,NA,0,2,0,NA,0,1,NA,NA,0,NA,NA,NA,NA,0,3,NA,0,0,0,NA,0,0,NA,NA,0,NA,NA,NA,NA,0,0,NA,0
203535,NA,NA,NA,55,NA,48,NA,25,NA,NA,87,48,NA,374,NA,NA,NA,NA,NA,15,NA,15,NA,4,NA,NA,54,16,NA,168,NA,NA,NA,NA,NA,1,NA,6,NA,2,NA,NA,4,3,NA,21,NA,NA,NA,NA,NA,43,NA,30,NA,20,NA,NA,65,36,NA,269,NA,NA,NA,NA,NA,0,NA,5,NA,1,NA,NA,9,1,NA,27,NA,NA,NA,NA,NA,9,NA,2,NA,2,NA,NA,3,5,NA,33,NA,NA,NA,NA,NA,0,NA,1,NA,0,NA,NA,1,1,NA,4,NA,NA
203580,0,22,NA,2,NA,10,10,7,11,NA,1,1,52,135,3,4,0,3,NA,1,NA,5,5,3,8,NA,1,0,40,68,2,0,0,0,NA,0,NA,0,0,0,1,NA,0,0,0,1,0,0,0,20,NA,2,NA,6,6,6,6,NA,1,1,35,96,1,4,0,0,NA,0,NA,0,0,0,0,NA,0,0,3,4,0,0,0,0,NA,0,NA,2,3,1,2,NA,0,0,11,20,1,0,0,2,NA,0,NA,2,1,0,2,NA,0,0,2,12,0,0
203678,NA,NA,NA,NA,NA,NA,NA,NA,NA,NA,NA,NA,NA,0,NA,0,NA,NA,NA,NA,NA,NA,NA,NA,NA,NA,NA,NA,NA,0,NA,0,NA,NA,NA,NA,NA,NA,NA,NA,NA,NA,NA,NA,NA,0,NA,0,NA,NA,NA,NA,NA,NA,NA,NA,NA,NA,NA,NA,NA,0,NA,0,NA,NA,NA,NA,NA,NA,NA,NA,NA,NA,NA,NA,NA,0,NA,0,NA,NA,NA,NA,NA,NA,NA,NA,NA,NA,NA,NA,NA,0,NA,0,NA,NA,NA,NA,NA,NA,NA,NA,NA,NA,NA,NA,NA,0,NA,0
203748,NA,NA,NA,NA,NA,NA,NA,NA,NA,NA,NA,NA,NA,8,NA,NA,NA,NA,NA,NA,NA,NA,NA,NA,NA,NA,NA,NA,NA,6,NA,NA,NA,NA,NA,NA,NA,NA,NA,NA,NA,NA,NA,NA,NA,0,NA,NA,NA,NA,NA,NA,NA,NA,NA,NA,NA,NA,NA,NA,NA,8,NA,NA,NA,NA,NA,NA,NA,NA,NA,NA,NA,NA,NA,NA,NA,0,NA,NA,NA,NA,NA,NA,NA,NA,NA,NA,NA,NA,NA,NA,NA,0,NA,NA,NA,NA,NA,NA,NA,NA,NA,NA,NA,NA,NA,NA,NA,0,NA,NA
203775,6,26,NA,1,0,18,27,9,3,10,3,3,33,168,3,14,5,6,NA,0,0,5,18,2,2,4,0,1,25,80,0,6,0,1,NA,0,0,0,0,1,0,0,0,0,3,5,0,0,3,22,NA,0,0,15,21,5,2,6,0,1,19,118,2,12,0,0,NA,0,0,1,1,1,1,0,1,0,1,6,0,0,0,0,NA,1,0,1,4,2,0,3,1,1,7,21,0,1,1,1,NA,0,0,1,1,0,0,1,0,1,3,12,1,1
203845,5,20,14,4,0,11,22,18,NA,NA,12,15,38,206,15,15,3,2,11,0,0,4,13,4,NA,NA,5,4,23,88,6,3,1,0,0,0,0,0,0,0,NA,NA,0,1,0,2,0,0,3,20,11,3,0,11,17,14,NA,NA,10,12,34,176,12,15,0,0,1,0,0,0,1,0,NA,NA,1,0,1,4,0,0,1,0,2,0,0,0,3,2,NA,NA,0,1,1,11,1,0,0,0,0,0,0,0,0,0,NA,NA,0,1,0,3,0,0
203881,NA,NA,NA,NA,NA,NA,NA,NA,NA,NA,NA,NA,NA,2,NA,2,NA,NA,NA,NA,NA,NA,NA,NA,NA,NA,NA,NA,NA,0,NA,0,NA,NA,NA,NA,NA,NA,NA,NA,NA,NA,NA,NA,NA,0,NA,0,NA,NA,NA,NA,NA,NA,NA,NA,NA,NA,NA,NA,NA,2,NA,2,NA,NA,NA,NA,NA,NA,NA,NA,NA,NA,NA,NA,NA,0,NA,0,NA,NA,NA,NA,NA,NA,NA,NA,NA,NA,NA,NA,NA,0,NA,0,NA,NA,NA,NA,NA,NA,NA,NA,NA,NA,NA,NA,NA,0,NA,0
203960,NA,NA,NA,NA,NA,3,NA,NA,NA,NA,NA,NA,NA,201,NA,198,NA,NA,NA,NA,NA,0,NA,NA,NA,NA,NA,NA,NA,26,NA,26,NA,NA,NA,NA,NA,0,NA,NA,NA,NA,NA,NA,NA,4,NA,4,NA,NA,NA,NA,NA,2,NA,NA,NA,NA,NA,NA,NA,162,NA,160,NA,NA,NA,NA,NA,0,NA,NA,NA,NA,NA,NA,NA,0,NA,0,NA,NA,NA,NA,NA,0,NA,NA,NA,NA,NA,NA,NA,28,NA,28,NA,NA,NA,NA,NA,0,NA,NA,NA,NA,NA,NA,NA,1,NA,1
204006,30,NA,NA,24,33,13,NA,34,24,2,0,4,98,385,15,67,21,NA,NA,10,15,4,NA,8,9,0,0,1,56,178,4,13,1,NA,NA,0,0,1,NA,0,0,0,0,0,3,9,0,3,20,NA,NA,19,19,11,NA,28,22,1,0,3,70,283,11,49,1,NA,NA,0,3,0,NA,0,0,0,0,1,20,26,1,0,7,NA,NA,4,6,0,NA,3,0,0,0,0,3,37,1,7,0,NA,NA,1,2,0,NA,1,1,0,0,0,0,8,1,0
204015,2,NA,NA,8,18,3,NA,17,4,0,0,1,43,130,3,22,1,NA,NA,2,14,1,NA,4,1,0,0,1,30,65,1,1,0,NA,NA,0,1,0,NA,1,0,0,0,0,1,3,0,0,2,NA,NA,4,12,3,NA,12,3,0,0,0,21,89,3,20,0,NA,NA,0,1,0,NA,0,0,0,0,0,18,19,0,0,0,NA,NA,3,4,0,NA,1,1,0,0,0,1,12,0,2,0,NA,NA,0,0,0,NA,1,0,0,0,0,2,3,0,0
204024,186,262,243,56,3,287,256,254,0,67,281,95,1046,3833,274,152,156,38,180,11,2,95,148,50,0,10,140,23,665,1782,86,19,15,1,10,2,0,10,3,3,0,2,1,4,25,96,3,6,96,225,176,48,2,233,205,194,0,51,206,76,893,3020,226,124,40,9,21,2,0,5,7,16,0,1,35,5,38,236,19,4,24,17,23,2,1,25,28,31,0,5,25,8,43,285,14,9,3,1,3,0,0,0,3,2,0,2,3,0,7,32,2,2
204185,10,33,26,8,8,23,65,19,11,NA,8,5,71,373,8,30,9,5,23,1,3,5,43,4,6,NA,4,2,60,197,2,7,0,0,1,0,0,1,1,0,1,NA,0,0,0,8,0,4,8,31,23,8,7,19,51,17,9,NA,6,4,60,319,8,23,2,0,0,0,0,2,1,1,0,NA,0,1,0,11,0,2,0,1,0,0,1,1,6,1,1,NA,0,0,8,20,0,1,0,1,2,0,0,0,1,0,0,NA,0,0,1,5,0,0
204194,3,53,6,1,NA,13,20,13,10,43,NA,22,83,355,14,35,2,10,6,1,NA,6,12,3,7,3,NA,5,54,150,11,5,1,0,0,0,NA,0,0,0,0,0,NA,1,0,3,0,1,2,53,6,1,NA,12,18,11,9,38,NA,21,76,327,12,29,0,0,0,0,NA,0,0,1,0,0,NA,0,2,3,0,0,0,0,0,0,NA,1,2,0,0,1,NA,0,3,11,1,3,0,0,0,0,NA,0,0,0,1,1,NA,0,1,3,0,0
204200,5,24,NA,0,8,14,14,8,NA,2,7,10,36,173,3,37,4,2,NA,0,3,4,10,2,NA,0,3,1,29,73,3,10,0,1,NA,0,0,0,0,0,NA,0,2,0,1,5,0,1,2,19,NA,0,6,11,13,8,NA,1,5,8,30,139,1,33,0,0,NA,0,0,0,0,0,NA,0,0,0,0,0,0,0,1,3,NA,0,1,2,0,0,NA,1,0,2,5,22,1,3,1,0,NA,0,0,0,0,0,NA,0,0,0,0,1,0,0
204255,NA,NA,NA,NA,NA,NA,NA,NA,NA,NA,NA,NA,NA,8,NA,NA,NA,NA,NA,NA,NA,NA,NA,NA,NA,NA,NA,NA,NA,8,NA,NA,NA,NA,NA,NA,NA,NA,NA,NA,NA,NA,NA,NA,NA,0,NA,NA,NA,NA,NA,NA,NA,NA,NA,NA,NA,NA,NA,NA,NA,8,NA,NA,NA,NA,NA,NA,NA,NA,NA,NA,NA,NA,NA,NA,NA,0,NA,NA,NA,NA,NA,NA,NA,NA,NA,NA,NA,NA,NA,NA,NA,0,NA,NA,NA,NA,NA,NA,NA,NA,NA,NA,NA,NA,NA,NA,NA,0,NA,NA
204264,6,27,7,7,0,29,18,16,14,0,9,8,46,294,13,74,6,6,6,0,0,7,16,2,11,0,5,3,32,132,9,19,0,0,0,0,0,0,0,0,1,0,0,0,0,1,0,0,5,25,7,7,0,25,12,14,11,0,7,6,39,247,9,61,0,0,0,0,0,0,0,0,0,0,0,0,0,6,0,6,1,0,0,0,0,2,4,1,1,0,1,1,4,19,3,0,0,2,0,0,0,2,0,0,1,0,0,0,1,10,0,4
204422,NA,NA,NA,NA,NA,NA,NA,NA,NA,NA,NA,NA,NA,11,NA,0,NA,NA,NA,NA,NA,NA,NA,NA,NA,NA,NA,NA,NA,10,NA,0,NA,NA,NA,NA,NA,NA,NA,NA,NA,NA,NA,NA,NA,0,NA,0,NA,NA,NA,NA,NA,NA,NA,NA,NA,NA,NA,NA,NA,10,NA,0,NA,NA,NA,NA,NA,NA,NA,NA,NA,NA,NA,NA,NA,0,NA,0,NA,NA,NA,NA,NA,NA,NA,NA,NA,NA,NA,NA,NA,0,NA,0,NA,NA,NA,NA,NA,NA,NA,NA,NA,NA,NA,NA,NA,0,NA,0
204486,NA,NA,NA,NA,NA,NA,18,NA,3,NA,NA,NA,89,124,NA,11,NA,NA,NA,NA,NA,NA,11,NA,1,NA,NA,NA,48,62,NA,2,NA,NA,NA,NA,NA,NA,0,NA,0,NA,NA,NA,0,0,NA,0,NA,NA,NA,NA,NA,NA,9,NA,3,NA,NA,NA,54,76,NA,7,NA,NA,NA,NA,NA,NA,7,NA,0,NA,NA,NA,22,30,NA,1,NA,NA,NA,NA,NA,NA,2,NA,0,NA,NA,NA,4,8,NA,2,NA,NA,NA,NA,NA,NA,0,NA,0,NA,NA,NA,9,10,NA,1
204501,28,NA,5,34,NA,66,NA,34,NA,NA,80,223,NA,656,NA,NA,16,NA,3,14,NA,17,NA,9,NA,NA,35,93,NA,261,NA,NA,4,NA,0,0,NA,6,NA,4,NA,NA,1,12,NA,37,NA,NA,10,NA,0,26,NA,35,NA,17,NA,NA,44,134,NA,383,NA,NA,7,NA,4,2,NA,8,NA,2,NA,NA,15,27,NA,85,NA,NA,3,NA,0,6,NA,9,NA,2,NA,NA,11,29,NA,86,NA,NA,0,NA,0,0,NA,0,NA,1,NA,NA,0,2,NA,5,NA,NA
204617,4,13,0,5,0,23,16,9,NA,4,14,3,47,161,7,NA,2,3,0,1,0,5,10,0,NA,0,8,2,32,73,2,NA,1,0,0,0,0,0,0,0,NA,0,0,0,2,3,0,NA,2,8,0,3,0,17,12,4,NA,0,5,2,30,99,5,NA,1,0,0,0,0,2,0,1,NA,0,0,1,0,6,0,NA,0,4,0,2,0,2,3,3,NA,3,7,0,11,40,2,NA,0,0,0,0,0,1,1,0,NA,1,1,0,1,5,0,NA
204635,16,22,102,6,NA,26,23,9,15,NA,8,19,69,458,7,103,13,3,85,1,NA,12,7,4,4,NA,6,9,52,258,4,35,1,0,2,0,NA,0,0,0,0,NA,0,0,1,8,0,3,11,17,87,6,NA,19,20,7,12,NA,7,19,56,368,7,75,1,0,0,0,NA,0,0,0,0,NA,0,0,0,3,0,1,1,0,2,0,NA,0,1,0,1,NA,0,0,4,12,0,3,2,4,7,0,NA,5,0,1,1,NA,1,0,4,44,0,15
204705,NA,37,NA,9,NA,NA,NA,17,NA,13,NA,NA,13,92,NA,NA,NA,5,NA,2,NA,NA,NA,4,NA,1,NA,NA,12,25,NA,NA,NA,0,NA,0,NA,NA,NA,0,NA,0,NA,NA,0,0,NA,NA,NA,31,NA,9,NA,NA,NA,13,NA,9,NA,NA,11,76,NA,NA,NA,0,NA,0,NA,NA,NA,0,NA,0,NA,NA,0,0,NA,NA,NA,5,NA,0,NA,NA,NA,2,NA,4,NA,NA,1,12,NA,NA,NA,0,NA,0,NA,NA,NA,0,NA,0,NA,NA,0,0,NA,NA
204796,138,428,1724,130,14,1095,168,683,NA,236,883,274,2396,11620,500,1236,109,122,1323,45,3,419,115,152,NA,51,421,88,1506,5611,200,229,14,12,227,3,1,174,1,49,NA,7,56,15,163,921,19,83,62,332,1111,98,8,685,117,418,NA,152,521,170,1715,7822,338,888,38,8,88,2,2,20,7,29,NA,0,67,13,157,603,38,10,14,44,166,19,2,132,27,130,NA,54,153,56,216,1447,73,181,2,12,62,5,0,22,4,16,NA,5,34,6,74,296,8,11
204802,0,0,0,0,1,2,1,0,0,8,0,0,2,26,2,9,0,0,0,0,0,1,1,0,0,2,0,0,1,7,1,0,0,0,0,0,0,0,0,0,0,0,0,0,0,0,0,0,0,0,0,0,1,2,1,0,0,7,0,0,2,24,2,8,0,0,0,0,0,0,0,0,0,0,0,0,0,0,0,0,0,0,0,0,0,0,0,0,0,0,0,0,0,0,0,0,0,0,0,0,0,0,0,0,0,0,0,0,0,1,0,1
204820,0,1,0,0,0,2,1,1,3,14,0,0,7,64,2,27,0,1,0,0,0,0,1,0,2,1,0,0,3,18,1,5,0,0,0,0,0,0,0,0,0,0,0,0,0,0,0,0,0,1,0,0,0,1,1,1,2,14,0,0,6,60,2,26,0,0,0,0,0,0,0,0,0,0,0,0,0,0,0,0,0,0,0,0,0,0,0,0,1,0,0,0,0,2,0,1,0,0,0,0,0,0,0,0,0,0,0,0,1,1,0,0
204839,0,0,0,0,2,0,0,2,0,11,0,0,2,35,0,17,0,0,0,0,1,0,0,1,0,3,0,0,1,12,0,6,0,0,0,0,0,0,0,0,0,0,0,0,0,0,0,0,0,0,0,0,1,0,0,2,0,11,0,0,1,33,0,17,0,0,0,0,0,0,0,0,0,0,0,0,0,0,0,0,0,0,0,0,0,0,0,0,0,0,0,0,1,1,0,0,0,0,0,0,0,0,0,0,0,0,0,0,0,0,0,0
204848,0,0,0,1,1,0,0,3,1,7,1,0,3,30,9,1,0,0,0,1,1,0,0,0,0,0,1,0,2,7,1,0,0,0,0,0,0,0,0,0,0,0,0,0,0,0,0,0,0,0,0,1,1,0,0,3,1,5,1,0,2,27,9,1,0,0,0,0,0,0,0,0,0,0,0,0,0,0,0,0,0,0,0,0,0,0,0,0,0,1,0,0,1,2,0,0,0,0,0,0,0,0,0,0,0,1,0,0,0,1,0,0
204857,57,261,205,34,41,232,100,258,10,57,163,204,583,4313,337,1414,51,64,165,4,21,67,80,43,5,7,61,82,353,1478,121,207,0,1,4,0,0,8,1,3,1,0,2,1,1,103,2,75,45,245,165,30,26,185,87,208,8,50,129,164,493,3494,292,1061,4,0,14,0,2,4,1,1,0,1,1,3,6,51,1,8,2,4,10,2,8,20,8,27,1,6,19,21,36,406,21,194,3,3,5,0,2,5,1,3,0,0,3,5,22,97,9,28
204866,0,4,0,0,0,1,1,2,0,15,0,0,4,57,2,27,0,0,0,0,0,0,1,1,0,1,0,0,1,11,1,6,0,0,0,0,0,0,0,0,0,0,0,0,0,1,0,1,0,4,0,0,0,1,1,2,0,13,0,0,4,51,1,24,0,0,0,0,0,0,0,0,0,0,0,0,0,0,0,0,0,0,0,0,0,0,0,0,0,1,0,0,0,3,1,1,0,0,0,0,0,0,0,0,0,0,0,0,0,0,0,0
204909,9,22,NA,15,NA,64,29,14,NA,NA,28,12,47,303,13,7,6,3,NA,2,NA,14,17,3,NA,NA,14,2,37,123,7,3,0,1,NA,0,NA,2,1,0,NA,NA,1,0,3,10,1,1,2,18,NA,9,NA,49,20,11,NA,NA,18,12,36,219,8,4,7,1,NA,0,NA,1,1,0,NA,NA,2,0,2,17,0,1,0,1,NA,5,NA,5,6,2,NA,NA,4,0,4,35,3,0,0,0,NA,1,NA,1,0,1,NA,NA,0,0,1,6,0,0
204936,7,26,15,15,0,41,27,32,NA,0,24,37,55,446,20,92,6,4,15,0,0,11,20,9,NA,0,7,16,40,172,5,20,2,1,0,0,0,2,2,3,NA,0,3,2,2,22,0,2,4,19,11,10,0,31,18,23,NA,0,16,27,44,335,15,73,0,0,0,0,0,0,0,0,NA,0,0,0,0,0,0,0,1,2,3,4,0,3,2,5,NA,0,3,4,8,57,4,14,0,2,0,0,0,1,0,0,NA,0,0,0,0,6,0,1
205203,4,28,NA,0,0,2,7,4,0,3,0,1,14,98,0,17,4,3,NA,0,0,0,7,2,0,0,0,0,10,37,0,0,0,0,NA,0,0,0,0,0,0,0,0,0,0,0,0,0,2,16,NA,0,0,1,1,1,0,3,0,1,7,56,0,12,1,0,NA,0,0,0,3,2,0,0,0,0,1,7,0,0,0,2,NA,0,0,0,3,0,0,0,0,0,3,10,0,1,1,10,NA,0,0,1,0,1,0,0,0,0,2,24,0,4
205443,31,45,1,15,12,21,26,22,1,NA,17,19,63,365,NA,67,30,5,1,4,6,7,13,5,1,NA,6,10,37,159,NA,13,0,1,0,0,1,0,0,0,0,NA,0,0,0,2,NA,0,22,38,1,14,8,17,20,17,1,NA,14,16,53,299,NA,56,0,0,0,0,0,0,1,1,0,NA,1,0,2,6,NA,0,2,0,0,0,2,0,2,2,0,NA,0,0,2,12,NA,2,4,6,0,0,0,4,3,2,0,NA,2,2,5,38,NA,8
205470,NA,NA,NA,NA,NA,NA,NA,NA,NA,NA,NA,NA,NA,3,NA,0,NA,NA,NA,NA,NA,NA,NA,NA,NA,NA,NA,NA,NA,3,NA,0,NA,NA,NA,NA,NA,NA,NA,NA,NA,NA,NA,NA,NA,0,NA,0,NA,NA,NA,NA,NA,NA,NA,NA,NA,NA,NA,NA,NA,2,NA,0,NA,NA,NA,NA,NA,NA,NA,NA,NA,NA,NA,NA,NA,0,NA,0,NA,NA,NA,NA,NA,NA,NA,NA,NA,NA,NA,NA,NA,1,NA,0,NA,NA,NA,NA,NA,NA,NA,NA,NA,NA,NA,NA,NA,0,NA,0
205957,16,23,3,29,6,26,NA,46,6,18,21,4,104,551,34,40,13,1,3,5,2,14,NA,9,4,2,12,1,61,228,10,7,0,1,0,0,0,1,NA,0,0,0,0,0,4,11,2,0,15,19,3,20,4,19,NA,35,6,10,15,4,82,430,24,33,0,0,0,0,0,0,NA,1,0,0,1,0,2,7,0,0,1,3,0,8,2,4,NA,9,0,7,3,0,11,87,7,7,0,0,0,0,0,1,NA,0,0,1,2,0,2,7,0,0
206048,16,6,NA,0,0,1,36,80,71,NA,4,4,118,382,4,26,11,4,NA,0,0,0,26,12,35,NA,2,3,70,189,3,9,1,0,NA,0,0,0,0,2,1,NA,0,0,2,6,0,0,13,6,NA,0,0,0,13,53,50,NA,2,2,85,244,0,14,0,0,NA,0,0,0,9,1,7,NA,1,0,7,36,1,1,2,0,NA,0,0,1,11,13,8,NA,1,1,15,63,3,7,0,0,NA,0,0,0,3,8,5,NA,0,1,8,28,0,3
206084,60,105,409,27,101,205,0,67,64,37,44,31,426,2374,71,498,56,23,318,3,41,75,0,18,26,6,21,11,250,1128,33,98,2,2,16,0,0,30,0,1,0,1,0,0,14,86,2,15,44,81,312,20,58,124,0,47,41,28,33,24,291,1649,45,343,4,0,52,1,4,12,0,4,1,0,4,0,37,169,3,30,6,10,11,3,30,25,0,9,16,5,4,5,58,300,18,70,1,7,11,0,3,7,0,4,1,1,1,1,10,75,2,15
206437,7,38,NA,2,0,25,40,20,11,NA,3,6,67,325,3,81,6,11,NA,0,0,10,14,2,5,NA,1,3,43,124,3,17,0,0,NA,0,0,0,0,0,0,NA,0,0,2,3,0,1,4,27,NA,2,0,18,21,7,6,NA,2,2,32,164,0,33,1,2,NA,0,0,0,1,3,1,NA,0,0,6,35,1,19,0,1,NA,0,0,2,2,0,0,NA,0,1,4,18,1,6,2,7,NA,0,0,5,16,10,4,NA,1,3,21,101,1,22
206446,NA,NA,NA,NA,NA,NA,NA,NA,NA,NA,NA,NA,NA,0,NA,0,NA,NA,NA,NA,NA,NA,NA,NA,NA,NA,NA,NA,NA,0,NA,0,NA,NA,NA,NA,NA,NA,NA,NA,NA,NA,NA,NA,NA,0,NA,0,NA,NA,NA,NA,NA,NA,NA,NA,NA,NA,NA,NA,NA,0,NA,0,NA,NA,NA,NA,NA,NA,NA,NA,NA,NA,NA,NA,NA,0,NA,0,NA,NA,NA,NA,NA,NA,NA,NA,NA,NA,NA,NA,NA,0,NA,0,NA,NA,NA,NA,NA,NA,NA,NA,NA,NA,NA,NA,NA,0,NA,0
206507,NA,24,NA,0,1,13,41,8,11,5,4,2,39,217,9,0,NA,3,NA,0,1,4,29,0,6,0,1,1,22,87,4,0,NA,0,NA,0,0,0,1,0,0,0,0,0,1,2,0,0,NA,20,NA,0,1,8,30,6,8,4,2,2,27,171,5,0,NA,0,NA,0,0,0,0,0,0,0,0,0,0,0,0,0,NA,1,NA,0,0,3,6,1,3,1,0,0,5,22,2,0,NA,3,NA,0,0,2,3,1,0,0,1,0,6,19,1,0
206525,13,19,NA,8,0,31,35,19,NA,NA,29,12,55,273,4,17,9,4,NA,1,0,10,21,6,NA,NA,16,2,45,131,2,1,1,1,NA,0,0,1,0,0,NA,NA,0,0,0,3,0,0,10,13,NA,7,0,25,29,12,NA,NA,24,11,44,220,4,14,0,0,NA,0,0,0,0,1,NA,NA,0,0,0,1,0,0,2,2,NA,0,0,1,4,2,NA,NA,5,0,6,26,0,1,0,2,NA,0,0,1,0,1,NA,NA,0,0,1,5,0,0
206589,25,4,NA,20,NA,85,NA,32,NA,NA,69,18,22,405,11,4,17,3,NA,6,NA,30,NA,9,NA,NA,31,2,18,186,6,0,2,0,NA,1,NA,5,NA,3,NA,NA,0,0,1,19,0,1,8,4,NA,14,NA,57,NA,23,NA,NA,40,13,14,257,4,3,10,0,NA,1,NA,9,NA,2,NA,NA,8,0,2,51,1,0,4,0,NA,3,NA,9,NA,2,NA,NA,20,3,3,59,6,0,0,0,NA,0,NA,2,NA,0,NA,NA,0,1,1,5,0,0
206604,108,124,112,36,NA,67,39,107,NA,37,62,79,278,1334,31,167,94,34,93,10,NA,18,26,26,NA,7,28,30,161,612,11,26,9,0,6,3,NA,4,0,2,NA,0,1,1,6,41,0,7,72,111,83,29,NA,48,36,78,NA,25,42,59,207,1018,25,133,3,0,3,0,NA,1,0,1,NA,0,0,2,2,15,0,3,14,12,12,3,NA,7,2,15,NA,9,14,12,41,173,5,16,2,0,1,0,NA,0,0,1,NA,1,1,1,3,13,0,1
206613,NA,27,18,0,NA,NA,NA,8,NA,NA,4,NA,50,138,NA,25,NA,5,18,0,NA,NA,NA,1,NA,NA,2,NA,19,46,NA,0,NA,0,0,0,NA,NA,NA,0,NA,NA,0,NA,1,1,NA,0,NA,24,18,0,NA,NA,NA,8,NA,NA,4,NA,45,129,NA,24,NA,0,0,0,NA,NA,NA,0,NA,NA,0,NA,0,0,NA,0,NA,1,0,0,NA,NA,NA,0,NA,NA,0,NA,4,6,NA,1,NA,1,0,0,NA,NA,NA,0,NA,NA,0,NA,0,1,NA,0
206622,21,37,1,20,56,56,95,56,22,9,64,38,272,1211,30,322,20,9,0,6,28,15,54,13,8,1,26,15,184,498,14,53,0,0,0,0,1,5,3,1,1,0,2,1,2,30,0,12,18,34,0,17,32,35,71,41,14,7,48,33,229,943,23,250,0,0,0,0,1,0,2,0,0,0,1,0,4,13,0,5,3,3,0,1,17,10,16,13,7,2,10,4,32,176,6,39,0,0,0,0,0,0,0,1,0,0,1,0,2,13,0,7
206695,69,120,106,50,138,90,64,83,83,91,56,53,285,1648,26,230,61,36,83,21,53,37,30,17,36,13,27,27,170,724,14,34,2,0,1,0,0,11,1,1,0,0,1,2,2,24,0,2,51,109,90,41,98,62,46,63,60,50,41,36,231,1272,23,183,4,0,5,0,0,2,1,4,1,0,0,1,10,39,1,6,3,8,3,4,29,9,12,9,14,36,6,7,24,187,1,17,4,2,4,1,3,3,3,3,6,2,4,4,11,70,0,14
206862,24,57,NA,1,36,14,16,6,4,NA,2,2,156,376,2,22,19,14,NA,0,13,6,13,1,2,NA,0,0,81,164,2,4,0,1,NA,0,0,2,0,0,0,NA,0,0,2,8,0,2,15,36,NA,1,20,11,8,1,1,NA,1,2,81,211,1,14,0,0,NA,0,1,0,2,1,0,NA,0,0,3,8,0,1,7,7,NA,0,11,1,5,3,2,NA,1,0,44,97,1,4,0,5,NA,0,2,0,0,0,1,NA,0,0,16,25,0,0
206914,34,41,NA,4,22,20,31,49,19,NA,9,11,65,382,12,NA,33,5,NA,0,3,6,16,10,7,NA,3,4,27,139,7,NA,1,0,NA,0,0,0,0,1,0,NA,0,1,4,7,0,NA,18,28,NA,3,11,11,18,25,9,NA,3,3,29,198,4,NA,5,1,NA,0,2,1,2,0,0,NA,0,3,3,18,0,NA,6,2,NA,1,4,6,5,13,5,NA,5,4,20,90,5,NA,2,7,NA,0,3,1,3,5,0,NA,1,0,2,31,1,NA
206941,75,179,60,24,217,97,71,135,232,2,89,123,369,2167,97,255,62,43,50,6,72,33,36,19,58,0,33,42,179,755,29,48,13,4,8,0,5,6,0,5,5,0,2,6,10,89,4,16,32,108,21,14,131,50,39,67,143,0,35,61,212,1181,51,149,13,2,6,0,1,2,0,3,3,0,2,2,19,61,1,3,10,32,16,4,47,26,16,40,46,1,35,26,61,454,20,41,4,13,4,3,12,3,5,8,7,0,4,4,24,121,7,12
207041,37,41,NA,10,0,41,69,58,23,55,2,20,51,522,10,54,26,2,NA,3,0,15,33,5,13,5,0,8,25,163,2,7,16,0,NA,0,0,0,0,1,0,0,0,1,1,26,0,6,9,25,NA,8,0,22,32,31,12,26,1,16,23,269,3,28,7,0,NA,0,0,3,0,1,0,0,0,0,0,13,0,1,3,7,NA,2,0,3,19,5,4,7,0,1,10,73,2,5,1,8,NA,0,0,12,16,16,6,21,1,2,15,124,4,13
207209,0,36,NA,4,19,4,NA,18,26,NA,3,1,22,227,6,73,0,12,NA,1,12,1,NA,2,5,NA,2,1,8,53,3,2,0,0,NA,0,0,0,NA,0,0,NA,0,0,0,1,0,1,0,1,NA,0,0,1,NA,1,2,NA,0,0,0,22,0,17,0,1,NA,0,1,0,NA,0,0,NA,0,1,3,6,0,0,0,27,NA,4,14,3,NA,14,21,NA,3,0,18,167,4,45,0,4,NA,0,3,0,NA,1,2,NA,0,0,1,23,2,9
207236,NA,NA,NA,NA,NA,NA,NA,NA,NA,NA,NA,NA,NA,NA,NA,NA,NA,NA,NA,NA,NA,NA,NA,NA,NA,NA,NA,NA,NA,NA,NA,NA,NA,NA,NA,NA,NA,NA,NA,NA,NA,NA,NA,NA,NA,NA,NA,NA,NA,NA,NA,NA,NA,NA,NA,NA,NA,NA,NA,NA,NA,NA,NA,NA,NA,NA,NA,NA,NA,NA,NA,NA,NA,NA,NA,NA,NA,NA,NA,NA,NA,NA,NA,NA,NA,NA,NA,NA,NA,NA,NA,NA,NA,NA,NA,NA,NA,NA,NA,NA,NA,NA,NA,NA,NA,NA,NA,NA,NA,NA,NA,NA
207263,45,136,0,21,86,36,52,157,80,24,7,11,190,1126,24,139,36,25,0,5,31,9,21,25,44,3,3,4,96,383,8,19,2,1,0,0,0,1,1,3,0,1,0,0,7,30,0,8,23,82,0,9,44,21,21,88,40,9,2,4,97,587,11,76,3,0,0,0,1,0,2,1,1,1,1,1,2,16,0,2,4,11,0,4,5,6,3,12,7,5,0,0,27,110,1,13,5,20,0,5,24,4,14,36,24,6,3,4,41,240,7,24
207306,9,36,NA,4,19,14,44,26,12,11,3,2,48,301,4,36,8,10,NA,1,7,3,27,4,7,1,2,1,19,115,2,3,1,0,NA,0,0,0,0,0,0,0,0,0,0,1,0,0,7,27,NA,4,7,10,21,13,7,9,1,2,30,193,3,26,0,0,NA,0,0,0,1,0,0,0,0,0,1,3,0,0,1,5,NA,0,10,1,13,8,3,1,0,0,7,58,0,6,0,4,NA,0,2,3,9,5,2,1,2,0,8,44,1,4
207324,23,18,24,1,32,33,8,3,3,NA,2,26,31,366,10,130,16,4,22,0,10,16,8,0,3,NA,1,4,21,131,4,16,0,1,1,0,1,1,0,0,0,NA,0,0,0,10,1,5,14,15,21,1,17,22,3,2,3,NA,2,17,22,229,7,68,2,0,0,0,0,3,1,0,0,NA,0,1,3,16,0,4,2,1,0,0,10,5,3,1,0,NA,0,3,2,65,1,35,0,0,0,0,2,1,0,0,0,NA,0,1,1,15,0,8
207342,NA,NA,NA,NA,NA,NA,NA,NA,NA,NA,NA,NA,NA,582,NA,578,NA,NA,NA,NA,NA,NA,NA,NA,NA,NA,NA,NA,NA,66,NA,65,NA,NA,NA,NA,NA,NA,NA,NA,NA,NA,NA,NA,NA,34,NA,34,NA,NA,NA,NA,NA,NA,NA,NA,NA,NA,NA,NA,NA,363,NA,361,NA,NA,NA,NA,NA,NA,NA,NA,NA,NA,NA,NA,NA,2,NA,2,NA,NA,NA,NA,NA,NA,NA,NA,NA,NA,NA,NA,NA,109,NA,108,NA,NA,NA,NA,NA,NA,NA,NA,NA,NA,NA,NA,NA,62,NA,61
207351,10,12,NA,0,NA,14,14,7,13,NA,0,0,26,276,NA,134,8,2,NA,0,NA,5,9,1,7,NA,0,0,13,76,NA,9,0,1,NA,0,NA,0,0,0,0,NA,0,0,1,3,NA,1,4,7,NA,0,NA,9,5,3,5,NA,0,0,10,157,NA,78,1,0,NA,0,NA,1,1,0,0,NA,0,0,5,10,NA,0,5,4,NA,0,NA,3,7,3,7,NA,0,0,10,71,NA,28,0,0,NA,0,NA,0,0,1,1,NA,0,0,0,25,NA,20
207388,171,181,562,33,261,377,126,307,NA,NA,110,148,1328,4975,117,139,133,28,465,14,106,129,45,60,NA,NA,38,45,756,2392,44,10,9,0,23,0,0,18,1,9,NA,NA,2,8,23,118,2,5,112,130,383,26,147,260,85,192,NA,NA,66,98,943,3409,92,94,2,0,24,0,7,3,1,1,NA,NA,2,1,14,139,1,2,15,18,45,3,50,46,17,45,NA,NA,22,23,169,580,12,19,9,10,18,0,30,10,8,23,NA,NA,5,5,54,225,5,10
207397,NA,NA,NA,NA,NA,NA,NA,NA,12,NA,NA,NA,NA,12,NA,NA,NA,NA,NA,NA,NA,NA,NA,NA,10,NA,NA,NA,NA,10,NA,NA,NA,NA,NA,NA,NA,NA,NA,NA,1,NA,NA,NA,NA,1,NA,NA,NA,NA,NA,NA,NA,NA,NA,NA,7,NA,NA,NA,NA,7,NA,NA,NA,NA,NA,NA,NA,NA,NA,NA,0,NA,NA,NA,NA,0,NA,NA,NA,NA,NA,NA,NA,NA,NA,NA,1,NA,NA,NA,NA,1,NA,NA,NA,NA,NA,NA,NA,NA,NA,NA,1,NA,NA,NA,NA,1,NA,NA
207403,4,35,NA,5,NA,13,17,24,NA,NA,17,17,29,292,12,61,4,5,NA,3,NA,6,15,8,NA,NA,4,5,19,114,5,9,0,0,NA,0,NA,1,0,0,NA,NA,0,0,2,5,0,1,3,26,NA,5,NA,6,6,13,NA,NA,10,13,17,197,8,45,0,0,NA,0,NA,0,0,0,NA,NA,0,0,2,4,0,1,1,0,NA,0,NA,2,4,3,NA,NA,1,2,1,22,3,2,0,3,NA,0,NA,0,1,1,NA,NA,1,0,3,13,0,2
207458,5,29,NA,2,8,12,7,11,3,NA,3,145,33,366,7,95,4,9,NA,0,4,0,3,3,1,NA,1,38,20,98,5,9,0,0,NA,0,0,1,0,0,0,NA,0,2,2,11,0,6,2,21,NA,0,6,9,3,9,2,NA,3,120,15,244,5,45,2,0,NA,0,0,0,0,0,0,NA,0,1,3,6,0,0,0,5,NA,1,1,1,4,1,1,NA,0,15,6,64,2,26,0,1,NA,1,0,0,0,1,0,NA,0,3,1,12,0,5
207500,156,137,469,20,210,278,175,306,43,54,283,162,1166,4574,382,103,125,28,355,8,87,102,54,70,21,9,124,50,736,2275,130,23,34,2,64,0,10,45,13,22,0,0,8,11,53,326,7,20,79,98,226,15,110,146,107,170,21,35,174,95,789,2708,240,41,11,1,42,3,2,7,4,2,0,0,10,1,29,136,5,4,17,17,84,2,45,41,23,63,12,10,61,30,164,785,72,25,3,2,17,0,18,12,10,12,6,4,4,6,41,181,13,5
207564,52,NA,NA,NA,NA,NA,NA,NA,NA,NA,NA,NA,50,131,NA,NA,47,NA,NA,NA,NA,NA,NA,NA,NA,NA,NA,NA,39,112,NA,NA,2,NA,NA,NA,NA,NA,NA,NA,NA,NA,NA,NA,0,2,NA,NA,29,NA,NA,NA,NA,NA,NA,NA,NA,NA,NA,NA,39,89,NA,NA,3,NA,NA,NA,NA,NA,NA,NA,NA,NA,NA,NA,0,3,NA,NA,8,NA,NA,NA,NA,NA,NA,NA,NA,NA,NA,NA,4,15,NA,NA,2,NA,NA,NA,NA,NA,NA,NA,NA,NA,NA,NA,4,8,NA,NA
207582,16,39,27,5,38,33,41,39,NA,4,18,38,134,642,38,68,15,4,25,0,15,14,27,3,NA,0,8,11,69,254,12,4,3,1,0,0,0,3,2,2,NA,0,1,1,4,27,1,3,7,20,15,3,17,13,15,16,NA,2,8,12,59,285,18,29,3,5,5,0,2,3,6,8,NA,0,2,3,14,70,3,9,2,7,5,1,9,7,9,11,NA,1,6,18,36,163,12,17,1,5,1,1,8,5,7,2,NA,1,0,3,14,72,2,7
207661,NA,NA,0,NA,13,33,16,19,11,3,41,19,95,411,20,90,NA,NA,0,NA,8,15,10,1,4,3,7,3,55,158,7,18,NA,NA,0,NA,0,1,0,0,0,0,1,1,1,6,0,1,NA,NA,0,NA,7,21,12,7,5,1,19,11,54,230,10,56,NA,NA,0,NA,0,1,2,0,0,0,1,1,6,13,0,2,NA,NA,0,NA,0,4,1,5,4,1,4,2,11,47,2,9,NA,NA,0,NA,2,1,0,3,1,0,8,1,15,61,4,12
207670,0,NA,NA,NA,NA,NA,NA,NA,NA,NA,NA,NA,NA,0,NA,NA,0,NA,NA,NA,NA,NA,NA,NA,NA,NA,NA,NA,NA,0,NA,NA,0,NA,NA,NA,NA,NA,NA,NA,NA,NA,NA,NA,NA,0,NA,NA,0,NA,NA,NA,NA,NA,NA,NA,NA,NA,NA,NA,NA,0,NA,NA,0,NA,NA,NA,NA,NA,NA,NA,NA,NA,NA,NA,NA,0,NA,NA,0,NA,NA,NA,NA,NA,NA,NA,NA,NA,NA,NA,NA,0,NA,NA,0,NA,NA,NA,NA,NA,NA,NA,NA,NA,NA,NA,NA,0,NA,NA
207722,0,22,NA,6,NA,13,9,16,NA,0,14,9,26,140,1,8,0,1,NA,1,NA,4,5,2,NA,0,3,4,20,49,1,0,0,0,NA,0,NA,0,1,1,NA,0,0,1,0,3,0,0,0,18,NA,4,NA,10,4,9,NA,0,8,6,14,92,0,8,0,0,NA,0,NA,0,0,0,NA,0,3,0,9,13,0,0,0,1,NA,1,NA,2,0,3,NA,0,2,1,0,12,0,0,0,0,NA,0,NA,0,3,2,NA,0,0,0,0,8,1,0
207847,23,33,NA,11,115,13,39,19,25,NA,7,18,139,649,14,NA,19,5,NA,5,30,4,20,0,9,NA,4,8,64,270,1,NA,0,0,NA,0,0,0,0,0,0,NA,0,0,3,6,0,NA,11,19,NA,4,62,8,20,9,13,NA,3,10,70,346,5,NA,2,1,NA,0,1,1,2,1,1,NA,1,1,6,21,0,NA,3,1,NA,3,11,2,4,1,5,NA,1,1,15,66,0,NA,2,6,NA,0,18,0,5,1,4,NA,1,3,22,84,4,NA
207865,30,85,5,9,NA,18,58,28,10,NA,1,16,111,881,13,379,26,16,5,2,NA,11,36,2,1,NA,1,6,51,298,6,69,0,0,0,1,NA,0,0,0,0,NA,0,0,1,15,0,12,17,63,3,5,NA,15,32,18,8,NA,0,10,71,533,8,206,2,0,0,0,NA,1,1,0,0,NA,1,0,2,10,1,1,7,10,2,0,NA,0,16,5,2,NA,0,3,22,181,2,92,1,5,0,1,NA,2,2,3,0,NA,0,0,6,57,0,30
207971,69,7,96,9,2,65,39,NA,NA,NA,23,18,89,584,12,49,60,3,72,3,0,25,13,NA,NA,NA,8,8,53,296,4,2,9,0,2,1,0,8,2,NA,NA,NA,0,2,8,42,0,1,39,3,49,5,0,36,19,NA,NA,NA,13,6,34,288,7,22,1,0,10,0,0,0,3,NA,NA,NA,2,0,5,29,1,2,6,2,18,2,2,7,8,NA,NA,NA,5,5,24,111,4,9,5,2,5,0,0,7,3,NA,NA,NA,0,2,9,46,0,7
208390,NA,NA,NA,NA,NA,NA,NA,NA,NA,NA,NA,NA,0,0,NA,NA,NA,NA,NA,NA,NA,NA,NA,NA,NA,NA,NA,NA,0,0,NA,NA,NA,NA,NA,NA,NA,NA,NA,NA,NA,NA,NA,NA,0,0,NA,NA,NA,NA,NA,NA,NA,NA,NA,NA,NA,NA,NA,NA,0,0,NA,NA,NA,NA,NA,NA,NA,NA,NA,NA,NA,NA,NA,NA,0,0,NA,NA,NA,NA,NA,NA,NA,NA,NA,NA,NA,NA,NA,NA,0,0,NA,NA,NA,NA,NA,NA,NA,NA,NA,NA,NA,NA,NA,NA,0,0,NA,NA
208646,26,66,NA,27,4,10,76,60,44,2,23,10,145,587,14,7,23,13,NA,3,1,4,35,13,37,1,5,2,55,238,4,3,0,0,NA,1,0,0,0,1,1,0,0,0,1,7,1,0,17,45,NA,18,4,7,50,41,37,2,17,6,108,420,9,4,2,1,NA,0,0,0,1,0,0,0,0,0,2,6,0,0,3,14,NA,5,0,0,17,11,1,0,3,0,21,87,2,0,3,3,NA,0,0,3,2,4,5,0,3,2,9,39,0,1
208822,17,44,48,13,NA,43,30,32,0,13,3,46,104,593,17,131,14,7,33,2,NA,14,14,5,0,0,2,9,59,200,5,20,1,4,1,0,NA,3,4,3,0,1,0,3,6,42,0,15,11,32,34,9,NA,24,22,23,0,6,2,33,64,397,13,86,0,0,0,0,NA,0,0,0,0,0,0,1,1,2,0,0,3,7,7,1,NA,9,2,2,0,6,1,4,16,82,1,16,0,0,0,0,NA,1,0,0,0,0,0,0,5,12,0,1
209038,NA,NA,NA,NA,NA,NA,NA,NA,NA,NA,NA,NA,NA,NA,NA,NA,NA,NA,NA,NA,NA,NA,NA,NA,NA,NA,NA,NA,NA,NA,NA,NA,NA,NA,NA,NA,NA,NA,NA,NA,NA,NA,NA,NA,NA,NA,NA,NA,NA,NA,NA,NA,NA,NA,NA,NA,NA,NA,NA,NA,NA,NA,NA,NA,NA,NA,NA,NA,NA,NA,NA,NA,NA,NA,NA,NA,NA,NA,NA,NA,NA,NA,NA,NA,NA,NA,NA,NA,NA,NA,NA,NA,NA,NA,NA,NA,NA,NA,NA,NA,NA,NA,NA,NA,NA,NA,NA,NA,NA,NA,NA,NA
209056,20,NA,NA,28,0,62,NA,82,NA,NA,88,33,NA,436,24,NA,16,NA,NA,6,0,18,NA,19,NA,NA,31,12,NA,159,14,NA,0,NA,NA,1,0,5,NA,2,NA,NA,4,0,NA,19,0,NA,10,NA,NA,21,0,41,NA,53,NA,NA,58,26,NA,295,14,NA,3,NA,NA,0,0,3,NA,4,NA,NA,7,0,NA,23,2,NA,4,NA,NA,3,0,9,NA,11,NA,NA,11,4,NA,57,6,NA,0,NA,NA,0,0,1,NA,2,NA,NA,0,1,NA,6,0,NA
209065,6,12,4,10,1,24,47,23,NA,NA,22,12,60,498,6,237,5,4,4,3,0,7,30,5,NA,NA,10,4,37,163,4,33,0,1,0,1,0,1,1,0,NA,NA,0,0,1,37,1,30,3,6,3,7,1,13,31,18,NA,NA,13,10,44,310,4,135,0,0,0,0,0,1,0,0,NA,NA,0,0,2,3,0,0,1,4,0,1,0,5,6,4,NA,NA,9,0,10,103,1,57,0,0,1,0,0,0,1,1,NA,NA,0,0,1,6,0,2
209250,0,NA,NA,NA,NA,NA,NA,NA,NA,NA,NA,NA,NA,0,NA,NA,0,NA,NA,NA,NA,NA,NA,NA,NA,NA,NA,NA,NA,0,NA,NA,0,NA,NA,NA,NA,NA,NA,NA,NA,NA,NA,NA,NA,0,NA,NA,0,NA,NA,NA,NA,NA,NA,NA,NA,NA,NA,NA,NA,0,NA,NA,0,NA,NA,NA,NA,NA,NA,NA,NA,NA,NA,NA,NA,0,NA,NA,0,NA,NA,NA,NA,NA,NA,NA,NA,NA,NA,NA,NA,0,NA,NA,0,NA,NA,NA,NA,NA,NA,NA,NA,NA,NA,NA,NA,0,NA,NA
209490,NA,NA,NA,NA,NA,NA,NA,NA,NA,NA,NA,NA,NA,359,NA,359,NA,NA,NA,NA,NA,NA,NA,NA,NA,NA,NA,NA,NA,59,NA,59,NA,NA,NA,NA,NA,NA,NA,NA,NA,NA,NA,NA,NA,22,NA,22,NA,NA,NA,NA,NA,NA,NA,NA,NA,NA,NA,NA,NA,226,NA,226,NA,NA,NA,NA,NA,NA,NA,NA,NA,NA,NA,NA,NA,4,NA,4,NA,NA,NA,NA,NA,NA,NA,NA,NA,NA,NA,NA,NA,77,NA,77,NA,NA,NA,NA,NA,NA,NA,NA,NA,NA,NA,NA,NA,8,NA,8
209506,51,NA,132,1,NA,22,NA,43,NA,NA,NA,NA,43,657,2,269,42,NA,117,0,NA,10,NA,13,NA,NA,NA,NA,28,323,1,35,4,NA,2,0,NA,2,NA,1,NA,NA,NA,NA,5,45,0,23,37,NA,98,1,NA,14,NA,24,NA,NA,NA,NA,27,454,2,178,1,NA,3,0,NA,0,NA,0,NA,NA,NA,NA,0,7,0,3,8,NA,17,0,NA,4,NA,12,NA,NA,NA,NA,7,97,0,40,0,NA,3,0,NA,0,NA,0,NA,NA,NA,NA,4,13,0,6
209542,977,63,1016,57,46,461,211,409,NA,10,319,181,843,6215,109,251,779,10,799,14,12,149,80,93,NA,5,148,56,493,3200,52,69,196,2,69,5,0,40,14,16,NA,0,9,13,70,526,8,39,497,45,612,40,34,302,133,269,NA,9,212,117,520,3897,63,125,42,0,97,1,1,4,3,13,NA,0,13,6,71,302,9,6,108,9,134,7,6,65,38,71,NA,1,54,29,117,845,17,45,68,2,29,1,4,7,2,7,NA,0,5,3,14,186,2,4
209551,75,96,NA,67,5,361,NA,351,NA,149,746,305,696,4132,523,50,68,20,NA,18,1,106,NA,83,NA,28,398,125,473,1801,194,2,11,3,NA,1,0,48,NA,19,NA,6,44,11,65,283,24,5,45,66,NA,43,5,215,NA,225,NA,87,464,214,434,2614,354,30,2,1,NA,0,0,3,NA,4,NA,1,31,8,22,102,12,1,7,15,NA,16,0,57,NA,59,NA,36,116,35,89,656,86,11,3,3,NA,1,0,7,NA,9,NA,3,27,6,13,104,7,0
209612,10,37,0,13,NA,35,47,27,NA,6,24,26,41,377,3,64,8,7,0,4,NA,8,23,5,NA,1,12,9,29,134,1,7,2,3,0,2,NA,9,8,2,NA,0,0,3,6,49,0,12,5,18,0,8,NA,15,22,12,NA,4,10,15,13,170,3,21,0,0,0,0,NA,0,1,1,NA,0,0,0,0,5,0,3,0,13,0,0,NA,7,7,6,NA,2,8,3,11,82,0,17,0,2,0,2,NA,0,2,3,NA,0,3,1,2,26,0,7
209807,191,9,183,98,174,134,NA,389,123,94,436,208,591,3411,56,255,143,0,145,36,52,50,NA,101,41,20,161,74,321,1426,18,59,45,1,24,4,7,18,NA,20,11,3,12,21,73,303,5,30,81,5,99,69,110,74,NA,240,55,52,257,123,247,1826,35,100,11,0,20,1,0,1,NA,5,1,0,5,3,43,101,1,3,30,1,30,14,35,27,NA,94,43,27,109,39,177,816,7,83,9,1,2,1,8,1,NA,6,7,4,20,8,11,108,1,7
209825,33,26,79,18,3,66,NA,51,NA,15,33,6,113,755,29,234,29,4,58,3,2,23,NA,10,NA,2,13,2,67,277,8,30,16,3,15,1,0,16,NA,6,NA,0,1,0,22,159,3,66,13,14,40,12,1,26,NA,21,NA,6,19,4,51,360,9,114,0,0,0,0,0,2,NA,1,NA,0,4,0,5,19,4,2,0,5,13,3,2,11,NA,11,NA,4,5,0,16,120,9,36,1,0,4,0,0,4,NA,4,NA,1,1,1,6,29,2,5
209922,13,NA,NA,26,NA,50,NA,24,NA,NA,58,22,NA,312,NA,NA,9,NA,NA,6,NA,19,NA,5,NA,NA,26,9,NA,127,NA,NA,1,NA,NA,2,NA,4,NA,2,NA,NA,4,1,NA,24,NA,NA,9,NA,NA,19,NA,34,NA,15,NA,NA,28,10,NA,186,NA,NA,2,NA,NA,1,NA,0,NA,1,NA,NA,9,0,NA,27,NA,NA,1,NA,NA,1,NA,5,NA,5,NA,NA,9,5,NA,37,NA,NA,0,NA,NA,0,NA,0,NA,1,NA,NA,2,0,NA,6,NA,NA
210146,12,56,NA,25,NA,20,52,83,25,0,35,85,65,634,71,13,11,6,NA,9,NA,2,34,17,6,0,16,40,35,249,35,2,0,2,NA,0,NA,1,4,1,0,0,0,1,1,15,2,1,6,27,NA,18,NA,12,23,49,11,0,17,64,28,371,51,5,1,0,NA,0,NA,0,3,0,0,0,1,0,3,8,0,0,3,10,NA,4,NA,1,13,13,7,0,8,5,17,110,7,3,2,8,NA,2,NA,3,5,7,2,0,7,7,11,69,5,3
210331,2,14,NA,12,2,11,12,29,4,NA,3,1,45,169,5,0,2,3,NA,4,1,4,5,7,2,NA,1,0,23,65,3,0,0,0,NA,1,0,0,0,2,0,NA,0,0,1,5,0,0,2,8,NA,9,2,6,7,14,3,NA,0,1,25,99,1,0,0,0,NA,0,0,0,0,1,0,NA,0,0,0,1,0,0,0,5,NA,1,0,2,3,4,1,NA,1,0,7,26,1,0,0,1,NA,1,0,0,1,6,0,NA,1,0,7,22,3,0
210401,13,NA,NA,11,0,15,17,18,NA,NA,70,14,12,295,11,10,9,NA,NA,4,0,6,6,4,NA,NA,36,3,7,135,7,4,1,NA,NA,0,0,1,1,3,NA,NA,5,0,1,20,0,1,7,NA,NA,9,0,7,10,12,NA,NA,46,9,8,185,8,6,0,NA,NA,0,0,0,1,0,NA,NA,1,0,0,3,0,0,1,NA,NA,1,0,4,4,1,NA,NA,9,3,1,49,1,2,1,NA,NA,0,0,0,1,1,NA,NA,2,2,1,13,0,0
210429,33,139,NA,12,0,25,44,118,61,NA,30,57,69,799,17,26,26,27,NA,4,0,2,19,35,21,NA,13,20,37,257,5,1,2,4,NA,1,0,2,1,6,2,NA,0,0,0,21,0,0,19,88,NA,8,0,17,24,73,37,NA,18,41,39,491,8,14,1,0,NA,0,0,0,0,0,0,NA,0,1,1,6,0,0,7,35,NA,2,0,5,13,29,17,NA,9,8,18,196,6,10,0,5,NA,0,0,0,1,2,3,NA,1,3,4,24,0,0
210571,7,0,NA,3,NA,21,NA,38,NA,0,23,54,73,273,12,0,4,0,NA,0,NA,8,NA,5,NA,0,7,24,38,111,6,0,1,0,NA,0,NA,0,NA,0,NA,0,1,2,0,4,0,0,5,0,NA,1,NA,13,NA,22,NA,0,14,24,39,146,5,0,0,0,NA,0,NA,0,NA,0,NA,0,0,2,0,2,0,0,1,0,NA,1,NA,6,NA,14,NA,0,7,25,27,100,5,0,0,0,NA,0,NA,0,NA,0,NA,0,1,0,2,7,1,0
210669,27,NA,NA,16,NA,52,NA,29,NA,4,35,10,23,294,16,8,22,NA,NA,5,NA,15,NA,11,NA,0,23,4,16,141,12,1,0,NA,NA,0,NA,2,NA,1,NA,0,0,0,1,6,0,1,15,NA,NA,15,NA,43,NA,19,NA,2,22,6,11,199,10,2,7,NA,NA,0,NA,3,NA,0,NA,0,3,0,3,24,1,0,4,NA,NA,1,NA,2,NA,5,NA,1,7,4,7,45,4,4,0,NA,NA,0,NA,1,NA,3,NA,1,1,0,0,9,0,0
210739,13,23,NA,4,1,34,31,33,31,NA,10,42,107,505,10,149,10,2,NA,1,0,8,18,5,14,NA,3,12,67,181,1,29,2,0,NA,1,0,3,0,0,1,NA,0,0,3,17,0,7,9,21,NA,2,1,22,27,25,22,NA,8,30,72,363,9,103,0,0,NA,0,0,0,0,0,0,NA,0,0,0,0,0,0,2,2,NA,1,0,6,3,4,6,NA,1,9,23,85,1,22,0,0,NA,0,0,1,0,3,2,NA,0,0,6,23,0,11
210775,1,21,0,1,3,25,13,13,27,11,5,2,55,371,13,170,1,1,0,0,0,8,12,1,15,1,1,2,35,121,4,33,0,0,0,0,0,3,0,0,0,1,0,0,0,9,0,5,0,19,0,1,2,14,9,6,19,5,4,2,36,243,9,110,0,0,0,0,0,0,1,2,0,0,0,0,4,18,1,10,1,1,0,0,1,7,3,4,7,4,1,0,12,81,2,35,0,0,0,0,0,1,0,1,0,0,0,0,1,8,1,4
210809,NA,NA,NA,NA,NA,NA,NA,NA,NA,NA,NA,NA,NA,NA,NA,NA,NA,NA,NA,NA,NA,NA,NA,NA,NA,NA,NA,NA,NA,NA,NA,NA,NA,NA,NA,NA,NA,NA,NA,NA,NA,NA,NA,NA,NA,NA,NA,NA,NA,NA,NA,NA,NA,NA,NA,NA,NA,NA,NA,NA,NA,NA,NA,NA,NA,NA,NA,NA,NA,NA,NA,NA,NA,NA,NA,NA,NA,NA,NA,NA,NA,NA,NA,NA,NA,NA,NA,NA,NA,NA,NA,NA,NA,NA,NA,NA,NA,NA,NA,NA,NA,NA,NA,NA,NA,NA,NA,NA,NA,NA,NA,NA
211088,21,30,NA,18,NA,66,13,39,NA,NA,35,25,51,370,20,23,15,1,NA,2,NA,16,11,5,NA,NA,10,5,35,128,8,6,1,1,NA,1,NA,5,1,1,NA,NA,2,1,5,21,0,1,13,20,NA,11,NA,45,10,29,NA,NA,17,17,28,242,14,18,0,0,NA,0,NA,1,0,0,NA,NA,0,0,2,4,0,0,4,7,NA,5,NA,7,2,8,NA,NA,13,6,12,75,3,3,1,2,NA,0,NA,4,0,1,NA,NA,2,0,1,13,1,0
211273,10,NA,NA,26,NA,55,NA,25,NA,NA,82,8,NA,320,NA,NA,0,NA,NA,0,NA,0,NA,0,NA,NA,0,0,NA,0,NA,NA,3,NA,NA,2,NA,13,NA,2,NA,NA,7,1,NA,40,NA,NA,6,NA,NA,13,NA,19,NA,9,NA,NA,42,5,NA,159,NA,NA,1,NA,NA,1,NA,9,NA,4,NA,NA,6,1,NA,38,NA,NA,0,NA,NA,5,NA,8,NA,9,NA,NA,20,0,NA,59,NA,NA,0,NA,NA,2,NA,2,NA,0,NA,NA,3,1,NA,9,NA,NA
211291,24,25,160,30,0,120,NA,69,NA,NA,184,13,135,860,NA,NA,17,9,106,8,0,25,NA,14,NA,NA,95,5,66,392,NA,NA,1,0,7,2,0,7,NA,2,NA,NA,6,0,5,35,NA,NA,13,18,119,20,0,91,NA,54,NA,NA,154,12,109,664,NA,NA,5,0,15,0,0,5,NA,1,NA,NA,2,1,0,38,NA,NA,5,6,13,6,0,14,NA,11,NA,NA,14,0,16,95,NA,NA,0,0,1,0,0,0,NA,0,NA,NA,1,0,0,2,NA,NA
211431,0,37,NA,2,12,42,0,25,NA,12,5,0,19,267,0,110,0,1,NA,0,3,8,0,5,NA,2,3,0,8,44,0,14,0,2,NA,1,0,2,0,0,NA,0,0,0,2,14,0,6,0,28,NA,0,4,34,0,15,NA,9,4,0,9,189,0,85,0,0,NA,0,0,0,0,0,NA,0,0,0,0,1,0,1,0,7,NA,1,6,2,0,5,NA,3,1,0,7,48,0,16,0,0,NA,0,0,1,0,1,NA,0,0,0,0,2,0,0
211440,279,0,389,8,36,55,NA,18,NA,0,63,137,175,1678,1,0,148,0,245,0,7,14,NA,4,NA,0,35,48,101,854,0,0,110,0,125,1,11,27,NA,4,NA,0,20,31,80,612,1,0,29,0,103,2,11,14,NA,7,NA,0,15,56,30,367,0,0,71,0,64,0,11,4,NA,3,NA,0,13,14,24,322,0,0,31,0,58,4,0,3,NA,3,NA,0,8,19,25,197,0,0,27,0,23,1,2,3,NA,0,NA,0,3,10,8,107,0,0
211468,NA,13,NA,3,2,19,1,21,6,7,13,4,22,217,2,84,NA,0,NA,0,1,0,0,0,0,1,0,0,7,14,0,5,NA,0,NA,0,0,1,0,0,0,0,0,0,0,4,0,2,NA,10,NA,2,0,13,1,16,3,3,9,2,9,130,2,46,NA,1,NA,0,1,0,0,1,0,0,0,0,8,14,0,3,NA,2,NA,1,1,3,0,3,3,1,1,1,4,48,0,24,NA,0,NA,0,0,1,0,0,0,2,2,0,0,11,0,5
211556,NA,7,NA,7,1,47,28,29,NA,6,16,11,23,247,5,17,NA,1,NA,2,0,6,12,3,NA,1,9,4,12,66,1,0,NA,0,NA,0,0,4,0,1,NA,0,3,1,3,13,0,0,NA,7,NA,6,0,38,24,21,NA,2,11,7,12,183,5,16,NA,0,NA,0,0,0,0,0,NA,0,0,0,1,1,0,0,NA,0,NA,1,0,1,1,4,NA,4,2,3,4,31,0,1,NA,0,NA,0,1,4,3,3,NA,0,0,0,3,19,0,0
211583,9,29,NA,4,1,27,NA,20,27,33,2,NA,46,228,8,2,8,1,NA,2,1,12,NA,4,11,5,0,NA,29,83,1,1,0,0,NA,0,0,0,NA,0,0,1,0,NA,0,2,0,0,1,9,NA,2,0,11,NA,5,9,6,0,NA,18,72,1,1,0,0,NA,0,0,1,NA,1,0,2,0,NA,5,10,0,0,6,11,NA,0,1,6,NA,2,10,14,2,NA,14,70,3,0,2,9,NA,2,0,7,NA,10,7,10,0,NA,8,65,2,1
211981,NA,11,NA,0,NA,37,NA,7,14,NA,NA,NA,37,297,3,NA,NA,5,NA,0,NA,9,NA,0,13,NA,NA,NA,21,100,1,NA,NA,0,NA,0,NA,1,NA,1,0,NA,NA,NA,0,4,0,NA,NA,10,NA,0,NA,32,NA,5,10,NA,NA,NA,25,234,1,NA,NA,0,NA,0,NA,0,NA,0,0,NA,NA,NA,0,0,0,NA,NA,0,NA,0,NA,0,NA,1,3,NA,NA,NA,7,31,1,NA,NA,1,NA,0,NA,4,NA,0,1,NA,NA,NA,5,22,1,NA
212009,20,11,NA,13,NA,76,NA,33,NA,NA,95,22,49,460,NA,NA,13,1,NA,2,NA,19,NA,5,NA,NA,50,7,29,179,NA,NA,3,0,NA,1,NA,5,NA,3,NA,NA,3,3,1,25,NA,NA,5,3,NA,10,NA,45,NA,26,NA,NA,67,12,32,306,NA,NA,10,0,NA,0,NA,8,NA,0,NA,NA,9,0,5,43,NA,NA,2,8,NA,2,NA,13,NA,4,NA,NA,11,2,7,60,NA,NA,0,0,NA,0,NA,1,NA,0,NA,NA,0,1,0,6,NA,NA
212054,372,35,597,13,46,156,25,75,0,NA,84,248,492,3040,43,538,284,4,442,4,21,49,22,18,0,NA,39,74,305,1522,14,76,113,2,148,1,11,56,2,15,0,NA,14,17,131,718,3,134,141,20,309,11,24,68,18,37,0,NA,34,158,212,1467,27,264,55,1,52,0,3,8,2,2,0,NA,16,6,36,243,3,9,32,6,55,1,7,17,0,18,0,NA,16,49,74,414,7,97,8,1,11,0,1,2,0,1,0,NA,0,6,21,69,0,12
212106,47,96,25,20,2,78,NA,44,11,11,51,31,168,1249,68,491,27,17,13,3,0,19,NA,8,10,7,21,21,107,414,24,69,1,0,0,0,0,5,NA,0,2,0,0,1,2,43,2,27,33,86,20,18,1,59,NA,36,6,9,35,25,143,1019,43,420,6,0,3,0,0,3,NA,0,1,0,3,0,2,29,2,3,2,8,1,2,1,9,NA,6,0,2,9,5,18,116,14,29,2,0,0,0,0,0,NA,0,1,0,3,0,1,11,3,1
212115,37,114,NA,18,NA,80,83,93,57,36,30,30,142,952,24,110,32,21,NA,5,NA,31,50,18,21,4,11,6,87,363,12,20,3,1,NA,1,NA,4,0,1,0,1,1,1,5,20,0,2,25,84,NA,13,NA,55,55,48,20,15,16,14,90,568,11,68,0,0,NA,0,NA,1,2,0,0,0,0,0,1,4,0,0,6,21,NA,3,NA,19,23,35,32,17,12,10,35,299,13,32,2,6,NA,1,NA,0,2,4,3,1,1,2,4,29,0,3
212133,8,28,NA,4,0,11,13,25,7,11,5,6,49,295,13,50,6,3,NA,1,0,3,6,6,1,3,2,2,29,95,1,11,1,0,NA,0,0,0,0,0,0,0,0,0,1,6,0,2,4,19,NA,3,0,3,8,14,3,8,3,2,25,161,10,29,1,0,NA,0,0,0,0,0,0,0,0,0,2,3,0,0,2,7,NA,1,0,5,4,9,4,1,1,4,19,104,3,16,0,1,NA,0,0,2,0,0,0,1,1,0,1,12,0,3
212197,9,32,36,6,4,48,7,14,7,13,10,10,95,393,15,13,8,6,29,2,1,22,3,4,4,2,8,4,59,168,5,2,0,0,0,1,0,1,0,0,0,0,0,0,3,8,0,0,9,27,26,5,3,43,5,12,5,8,10,5,77,329,13,11,0,0,1,0,0,0,1,0,0,0,0,0,6,10,0,2,0,3,7,0,0,3,1,1,2,5,0,4,6,34,2,0,0,1,0,0,0,1,0,0,0,0,0,0,1,4,0,0
212577,13,NA,NA,27,NA,77,NA,NA,NA,NA,76,18,77,514,NA,25,11,NA,NA,9,NA,25,NA,NA,NA,NA,39,3,55,228,NA,3,1,NA,NA,0,NA,8,NA,NA,NA,NA,2,0,0,25,NA,2,4,NA,NA,19,NA,46,NA,NA,NA,NA,36,12,50,291,NA,13,4,NA,NA,1,NA,6,NA,NA,NA,NA,20,2,12,85,NA,1,3,NA,NA,5,NA,14,NA,NA,NA,NA,14,3,11,92,NA,7,0,NA,NA,1,NA,0,NA,NA,NA,NA,0,0,0,1,NA,0
212601,16,20,52,5,5,45,21,20,30,5,4,1,89,559,15,189,11,2,38,1,4,16,9,5,12,0,4,0,67,227,6,33,0,1,0,0,0,2,0,1,0,0,0,0,1,12,0,6,6,17,40,5,2,36,17,12,22,3,4,1,50,417,11,158,5,0,9,0,0,4,2,3,0,0,0,0,20,51,2,4,1,0,1,0,2,3,2,4,6,1,0,0,10,41,2,7,1,1,0,0,0,0,0,0,0,0,0,0,2,10,0,4
212656,22,23,24,5,0,7,5,9,0,6,12,7,63,243,6,13,17,7,20,1,0,0,3,3,0,1,4,4,39,123,2,1,0,0,2,0,0,0,0,0,0,0,0,0,2,4,0,0,22,22,20,5,0,7,5,4,0,4,9,4,45,193,5,12,0,0,0,0,0,0,0,2,0,0,1,2,2,10,0,0,0,1,0,0,0,0,0,1,0,2,2,0,12,24,1,0,0,0,1,0,0,0,0,1,0,0,0,0,0,6,0,1
212674,13,6,NA,18,NA,82,0,51,NA,0,150,29,79,554,NA,NA,9,2,NA,5,NA,23,0,12,NA,0,88,19,48,257,NA,NA,2,0,NA,0,NA,4,0,0,NA,0,3,1,2,14,NA,NA,4,6,NA,13,NA,58,0,39,NA,0,105,19,60,392,NA,NA,4,0,NA,0,NA,2,0,1,NA,0,10,0,3,29,NA,NA,2,0,NA,2,NA,13,0,7,NA,0,23,6,8,81,NA,NA,0,0,NA,2,NA,3,0,0,NA,0,7,0,1,16,NA,NA
212805,44,49,51,16,NA,31,26,17,NA,7,28,8,111,486,17,34,37,14,41,5,NA,10,14,4,NA,0,18,3,78,264,4,10,1,2,1,0,NA,3,0,1,NA,0,1,0,3,13,0,1,37,47,44,14,NA,25,26,16,NA,7,24,7,100,437,14,31,3,0,2,1,NA,0,0,0,NA,0,0,1,1,10,1,0,1,0,0,0,NA,0,0,0,NA,0,0,0,1,2,0,0,0,0,0,0,NA,0,0,0,NA,0,0,0,0,0,0,0
212832,8,21,NA,NA,NA,7,NA,17,12,7,NA,NA,46,366,5,238,6,0,NA,NA,NA,2,NA,4,8,2,NA,NA,25,84,3,31,1,0,NA,NA,NA,1,NA,2,0,1,NA,NA,0,31,0,26,7,17,NA,NA,NA,5,NA,12,10,2,NA,NA,31,232,4,140,0,0,NA,NA,NA,0,NA,0,0,0,NA,NA,0,0,0,0,0,3,NA,NA,NA,0,NA,3,2,3,NA,NA,10,80,1,57,0,1,NA,NA,NA,1,NA,0,0,1,NA,NA,2,18,0,13
212911,20,4,NA,12,0,55,NA,27,NA,NA,75,8,NA,322,NA,0,12,1,NA,4,0,19,NA,7,NA,NA,47,2,NA,155,NA,0,2,1,NA,2,0,8,NA,5,NA,NA,3,0,NA,33,NA,0,14,1,NA,7,0,27,NA,12,NA,NA,39,4,NA,174,NA,0,0,0,NA,0,0,2,NA,3,NA,NA,14,0,NA,28,NA,0,4,2,NA,2,0,12,NA,7,NA,NA,14,2,NA,62,NA,0,0,0,NA,0,0,2,NA,0,NA,NA,0,0,NA,4,NA,0
212984,11,47,NA,4,0,25,8,31,28,NA,NA,4,53,585,0,364,6,5,NA,1,0,4,8,4,13,NA,NA,2,31,120,0,40,3,0,NA,0,0,4,0,1,2,NA,NA,0,1,42,0,31,3,39,NA,2,0,17,5,22,14,NA,NA,4,39,350,0,197,0,0,NA,0,0,0,0,0,0,NA,NA,0,0,0,0,0,4,6,NA,1,0,4,3,7,10,NA,NA,0,10,145,0,99,1,2,NA,1,0,0,0,1,2,NA,NA,0,1,46,0,37
213011,9,27,NA,0,0,3,16,15,12,4,10,1,47,260,6,106,7,3,NA,0,0,0,6,4,4,0,4,1,26,77,3,17,0,0,NA,0,0,0,0,0,0,0,0,0,0,7,0,7,8,24,NA,0,0,1,13,9,8,3,8,1,33,184,5,68,0,0,NA,0,0,0,0,0,1,0,0,0,0,1,0,0,1,3,NA,0,0,2,2,4,1,1,2,0,13,60,1,29,0,0,NA,0,0,0,1,1,0,0,0,0,0,3,0,1
213020,38,72,10,33,35,74,62,86,NA,NA,178,109,277,1408,59,188,32,10,6,7,6,27,37,15,NA,NA,66,23,147,509,28,18,1,0,0,0,0,2,0,0,NA,NA,1,2,6,15,1,1,32,62,8,27,24,60,44,68,NA,NA,129,90,207,1118,45,162,0,1,2,0,0,1,1,0,NA,NA,3,0,5,22,0,8,4,7,0,6,6,9,12,15,NA,NA,38,14,43,197,10,11,1,1,0,0,1,1,0,2,NA,NA,1,1,5,18,1,3
213251,13,17,4,5,2,53,0,16,1,5,14,10,49,273,4,0,8,3,1,2,1,19,0,4,1,0,7,5,34,125,1,0,0,0,0,0,0,3,0,0,0,0,0,1,1,5,0,0,10,13,3,2,0,36,0,12,0,3,9,3,28,188,2,0,2,1,1,0,2,3,0,1,0,1,3,2,9,29,1,0,1,1,0,1,0,7,0,1,0,1,0,1,4,24,1,0,0,0,0,1,0,2,0,2,1,0,0,0,7,17,0,0
213321,16,17,11,5,6,29,23,16,32,0,10,0,101,381,8,78,16,5,10,1,3,5,12,6,21,0,5,0,70,198,6,19,1,0,1,0,0,2,1,0,0,0,0,0,4,13,0,4,14,16,8,4,5,24,17,11,25,0,9,0,72,294,4,61,0,0,0,0,0,0,0,0,0,0,0,0,0,0,0,0,1,0,2,1,0,2,3,5,5,0,1,0,20,54,4,6,0,1,0,0,1,1,1,0,1,0,0,0,2,13,0,5
213349,61,247,NA,32,12,58,60,114,71,41,55,146,226,1369,161,NA,47,46,NA,7,4,15,45,15,33,2,23,44,146,556,84,NA,4,3,NA,0,1,0,0,2,0,1,0,6,8,28,2,NA,34,205,NA,25,5,38,42,79,53,26,41,103,155,1003,126,NA,1,0,NA,1,0,0,0,0,0,0,0,4,5,12,0,NA,15,29,NA,4,2,15,15,20,14,7,10,18,40,225,25,NA,2,5,NA,2,4,5,0,8,3,3,2,5,5,48,3,NA
213358,12,7,NA,5,5,7,1,17,12,NA,7,9,33,170,3,23,8,1,NA,1,1,1,1,1,4,NA,5,4,19,58,2,5,0,0,NA,0,0,0,1,1,0,NA,0,0,1,5,0,2,5,6,NA,5,3,4,0,10,8,NA,3,7,22,112,3,15,7,0,NA,0,1,1,0,3,0,NA,3,0,3,24,0,2,0,1,NA,0,1,2,0,2,4,NA,1,1,4,22,0,2,0,0,NA,0,0,0,0,1,0,NA,0,1,3,7,0,2
213367,15,21,NA,2,1,25,NA,48,28,22,24,9,123,551,31,168,15,8,NA,1,0,13,NA,12,13,4,7,6,65,192,18,22,2,0,NA,0,0,2,NA,3,0,1,2,1,7,32,3,6,6,13,NA,1,0,15,NA,16,7,11,10,5,75,289,16,92,2,1,NA,0,0,0,NA,3,0,0,2,0,7,25,2,7,5,6,NA,1,1,6,NA,24,19,9,9,3,28,181,9,55,0,1,NA,0,0,0,NA,0,0,1,0,0,1,7,0,4
213376,NA,NA,NA,NA,4,NA,NA,NA,16,NA,NA,NA,45,94,NA,29,NA,NA,NA,NA,2,NA,NA,NA,7,NA,NA,NA,24,53,NA,20,NA,NA,NA,NA,0,NA,NA,NA,0,NA,NA,NA,0,0,NA,0,NA,NA,NA,NA,3,NA,NA,NA,10,NA,NA,NA,34,65,NA,18,NA,NA,NA,NA,0,NA,NA,NA,0,NA,NA,NA,0,0,NA,0,NA,NA,NA,NA,1,NA,NA,NA,4,NA,NA,NA,3,12,NA,4,NA,NA,NA,NA,0,NA,NA,NA,2,NA,NA,NA,6,14,NA,6
213385,19,NA,142,21,NA,79,NA,60,NA,NA,180,24,NA,599,NA,NA,11,NA,99,7,NA,17,NA,12,NA,NA,112,13,NA,301,NA,NA,2,NA,5,0,NA,3,NA,1,NA,NA,6,1,NA,22,NA,NA,12,NA,108,17,NA,58,NA,46,NA,NA,128,15,NA,432,NA,NA,1,NA,7,0,NA,3,NA,1,NA,NA,10,1,NA,31,NA,NA,3,NA,13,3,NA,6,NA,10,NA,NA,22,4,NA,71,NA,NA,0,NA,5,0,NA,2,NA,1,NA,NA,4,1,NA,14,NA,NA
213400,NA,28,NA,NA,5,NA,17,16,10,22,NA,19,52,272,6,4,NA,5,NA,NA,1,NA,11,2,4,2,NA,11,33,125,3,0,NA,0,NA,NA,1,NA,0,0,0,1,NA,0,1,3,0,0,NA,22,NA,NA,4,NA,15,12,6,12,NA,14,38,183,5,3,NA,0,NA,NA,0,NA,0,0,0,0,NA,0,0,0,0,0,NA,1,NA,NA,0,NA,2,2,0,7,NA,2,10,53,1,1,NA,1,NA,NA,0,NA,0,2,2,2,NA,1,3,19,0,0
213507,5,32,NA,6,0,24,76,30,NA,1,35,29,66,385,24,30,4,7,NA,3,0,7,25,10,NA,0,19,15,43,165,14,1,0,0,NA,0,0,2,1,1,NA,0,2,2,2,12,0,1,4,29,NA,5,0,17,66,20,NA,1,30,24,56,319,20,25,0,0,NA,0,0,1,1,1,NA,0,0,0,0,5,1,0,0,3,NA,1,0,2,5,5,NA,0,3,3,7,36,3,3,0,0,NA,0,0,0,1,0,NA,0,0,0,0,2,0,0
213543,163,NA,304,9,NA,111,NA,63,NA,NA,65,23,376,1371,24,51,115,NA,206,2,NA,32,NA,10,NA,NA,26,7,243,737,4,10,34,NA,29,0,NA,8,NA,3,NA,NA,5,3,25,127,0,7,71,NA,202,5,NA,79,NA,41,NA,NA,41,15,256,857,13,33,30,NA,18,0,NA,5,NA,7,NA,NA,0,1,32,119,1,0,17,NA,36,4,NA,15,NA,9,NA,NA,16,4,42,193,8,10,5,NA,9,0,NA,2,NA,1,NA,NA,0,0,4,26,0,1
213598,21,NA,1,4,1,15,NA,13,32,43,24,7,48,317,30,64,14,NA,1,0,1,4,NA,2,8,13,4,5,17,111,19,17,0,NA,0,0,0,0,NA,0,0,0,0,0,0,0,0,0,0,NA,0,0,0,1,NA,0,0,0,0,0,1,3,0,1,5,NA,0,0,0,5,NA,0,0,0,1,0,4,16,0,0,15,NA,1,4,0,8,NA,12,30,39,22,7,42,276,29,57,1,NA,0,0,1,0,NA,0,1,3,0,0,0,11,0,3
213668,2,NA,NA,5,NA,29,NA,33,NA,NA,62,17,50,230,0,NA,0,NA,NA,1,NA,6,NA,4,NA,NA,35,6,36,106,0,NA,0,NA,NA,0,NA,1,NA,0,NA,NA,2,0,0,4,0,NA,0,NA,NA,2,NA,19,NA,20,NA,NA,39,7,32,142,0,NA,1,NA,NA,0,NA,1,NA,1,NA,NA,1,0,0,6,0,NA,1,NA,NA,1,NA,3,NA,8,NA,NA,16,9,17,59,0,NA,0,NA,NA,2,NA,1,NA,3,NA,NA,2,1,0,10,0,NA
213826,7,53,NA,7,NA,35,7,21,9,7,1,22,43,385,5,105,4,10,NA,1,NA,12,4,4,5,0,1,7,25,124,4,11,1,0,NA,0,NA,0,0,1,0,0,0,1,2,9,0,2,6,44,NA,5,NA,29,6,19,6,6,1,16,35,309,4,86,0,2,NA,0,NA,1,0,0,0,0,0,0,0,4,0,0,0,2,NA,1,NA,1,1,0,2,1,0,3,2,30,1,12,0,4,NA,1,NA,3,0,1,1,0,0,2,3,27,0,3
213987,29,27,NA,7,8,38,NA,12,37,8,22,43,90,474,9,46,25,6,NA,1,2,10,NA,3,11,3,8,7,55,201,4,9,0,0,NA,0,0,0,NA,0,0,0,0,1,0,3,0,1,23,26,NA,7,6,34,NA,8,29,7,18,37,73,387,7,36,2,0,NA,0,0,3,NA,3,0,0,1,1,6,21,0,1,2,0,NA,0,2,1,NA,1,6,1,3,4,4,38,1,6,1,1,NA,0,0,0,NA,0,0,0,0,0,5,16,1,1
213996,20,81,51,12,NA,27,4,38,5,9,17,47,64,576,26,101,17,17,39,4,NA,13,3,7,1,1,7,13,37,223,7,32,0,2,1,0,NA,1,0,0,1,1,2,0,1,18,3,6,17,76,37,10,NA,21,4,31,4,7,10,37,49,461,19,79,1,0,2,0,NA,2,0,1,0,0,1,5,4,21,0,3,2,3,5,1,NA,0,0,5,0,1,3,4,7,54,4,10,0,0,0,0,NA,1,0,0,0,0,0,0,0,1,0,0
214041,49,156,38,37,NA,68,16,70,11,73,91,104,109,1134,50,119,44,11,34,9,NA,21,11,11,7,5,45,48,63,431,19,18,4,3,0,1,NA,2,0,4,0,0,3,2,1,31,0,4,34,136,26,29,NA,57,13,49,8,50,66,79,89,891,42,96,0,0,0,0,NA,1,1,2,0,0,1,1,4,11,0,1,11,15,10,7,NA,7,2,13,3,22,18,19,13,180,8,18,0,1,0,0,NA,1,0,0,0,0,1,2,1,10,0,0
214069,9,26,NA,3,5,18,6,26,NA,7,12,NA,43,393,3,212,6,7,NA,0,3,9,5,8,NA,1,11,NA,25,123,3,32,1,0,NA,0,0,1,1,0,NA,0,0,NA,2,8,0,3,6,24,NA,3,4,16,5,21,NA,6,9,NA,32,325,1,180,0,0,NA,0,0,0,0,0,NA,0,0,NA,0,1,0,0,0,0,NA,0,0,0,0,2,NA,1,1,NA,3,20,1,11,2,1,NA,0,1,0,0,1,NA,0,0,NA,4,25,1,13
214157,15,17,NA,17,1,40,NA,43,NA,NA,36,28,62,471,1,163,13,2,NA,5,0,12,NA,8,NA,NA,17,8,39,169,1,33,1,0,NA,0,0,0,NA,1,NA,NA,1,0,2,10,0,4,11,14,NA,15,1,30,NA,29,NA,NA,27,24,40,347,1,118,0,0,NA,0,0,0,NA,1,NA,NA,0,0,1,2,0,0,3,2,NA,1,0,4,NA,8,NA,NA,5,3,15,76,0,28,0,1,NA,0,0,4,NA,4,NA,NA,2,1,3,28,0,10
214166,9,5,NA,8,0,9,NA,6,8,NA,2,NA,19,136,0,67,6,0,NA,1,0,3,NA,2,5,NA,2,NA,8,34,0,7,1,0,NA,0,0,0,NA,0,0,NA,0,NA,0,1,0,0,6,5,NA,7,0,6,NA,4,3,NA,2,NA,17,111,0,58,0,0,NA,1,0,1,NA,2,1,NA,0,NA,1,6,0,0,2,0,NA,0,0,2,NA,0,1,NA,0,NA,1,8,0,2,0,0,NA,0,0,0,NA,0,3,NA,0,NA,0,10,0,7
214175,15,0,NA,13,NA,67,NA,64,NA,NA,44,103,106,509,30,16,9,0,NA,3,NA,21,NA,10,NA,NA,19,22,69,190,12,2,0,0,NA,1,NA,6,NA,0,NA,NA,0,0,5,14,0,0,12,0,NA,10,NA,54,NA,48,NA,NA,36,77,80,397,26,11,0,0,NA,0,NA,1,NA,2,NA,NA,1,0,1,8,0,1,3,0,NA,2,NA,2,NA,11,NA,NA,5,14,14,58,3,2,0,0,NA,0,NA,2,NA,1,NA,NA,1,6,3,15,0,1
214272,13,23,1,2,36,11,15,15,60,9,3,0,33,361,15,123,11,2,1,1,14,3,10,2,49,1,3,0,19,145,12,17,1,0,0,0,1,0,0,0,4,0,0,0,2,10,0,2,8,18,1,2,21,6,11,8,39,5,1,0,15,208,8,65,0,0,0,0,0,0,0,0,0,0,0,0,2,2,0,0,3,3,0,0,10,5,2,6,12,4,2,0,12,113,7,45,1,1,0,0,1,0,0,0,3,0,0,0,1,14,0,7
214591,28,14,166,15,6,39,NA,24,NA,NA,14,0,198,645,25,33,25,4,141,1,1,8,NA,6,NA,NA,6,0,145,423,13,6,2,0,4,2,0,1,NA,0,NA,NA,1,0,5,21,0,4,23,14,146,12,4,32,NA,21,NA,NA,11,0,179,556,18,24,3,0,7,0,0,1,NA,0,NA,NA,0,0,3,22,5,1,0,0,4,1,1,5,NA,1,NA,NA,0,0,7,26,1,2,0,0,3,0,0,0,NA,0,NA,NA,0,0,2,6,0,0
214689,13,21,9,4,2,13,7,21,17,NA,1,3,48,278,10,58,11,5,9,2,0,3,4,4,7,NA,0,1,36,124,4,5,0,0,0,0,0,0,0,1,1,NA,0,0,2,6,0,1,11,20,9,3,1,12,7,17,14,NA,0,2,41,239,10,48,0,0,0,0,0,0,0,0,0,NA,0,0,1,2,0,0,1,0,0,0,0,1,0,2,2,NA,0,1,1,15,0,5,0,0,0,0,0,0,0,0,0,NA,0,0,0,2,0,1
214704,40,17,20,1,NA,33,26,14,12,NA,1,0,75,297,8,9,36,3,19,1,NA,14,18,2,9,NA,1,0,49,186,5,3,3,0,0,0,NA,5,1,1,0,NA,0,0,8,21,0,0,29,15,18,0,NA,18,20,8,7,NA,1,0,44,201,6,8,0,0,0,0,NA,0,0,0,0,NA,0,0,1,1,0,0,5,1,1,1,NA,7,5,5,5,NA,0,0,21,64,2,1,1,0,1,0,NA,1,0,0,0,NA,0,0,0,3,0,0
214713,90,32,140,11,3,54,22,22,19,5,21,NA,97,600,10,51,78,9,121,4,2,22,13,6,6,2,13,NA,60,356,7,6,28,2,9,0,0,15,0,1,0,0,1,NA,11,77,2,6,37,27,103,9,2,23,16,14,12,2,12,NA,59,372,4,37,9,0,6,0,0,0,0,1,0,0,1,NA,4,21,0,0,12,2,19,2,1,13,4,4,5,2,5,NA,15,97,4,4,2,1,1,0,0,1,0,1,0,1,0,NA,0,10,0,2
214731,25,NA,7,2,1,16,1,20,NA,NA,NA,NA,27,126,11,NA,19,NA,6,1,1,1,1,8,NA,NA,NA,NA,17,67,8,NA,6,NA,1,0,0,4,0,4,NA,NA,NA,NA,1,16,0,NA,11,NA,6,2,1,4,1,10,NA,NA,NA,NA,19,72,7,NA,0,NA,0,0,0,0,0,1,NA,NA,NA,NA,0,1,0,NA,5,NA,0,0,0,6,0,5,NA,NA,NA,NA,7,29,3,NA,1,NA,0,0,0,1,0,0,NA,NA,NA,NA,0,3,0,NA
214777,1219,399,1620,71,9,742,304,512,296,NA,739,233,1790,10914,807,444,904,81,1200,19,2,177,136,116,82,NA,425,99,1063,5562,297,74,156,5,124,6,0,52,5,30,13,NA,59,14,126,794,24,42,668,339,1041,44,7,472,238,326,207,NA,385,154,1190,7021,547,305,223,16,244,0,0,19,8,44,5,NA,159,11,238,1274,91,8,95,29,129,16,1,126,30,81,57,NA,90,36,151,1179,98,51,30,3,40,1,0,45,12,9,5,NA,14,7,43,281,14,20
214801,114,11,4,13,6,18,2,46,34,NA,1,9,138,460,NA,36,96,1,4,3,2,8,0,10,14,NA,1,5,94,258,NA,6,50,0,0,3,0,3,0,5,1,NA,0,1,17,85,NA,1,38,8,4,7,3,12,1,18,18,NA,0,3,78,221,NA,16,5,0,0,0,0,0,0,0,1,NA,0,0,2,9,NA,1,19,2,0,3,3,2,1,19,12,NA,1,3,35,119,NA,15,1,0,0,0,0,0,0,1,0,NA,0,1,1,7,NA,2
215062,240,NA,222,37,42,375,NA,67,NA,7,358,55,213,2827,62,299,158,NA,124,8,17,146,NA,12,NA,2,190,10,95,1290,11,50,125,NA,69,4,4,154,NA,17,NA,2,74,16,69,835,8,80,30,NA,79,19,26,100,NA,26,NA,4,139,24,65,925,29,124,43,NA,31,2,0,30,NA,6,NA,0,46,4,30,352,2,9,25,NA,21,11,10,58,NA,13,NA,1,69,9,34,473,18,72,11,NA,12,0,2,17,NA,3,NA,0,9,1,10,119,4,3
215114,4,24,NA,1,0,2,7,16,3,7,2,18,30,148,NA,6,3,10,NA,0,0,0,5,5,1,3,2,8,20,79,NA,4,1,0,NA,0,0,0,0,0,0,0,0,3,0,4,NA,0,1,20,NA,0,0,2,3,13,3,3,2,11,16,100,NA,4,1,1,NA,0,0,0,0,0,0,0,0,0,6,8,NA,0,0,1,NA,0,0,0,4,2,0,4,0,1,2,17,NA,1,0,1,NA,0,0,0,0,0,0,0,0,1,1,5,NA,0
215266,12,19,3,6,0,29,19,12,18,NA,9,4,25,176,4,6,9,3,3,2,0,11,13,0,10,NA,6,0,8,73,3,1,0,0,0,0,0,4,0,0,1,NA,0,0,0,5,0,0,10,18,3,4,0,16,14,10,12,NA,7,3,20,136,4,6,0,0,0,0,0,1,1,0,0,NA,0,0,0,2,0,0,1,1,0,2,0,6,2,2,4,NA,2,1,5,27,0,0,0,0,0,0,0,1,1,0,1,NA,0,0,0,3,0,0
215275,15,25,NA,22,0,45,NA,31,10,2,6,0,34,215,NA,4,13,3,NA,8,0,15,NA,3,3,0,2,0,18,79,NA,2,0,0,NA,0,0,1,NA,0,0,0,0,0,1,4,NA,0,12,23,NA,20,0,35,NA,24,10,2,5,0,25,173,NA,3,1,0,NA,0,0,0,NA,0,0,0,0,0,0,1,NA,0,0,1,NA,2,0,4,NA,6,0,0,1,0,5,23,NA,1,1,0,NA,0,0,0,NA,0,0,0,0,0,3,5,NA,0
215284,44,54,91,16,1,39,NA,25,15,NA,18,2,68,404,6,6,36,11,77,9,0,13,NA,2,4,NA,12,1,47,230,3,1,1,0,1,0,0,0,NA,0,0,NA,0,0,0,3,0,0,34,39,73,10,0,30,NA,22,10,NA,14,2,50,312,6,6,1,0,0,0,1,1,NA,0,0,NA,0,0,3,6,0,0,2,4,10,3,0,3,NA,3,2,NA,1,0,6,35,0,0,5,10,6,1,0,5,NA,0,3,NA,2,0,6,39,0,0
215293,459,0,642,194,36,637,35,538,87,38,374,86,511,4798,65,483,313,0,422,70,17,228,15,97,30,6,187,23,304,2051,21,76,97,0,45,8,7,193,4,81,4,2,52,10,53,687,5,56,258,0,424,147,16,329,26,330,53,25,239,59,376,3070,51,337,35,0,64,2,0,22,2,19,2,0,25,6,15,227,0,3,43,0,65,26,12,51,1,76,19,7,38,6,42,521,5,57,4,0,12,3,0,11,0,5,0,0,8,1,5,63,0,9
215442,6,30,9,7,0,8,NA,17,23,9,10,181,108,503,39,NA,6,5,8,1,0,3,NA,1,8,7,6,49,52,179,14,NA,0,0,0,1,0,0,NA,0,1,0,0,8,2,13,1,NA,4,22,5,4,0,5,NA,11,13,8,6,124,74,343,29,NA,0,0,2,0,0,1,NA,1,1,0,1,4,10,23,1,NA,2,7,2,1,0,1,NA,3,7,1,3,34,19,100,8,NA,0,0,0,1,0,1,NA,0,0,0,0,1,1,4,0,NA
215655,42,24,52,5,NA,18,NA,27,75,NA,13,14,213,614,17,83,35,12,36,2,NA,6,NA,7,60,NA,10,10,150,357,3,7,0,0,1,0,NA,0,NA,0,0,NA,0,0,3,4,0,0,35,18,32,5,NA,14,NA,14,53,NA,12,13,161,475,15,74,1,1,12,0,NA,0,NA,2,10,NA,0,0,11,40,0,2,1,2,2,0,NA,0,NA,6,5,NA,1,1,12,36,0,5,0,0,1,0,NA,0,NA,0,0,NA,0,0,2,3,0,0
215743,17,22,12,3,0,30,NA,27,9,5,5,NA,98,415,6,133,15,0,8,2,0,9,NA,3,5,0,2,NA,57,129,2,15,1,0,0,0,0,1,NA,1,0,0,0,NA,0,9,1,4,13,20,10,3,0,28,NA,25,7,5,5,NA,74,362,4,124,0,0,0,0,0,0,NA,0,0,0,0,NA,0,0,0,0,1,0,1,0,0,1,NA,0,1,0,0,NA,11,17,1,1,2,2,1,0,0,0,NA,1,1,0,0,NA,13,27,0,4
215770,19,51,NA,10,7,135,3,49,NA,0,50,14,433,1058,32,213,16,5,NA,3,1,38,1,10,NA,0,18,6,276,458,12,45,3,3,NA,1,1,30,1,1,NA,0,1,0,13,126,1,69,10,44,NA,8,3,62,2,36,NA,0,35,9,343,710,25,100,1,0,NA,0,0,7,0,0,NA,0,1,1,9,24,1,4,5,3,NA,1,3,25,0,11,NA,0,12,3,60,160,5,25,0,0,NA,0,0,2,0,0,NA,0,1,0,3,13,0,7
215798,20,14,15,7,8,22,2,20,NA,0,23,11,63,268,12,8,20,3,14,3,4,12,2,9,NA,0,15,5,47,176,6,5,0,0,0,0,0,2,0,0,NA,0,0,0,1,4,0,1,18,12,12,5,5,16,2,18,NA,0,20,10,50,220,8,4,0,0,1,0,0,1,0,0,NA,0,1,0,2,6,0,0,1,2,1,1,2,0,0,2,NA,0,2,1,6,22,2,1,1,0,1,0,1,1,0,0,NA,0,0,0,1,6,1,0
215929,20,28,14,12,20,104,46,19,33,13,21,3,191,765,49,142,18,2,14,1,7,38,11,4,18,1,13,2,125,312,19,7,2,1,1,0,1,9,4,1,3,0,0,0,5,37,1,8,12,24,11,10,15,72,35,10,25,9,16,3,157,597,36,127,2,0,0,0,0,0,0,0,0,0,0,0,4,6,0,0,2,2,2,0,3,15,6,8,3,1,4,0,20,91,10,5,0,1,0,2,0,5,1,0,1,0,0,0,3,16,0,0
215947,24,32,NA,12,8,29,28,9,21,3,8,18,68,394,2,113,19,2,NA,0,3,9,17,0,7,1,5,6,30,124,2,13,0,0,NA,0,0,5,0,0,1,0,0,0,1,10,0,3,18,30,NA,10,8,23,20,7,17,2,8,15,58,336,1,101,0,0,NA,0,0,0,1,0,0,0,0,0,2,3,0,0,5,1,NA,1,0,0,5,1,3,1,0,2,5,32,1,6,0,0,NA,0,0,1,1,0,0,0,0,0,2,6,0,2
216010,13,121,43,26,4,60,36,72,51,26,34,11,246,865,33,0,11,11,39,5,2,23,20,14,23,5,20,5,170,413,13,0,0,0,2,0,0,2,0,0,1,1,1,0,5,14,1,0,13,111,31,20,4,52,25,56,36,17,19,9,189,683,27,0,0,1,1,0,0,2,0,0,0,0,0,0,5,13,1,0,0,6,4,6,0,2,8,13,14,7,13,1,32,114,2,0,0,0,1,0,0,1,0,0,0,1,0,0,3,6,0,0
216038,109,181,36,23,NA,50,101,79,34,29,80,83,217,1683,77,273,80,22,30,2,NA,14,66,12,20,1,37,20,138,732,22,59,2,0,0,0,NA,1,1,2,0,0,0,3,2,17,0,5,61,166,30,20,NA,40,86,62,32,25,63,65,190,1405,63,231,38,0,1,0,NA,1,2,0,0,0,0,1,0,48,3,1,4,4,4,1,NA,4,11,8,1,3,14,7,13,118,7,15,2,3,1,1,NA,2,0,2,0,0,1,1,4,28,1,7
216278,12,40,NA,33,0,65,NA,33,NA,6,30,31,155,525,59,NA,8,9,NA,9,0,11,NA,7,NA,0,15,8,98,220,26,NA,0,0,NA,0,0,0,NA,2,NA,0,1,1,6,11,0,NA,11,35,NA,25,0,49,NA,26,NA,4,22,18,123,412,47,NA,1,0,NA,0,0,2,NA,0,NA,0,0,1,2,6,0,NA,0,4,NA,7,0,9,NA,5,NA,0,5,8,21,73,8,NA,0,1,NA,0,0,0,NA,0,NA,2,0,1,2,7,1,NA
216287,56,13,29,15,0,47,NA,24,NA,0,103,31,NA,426,0,0,37,7,20,5,0,17,NA,5,NA,0,53,5,NA,206,0,0,15,1,7,4,0,13,NA,3,NA,0,31,6,NA,96,0,0,15,1,9,5,0,13,NA,7,NA,0,26,13,NA,125,0,0,16,0,2,1,0,5,NA,3,NA,0,17,0,NA,58,0,0,5,8,6,1,0,8,NA,8,NA,0,20,8,NA,90,0,0,0,1,1,1,0,2,NA,3,NA,0,3,1,NA,16,0,0
216339,325,173,186,65,21,360,174,355,176,67,221,368,1143,5350,507,584,218,40,136,20,6,105,111,77,59,8,89,166,628,2251,189,88,117,5,35,5,1,108,15,28,12,3,20,20,167,767,26,126,127,134,105,43,10,139,109,177,81,22,126,223,657,2872,303,279,15,1,10,0,2,18,10,11,4,0,9,10,57,180,16,5,48,24,26,15,6,65,24,110,66,32,48,86,181,1163,130,144,10,3,4,1,1,9,3,13,4,5,4,7,42,142,9,10
216366,13,NA,21,NA,NA,26,12,28,2,NA,NA,35,84,997,10,653,9,NA,10,NA,NA,11,6,1,2,NA,NA,9,29,240,5,104,1,NA,1,NA,NA,5,2,4,0,NA,NA,3,5,162,0,132,8,NA,11,NA,NA,10,7,18,1,NA,NA,11,48,538,6,344,0,NA,2,NA,NA,1,0,1,0,NA,NA,2,6,21,0,7,4,NA,4,NA,NA,6,1,4,1,NA,NA,15,21,210,3,133,0,NA,0,NA,NA,2,2,0,0,NA,NA,0,0,18,0,11
216524,13,4,1,15,NA,100,NA,40,NA,1,54,9,27,342,26,NA,12,2,1,5,NA,36,NA,10,NA,1,37,4,21,171,16,NA,0,0,0,0,NA,6,NA,1,NA,0,1,0,0,8,0,NA,12,4,0,15,NA,67,NA,31,NA,1,45,8,22,268,22,NA,0,0,0,0,NA,0,NA,0,NA,0,0,0,0,0,0,NA,1,0,1,0,NA,18,NA,7,NA,0,3,0,4,43,3,NA,0,0,0,0,NA,4,NA,0,NA,0,2,0,1,10,0,NA
216597,60,4,264,14,26,116,NA,118,NA,2,196,4,426,1744,152,175,41,1,175,2,17,41,NA,16,NA,0,102,0,244,776,48,22,6,0,17,1,2,16,NA,7,NA,0,8,0,42,142,5,25,32,3,195,13,15,75,NA,83,NA,1,146,3,290,1215,116,112,6,0,3,0,0,0,NA,1,NA,0,6,0,6,30,3,1,14,1,38,0,7,21,NA,18,NA,1,29,1,56,262,23,30,0,0,2,0,1,2,NA,1,NA,0,2,0,4,19,0,0
216667,14,4,NA,12,NA,22,NA,24,NA,2,17,2,63,216,10,NA,12,0,NA,3,NA,7,NA,8,NA,1,10,0,49,113,3,NA,0,0,NA,0,NA,1,NA,0,NA,0,1,0,2,6,0,NA,11,3,NA,11,NA,15,NA,18,NA,2,12,2,53,174,8,NA,1,0,NA,0,NA,1,NA,2,NA,0,1,0,0,5,0,NA,2,1,NA,1,NA,1,NA,3,NA,0,3,0,5,19,1,NA,0,0,NA,0,NA,0,NA,0,NA,0,0,0,1,1,0,NA
216694,5,19,NA,2,NA,9,NA,10,33,4,16,4,33,233,13,63,4,3,NA,0,NA,4,NA,2,17,0,8,1,23,95,9,13,0,0,NA,0,NA,0,NA,0,0,0,0,0,0,0,0,0,5,18,NA,2,NA,6,NA,8,28,4,16,4,30,208,13,57,0,0,NA,0,NA,1,NA,0,0,0,0,0,0,2,0,1,0,0,NA,0,NA,1,NA,2,4,0,0,0,2,15,0,2,0,0,NA,0,NA,0,NA,0,1,0,0,0,0,3,0,1
216764,79,311,11,119,117,133,172,270,140,48,65,110,775,3035,78,467,64,46,6,33,38,44,72,50,62,6,30,51,451,1130,34,62,11,7,2,0,6,15,4,9,1,1,2,3,24,117,4,24,49,270,3,99,69,93,129,199,104,20,42,91,612,2272,61,324,2,0,0,0,0,0,0,1,0,0,1,1,2,7,0,0,12,25,4,16,34,19,29,48,31,27,16,9,105,498,7,96,2,0,1,0,0,2,0,1,0,0,1,3,8,29,0,7
216807,4,15,1,7,NA,51,10,8,NA,NA,21,6,40,215,12,9,2,4,1,1,NA,15,9,1,NA,NA,10,3,23,95,8,0,0,0,0,0,NA,1,0,0,NA,NA,0,0,0,1,0,0,2,14,1,3,NA,45,8,7,NA,NA,14,6,28,169,10,8,0,0,0,0,NA,0,0,0,NA,NA,0,0,0,1,0,0,1,0,0,2,NA,2,1,0,NA,NA,0,0,5,13,1,0,1,1,0,2,NA,3,1,1,NA,NA,6,0,7,30,1,1
216852,22,14,98,2,2,30,NA,45,10,10,11,1,106,602,10,227,17,2,70,0,0,8,NA,15,4,0,8,0,85,248,7,28,3,0,3,0,0,0,NA,2,1,0,1,0,3,25,0,12,11,13,75,1,1,27,NA,31,9,5,6,1,75,440,8,168,1,0,2,0,0,0,NA,0,0,0,0,0,1,7,0,1,5,0,13,1,1,1,NA,9,0,5,4,0,18,101,2,39,2,0,3,0,0,2,NA,0,0,0,0,0,8,20,0,5
216931,7,33,41,8,57,37,NA,34,NA,1,18,6,77,448,22,80,7,2,30,1,25,12,NA,6,NA,0,6,2,54,174,9,7,0,0,2,0,5,4,NA,1,NA,0,0,0,2,15,0,1,7,25,36,7,47,27,NA,24,NA,1,15,3,54,355,19,69,0,0,1,0,0,3,NA,1,NA,0,0,0,15,23,0,0,0,5,1,1,4,2,NA,5,NA,0,3,2,6,41,2,8,0,0,1,0,0,0,NA,1,NA,0,0,0,0,4,0,1
217013,NA,9,NA,7,2,2,8,4,4,NA,5,1,11,130,1,36,NA,0,NA,0,0,1,8,1,2,NA,2,0,10,28,1,1,NA,0,NA,0,0,0,0,0,0,NA,0,0,0,0,0,0,NA,9,NA,4,2,2,4,1,3,NA,4,1,7,100,0,28,NA,0,NA,0,0,0,0,0,0,NA,0,0,1,1,0,0,NA,0,NA,2,0,0,2,2,1,NA,1,0,2,22,1,7,NA,0,NA,0,0,0,1,1,0,NA,0,0,1,4,0,1
217059,43,38,87,8,0,28,31,26,37,13,11,26,114,694,7,199,39,11,76,0,0,12,24,4,15,1,1,13,79,325,2,32,2,0,2,0,0,0,0,0,0,0,0,0,4,16,1,7,31,35,78,7,0,20,31,22,24,10,7,20,90,542,4,142,0,0,1,0,0,0,0,0,0,0,0,0,1,2,0,0,7,2,5,1,0,8,0,3,10,1,4,6,16,85,2,16,1,0,1,0,0,0,0,0,1,0,0,0,1,32,0,27
217156,282,14,104,87,NA,226,NA,66,NA,1,454,63,5,1944,41,0,184,2,48,20,NA,87,NA,16,NA,1,210,23,4,935,16,0,91,0,16,6,NA,61,NA,7,NA,0,64,10,0,371,1,0,81,3,45,49,NA,80,NA,22,NA,0,226,29,2,829,16,0,50,2,17,9,NA,15,NA,10,NA,1,34,6,0,221,2,0,41,7,15,14,NA,46,NA,17,NA,0,85,9,1,332,14,0,4,0,2,1,NA,5,NA,1,NA,0,11,4,2,49,2,0
217165,12,NA,NA,NA,NA,23,0,16,NA,NA,35,0,636,804,31,7,10,NA,NA,NA,NA,5,0,5,NA,NA,22,0,431,511,14,0,3,NA,NA,NA,NA,1,0,1,NA,NA,0,0,28,34,0,0,4,NA,NA,NA,NA,16,0,6,NA,NA,20,0,494,604,23,6,3,NA,NA,NA,NA,0,0,2,NA,NA,5,0,30,40,0,0,1,NA,NA,NA,NA,4,0,6,NA,NA,6,0,61,90,6,1,1,NA,NA,NA,NA,0,0,0,NA,NA,2,0,10,16,2,0
217235,48,NA,9,NA,2,18,34,41,57,NA,9,8,241,833,32,44,26,NA,6,NA,0,2,16,5,27,NA,3,7,100,312,10,6,1,NA,0,NA,0,1,1,1,3,NA,0,0,10,35,2,2,35,NA,6,NA,2,10,21,24,31,NA,8,7,141,502,16,31,4,NA,0,NA,0,1,0,0,3,NA,0,1,11,41,1,1,7,NA,3,NA,0,5,6,14,18,NA,0,0,64,203,13,6,1,NA,0,NA,0,1,6,1,2,NA,1,0,12,40,0,3
217305,40,NA,NA,NA,NA,NA,NA,NA,11,NA,NA,20,21,162,NA,16,38,NA,NA,NA,NA,NA,NA,NA,7,NA,NA,12,18,123,NA,0,1,NA,NA,NA,NA,NA,NA,NA,0,NA,NA,0,0,2,NA,0,24,NA,NA,NA,NA,NA,NA,NA,6,NA,NA,11,13,103,NA,13,0,NA,NA,NA,NA,NA,NA,NA,0,NA,NA,0,0,0,NA,0,4,NA,NA,NA,NA,NA,NA,NA,1,NA,NA,5,5,26,NA,2,8,NA,NA,NA,NA,NA,NA,NA,4,NA,NA,3,1,24,NA,1
217402,19,48,2,21,5,98,NA,73,2,13,117,14,417,932,2,47,14,2,1,7,2,26,NA,9,2,1,60,4,240,402,1,5,1,1,0,1,0,4,NA,1,0,0,1,1,5,17,0,0,13,37,1,16,3,71,NA,51,2,5,86,7,367,736,2,31,0,1,0,0,0,2,NA,1,0,0,5,1,2,12,0,0,4,4,1,3,2,16,NA,12,0,5,21,4,28,121,0,15,0,1,0,1,0,2,NA,4,0,3,2,1,8,24,0,0
217420,39,105,NA,29,2,21,10,93,43,119,37,55,175,1057,26,255,28,23,NA,8,1,4,5,17,17,18,18,19,86,315,17,31,2,2,NA,0,0,2,0,6,0,0,0,2,16,39,0,8,20,71,NA,16,2,11,8,56,21,54,16,38,77,580,16,145,1,0,NA,0,0,0,0,0,0,0,0,0,1,2,0,0,11,26,NA,11,0,7,2,22,16,52,16,12,60,340,7,86,2,5,NA,0,0,0,0,7,5,12,4,2,21,77,2,12
217484,125,124,316,58,0,279,128,264,NA,21,219,106,516,3544,291,456,110,13,238,18,0,88,66,46,NA,8,97,51,306,1464,138,57,10,1,10,0,0,20,2,3,NA,0,6,2,17,111,1,17,76,111,240,48,0,180,103,200,NA,16,154,82,406,2654,232,350,2,0,5,0,0,6,2,2,NA,0,2,0,5,40,2,1,28,5,45,7,0,53,14,45,NA,4,45,16,57,545,41,74,4,4,4,1,0,8,0,7,NA,0,7,4,15,86,9,8
217493,61,NA,NA,NA,NA,NA,NA,NA,NA,NA,NA,273,NA,513,NA,NA,12,NA,NA,NA,NA,NA,NA,NA,NA,NA,NA,85,NA,164,NA,NA,21,NA,NA,NA,NA,NA,NA,NA,NA,NA,NA,62,NA,128,NA,NA,9,NA,NA,NA,NA,NA,NA,NA,NA,NA,NA,81,NA,116,NA,NA,24,NA,NA,NA,NA,NA,NA,NA,NA,NA,NA,69,NA,184,NA,NA,4,NA,NA,NA,NA,NA,NA,NA,NA,NA,NA,41,NA,56,NA,NA,2,NA,NA,NA,NA,NA,NA,NA,NA,NA,NA,6,NA,9,NA,NA
217518,39,48,46,6,2,56,NA,62,116,7,37,24,202,855,26,13,32,3,34,1,2,15,NA,10,42,5,23,6,137,410,13,3,1,0,1,0,0,4,NA,0,2,0,0,0,2,16,1,0,26,40,36,2,1,44,NA,43,76,3,21,14,158,611,17,13,1,0,0,0,0,0,NA,2,0,0,0,0,6,11,1,0,4,1,6,3,0,5,NA,11,20,3,5,1,18,106,5,0,7,4,2,1,1,3,NA,5,15,1,8,8,13,92,2,0
217536,NA,46,NA,7,7,44,NA,52,38,23,17,13,120,505,11,97,NA,8,NA,0,3,11,NA,3,17,2,9,3,77,159,3,12,NA,0,NA,0,0,0,NA,3,0,1,1,0,1,6,0,0,NA,43,NA,4,4,34,NA,43,31,18,12,10,103,413,7,83,NA,0,NA,0,0,1,NA,1,0,0,2,1,5,14,0,0,NA,3,NA,2,2,6,NA,3,6,2,0,0,6,41,2,8,NA,0,NA,1,1,1,NA,1,0,1,0,1,3,17,2,4
217633,13,109,0,17,NA,34,52,15,28,9,4,66,97,651,31,79,10,12,0,2,NA,13,16,4,14,0,1,13,57,211,14,16,0,0,0,0,NA,2,2,1,0,0,0,1,1,11,1,3,9,101,0,14,NA,28,44,13,23,7,4,57,79,555,23,67,0,1,0,0,NA,0,2,0,0,0,0,1,5,10,0,0,3,3,0,3,NA,2,2,1,0,2,0,5,9,51,5,8,0,1,0,0,NA,0,0,0,0,0,0,1,0,4,1,0
217688,16,49,1,8,6,45,32,44,20,NA,28,19,89,499,10,98,13,11,1,1,0,8,11,7,7,NA,21,7,51,170,3,10,0,0,0,0,0,1,0,1,1,NA,1,1,0,6,0,1,8,19,0,3,3,19,19,20,8,NA,9,5,49,220,6,30,0,0,0,0,0,0,0,2,1,NA,0,0,1,4,0,0,1,1,0,0,1,8,2,6,1,NA,10,1,17,72,2,19,7,28,1,5,2,16,9,14,8,NA,7,12,20,184,2,45
217721,10,4,12,3,6,32,27,22,30,9,0,15,46,257,17,15,6,1,7,0,3,5,23,5,8,0,0,8,25,110,10,3,0,0,0,0,0,0,0,1,0,0,0,0,0,1,0,0,0,0,0,0,0,0,0,0,0,0,0,1,0,1,0,0,5,1,5,0,1,2,2,0,3,0,0,0,4,30,0,2,5,3,7,3,5,29,25,21,27,9,0,13,40,219,15,13,0,0,0,0,0,1,0,0,0,0,0,1,2,6,2,0
217749,22,48,24,6,7,14,36,21,13,NA,6,54,97,524,22,93,21,8,20,0,3,4,15,8,7,NA,1,12,65,229,14,21,2,1,1,0,0,2,2,0,1,NA,2,1,1,19,0,4,17,38,18,6,7,10,27,17,6,NA,1,44,80,408,17,71,2,5,4,0,0,1,0,1,1,NA,0,2,3,32,1,6,1,3,1,0,0,1,5,3,2,NA,3,5,7,49,4,11,0,1,0,0,0,0,0,0,2,NA,0,2,5,11,0,1
217819,79,96,5,50,16,279,NA,185,NA,NA,176,136,493,2074,187,101,54,4,1,12,5,76,NA,15,NA,NA,69,27,220,654,41,7,10,0,1,0,0,13,NA,2,NA,NA,2,2,15,55,2,3,62,82,4,43,13,207,NA,158,NA,NA,142,96,402,1649,154,75,0,0,0,0,0,1,NA,0,NA,NA,0,1,4,9,1,0,7,11,0,2,1,39,NA,15,NA,NA,23,26,40,235,19,18,0,1,0,0,1,5,NA,2,NA,NA,6,1,11,34,3,1
217864,23,7,132,5,NA,24,30,14,44,NA,38,NA,153,580,NA,12,22,6,123,4,NA,15,21,9,29,NA,35,NA,139,492,NA,4,1,0,1,0,NA,0,2,1,1,NA,0,NA,1,8,NA,0,16,5,106,5,NA,18,17,11,28,NA,26,NA,131,452,NA,10,0,0,2,0,NA,0,0,0,0,NA,1,NA,3,6,NA,0,4,1,13,0,NA,5,7,1,11,NA,10,NA,12,76,NA,1,1,0,2,0,NA,0,2,0,1,NA,1,NA,0,8,NA,1
217873,7,23,11,4,0,39,18,66,24,NA,16,6,49,307,11,25,6,5,10,1,0,5,7,9,4,NA,0,4,19,82,6,4,0,0,0,0,0,0,0,0,0,NA,0,0,1,1,0,0,0,2,0,0,0,0,0,0,1,NA,0,0,0,5,0,2,2,0,2,0,0,2,0,0,0,NA,0,0,1,8,1,0,4,21,9,4,0,37,18,65,22,NA,15,6,47,288,10,23,1,0,0,0,0,0,0,0,1,NA,1,0,0,4,0,0
217882,209,226,909,121,0,501,106,327,NA,NA,464,124,1447,5666,32,374,181,40,681,29,0,145,52,52,NA,NA,200,34,843,2711,18,36,1,0,2,0,0,1,0,1,NA,NA,0,0,2,7,0,0,133,197,737,93,0,388,95,257,NA,NA,352,102,1213,4596,27,325,5,0,5,6,0,1,0,2,NA,NA,5,0,9,38,0,1,28,15,97,15,0,63,5,43,NA,NA,68,12,142,609,5,27,3,9,9,3,0,9,3,8,NA,NA,10,2,32,106,0,4
217907,6,7,NA,2,2,8,25,18,0,0,27,13,48,171,4,6,4,2,NA,1,0,1,15,2,0,0,10,5,20,64,3,1,0,0,NA,0,0,0,0,0,0,0,0,0,0,0,0,0,4,4,NA,2,0,4,16,10,0,0,14,7,29,99,2,6,0,0,NA,0,0,0,4,1,0,0,1,0,4,12,1,0,2,2,NA,0,2,4,3,6,0,0,11,4,10,47,1,0,0,1,NA,0,0,0,2,1,0,0,1,2,5,13,0,0
217925,NA,8,NA,0,19,0,11,9,1,14,NA,NA,33,139,6,10,NA,1,NA,0,13,0,10,3,1,1,NA,NA,22,70,1,2,NA,0,NA,0,2,0,0,0,0,1,NA,NA,0,7,0,0,NA,8,NA,0,8,0,3,5,1,6,NA,NA,20,81,3,8,NA,0,NA,0,0,0,3,0,0,0,NA,NA,2,9,1,0,NA,0,NA,0,6,0,5,3,0,4,NA,NA,5,27,2,2,NA,0,NA,0,3,0,0,1,0,2,NA,NA,5,13,0,0
217934,6,51,NA,0,NA,5,8,31,35,15,3,4,37,245,2,33,0,0,NA,0,NA,0,0,3,13,2,1,0,2,23,0,0,0,0,NA,0,NA,0,0,0,0,1,0,0,1,4,0,0,3,30,NA,0,NA,2,3,16,17,2,1,1,12,109,1,17,0,0,NA,0,NA,0,0,0,0,0,0,0,0,0,0,0,2,13,NA,0,NA,3,4,14,10,9,2,3,18,95,1,9,1,8,NA,0,NA,0,1,1,8,3,0,0,5,36,0,7
217961,0,19,NA,4,0,11,NA,11,NA,NA,3,36,35,156,NA,5,0,1,NA,0,0,2,NA,1,NA,NA,2,6,5,20,NA,0,0,0,NA,0,0,0,NA,1,NA,NA,1,3,2,8,NA,1,0,18,NA,3,0,10,NA,9,NA,NA,1,28,26,123,NA,4,0,0,NA,0,0,0,NA,0,NA,NA,0,0,0,0,NA,0,0,1,NA,1,0,1,NA,1,NA,NA,1,5,4,20,NA,0,0,0,NA,0,0,0,NA,0,NA,NA,0,0,3,5,NA,0
218061,9,28,16,10,10,65,NA,51,NA,NA,29,25,97,485,9,100,7,2,13,2,2,20,NA,8,NA,NA,8,7,59,169,5,10,0,0,0,0,0,2,NA,0,NA,NA,0,1,2,11,0,6,5,19,12,7,3,38,NA,18,NA,NA,10,13,57,265,7,49,0,0,1,0,0,0,NA,2,NA,NA,1,1,7,14,0,1,4,6,3,3,7,22,NA,27,NA,NA,17,9,26,172,2,40,0,1,0,0,0,1,NA,2,NA,NA,0,1,3,10,0,1
218070,23,13,NA,13,0,44,70,30,NA,NA,71,13,55,481,36,12,15,3,NA,3,0,12,19,4,NA,NA,46,6,38,211,15,2,3,1,NA,0,0,3,1,3,NA,NA,3,0,1,17,1,1,13,10,NA,10,0,34,50,21,NA,NA,55,9,47,353,25,6,3,1,NA,0,0,0,1,1,NA,NA,3,0,3,18,0,0,2,1,NA,2,0,4,15,4,NA,NA,9,3,4,75,9,2,0,0,NA,1,0,0,1,0,NA,NA,0,0,0,2,0,0
218113,NA,NA,6,NA,NA,NA,NA,NA,NA,NA,NA,NA,NA,6,NA,NA,NA,NA,5,NA,NA,NA,NA,NA,NA,NA,NA,NA,NA,5,NA,NA,NA,NA,0,NA,NA,NA,NA,NA,NA,NA,NA,NA,NA,0,NA,NA,NA,NA,4,NA,NA,NA,NA,NA,NA,NA,NA,NA,NA,4,NA,NA,NA,NA,0,NA,NA,NA,NA,NA,NA,NA,NA,NA,NA,0,NA,NA,NA,NA,2,NA,NA,NA,NA,NA,NA,NA,NA,NA,NA,2,NA,NA,NA,NA,0,NA,NA,NA,NA,NA,NA,NA,NA,NA,NA,0,NA,NA
218229,18,56,NA,12,15,25,41,46,0,18,55,25,213,733,15,132,18,11,NA,1,1,8,13,3,0,0,20,9,100,221,7,8,0,0,NA,0,0,0,0,0,0,0,1,1,1,4,0,0,14,45,NA,11,8,24,30,26,0,10,40,19,133,505,7,86,0,0,NA,0,0,0,1,0,0,0,1,0,8,10,0,0,2,9,NA,1,7,1,5,18,0,7,12,2,52,165,7,36,1,0,NA,0,0,0,1,0,0,0,1,1,5,12,0,3
218238,41,7,NA,2,22,7,10,18,17,60,NA,5,137,375,3,42,32,3,NA,0,6,0,6,1,7,17,NA,2,81,168,2,8,2,0,NA,0,0,0,0,0,1,1,NA,0,0,4,0,0,17,5,NA,2,9,2,5,6,7,20,NA,2,66,163,0,19,0,0,NA,0,0,1,1,0,0,0,NA,0,13,18,1,2,14,0,NA,0,10,1,2,8,7,35,NA,3,40,133,1,11,6,2,NA,0,3,3,1,4,2,3,NA,0,15,49,1,9
218335,NA,NA,NA,NA,NA,NA,NA,NA,NA,NA,NA,NA,NA,167,NA,167,NA,NA,NA,NA,NA,NA,NA,NA,NA,NA,NA,NA,NA,20,NA,20,NA,NA,NA,NA,NA,NA,NA,NA,NA,NA,NA,NA,NA,5,NA,5,NA,NA,NA,NA,NA,NA,NA,NA,NA,NA,NA,NA,NA,124,NA,124,NA,NA,NA,NA,NA,NA,NA,NA,NA,NA,NA,NA,NA,0,NA,0,NA,NA,NA,NA,NA,NA,NA,NA,NA,NA,NA,NA,NA,28,NA,28,NA,NA,NA,NA,NA,NA,NA,NA,NA,NA,NA,NA,NA,1,NA,1
218414,1,13,NA,1,0,18,45,13,16,0,7,15,43,233,3,49,1,9,NA,0,0,3,33,2,7,0,4,7,33,119,1,11,0,0,NA,0,0,0,1,0,0,0,0,0,0,2,0,1,0,6,NA,0,0,10,20,6,7,0,4,7,20,109,0,26,1,1,NA,0,0,4,5,1,0,0,1,0,5,19,0,0,0,3,NA,0,0,0,17,5,8,0,1,7,14,78,2,17,0,2,NA,0,0,3,0,0,0,0,1,0,3,15,1,4
218441,4,76,NA,4,27,15,19,17,8,NA,1,9,61,305,18,19,2,13,NA,0,11,6,14,1,4,NA,0,3,39,124,9,3,0,1,NA,0,1,0,0,0,0,NA,0,0,0,3,1,0,2,58,NA,3,14,10,13,12,4,NA,0,5,32,200,11,17,1,0,NA,0,0,0,0,0,0,NA,0,0,4,5,0,0,1,6,NA,0,4,3,3,3,1,NA,0,3,9,39,1,1,0,9,NA,1,8,2,2,1,2,NA,1,1,11,48,5,1
218539,7,9,NA,12,0,50,NA,28,NA,NA,22,0,51,211,NA,NA,5,0,NA,5,0,18,NA,8,NA,NA,12,0,33,101,NA,NA,0,0,NA,0,0,3,NA,0,NA,NA,0,0,0,3,NA,NA,2,6,NA,10,0,36,NA,22,NA,NA,11,0,33,144,NA,NA,0,0,NA,0,0,2,NA,2,NA,NA,0,0,6,11,NA,NA,5,3,NA,1,0,9,NA,3,NA,NA,10,0,9,45,NA,NA,0,0,NA,0,0,0,NA,0,NA,NA,0,0,0,0,NA,NA
218645,38,48,15,8,6,39,44,49,NA,NA,27,19,134,607,49,114,31,5,11,2,3,7,14,6,NA,NA,13,4,73,211,16,17,1,1,0,0,0,1,0,0,NA,NA,0,0,2,5,0,0,26,36,13,6,2,24,25,33,NA,NA,12,9,91,398,31,76,5,0,0,0,0,0,1,1,NA,NA,0,0,6,14,1,0,4,9,2,1,3,10,15,14,NA,NA,13,9,26,155,17,30,0,0,0,1,0,0,0,0,NA,NA,1,0,0,3,0,1
218654,14,11,NA,6,17,27,NA,65,NA,NA,39,12,74,377,11,84,11,3,NA,0,5,9,NA,15,NA,NA,3,4,40,111,5,8,0,0,NA,0,0,1,NA,0,NA,NA,1,0,0,3,0,1,9,7,NA,3,11,13,NA,46,NA,NA,15,6,46,237,9,60,0,0,NA,0,0,1,NA,1,NA,NA,0,0,4,7,0,0,5,2,NA,1,4,12,NA,13,NA,NA,21,6,19,108,2,21,0,1,NA,0,1,0,NA,0,NA,NA,0,0,2,4,0,0
218663,236,165,369,70,123,653,248,369,202,33,353,201,1539,5954,356,748,192,23,277,17,66,206,180,67,84,3,202,87,848,2585,102,98,29,2,23,1,4,44,2,15,3,0,8,9,70,268,5,40,141,133,255,53,83,462,189,252,142,21,257,127,1198,4384,281,564,9,0,17,0,2,7,10,3,0,0,4,2,66,133,1,9,39,24,53,8,29,108,33,78,44,9,63,42,133,838,54,86,3,1,9,3,1,5,5,3,1,0,4,6,21,80,7,8
218724,40,113,14,19,63,227,248,122,19,NA,83,91,424,1831,130,84,32,16,11,5,24,60,149,20,3,NA,29,34,235,752,47,13,4,2,0,0,0,4,0,0,0,NA,1,0,9,23,0,1,26,92,10,17,38,177,169,77,17,NA,54,63,325,1321,96,46,0,0,0,0,2,3,6,1,0,NA,0,0,6,20,0,1,7,14,4,2,16,29,56,32,1,NA,20,21,56,335,27,31,0,3,0,0,3,4,5,2,1,NA,4,6,13,55,3,0
218733,15,24,12,2,0,23,5,17,18,9,6,9,36,268,7,18,14,16,8,0,0,3,4,1,6,0,3,4,15,107,4,1,0,0,0,0,0,0,0,0,0,0,0,0,0,1,0,0,0,1,0,0,0,0,0,0,0,0,0,0,3,8,0,1,0,0,0,0,0,0,0,0,0,0,0,0,0,0,0,0,15,23,11,2,0,22,5,17,18,9,6,9,31,253,5,17,0,0,0,0,0,1,0,0,0,0,0,0,1,3,1,0
218742,81,95,7,22,55,90,NA,64,81,NA,26,29,119,1002,33,260,59,27,7,6,18,26,NA,16,23,NA,9,11,64,322,14,24,7,1,0,0,1,1,NA,2,0,NA,0,0,9,24,0,2,43,72,6,19,27,36,NA,32,44,NA,13,16,56,534,11,133,1,0,0,0,2,3,NA,0,0,NA,0,1,6,17,0,4,28,19,1,3,23,46,NA,25,33,NA,10,8,36,369,19,108,0,0,0,0,0,1,NA,2,1,NA,0,1,4,13,0,4
218821,NA,NA,NA,NA,NA,NA,NA,0,NA,NA,NA,NA,35,67,NA,NA,NA,NA,NA,NA,NA,NA,NA,0,NA,NA,NA,NA,22,32,NA,NA,NA,NA,NA,NA,NA,NA,NA,0,NA,NA,NA,NA,0,1,NA,NA,NA,NA,NA,NA,NA,NA,NA,0,NA,NA,NA,NA,22,41,NA,NA,NA,NA,NA,NA,NA,NA,NA,0,NA,NA,NA,NA,1,1,NA,NA,NA,NA,NA,NA,NA,NA,NA,0,NA,NA,NA,NA,11,23,NA,NA,NA,NA,NA,NA,NA,NA,NA,0,NA,NA,NA,NA,0,0,NA,NA
218964,20,103,NA,19,0,61,53,56,NA,26,53,105,178,812,38,0,17,16,NA,2,0,19,27,8,NA,3,17,28,87,260,8,0,2,1,NA,0,0,1,0,0,NA,0,2,2,3,12,0,0,15,69,NA,11,0,35,30,27,NA,8,29,57,92,448,17,0,0,0,NA,0,0,1,1,2,NA,0,1,0,2,10,2,0,3,28,NA,6,0,20,20,24,NA,18,18,42,70,301,16,0,0,0,NA,0,0,1,0,0,NA,0,1,0,0,3,0,0
218973,13,0,NA,23,7,94,NA,47,NA,NA,59,7,126,452,NA,NA,12,0,NA,7,0,28,NA,6,NA,NA,25,0,91,204,NA,NA,0,0,NA,0,0,5,NA,0,NA,NA,2,0,0,8,NA,NA,12,0,NA,22,7,73,NA,38,NA,NA,45,7,109,370,NA,NA,0,0,NA,0,0,0,NA,0,NA,NA,1,0,3,4,NA,NA,1,0,NA,1,0,10,NA,4,NA,NA,7,0,11,49,NA,NA,0,0,NA,0,0,2,NA,0,NA,NA,0,0,0,3,NA,NA
219000,9,32,0,14,5,52,39,25,NA,NA,22,12,54,351,1,50,8,12,0,1,3,22,20,5,NA,NA,7,4,26,135,0,11,0,0,0,0,0,0,0,0,NA,NA,0,0,4,5,0,0,4,28,0,13,4,44,33,19,NA,NA,14,12,41,286,1,41,4,0,0,0,0,3,1,2,NA,NA,3,0,4,24,0,5,1,4,0,1,0,3,5,2,NA,NA,2,0,2,24,0,3,0,0,0,0,1,1,0,0,NA,NA,2,0,0,5,0,1
219046,NA,53,NA,11,14,18,28,30,NA,20,17,28,65,319,8,NA,NA,6,NA,3,7,4,13,3,NA,2,4,7,29,94,3,NA,NA,1,NA,0,0,0,1,0,NA,0,0,0,0,2,0,NA,NA,49,NA,9,10,16,23,28,NA,14,15,25,61,280,8,NA,NA,0,NA,0,0,0,0,0,NA,0,0,0,1,2,0,NA,NA,1,NA,1,1,0,2,2,NA,4,1,0,1,15,0,NA,NA,1,NA,0,2,1,2,0,NA,1,0,1,2,12,0,NA
219082,221,58,NA,6,18,3,10,NA,NA,NA,NA,NA,18,355,NA,6,183,21,NA,2,13,3,6,NA,NA,NA,NA,NA,17,254,NA,0,13,0,NA,0,1,0,0,NA,NA,NA,NA,NA,0,14,NA,0,176,56,NA,4,12,2,7,NA,NA,NA,NA,NA,15,293,NA,6,4,0,NA,0,1,0,1,NA,NA,NA,NA,NA,0,6,NA,0,12,2,NA,1,3,1,2,NA,NA,NA,NA,NA,3,24,NA,0,6,0,NA,0,1,0,0,NA,NA,NA,NA,NA,0,7,NA,0
219198,NA,37,NA,1,0,3,31,4,6,NA,5,1,23,149,NA,32,NA,16,NA,0,0,3,17,3,4,NA,1,1,18,70,NA,4,NA,0,NA,0,0,0,0,0,0,NA,0,0,1,1,NA,0,NA,29,NA,1,0,2,14,3,5,NA,4,0,11,93,NA,21,NA,4,NA,0,0,0,4,0,0,NA,0,0,2,11,NA,1,NA,2,NA,0,0,0,7,1,1,NA,1,0,6,25,NA,6,NA,1,NA,0,0,0,5,0,0,NA,0,1,2,14,NA,3
219240,NA,NA,NA,NA,NA,NA,NA,NA,NA,NA,NA,NA,14,28,NA,NA,NA,NA,NA,NA,NA,NA,NA,NA,NA,NA,NA,NA,5,12,NA,NA,NA,NA,NA,NA,NA,NA,NA,NA,NA,NA,NA,NA,1,1,NA,NA,NA,NA,NA,NA,NA,NA,NA,NA,NA,NA,NA,NA,13,27,NA,NA,NA,NA,NA,NA,NA,NA,NA,NA,NA,NA,NA,NA,0,0,NA,NA,NA,NA,NA,NA,NA,NA,NA,NA,NA,NA,NA,NA,0,0,NA,NA,NA,NA,NA,NA,NA,NA,NA,NA,NA,NA,NA,NA,0,0,NA,NA
219259,3,56,NA,11,4,41,12,18,12,NA,8,7,57,235,NA,1,3,13,NA,3,1,13,9,2,3,NA,2,0,29,81,NA,0,0,0,NA,0,0,0,0,0,0,NA,0,2,1,4,NA,1,3,51,NA,10,3,34,9,13,9,NA,6,5,49,195,NA,0,0,0,NA,0,0,1,0,2,0,NA,0,0,2,5,NA,0,0,5,NA,0,1,4,2,0,2,NA,1,0,3,19,NA,0,0,0,NA,1,0,1,1,1,1,NA,1,0,0,7,NA,0
219277,6,10,NA,0,NA,NA,NA,NA,NA,10,0,NA,21,68,NA,NA,6,0,NA,0,NA,NA,NA,NA,NA,4,0,NA,3,20,NA,NA,0,0,NA,0,NA,NA,NA,NA,NA,0,0,NA,0,0,NA,NA,0,2,NA,0,NA,NA,NA,NA,NA,0,0,NA,0,4,NA,NA,0,0,NA,0,NA,NA,NA,NA,NA,0,0,NA,0,0,NA,NA,0,0,NA,0,NA,NA,NA,NA,NA,0,0,NA,0,0,NA,NA,6,8,NA,0,NA,NA,NA,NA,NA,10,0,NA,21,64,NA,NA
219347,35,NA,264,NA,NA,12,NA,NA,NA,NA,NA,NA,NA,357,NA,NA,31,NA,208,NA,NA,4,NA,NA,NA,NA,NA,NA,NA,271,NA,NA,1,NA,4,NA,NA,0,NA,NA,NA,NA,NA,NA,NA,6,NA,NA,32,NA,226,NA,NA,10,NA,NA,NA,NA,NA,NA,NA,309,NA,NA,0,NA,4,NA,NA,1,NA,NA,NA,NA,NA,NA,NA,6,NA,NA,1,NA,16,NA,NA,1,NA,NA,NA,NA,NA,NA,NA,20,NA,NA,0,NA,6,NA,NA,0,NA,NA,NA,NA,NA,NA,NA,6,NA,NA
219356,11,122,156,12,42,117,70,76,NA,NA,64,50,201,1925,41,410,10,23,129,1,25,36,38,13,NA,NA,25,14,134,811,15,58,1,1,3,0,0,1,0,1,NA,NA,0,0,1,22,1,12,10,115,129,12,37,107,68,69,NA,NA,54,43,181,1711,32,355,0,0,15,0,0,2,1,1,NA,NA,3,1,6,50,2,8,0,2,6,0,2,3,1,4,NA,NA,3,4,9,78,2,22,0,2,1,0,2,1,0,0,NA,NA,1,0,2,32,2,7
219383,8,25,NA,3,3,11,22,33,18,10,7,11,72,298,16,47,6,4,NA,1,0,4,12,5,3,0,4,5,45,114,12,7,1,1,NA,0,0,0,0,1,0,0,0,0,0,8,1,4,6,24,NA,2,3,7,17,24,13,8,6,10,63,242,13,36,0,0,NA,0,0,0,1,1,0,0,0,1,0,3,0,0,0,0,NA,1,0,4,2,2,2,1,1,0,5,25,1,4,0,0,NA,0,0,0,1,0,2,0,0,0,1,5,0,1
219471,9,72,10,8,38,72,59,71,42,NA,45,26,220,1084,54,307,9,18,3,1,20,21,26,9,12,NA,23,10,141,366,19,30,0,0,0,0,0,1,0,1,0,NA,2,0,1,8,0,1,7,67,6,7,28,62,55,61,35,NA,37,19,201,945,43,278,1,0,2,0,0,3,1,1,0,NA,0,2,2,17,1,1,1,1,1,0,6,4,2,4,2,NA,5,4,10,68,8,17,0,0,0,0,2,0,0,3,3,NA,1,0,2,18,0,5
219602,59,68,3,29,113,48,134,93,80,30,56,77,177,1316,34,207,44,7,2,4,57,16,41,15,30,6,25,18,93,462,19,31,1,3,0,0,1,3,1,1,1,0,1,1,3,27,0,10,45,47,2,19,52,27,63,48,47,12,27,52,92,766,23,137,0,0,0,0,1,1,0,1,0,0,0,0,1,7,0,2,10,14,0,9,46,14,57,30,25,13,23,14,51,383,9,42,2,1,1,0,4,1,4,0,2,2,2,4,11,46,0,11
219709,22,41,4,15,16,65,49,48,NA,20,26,689,157,1610,70,198,12,7,3,3,12,20,20,5,NA,0,9,233,69,534,16,15,5,0,0,0,0,11,0,3,NA,0,0,10,10,48,1,4,16,33,4,13,15,44,38,35,NA,18,16,580,115,1306,62,158,0,1,0,0,0,0,1,1,NA,0,1,5,4,17,0,3,0,4,0,2,1,6,8,8,NA,1,6,59,17,159,5,27,0,0,0,0,0,0,0,0,NA,0,0,11,3,17,1,1
219718,NA,20,NA,1,0,3,24,14,138,4,3,5,146,391,NA,25,NA,8,NA,0,0,2,8,2,80,0,0,1,71,192,NA,12,NA,0,NA,0,0,0,0,0,1,0,0,0,0,1,NA,0,NA,13,NA,1,0,2,14,6,106,2,2,2,75,243,NA,14,NA,0,NA,0,0,1,1,3,0,0,0,0,7,14,NA,2,NA,7,NA,0,0,0,7,4,25,1,1,2,52,102,NA,3,NA,0,NA,0,0,0,0,0,4,0,0,0,4,9,NA,1
219790,NA,19,9,3,8,8,19,25,13,NA,0,1,53,183,10,1,NA,8,7,2,1,4,12,8,7,NA,0,0,29,85,0,0,NA,0,0,0,0,0,0,0,0,NA,0,0,0,0,0,0,NA,19,7,2,6,7,14,23,13,NA,0,1,49,163,10,0,NA,0,0,0,0,0,0,0,0,NA,0,0,2,3,0,0,NA,0,2,0,0,0,3,2,0,NA,0,0,0,8,0,1,NA,0,0,0,2,1,0,0,0,NA,0,0,1,4,0,0
219806,5,23,0,2,6,13,49,19,NA,9,13,23,60,302,14,37,3,3,0,1,0,4,32,4,NA,1,8,9,42,130,4,5,1,0,0,0,0,0,0,0,NA,0,0,0,0,2,0,0,3,19,0,0,3,12,34,14,NA,6,10,19,43,226,10,29,0,0,0,0,1,1,4,0,NA,0,0,0,6,18,2,4,1,1,0,1,1,0,10,4,NA,2,3,4,8,40,2,2,0,1,0,0,0,0,0,1,NA,0,0,0,1,6,0,1
219833,16,3,38,6,2,16,0,26,2,NA,NA,1,66,259,NA,50,14,0,25,1,0,4,0,6,2,NA,NA,0,29,103,NA,3,1,0,0,0,0,1,0,0,0,NA,NA,0,1,4,NA,0,9,3,11,4,1,8,0,8,2,NA,NA,0,16,81,NA,12,0,0,4,0,0,0,0,0,0,NA,NA,0,8,16,NA,1,2,0,10,0,0,3,0,11,0,NA,NA,1,22,79,NA,19,2,0,8,1,0,0,0,6,0,NA,NA,0,9,39,NA,10
219949,4,8,NA,12,11,9,30,26,20,NA,1,11,80,293,NA,70,4,1,NA,2,5,1,22,8,6,NA,1,1,45,117,NA,13,0,0,NA,0,0,0,1,1,0,NA,0,0,4,8,NA,2,0,7,NA,11,7,6,15,13,13,NA,0,8,42,169,NA,42,1,0,NA,0,0,2,6,2,0,NA,0,0,5,19,NA,1,1,0,NA,0,4,0,7,8,6,NA,0,1,20,65,NA,16,0,1,NA,1,0,1,1,2,1,NA,1,2,9,30,NA,9
219976,19,21,46,17,3,66,26,56,1,14,9,104,137,725,16,86,13,3,31,6,0,29,15,9,0,1,2,35,65,265,6,7,0,1,4,0,0,7,0,0,0,1,2,1,5,25,0,3,12,16,31,14,3,48,20,43,1,12,2,83,109,544,13,68,1,0,1,0,0,1,0,2,0,0,1,0,5,14,0,1,5,3,8,3,0,7,5,8,0,1,2,18,17,112,2,9,1,1,2,0,0,1,0,2,0,0,0,0,0,10,0,2
220075,78,85,4,73,75,80,142,134,63,54,52,90,272,2193,56,711,68,7,4,15,38,32,85,26,17,7,25,25,158,796,28,129,3,1,0,3,1,2,1,1,0,1,0,3,3,38,1,15,59,75,4,59,51,64,110,95,50,36,38,70,222,1677,42,521,1,0,0,1,4,0,3,4,1,0,1,0,7,35,0,12,7,3,0,1,11,8,13,16,5,6,6,7,19,232,9,101,4,4,0,6,4,4,7,12,4,6,3,8,13,138,4,48
220181,19,1,NA,2,5,39,NA,13,1,NA,11,5,9,112,NA,NA,12,0,NA,1,3,7,NA,3,1,NA,3,2,3,38,NA,NA,1,0,NA,0,0,0,NA,0,0,NA,0,0,0,1,NA,NA,0,0,NA,0,0,0,NA,0,0,NA,0,0,0,0,NA,NA,0,0,NA,0,0,0,NA,0,0,NA,0,0,0,0,NA,NA,16,1,NA,2,5,39,NA,12,1,NA,10,5,9,107,NA,NA,2,0,NA,0,0,0,NA,1,0,NA,1,0,0,4,NA,NA
220215,17,33,1,12,NA,23,33,29,20,10,4,45,56,410,15,37,13,4,1,2,NA,9,21,10,10,0,2,16,37,173,8,3,1,0,0,0,NA,0,0,0,1,0,0,0,1,5,0,2,12,30,1,10,NA,20,29,24,16,9,3,40,50,357,12,33,0,0,0,0,NA,0,0,0,0,0,0,0,0,0,0,0,1,2,0,0,NA,3,2,4,3,1,1,3,0,25,1,1,2,1,0,2,NA,0,2,1,0,0,0,2,4,21,2,1
220516,17,15,1,4,NA,12,20,32,8,41,2,6,74,327,4,68,12,1,1,1,NA,3,12,4,5,2,2,3,42,117,1,12,1,0,0,0,NA,0,0,0,0,1,1,0,2,6,0,1,13,15,1,4,NA,9,9,27,6,35,0,4,58,263,4,62,0,0,0,0,NA,0,3,1,1,0,0,1,4,11,0,0,1,0,0,0,NA,2,6,1,0,5,1,1,7,34,0,5,1,0,0,0,NA,0,0,1,0,0,0,0,2,4,0,0
220552,17,4,NA,NA,NA,NA,NA,0,22,NA,NA,NA,23,499,NA,428,11,0,NA,NA,NA,NA,NA,0,4,NA,NA,NA,9,94,NA,70,0,0,NA,NA,NA,NA,NA,0,0,NA,NA,NA,1,12,NA,10,12,4,NA,NA,NA,NA,NA,0,17,NA,NA,NA,11,313,NA,267,0,0,NA,NA,NA,NA,NA,0,0,NA,NA,NA,1,10,NA,9,2,0,NA,NA,NA,NA,NA,0,3,NA,NA,NA,6,125,NA,112,2,0,NA,NA,NA,NA,NA,0,0,NA,NA,NA,3,15,NA,10
220613,12,56,0,9,36,12,15,54,7,6,26,48,108,688,41,103,9,8,0,4,12,4,7,10,3,1,7,23,67,260,17,22,0,0,0,0,1,0,0,1,0,0,0,0,2,9,1,2,12,53,0,8,30,10,12,45,7,6,25,42,86,590,33,90,0,0,0,0,0,0,1,0,0,0,1,2,9,16,2,1,0,1,0,0,1,0,2,6,0,0,0,1,6,35,2,6,0,0,0,0,1,1,0,2,0,0,0,0,2,15,1,2
220631,1,6,0,6,3,22,27,12,7,5,2,1,34,261,2,110,1,1,0,1,1,7,8,0,4,1,0,0,22,68,0,9,0,0,0,0,0,0,0,0,0,0,0,0,0,7,0,6,1,6,0,5,1,20,17,12,5,4,2,1,24,201,2,81,0,0,0,0,0,0,7,0,0,0,0,0,7,15,0,0,0,0,0,1,2,1,1,0,1,1,0,0,0,28,0,20,0,0,0,0,0,1,2,0,1,0,0,0,3,10,0,3
220701,4,10,NA,3,20,14,26,NA,9,NA,NA,0,43,149,NA,14,3,1,NA,1,8,6,14,NA,5,NA,NA,0,23,64,NA,3,0,0,NA,0,0,0,0,NA,0,NA,NA,0,1,1,NA,0,4,8,NA,2,13,13,20,NA,9,NA,NA,0,32,120,NA,13,0,0,NA,0,2,1,3,NA,0,NA,NA,0,3,9,NA,0,0,0,NA,0,5,0,1,NA,0,NA,NA,0,3,9,NA,0,0,2,NA,1,0,0,2,NA,0,NA,NA,0,2,8,NA,1
220710,5,20,3,4,NA,22,6,13,NA,NA,14,17,38,209,NA,21,2,9,1,0,NA,6,3,0,NA,NA,3,4,28,83,NA,9,0,0,0,0,NA,0,0,0,NA,NA,0,0,0,2,NA,0,3,18,2,4,NA,20,6,9,NA,NA,9,13,28,161,NA,13,1,1,0,0,NA,1,0,0,NA,NA,3,0,3,9,NA,0,1,1,1,0,NA,1,0,3,NA,NA,2,1,5,27,NA,5,0,0,0,0,NA,0,0,1,NA,NA,0,0,1,2,NA,0
220862,79,114,172,59,67,70,430,204,90,56,100,136,533,2967,135,329,67,15,124,13,40,22,121,43,25,6,30,44,295,1101,53,36,14,1,20,0,0,5,21,6,1,0,2,4,26,138,4,23,33,59,84,36,19,40,148,92,31,25,42,84,265,1350,67,144,5,2,4,0,2,0,6,2,0,0,1,1,5,35,2,1,24,42,49,20,42,24,231,88,56,28,47,41,204,1269,56,143,0,3,5,0,0,0,4,3,1,0,4,3,11,48,0,5
220978,112,98,52,97,106,253,217,307,160,42,166,588,888,4888,210,170,95,2,45,18,46,85,130,48,53,4,70,304,495,2257,96,18,11,2,1,1,8,20,7,12,3,0,7,22,44,196,9,4,60,81,43,80,70,158,116,196,98,26,119,438,582,3337,136,123,2,0,0,0,0,8,3,1,0,0,4,0,26,111,0,3,28,13,4,14,25,51,84,75,52,15,29,99,190,1008,49,35,0,0,3,1,0,7,0,8,1,0,1,3,21,64,5,2
221351,36,8,NA,21,8,81,NA,29,NA,NA,84,11,53,429,3,14,25,0,NA,9,0,25,NA,11,NA,NA,36,1,37,187,1,3,5,0,NA,0,0,14,NA,1,NA,NA,3,0,3,31,0,2,16,3,NA,15,0,43,NA,15,NA,NA,63,9,39,273,2,8,6,0,NA,0,8,2,NA,0,NA,NA,0,0,1,19,0,1,8,4,NA,5,0,14,NA,9,NA,NA,12,2,7,75,1,2,1,0,NA,0,0,2,NA,1,NA,NA,0,0,0,5,0,0
221519,7,NA,NA,40,NA,52,NA,47,NA,NA,92,19,20,401,NA,NA,5,NA,NA,18,NA,15,NA,8,NA,NA,52,8,16,181,NA,NA,0,NA,NA,0,NA,2,NA,0,NA,NA,1,1,0,4,NA,NA,2,NA,NA,31,NA,36,NA,35,NA,NA,73,15,17,306,NA,NA,4,NA,NA,0,NA,2,NA,2,NA,NA,8,1,0,26,NA,NA,1,NA,NA,6,NA,10,NA,8,NA,NA,8,2,1,49,NA,NA,0,NA,NA,0,NA,1,NA,0,NA,NA,0,0,0,1,NA,NA
221661,11,17,0,9,0,53,27,27,NA,11,3,33,69,395,13,84,8,4,0,3,0,28,11,6,NA,1,0,15,51,178,4,17,0,0,0,1,0,18,3,7,NA,0,0,3,3,48,1,10,4,10,0,6,0,16,10,8,NA,5,2,14,32,160,5,33,1,1,0,0,0,5,0,2,NA,0,0,2,4,23,0,5,5,6,0,1,0,10,10,10,NA,5,1,12,25,133,5,29,0,0,0,0,0,0,0,0,NA,0,0,0,2,4,0,2
221731,0,21,1,2,1,9,22,11,14,9,0,1,51,249,4,97,0,6,0,0,1,1,16,2,9,1,0,1,25,79,2,13,0,0,0,0,0,0,1,0,0,0,0,0,1,6,0,3,0,19,1,2,1,6,10,8,10,8,0,1,33,188,3,84,0,0,0,0,0,2,6,0,0,0,0,0,10,21,0,1,0,1,0,0,0,1,3,1,4,1,0,0,4,22,1,6,0,1,0,0,0,0,1,0,0,0,0,0,2,7,0,3
221740,85,148,123,26,17,92,196,241,99,38,89,100,446,2154,111,96,64,15,105,7,2,29,85,40,29,4,35,23,244,882,37,17,5,1,4,0,3,10,1,5,2,0,4,3,21,70,4,1,60,127,94,21,10,66,156,174,72,32,62,79,343,1657,85,86,0,0,3,0,1,2,3,1,0,0,1,1,3,15,0,0,17,15,15,4,3,13,28,44,19,5,17,12,62,313,17,5,0,3,5,0,0,0,1,4,1,0,1,1,5,29,0,2
221759,178,69,601,68,NA,372,398,341,NA,100,416,134,1713,6048,416,377,145,5,432,16,NA,129,159,56,NA,7,174,47,1046,2698,140,21,25,0,40,1,NA,33,16,12,NA,2,10,7,59,244,7,7,125,62,452,58,NA,254,320,250,NA,79,316,104,1424,4822,323,328,6,0,3,0,NA,2,2,0,NA,1,4,1,13,37,3,0,15,5,69,3,NA,58,40,53,NA,11,65,18,130,611,56,29,2,0,8,2,NA,6,3,2,NA,1,4,1,17,63,4,4
221768,16,62,22,7,NA,27,75,23,34,21,18,31,155,996,18,46,15,13,17,2,NA,4,23,2,14,0,4,14,81,381,7,4,1,0,0,0,NA,0,2,0,0,0,0,0,0,6,0,0,13,58,16,6,NA,23,56,20,23,14,15,25,138,818,13,39,1,0,0,0,NA,0,0,0,0,0,0,0,0,2,0,0,1,2,4,1,NA,4,16,2,9,6,3,5,14,141,4,4,0,0,0,0,NA,0,0,0,0,0,0,0,0,1,0,0
221838,23,35,42,1,12,45,23,48,40,13,37,20,133,710,34,126,14,14,27,0,4,9,11,10,7,2,8,8,68,239,10,26,2,0,0,0,0,0,0,0,0,0,0,0,2,6,0,2,2,4,12,0,2,4,3,5,4,2,5,0,6,71,1,15,0,2,4,0,0,0,0,0,0,0,0,0,4,18,0,6,18,24,24,1,10,38,20,41,35,11,30,19,118,590,33,101,0,1,1,0,0,0,0,0,0,0,0,0,2,5,0,1
221847,112,197,288,13,16,93,109,49,NA,NA,76,69,312,1834,15,152,97,19,238,4,7,33,60,18,NA,NA,32,24,199,929,3,23,10,1,11,0,1,2,1,0,NA,NA,0,2,7,41,0,3,79,184,225,12,14,81,87,40,NA,NA,63,57,256,1519,11,130,4,1,8,0,0,0,0,1,NA,NA,3,0,9,30,0,1,13,8,27,1,1,8,18,7,NA,NA,7,7,22,166,3,13,1,2,2,0,0,0,0,0,NA,NA,1,2,8,23,0,2
221892,24,17,4,6,3,14,11,46,10,5,0,17,125,380,12,28,13,4,3,2,2,0,7,5,6,1,0,11,51,140,4,8,1,0,0,1,0,0,0,0,0,0,0,1,1,4,0,0,10,13,2,3,2,7,8,31,5,3,0,12,62,220,7,16,4,1,1,0,0,1,2,3,0,0,0,0,12,31,2,0,5,3,1,1,1,5,1,10,4,2,0,1,38,89,2,10,3,0,0,0,0,0,0,1,1,0,0,0,3,11,1,0
221953,1,22,NA,6,4,12,33,22,9,NA,3,9,67,217,2,8,1,0,NA,0,1,2,24,5,6,NA,0,0,36,86,1,1,0,0,NA,0,0,0,0,0,0,NA,0,0,1,1,0,0,1,17,NA,6,2,10,18,13,3,NA,3,6,30,133,2,7,0,0,NA,0,0,1,1,0,0,NA,0,0,5,7,0,0,0,1,NA,0,1,0,10,3,3,NA,0,1,11,31,0,0,0,4,NA,0,0,0,2,6,3,NA,0,2,18,39,0,1
221971,14,13,5,8,4,26,17,12,0,18,13,25,64,408,20,130,8,2,5,2,0,6,8,2,0,2,5,9,37,133,5,21,2,0,0,0,0,1,0,0,0,0,0,2,1,11,1,1,11,10,4,6,4,22,15,9,0,13,9,20,43,281,15,72,1,0,1,1,0,1,1,0,0,0,1,0,2,9,0,1,0,1,0,0,0,0,1,3,0,5,0,0,13,42,1,12,0,0,0,0,0,0,0,0,0,0,1,0,0,39,1,37
221999,169,63,203,27,NA,133,NA,83,NA,11,613,68,NA,1855,20,NA,120,13,110,6,NA,60,NA,12,NA,4,334,33,NA,874,3,NA,60,8,36,3,NA,32,NA,14,NA,2,90,21,NA,365,0,NA,44,41,90,14,NA,44,NA,30,NA,6,285,27,NA,776,11,NA,35,1,17,1,NA,13,NA,8,NA,0,52,3,NA,155,1,NA,21,7,43,5,NA,27,NA,22,NA,2,123,12,NA,385,7,NA,5,1,4,2,NA,8,NA,3,NA,0,26,0,NA,62,0,NA
222178,21,35,24,11,66,58,49,41,31,10,21,36,109,736,54,88,14,3,16,1,30,29,20,9,15,1,5,8,72,276,19,12,0,0,0,0,0,0,0,1,0,0,2,0,1,6,0,2,13,28,19,7,26,36,32,25,17,6,14,23,72,471,37,59,2,0,0,1,12,2,4,1,0,0,0,2,7,36,1,2,5,6,4,1,28,20,8,11,14,4,5,7,20,191,14,23,0,0,0,0,0,0,0,0,0,0,0,1,1,3,1,0
222567,NA,NA,NA,NA,NA,NA,NA,NA,NA,NA,NA,NA,NA,NA,NA,NA,NA,NA,NA,NA,NA,NA,NA,NA,NA,NA,NA,NA,NA,NA,NA,NA,NA,NA,NA,NA,NA,NA,NA,NA,NA,NA,NA,NA,NA,NA,NA,NA,NA,NA,NA,NA,NA,NA,NA,NA,NA,NA,NA,NA,NA,NA,NA,NA,NA,NA,NA,NA,NA,NA,NA,NA,NA,NA,NA,NA,NA,NA,NA,NA,NA,NA,NA,NA,NA,NA,NA,NA,NA,NA,NA,NA,NA,NA,NA,NA,NA,NA,NA,NA,NA,NA,NA,NA,NA,NA,NA,NA,NA,NA,NA,NA
222831,51,NA,28,23,NA,53,69,63,64,58,48,35,188,1085,21,101,45,NA,24,6,NA,20,30,11,33,3,26,12,105,452,12,15,3,NA,0,0,NA,1,0,0,0,1,1,0,4,12,0,1,25,NA,12,9,NA,24,33,23,20,10,24,17,91,505,10,42,3,NA,1,0,NA,0,3,0,0,0,0,2,12,27,1,1,17,NA,15,12,NA,26,31,40,42,46,23,14,74,506,10,55,0,NA,0,0,NA,0,0,0,0,0,0,2,3,5,0,0
222983,16,NA,NA,15,NA,47,12,26,NA,NA,19,12,38,258,10,18,14,NA,NA,3,NA,18,6,3,NA,NA,15,3,25,121,5,2,3,NA,NA,1,NA,13,1,1,NA,NA,0,0,7,38,1,8,7,NA,NA,8,NA,24,6,18,NA,NA,11,4,16,132,6,6,0,NA,NA,0,NA,2,0,0,NA,NA,1,0,0,5,0,0,4,NA,NA,3,NA,8,4,6,NA,NA,7,8,15,74,2,4,1,NA,NA,3,NA,0,0,0,NA,NA,0,0,0,4,0,0
222992,30,NA,NA,NA,NA,NA,NA,NA,NA,NA,NA,NA,NA,90,NA,60,22,NA,NA,NA,NA,NA,NA,NA,NA,NA,NA,NA,NA,26,NA,4,4,NA,NA,NA,NA,NA,NA,NA,NA,NA,NA,NA,NA,8,NA,4,18,NA,NA,NA,NA,NA,NA,NA,NA,NA,NA,NA,NA,45,NA,27,1,NA,NA,NA,NA,NA,NA,NA,NA,NA,NA,NA,NA,3,NA,2,5,NA,NA,NA,NA,NA,NA,NA,NA,NA,NA,NA,NA,28,NA,23,1,NA,NA,NA,NA,NA,NA,NA,NA,NA,NA,NA,NA,3,NA,2
223232,26,122,110,34,7,369,112,156,NA,22,253,155,970,3706,261,727,21,20,79,3,3,146,53,37,NA,1,104,53,525,1401,108,85,4,5,9,1,0,78,8,16,NA,0,23,5,53,333,14,93,14,94,70,25,6,164,62,87,NA,16,126,101,688,2258,176,398,2,1,4,0,0,10,1,6,NA,0,8,6,36,122,13,9,4,15,18,6,1,91,33,38,NA,5,75,35,137,753,44,179,0,2,2,0,0,4,2,2,NA,0,3,1,11,45,2,11
223506,NA,NA,NA,NA,NA,NA,NA,NA,NA,NA,NA,NA,75,99,NA,24,NA,NA,NA,NA,NA,NA,NA,NA,NA,NA,NA,NA,38,40,NA,2,NA,NA,NA,NA,NA,NA,NA,NA,NA,NA,NA,NA,0,1,NA,1,NA,NA,NA,NA,NA,NA,NA,NA,NA,NA,NA,NA,25,37,NA,12,NA,NA,NA,NA,NA,NA,NA,NA,NA,NA,NA,NA,4,4,NA,0,NA,NA,NA,NA,NA,NA,NA,NA,NA,NA,NA,NA,41,50,NA,9,NA,NA,NA,NA,NA,NA,NA,NA,NA,NA,NA,NA,4,5,NA,1
224004,12,1,NA,5,27,7,13,14,NA,NA,14,4,69,391,7,206,10,1,NA,1,9,3,5,3,NA,NA,3,2,33,104,4,25,3,0,NA,0,0,2,2,0,NA,NA,0,0,0,25,0,18,4,1,NA,2,17,4,4,5,NA,NA,4,3,19,151,3,82,0,0,NA,0,0,0,0,0,NA,NA,0,0,0,0,0,0,5,0,NA,3,7,0,7,8,NA,NA,9,1,43,175,4,82,0,0,NA,0,3,0,0,0,NA,NA,1,0,6,26,0,15
224147,42,71,57,26,NA,137,71,129,60,NA,16,65,354,1538,50,244,36,6,46,3,NA,40,24,23,26,NA,5,22,188,554,11,36,3,3,4,0,NA,6,0,4,1,NA,0,0,6,40,1,11,14,27,20,12,NA,45,25,37,16,NA,4,26,168,550,12,64,3,0,2,0,NA,0,0,2,3,NA,0,0,9,28,2,4,21,41,30,14,NA,82,42,81,38,NA,12,37,158,866,33,157,0,0,1,0,NA,0,0,1,1,NA,0,0,3,12,0,0
224226,17,41,NA,3,NA,28,24,78,9,11,14,36,175,589,42,11,16,3,NA,0,NA,9,16,6,5,6,0,12,96,230,9,3,0,1,NA,0,NA,0,1,2,0,0,0,0,7,15,0,0,10,30,NA,2,NA,19,14,47,5,8,10,22,101,367,30,5,4,0,NA,0,NA,0,0,2,0,1,0,3,14,32,4,0,1,8,NA,0,NA,4,7,24,3,2,4,8,36,132,6,5,1,2,NA,0,NA,2,2,2,1,0,0,1,14,30,1,0
224323,7,9,NA,32,NA,42,NA,28,NA,NA,39,8,60,286,NA,NA,2,1,NA,3,NA,17,NA,7,NA,NA,21,2,35,124,NA,NA,2,1,NA,0,NA,7,NA,1,NA,NA,2,1,4,21,NA,NA,2,6,NA,25,NA,22,NA,16,NA,NA,29,4,34,183,NA,NA,0,0,NA,0,NA,2,NA,0,NA,NA,1,0,0,3,NA,NA,3,1,NA,6,NA,11,NA,9,NA,NA,7,3,20,69,NA,NA,0,1,NA,1,NA,0,NA,0,NA,NA,0,0,0,2,NA,NA
224350,NA,NA,NA,NA,NA,NA,NA,NA,NA,NA,NA,NA,NA,12,NA,12,NA,NA,NA,NA,NA,NA,NA,NA,NA,NA,NA,NA,NA,1,NA,1,NA,NA,NA,NA,NA,NA,NA,NA,NA,NA,NA,NA,NA,0,NA,0,NA,NA,NA,NA,NA,NA,NA,NA,NA,NA,NA,NA,NA,2,NA,2,NA,NA,NA,NA,NA,NA,NA,NA,NA,NA,NA,NA,NA,0,NA,0,NA,NA,NA,NA,NA,NA,NA,NA,NA,NA,NA,NA,NA,10,NA,10,NA,NA,NA,NA,NA,NA,NA,NA,NA,NA,NA,NA,NA,0,NA,0
224527,NA,26,NA,3,3,7,13,15,6,NA,3,7,55,273,17,62,NA,5,NA,0,1,2,9,3,3,NA,2,2,33,111,9,11,NA,0,NA,0,0,0,0,0,0,NA,0,0,0,2,0,1,NA,21,NA,3,1,5,8,12,3,NA,2,5,35,182,12,39,NA,0,NA,0,0,0,0,0,0,NA,0,0,0,1,0,1,NA,4,NA,0,1,2,4,2,2,NA,1,2,14,75,5,20,NA,1,NA,0,1,0,1,1,1,NA,0,0,5,11,0,0
224545,16,27,25,6,18,23,23,40,17,1,11,NA,95,371,5,19,13,2,20,1,4,7,10,4,8,0,1,NA,44,138,3,6,2,0,2,0,0,1,0,0,0,0,0,NA,2,8,0,1,6,16,15,6,8,14,11,23,10,0,5,NA,51,208,2,15,1,0,2,0,0,0,1,0,0,0,0,NA,5,9,0,0,6,10,6,0,8,7,10,15,4,0,6,NA,32,126,2,3,1,1,0,0,0,0,1,0,2,0,0,NA,2,7,0,0
224554,69,125,39,12,192,29,63,63,220,59,10,68,215,1796,0,95,61,6,30,2,65,3,33,10,168,6,3,31,97,700,0,12,6,1,1,0,2,2,0,1,3,0,0,0,12,39,0,2,31,61,17,8,84,12,20,32,93,17,1,32,101,807,0,34,4,0,0,0,2,0,4,1,0,0,0,1,4,23,0,1,21,52,18,4,79,11,30,23,100,39,7,26,78,745,0,53,1,6,0,0,8,0,1,0,8,1,1,3,2,50,0,1
224615,NA,151,NA,NA,NA,NA,NA,NA,NA,NA,NA,NA,NA,151,NA,NA,NA,7,NA,NA,NA,NA,NA,NA,NA,NA,NA,NA,NA,7,NA,NA,NA,1,NA,NA,NA,NA,NA,NA,NA,NA,NA,NA,NA,1,NA,NA,NA,15,NA,NA,NA,NA,NA,NA,NA,NA,NA,NA,NA,15,NA,NA,NA,0,NA,NA,NA,NA,NA,NA,NA,NA,NA,NA,NA,0,NA,NA,NA,129,NA,NA,NA,NA,NA,NA,NA,NA,NA,NA,NA,129,NA,NA,NA,3,NA,NA,NA,NA,NA,NA,NA,NA,NA,NA,NA,3,NA,NA
224679,NA,NA,NA,NA,NA,NA,NA,NA,NA,NA,NA,NA,19,19,NA,NA,NA,NA,NA,NA,NA,NA,NA,NA,NA,NA,NA,NA,6,6,NA,NA,NA,NA,NA,NA,NA,NA,NA,NA,NA,NA,NA,NA,0,0,NA,NA,NA,NA,NA,NA,NA,NA,NA,NA,NA,NA,NA,NA,2,2,NA,NA,NA,NA,NA,NA,NA,NA,NA,NA,NA,NA,NA,NA,0,0,NA,NA,NA,NA,NA,NA,NA,NA,NA,NA,NA,NA,NA,NA,15,15,NA,NA,NA,NA,NA,NA,NA,NA,NA,NA,NA,NA,NA,NA,0,0,NA,NA
224961,NA,NA,NA,NA,NA,NA,NA,NA,NA,NA,NA,NA,NA,34,NA,34,NA,NA,NA,NA,NA,NA,NA,NA,NA,NA,NA,NA,NA,5,NA,5,NA,NA,NA,NA,NA,NA,NA,NA,NA,NA,NA,NA,NA,2,NA,2,NA,NA,NA,NA,NA,NA,NA,NA,NA,NA,NA,NA,NA,9,NA,9,NA,NA,NA,NA,NA,NA,NA,NA,NA,NA,NA,NA,NA,0,NA,0,NA,NA,NA,NA,NA,NA,NA,NA,NA,NA,NA,NA,NA,23,NA,23,NA,NA,NA,NA,NA,NA,NA,NA,NA,NA,NA,NA,NA,0,NA,0
225070,NA,NA,NA,NA,NA,NA,NA,NA,NA,NA,NA,NA,NA,60,NA,60,NA,NA,NA,NA,NA,NA,NA,NA,NA,NA,NA,NA,NA,6,NA,6,NA,NA,NA,NA,NA,NA,NA,NA,NA,NA,NA,NA,NA,1,NA,1,NA,NA,NA,NA,NA,NA,NA,NA,NA,NA,NA,NA,NA,34,NA,34,NA,NA,NA,NA,NA,NA,NA,NA,NA,NA,NA,NA,NA,0,NA,0,NA,NA,NA,NA,NA,NA,NA,NA,NA,NA,NA,NA,NA,22,NA,22,NA,NA,NA,NA,NA,NA,NA,NA,NA,NA,NA,NA,NA,3,NA,3
225247,5,16,NA,5,NA,28,32,25,9,7,14,12,51,262,9,26,4,7,NA,1,NA,10,17,3,5,2,11,6,36,123,6,0,0,0,NA,0,NA,0,0,0,0,0,0,0,1,4,1,2,2,13,NA,4,NA,17,15,13,3,3,9,8,27,149,6,13,0,0,NA,0,NA,0,1,0,0,0,0,1,0,5,0,2,2,3,NA,1,NA,10,12,11,5,4,5,3,20,92,2,8,0,0,NA,0,NA,0,0,0,0,0,0,0,2,2,0,0
225308,NA,NA,NA,NA,NA,NA,NA,NA,NA,NA,NA,NA,NA,36,NA,36,NA,NA,NA,NA,NA,NA,NA,NA,NA,NA,NA,NA,NA,2,NA,2,NA,NA,NA,NA,NA,NA,NA,NA,NA,NA,NA,NA,NA,0,NA,0,NA,NA,NA,NA,NA,NA,NA,NA,NA,NA,NA,NA,NA,16,NA,16,NA,NA,NA,NA,NA,NA,NA,NA,NA,NA,NA,NA,NA,0,NA,0,NA,NA,NA,NA,NA,NA,NA,NA,NA,NA,NA,NA,NA,16,NA,16,NA,NA,NA,NA,NA,NA,NA,NA,NA,NA,NA,NA,NA,1,NA,1
225399,7,19,19,6,0,59,45,63,8,NA,5,37,95,533,8,65,5,2,13,2,0,18,17,5,0,NA,0,15,42,179,3,13,2,1,2,0,0,12,5,4,0,NA,1,3,6,50,0,10,1,3,4,5,0,7,7,12,0,NA,1,11,16,111,1,12,0,0,1,0,0,1,1,2,0,NA,0,1,10,21,0,3,4,15,9,1,0,33,30,42,6,NA,1,17,58,313,6,39,0,0,1,0,0,1,0,1,0,NA,1,0,2,9,0,1
225414,97,34,64,16,16,99,60,137,NA,15,75,51,351,1554,32,87,74,3,53,7,10,28,32,22,NA,2,21,14,137,513,13,15,16,0,11,0,0,22,3,5,NA,0,0,3,26,106,1,7,40,8,19,8,9,27,13,35,NA,4,26,21,124,499,12,17,5,0,2,0,0,1,0,2,NA,1,0,1,4,24,0,7,32,25,29,8,2,47,38,88,NA,10,46,22,184,857,18,53,2,0,1,0,5,0,1,1,NA,0,1,1,1,21,0,1
225423,0,NA,NA,NA,NA,NA,NA,NA,NA,NA,NA,NA,NA,0,NA,0,0,NA,NA,NA,NA,NA,NA,NA,NA,NA,NA,NA,NA,0,NA,0,0,NA,NA,NA,NA,NA,NA,NA,NA,NA,NA,NA,NA,0,NA,0,0,NA,NA,NA,NA,NA,NA,NA,NA,NA,NA,NA,NA,0,NA,0,0,NA,NA,NA,NA,NA,NA,NA,NA,NA,NA,NA,NA,0,NA,0,0,NA,NA,NA,NA,NA,NA,NA,NA,NA,NA,NA,NA,0,NA,0,0,NA,NA,NA,NA,NA,NA,NA,NA,NA,NA,NA,NA,0,NA,0
225432,116,193,NA,49,14,104,NA,282,229,95,65,21,1057,2901,88,101,89,17,NA,18,3,28,NA,41,83,7,26,5,428,995,22,16,37,7,NA,1,0,13,NA,18,12,5,1,0,103,244,3,11,11,16,NA,11,3,17,NA,38,20,9,10,1,143,389,17,10,11,3,NA,0,0,5,NA,2,4,2,0,0,31,75,2,5,53,166,NA,36,11,63,NA,210,182,73,51,19,748,2093,62,73,2,0,NA,1,0,2,NA,4,1,1,2,0,2,17,1,0
225502,54,46,NA,18,NA,19,19,89,43,NA,12,9,233,766,34,36,46,4,NA,4,NA,5,12,15,16,NA,5,3,71,251,8,4,10,0,NA,1,NA,1,0,7,1,NA,0,0,23,54,2,5,15,13,NA,7,NA,3,9,29,10,NA,4,1,52,226,15,10,2,0,NA,0,NA,0,1,0,0,NA,0,0,4,9,0,1,23,33,NA,9,NA,15,9,49,31,NA,8,8,150,457,16,19,1,0,NA,1,NA,0,0,2,1,NA,0,0,2,8,0,0
225511,802,NA,549,108,34,509,366,718,NA,4,421,246,2279,8124,321,466,590,NA,393,36,10,184,180,144,NA,2,195,86,1130,3705,103,78,315,NA,135,8,4,204,87,131,NA,1,71,27,692,2079,42,146,122,NA,108,42,8,86,73,154,NA,1,95,86,446,1657,65,74,48,NA,38,4,0,16,8,9,NA,0,21,6,102,294,7,3,278,NA,226,49,19,177,183,384,NA,2,214,112,932,3697,186,226,18,NA,14,1,1,14,1,14,NA,0,8,9,38,150,6,5
225575,11,18,0,0,NA,7,25,33,18,NA,4,0,44,165,4,NA,5,3,0,0,NA,3,13,3,4,NA,0,0,17,52,3,NA,2,0,0,0,NA,0,0,0,0,NA,0,0,2,4,0,NA,0,1,0,0,NA,0,2,2,1,NA,0,0,3,9,0,NA,0,0,0,0,NA,0,0,0,0,NA,0,0,3,3,0,NA,9,17,0,0,NA,7,23,30,16,NA,4,0,35,146,4,NA,0,0,0,0,NA,0,0,1,1,NA,0,0,1,3,0,NA
225627,10,28,10,12,0,87,25,76,39,1,12,72,277,992,26,250,7,2,8,6,0,24,18,11,23,0,4,13,127,337,9,56,0,0,0,0,0,4,1,0,1,0,1,1,4,27,0,13,0,5,1,1,0,15,6,8,5,0,4,12,58,180,4,47,1,1,5,0,0,1,5,3,1,0,0,3,13,44,3,4,9,19,4,10,0,62,10,58,30,1,6,54,188,686,17,175,0,2,0,1,0,1,1,5,0,0,0,1,13,34,2,5
226091,36,NA,175,17,13,41,43,37,78,29,42,51,267,1627,46,215,30,NA,130,3,4,18,17,7,34,1,4,15,106,576,14,17,4,NA,13,0,0,3,2,4,1,1,0,3,21,83,1,17,14,NA,69,13,3,11,19,13,30,6,20,23,116,717,19,89,2,NA,4,0,0,1,1,0,0,0,0,1,5,20,1,1,12,NA,80,2,10,25,19,18,45,21,20,21,120,745,24,103,0,NA,2,0,0,0,0,0,0,0,0,0,1,9,0,1
226134,NA,NA,NA,NA,NA,NA,NA,NA,NA,NA,NA,NA,61,71,NA,10,NA,NA,NA,NA,NA,NA,NA,NA,NA,NA,NA,NA,14,16,NA,2,NA,NA,NA,NA,NA,NA,NA,NA,NA,NA,NA,NA,0,0,NA,0,NA,NA,NA,NA,NA,NA,NA,NA,NA,NA,NA,NA,2,2,NA,0,NA,NA,NA,NA,NA,NA,NA,NA,NA,NA,NA,NA,0,0,NA,0,NA,NA,NA,NA,NA,NA,NA,NA,NA,NA,NA,NA,59,69,NA,10,NA,NA,NA,NA,NA,NA,NA,NA,NA,NA,NA,NA,0,0,NA,0
226152,NA,155,44,33,NA,125,81,155,166,NA,48,22,242,1362,44,187,NA,9,39,5,NA,38,36,34,76,NA,15,8,119,444,15,27,NA,0,0,0,NA,3,0,0,0,NA,1,0,0,6,0,1,NA,4,0,0,NA,2,2,3,2,NA,1,1,7,37,8,7,NA,2,4,3,NA,5,7,4,4,NA,5,0,15,61,5,3,NA,148,40,30,NA,115,72,148,160,NA,41,21,220,1256,31,175,NA,1,0,0,NA,0,0,0,0,NA,0,0,0,1,0,0
226231,16,13,101,3,NA,5,18,19,NA,4,4,NA,54,397,3,13,9,0,87,0,NA,2,6,4,NA,0,1,NA,29,248,1,2,0,1,1,0,NA,0,0,0,NA,0,0,NA,2,5,0,1,9,9,81,3,NA,5,16,13,NA,2,4,NA,31,280,3,9,4,0,6,0,NA,0,0,0,NA,0,0,NA,4,31,0,0,1,3,4,0,NA,0,0,5,NA,2,0,NA,12,43,0,0,2,0,4,0,NA,0,1,0,NA,0,0,NA,2,16,0,0
226383,5,30,NA,2,12,19,29,17,8,10,0,11,30,288,7,68,2,4,NA,1,4,6,13,6,2,2,0,2,21,100,4,12,0,0,NA,0,0,1,1,0,0,0,0,0,1,3,0,0,3,18,NA,1,8,16,11,9,5,7,0,7,21,183,7,39,0,0,NA,0,0,0,2,0,0,0,0,0,2,4,0,0,2,9,NA,0,3,1,13,5,2,3,0,3,6,82,0,26,0,3,NA,1,1,1,1,1,1,0,0,1,0,11,0,1
226408,NA,NA,NA,NA,NA,NA,NA,NA,NA,NA,NA,NA,NA,16,NA,16,NA,NA,NA,NA,NA,NA,NA,NA,NA,NA,NA,NA,NA,4,NA,4,NA,NA,NA,NA,NA,NA,NA,NA,NA,NA,NA,NA,NA,5,NA,5,NA,NA,NA,NA,NA,NA,NA,NA,NA,NA,NA,NA,NA,5,NA,5,NA,NA,NA,NA,NA,NA,NA,NA,NA,NA,NA,NA,NA,0,NA,0,NA,NA,NA,NA,NA,NA,NA,NA,NA,NA,NA,NA,NA,6,NA,6,NA,NA,NA,NA,NA,NA,NA,NA,NA,NA,NA,NA,NA,0,NA,0
226471,8,51,12,4,33,60,47,46,3,10,3,24,95,598,6,179,4,11,10,0,16,14,27,8,2,2,1,11,53,196,1,26,0,2,0,0,2,0,1,2,0,0,0,0,2,13,0,4,3,38,4,2,18,29,28,21,0,5,1,10,68,349,5,105,2,0,0,0,0,0,0,1,0,0,0,1,0,4,0,0,3,9,5,1,11,28,11,20,3,5,2,12,21,195,1,59,0,1,3,0,1,2,3,1,0,0,0,1,1,16,0,3
226587,3,28,0,2,NA,3,16,10,4,NA,8,17,21,161,0,23,1,4,0,1,NA,1,6,3,2,NA,5,8,15,69,0,4,0,0,0,0,NA,0,0,0,0,NA,0,0,0,2,0,0,3,19,0,1,NA,2,4,6,3,NA,4,9,15,88,0,7,0,0,0,0,NA,0,0,0,0,NA,1,0,1,4,0,2,0,8,0,1,NA,1,10,2,1,NA,3,6,4,56,0,14,0,1,0,0,NA,0,0,0,0,NA,0,2,0,5,0,0
226806,NA,4,NA,NA,NA,NA,NA,NA,NA,NA,NA,NA,15,31,NA,12,NA,0,NA,NA,NA,NA,NA,NA,NA,NA,NA,NA,3,9,NA,6,NA,0,NA,NA,NA,NA,NA,NA,NA,NA,NA,NA,0,1,NA,1,NA,1,NA,NA,NA,NA,NA,NA,NA,NA,NA,NA,4,8,NA,3,NA,0,NA,NA,NA,NA,NA,NA,NA,NA,NA,NA,1,1,NA,0,NA,3,NA,NA,NA,NA,NA,NA,NA,NA,NA,NA,10,20,NA,7,NA,0,NA,NA,NA,NA,NA,NA,NA,NA,NA,NA,0,0,NA,0
226833,23,93,32,5,2,63,1,40,23,17,20,29,121,1016,11,377,20,26,26,1,1,27,1,6,10,0,7,13,66,342,8,62,1,1,2,0,0,2,0,1,2,0,1,1,11,54,0,27,10,55,12,4,1,27,0,20,13,11,12,13,54,473,5,160,5,1,6,0,0,12,0,4,1,1,1,2,9,62,0,12,7,34,9,1,1,21,1,11,6,5,4,13,46,381,6,159,0,0,2,0,0,0,0,0,0,0,1,0,0,14,0,8
227146,NA,NA,NA,NA,NA,NA,NA,NA,NA,NA,NA,NA,NA,14,NA,14,NA,NA,NA,NA,NA,NA,NA,NA,NA,NA,NA,NA,NA,2,NA,2,NA,NA,NA,NA,NA,NA,NA,NA,NA,NA,NA,NA,NA,0,NA,0,NA,NA,NA,NA,NA,NA,NA,NA,NA,NA,NA,NA,NA,13,NA,13,NA,NA,NA,NA,NA,NA,NA,NA,NA,NA,NA,NA,NA,0,NA,0,NA,NA,NA,NA,NA,NA,NA,NA,NA,NA,NA,NA,NA,1,NA,1,NA,NA,NA,NA,NA,NA,NA,NA,NA,NA,NA,NA,NA,0,NA,0
227182,71,NA,NA,NA,NA,NA,NA,NA,11,NA,NA,NA,75,227,NA,70,50,NA,NA,NA,NA,NA,NA,NA,8,NA,NA,NA,48,115,NA,9,7,NA,NA,NA,NA,NA,NA,NA,0,NA,NA,NA,2,14,NA,5,20,NA,NA,NA,NA,NA,NA,NA,8,NA,NA,NA,24,71,NA,19,5,NA,NA,NA,NA,NA,NA,NA,0,NA,NA,NA,1,7,NA,1,35,NA,NA,NA,NA,NA,NA,NA,3,NA,NA,NA,47,127,NA,42,1,NA,NA,NA,NA,NA,NA,NA,0,NA,NA,NA,0,1,NA,0
227216,469,315,195,139,365,463,251,647,248,76,253,661,1495,7544,501,271,333,36,158,34,164,156,120,134,95,14,98,227,783,3208,223,53,72,13,21,7,8,57,16,44,9,0,11,49,132,571,25,36,161,169,67,73,154,161,94,252,90,31,112,318,598,3125,244,83,58,1,12,0,5,17,4,7,1,0,10,17,62,265,5,7,152,119,76,50,166,208,119,298,140,42,109,243,623,3151,205,125,14,1,6,0,3,5,6,5,2,0,2,4,16,91,2,5
227304,NA,NA,4,NA,NA,NA,NA,NA,NA,NA,NA,NA,70,74,NA,NA,NA,NA,4,NA,NA,NA,NA,NA,NA,NA,NA,NA,22,26,NA,NA,NA,NA,0,NA,NA,NA,NA,NA,NA,NA,NA,NA,1,1,NA,NA,NA,NA,0,NA,NA,NA,NA,NA,NA,NA,NA,NA,26,26,NA,NA,NA,NA,1,NA,NA,NA,NA,NA,NA,NA,NA,NA,0,1,NA,NA,NA,NA,3,NA,NA,NA,NA,NA,NA,NA,NA,NA,42,45,NA,NA,NA,NA,0,NA,NA,NA,NA,NA,NA,NA,NA,NA,1,1,NA,NA
227331,18,16,NA,4,NA,21,30,27,24,60,4,6,33,279,10,11,13,2,NA,1,NA,3,15,5,7,8,2,2,14,83,4,3,0,0,NA,0,NA,0,0,0,0,0,0,0,0,0,0,0,1,1,NA,0,NA,0,1,1,0,6,0,0,2,18,3,1,0,0,NA,0,NA,0,3,0,1,0,0,0,3,7,0,0,17,14,NA,4,NA,19,25,26,22,51,4,6,27,244,7,9,0,1,NA,0,NA,2,1,0,1,3,0,0,1,10,0,1
227368,186,17,388,141,6,559,258,472,446,81,176,217,570,5006,114,562,152,1,310,24,0,186,120,80,192,8,55,78,275,1805,38,102,2,0,7,0,0,18,3,3,0,0,3,0,3,53,0,12,7,0,6,3,0,11,3,11,5,0,1,4,14,95,5,5,9,0,21,0,0,3,4,2,2,0,6,8,28,100,4,4,168,17,353,137,6,522,246,452,432,80,166,203,520,4719,104,536,0,0,1,0,0,3,2,4,6,1,0,1,5,31,1,4
227526,37,12,115,8,44,63,144,118,89,42,31,18,199,1308,36,198,25,0,86,2,12,9,55,8,22,1,9,12,75,402,15,17,1,0,6,0,0,0,1,0,0,0,1,0,2,16,0,3,0,0,3,1,0,0,1,0,1,0,0,2,2,17,0,3,1,0,5,0,0,0,0,2,0,0,0,0,3,14,0,2,34,12,98,7,44,61,138,112,85,42,30,16,186,1227,33,187,1,0,1,0,0,1,1,2,0,0,0,0,1,9,1,1
227757,163,NA,186,14,NA,174,24,38,NA,25,88,43,53,1069,NA,26,119,NA,119,0,NA,73,16,3,NA,7,53,14,43,570,NA,5,57,NA,41,3,NA,85,3,16,NA,11,21,8,12,328,NA,12,51,NA,67,8,NA,30,9,8,NA,8,27,21,26,332,NA,2,26,NA,17,0,NA,8,5,0,NA,0,15,2,3,123,NA,0,24,NA,45,2,NA,40,6,10,NA,4,19,6,9,215,NA,9,1,NA,4,0,NA,4,0,1,NA,0,3,2,0,18,NA,2
227845,23,1,NA,20,1,64,27,85,31,21,40,63,136,616,52,0,19,0,NA,6,0,13,14,14,8,4,15,21,80,227,14,0,4,0,NA,0,0,2,0,3,0,0,0,0,7,17,0,0,4,0,NA,13,0,14,7,35,4,8,14,30,36,213,22,0,2,1,NA,0,0,1,1,0,1,0,2,2,13,28,4,0,10,0,NA,7,0,46,19,41,26,11,23,30,76,337,24,0,0,0,NA,0,0,0,0,1,0,0,0,1,0,3,1,0
227854,NA,NA,NA,NA,NA,NA,NA,NA,NA,NA,NA,NA,NA,NA,NA,NA,NA,NA,NA,NA,NA,NA,NA,NA,NA,NA,NA,NA,NA,NA,NA,NA,NA,NA,NA,NA,NA,NA,NA,NA,NA,NA,NA,NA,NA,NA,NA,NA,NA,NA,NA,NA,NA,NA,NA,NA,NA,NA,NA,NA,NA,NA,NA,NA,NA,NA,NA,NA,NA,NA,NA,NA,NA,NA,NA,NA,NA,NA,NA,NA,NA,NA,NA,NA,NA,NA,NA,NA,NA,NA,NA,NA,NA,NA,NA,NA,NA,NA,NA,NA,NA,NA,NA,NA,NA,NA,NA,NA,NA,NA,NA,NA
227863,15,0,12,1,23,47,NA,46,4,NA,26,14,93,609,7,297,9,0,5,0,5,14,NA,7,2,NA,7,3,44,167,1,55,2,0,2,0,1,15,NA,4,2,NA,1,0,5,82,0,48,4,0,1,1,5,7,NA,12,0,NA,5,5,26,134,2,59,2,0,1,0,1,3,NA,4,0,NA,2,1,6,25,0,4,7,0,8,0,16,21,NA,24,2,NA,17,8,53,336,5,163,0,0,0,0,0,0,NA,0,0,NA,1,0,0,19,0,17
227881,58,320,NA,38,41,142,141,329,824,NA,85,187,673,4048,208,410,43,31,NA,5,19,39,77,49,259,NA,33,62,342,1380,95,39,2,7,NA,0,1,6,2,4,15,NA,1,3,14,86,4,19,31,194,NA,19,23,56,49,161,335,NA,36,89,366,1983,99,177,1,0,NA,0,0,1,3,1,0,NA,1,2,10,43,2,6,20,101,NA,18,13,70,76,151,434,NA,43,79,241,1717,84,192,3,11,NA,1,1,2,3,4,21,NA,1,3,21,99,8,8
227924,NA,NA,NA,NA,NA,NA,NA,NA,NA,NA,NA,NA,NA,39,NA,39,NA,NA,NA,NA,NA,NA,NA,NA,NA,NA,NA,NA,NA,8,NA,8,NA,NA,NA,NA,NA,NA,NA,NA,NA,NA,NA,NA,NA,5,NA,5,NA,NA,NA,NA,NA,NA,NA,NA,NA,NA,NA,NA,NA,8,NA,8,NA,NA,NA,NA,NA,NA,NA,NA,NA,NA,NA,NA,NA,0,NA,0,NA,NA,NA,NA,NA,NA,NA,NA,NA,NA,NA,NA,NA,25,NA,25,NA,NA,NA,NA,NA,NA,NA,NA,NA,NA,NA,NA,NA,0,NA,0
227979,NA,NA,NA,NA,NA,NA,NA,NA,NA,NA,NA,NA,NA,18,NA,18,NA,NA,NA,NA,NA,NA,NA,NA,NA,NA,NA,NA,NA,2,NA,2,NA,NA,NA,NA,NA,NA,NA,NA,NA,NA,NA,NA,NA,0,NA,0,NA,NA,NA,NA,NA,NA,NA,NA,NA,NA,NA,NA,NA,3,NA,3,NA,NA,NA,NA,NA,NA,NA,NA,NA,NA,NA,NA,NA,0,NA,0,NA,NA,NA,NA,NA,NA,NA,NA,NA,NA,NA,NA,NA,14,NA,14,NA,NA,NA,NA,NA,NA,NA,NA,NA,NA,NA,NA,NA,1,NA,1
228042,9,5,9,3,4,23,26,18,1,NA,3,12,54,224,7,38,7,0,8,1,1,9,18,4,0,NA,1,4,34,106,4,7,0,0,0,0,0,0,0,0,0,NA,0,0,0,2,0,2,4,4,3,2,3,15,9,9,0,NA,2,9,37,132,5,23,0,0,0,0,0,0,0,0,0,NA,0,0,1,1,0,0,5,1,6,0,1,7,16,9,1,NA,1,3,15,80,2,11,0,0,0,0,0,0,0,0,0,NA,0,0,1,2,0,1
228149,15,5,22,14,1,41,29,16,33,NA,60,4,100,390,14,NA,10,0,14,0,0,14,14,4,8,NA,20,3,48,154,3,NA,1,0,0,0,0,7,1,0,0,NA,0,0,5,15,1,NA,2,0,3,1,0,3,4,2,3,NA,7,1,10,52,4,NA,1,0,4,1,0,0,0,0,0,NA,1,0,14,22,0,NA,11,5,15,12,1,30,20,13,27,NA,50,3,66,284,8,NA,0,0,0,0,0,1,2,1,1,NA,2,0,2,10,1,NA
228246,85,22,108,23,39,92,130,130,NA,28,246,138,537,1946,181,19,59,5,75,6,23,28,80,25,NA,11,150,58,322,949,25,1,12,1,9,3,0,18,2,12,NA,5,23,11,51,178,7,3,45,14,55,14,28,50,83,77,NA,12,142,73,349,1181,137,11,5,0,8,0,3,2,7,4,NA,1,9,5,20,75,2,0,16,7,27,6,6,16,24,30,NA,9,51,37,77,372,29,5,3,0,2,0,0,0,3,3,NA,1,9,3,13,44,3,0
228325,NA,27,NA,6,29,NA,5,13,9,27,NA,8,41,248,2,0,NA,6,NA,1,18,NA,3,5,6,3,NA,4,27,110,0,0,NA,1,NA,0,0,NA,0,1,0,0,NA,0,0,3,0,0,NA,15,NA,2,13,NA,4,7,3,21,NA,5,15,139,0,0,NA,0,NA,0,0,NA,1,0,0,0,NA,0,3,4,0,0,NA,6,NA,3,15,NA,0,5,6,5,NA,3,21,88,2,0,NA,5,NA,1,1,NA,0,0,0,0,NA,0,1,10,0,0
228343,12,11,NA,9,NA,31,23,27,NA,NA,31,31,67,306,15,NA,10,2,NA,1,NA,14,12,4,NA,NA,12,7,52,134,5,NA,1,0,NA,1,NA,5,1,1,NA,NA,1,4,3,20,0,NA,5,9,NA,2,NA,14,10,17,NA,NA,16,17,38,166,8,NA,0,0,NA,0,NA,1,0,0,NA,NA,0,0,1,3,1,NA,4,2,NA,5,NA,10,10,9,NA,NA,12,8,24,104,5,NA,0,0,NA,0,NA,0,1,0,NA,NA,0,0,0,1,0,NA
228431,52,NA,9,36,12,50,98,90,46,52,38,178,378,1968,61,275,41,NA,9,9,3,18,44,13,23,9,27,70,204,647,24,25,1,NA,0,0,0,2,0,1,1,0,0,0,7,20,0,4,32,NA,5,28,8,22,56,43,23,26,25,107,252,1215,41,158,0,NA,0,0,0,0,0,0,0,0,1,0,3,5,0,0,17,NA,3,7,4,22,34,38,20,24,9,63,95,618,14,98,1,NA,0,0,0,0,4,2,1,0,1,4,4,29,0,2
228459,337,324,166,132,128,340,440,532,327,117,314,461,1102,6874,639,525,269,14,128,39,67,96,176,84,130,26,127,145,576,2657,258,77,30,3,6,3,1,7,7,6,6,2,3,6,42,168,9,22,153,150,72,66,78,133,158,221,95,28,131,201,530,2957,291,181,3,0,2,0,1,2,0,1,0,0,4,2,8,34,2,4,124,158,74,58,41,165,259,267,214,78,146,221,470,3297,282,289,12,4,7,3,2,17,8,9,3,2,15,15,14,171,25,13
228501,1,26,NA,11,19,7,30,26,43,NA,5,6,64,305,NA,12,1,2,NA,1,3,2,16,5,21,NA,0,2,27,112,NA,1,0,0,NA,0,0,0,1,0,1,NA,0,1,0,4,NA,1,0,3,NA,3,4,2,8,2,4,NA,2,4,10,67,NA,2,0,0,NA,0,0,0,0,0,0,NA,0,0,0,0,NA,0,1,23,NA,8,15,5,20,23,37,NA,3,1,53,228,NA,9,0,0,NA,0,0,0,0,1,0,NA,0,0,1,4,NA,0
228529,86,99,60,13,75,86,297,258,191,89,30,58,558,2936,69,199,65,6,50,1,19,14,122,41,96,11,13,26,227,1032,18,26,2,0,0,0,0,1,0,0,1,1,0,0,5,18,0,6,47,62,38,12,47,55,167,152,115,43,17,37,347,1845,53,130,0,0,1,0,1,0,3,0,0,1,1,0,2,18,0,7,34,30,19,0,20,26,111,95,72,41,11,18,182,922,15,49,0,4,1,0,2,0,9,3,0,1,0,0,4,35,1,2
228644,NA,NA,NA,NA,NA,NA,NA,NA,NA,NA,NA,NA,NA,401,NA,401,NA,NA,NA,NA,NA,NA,NA,NA,NA,NA,NA,NA,NA,92,NA,92,NA,NA,NA,NA,NA,NA,NA,NA,NA,NA,NA,NA,NA,26,NA,26,NA,NA,NA,NA,NA,NA,NA,NA,NA,NA,NA,NA,NA,105,NA,105,NA,NA,NA,NA,NA,NA,NA,NA,NA,NA,NA,NA,NA,1,NA,1,NA,NA,NA,NA,NA,NA,NA,NA,NA,NA,NA,NA,NA,255,NA,255,NA,NA,NA,NA,NA,NA,NA,NA,NA,NA,NA,NA,NA,3,NA,3
228653,NA,NA,NA,NA,NA,NA,NA,NA,NA,NA,NA,NA,NA,333,NA,333,NA,NA,NA,NA,NA,NA,NA,NA,NA,NA,NA,NA,NA,57,NA,57,NA,NA,NA,NA,NA,NA,NA,NA,NA,NA,NA,NA,NA,72,NA,72,NA,NA,NA,NA,NA,NA,NA,NA,NA,NA,NA,NA,NA,110,NA,110,NA,NA,NA,NA,NA,NA,NA,NA,NA,NA,NA,NA,NA,1,NA,1,NA,NA,NA,NA,NA,NA,NA,NA,NA,NA,NA,NA,NA,131,NA,131,NA,NA,NA,NA,NA,NA,NA,NA,NA,NA,NA,NA,NA,5,NA,5
228705,25,35,147,9,132,44,61,34,26,12,33,42,67,890,8,26,21,2,120,1,37,12,32,7,15,3,9,28,33,396,5,1,1,0,0,0,2,1,1,0,0,0,0,1,0,9,0,0,4,2,25,0,6,3,11,7,3,1,4,5,11,140,2,2,0,0,31,0,2,0,1,0,0,0,0,0,2,38,0,0,20,33,87,9,119,37,46,25,23,11,29,34,52,681,6,24,0,0,1,0,0,2,0,0,0,0,0,1,0,5,0,0
228723,576,308,2447,106,NA,1272,549,594,40,NA,874,11,1809,13709,501,908,437,17,1815,16,NA,416,256,98,8,NA,516,4,998,6850,104,124,176,7,348,9,NA,211,23,46,5,NA,67,0,157,1376,17,100,220,237,1270,61,NA,613,341,324,23,NA,491,3,1193,7994,336,514,15,0,80,0,NA,9,6,4,0,NA,4,0,14,163,2,2,131,58,620,34,NA,395,153,191,10,NA,277,8,375,3624,136,259,5,0,11,0,NA,4,5,4,1,NA,5,0,7,70,2,3
228769,366,121,648,46,237,282,194,268,147,204,124,248,1062,7148,185,2684,289,7,502,11,96,85,83,48,48,19,46,89,542,2498,58,419,113,8,100,3,17,81,29,34,7,4,5,30,181,961,14,303,68,24,176,24,83,62,44,73,22,49,42,87,250,2084,58,905,47,0,62,0,10,10,1,5,1,2,5,5,31,242,5,46,120,86,287,17,116,113,107,146,113,141,62,109,546,3528,103,1306,2,0,4,0,0,1,1,1,0,0,0,2,6,46,0,29
228778,525,24,1225,194,293,1312,319,547,NA,88,922,399,1220,10478,1115,574,361,1,838,41,115,455,168,91,NA,14,450,120,637,4355,322,78,275,1,406,11,54,470,37,110,NA,8,163,62,442,2629,95,149,105,18,389,92,158,401,133,174,NA,39,342,169,364,3732,545,166,38,0,45,1,3,19,12,19,NA,3,59,12,38,372,31,14,71,5,313,74,68,353,118,225,NA,36,323,131,304,3206,393,229,13,0,6,7,4,18,3,2,NA,0,9,3,26,114,8,2
228787,1215,9,559,NA,NA,554,NA,375,NA,32,202,366,961,4999,2,367,923,0,436,NA,NA,225,NA,88,NA,11,105,174,499,2736,0,85,633,2,208,NA,NA,304,NA,138,NA,4,45,77,356,2066,0,199,255,4,165,NA,NA,111,NA,98,NA,12,66,149,249,1293,0,70,62,0,21,NA,NA,15,NA,6,NA,1,3,4,30,162,0,3,159,3,130,NA,NA,76,NA,108,NA,14,75,111,263,1116,2,78,44,0,12,NA,NA,23,NA,9,NA,0,1,6,22,135,0,6
228796,176,273,410,69,NA,372,174,296,354,45,91,133,543,4022,177,543,146,30,307,26,NA,126,84,62,140,4,41,46,266,1616,78,98,0,1,2,1,NA,4,2,0,1,0,1,1,5,24,0,6,3,5,17,4,NA,22,6,11,6,1,5,8,15,162,15,19,11,1,31,0,NA,9,5,5,1,0,1,9,22,124,6,6,158,265,352,61,NA,334,157,277,345,44,84,114,492,3651,156,499,2,1,4,1,NA,2,2,0,1,0,0,1,5,33,0,7
228802,62,63,131,20,NA,53,67,112,49,19,25,29,251,1873,25,689,52,3,102,2,NA,20,19,30,20,1,10,12,115,620,12,100,3,0,9,0,NA,5,2,2,0,0,0,0,10,80,0,45,36,37,59,17,NA,24,33,56,21,10,13,20,157,1019,15,347,5,0,11,0,NA,2,4,0,1,0,0,0,6,35,0,6,14,24,49,3,NA,21,25,42,26,7,9,8,67,650,6,259,1,0,1,0,NA,0,0,0,0,1,0,1,2,16,1,8
228875,67,112,49,28,44,103,17,143,65,32,221,130,701,2487,316,321,44,27,34,2,28,26,10,14,28,5,135,27,375,923,94,31,4,5,3,1,1,5,1,5,2,2,4,2,9,56,1,5,30,60,25,20,23,66,14,80,37,12,131,88,528,1649,224,226,15,2,7,0,1,0,1,3,0,0,16,4,17,89,11,2,12,36,12,7,19,26,1,43,20,12,57,31,110,548,61,67,1,3,1,0,0,1,0,1,0,1,4,2,8,35,6,6
228909,NA,NA,NA,NA,NA,8,NA,NA,NA,NA,NA,NA,NA,8,NA,0,NA,NA,NA,NA,NA,5,NA,NA,NA,NA,NA,NA,NA,5,NA,0,NA,NA,NA,NA,NA,2,NA,NA,NA,NA,NA,NA,NA,2,NA,0,NA,NA,NA,NA,NA,2,NA,NA,NA,NA,NA,NA,NA,2,NA,0,NA,NA,NA,NA,NA,0,NA,NA,NA,NA,NA,NA,NA,0,NA,0,NA,NA,NA,NA,NA,2,NA,NA,NA,NA,NA,NA,NA,2,NA,0,NA,NA,NA,NA,NA,0,NA,NA,NA,NA,NA,NA,NA,0,NA,0
228981,5,23,1,0,NA,17,41,11,NA,NA,12,8,54,313,1,101,5,11,1,0,NA,2,24,2,NA,NA,2,4,36,114,1,11,0,0,1,0,NA,0,0,0,NA,NA,0,0,0,11,0,9,5,11,0,0,NA,3,16,6,NA,NA,9,7,27,138,1,35,0,0,0,0,NA,0,0,0,NA,NA,0,0,0,0,0,0,0,12,0,0,NA,14,22,5,NA,NA,3,1,25,150,0,48,0,0,0,0,NA,0,1,0,NA,NA,0,0,1,4,0,2
229018,32,86,70,17,9,37,41,116,20,10,65,17,167,890,31,78,24,1,51,4,2,13,22,14,5,0,23,6,66,301,12,13,1,0,2,0,2,0,0,1,0,0,0,0,1,13,1,3,5,26,14,8,5,7,11,47,6,0,22,8,44,265,11,19,5,2,8,0,0,4,2,4,1,0,1,0,9,44,0,8,20,58,45,8,2,25,27,60,13,10,39,9,103,537,15,47,1,0,0,0,0,0,0,1,0,0,2,0,3,11,1,1
229027,738,270,444,84,180,359,371,567,243,17,239,148,1063,5921,270,321,575,18,315,19,80,110,165,101,105,6,89,52,566,2648,98,59,89,5,35,0,3,43,29,21,3,0,8,2,56,342,5,27,199,48,115,22,44,62,52,83,35,3,49,38,241,1225,47,44,8,2,16,0,2,5,8,8,0,0,1,0,15,76,1,0,411,206,258,59,127,231,271,424,199,12,175,99,714,4043,200,241,8,3,5,1,2,4,0,4,1,0,1,1,8,45,2,1
229063,25,23,29,9,86,95,41,65,74,39,27,41,193,1047,102,109,20,7,22,2,36,28,18,10,16,9,5,16,80,372,33,25,3,0,0,0,0,5,0,2,1,0,0,0,1,24,1,8,0,2,4,0,3,0,2,3,0,0,0,1,5,32,1,2,3,1,9,0,1,1,0,0,0,0,0,1,3,29,1,4,18,19,15,8,79,86,39,58,73,37,26,37,182,933,98,89,0,1,1,0,0,1,0,0,0,1,0,1,0,9,0,3
229115,294,304,681,87,223,655,107,372,NA,24,294,169,1440,7139,635,36,244,24,554,16,92,242,82,86,NA,3,146,39,941,3434,253,4,20,5,25,4,10,44,0,9,NA,0,11,3,28,204,12,0,132,160,328,47,134,315,67,202,NA,14,131,109,925,4045,383,21,18,0,47,0,1,6,2,3,NA,0,3,3,19,116,0,1,112,126,251,26,65,246,28,139,NA,8,126,39,410,2380,192,11,2,6,1,5,4,3,0,2,NA,0,4,5,10,67,8,0
229160,11,30,NA,3,NA,19,12,28,28,NA,16,14,84,288,9,0,8,5,NA,0,NA,3,5,6,11,NA,7,7,49,113,3,0,1,1,NA,0,NA,0,0,0,0,NA,0,0,0,2,0,0,1,6,NA,2,NA,2,4,6,6,NA,0,9,21,64,1,0,1,0,NA,0,NA,1,3,2,0,NA,0,0,15,26,3,0,7,17,NA,0,NA,13,3,11,20,NA,12,5,31,136,4,0,0,0,NA,0,NA,1,0,0,0,NA,0,0,1,3,0,0
229179,35,131,NA,32,213,72,124,176,29,42,62,101,229,2151,NA,686,12,4,NA,4,16,1,24,9,2,1,7,15,17,189,NA,59,6,5,NA,1,14,9,11,14,0,1,2,2,17,251,NA,152,4,59,NA,16,65,19,41,61,7,14,26,42,58,659,NA,168,8,0,NA,0,0,1,0,7,0,0,0,0,4,45,NA,20,15,63,NA,13,115,42,62,81,22,27,30,53,138,1079,NA,315,0,1,NA,0,1,0,1,2,0,0,1,1,2,16,NA,5
229267,30,1,42,19,0,91,NA,41,NA,NA,72,15,155,588,32,3,23,0,27,6,0,38,NA,10,NA,NA,29,2,100,289,13,1,4,0,2,1,0,15,NA,3,NA,NA,4,3,7,51,4,2,15,1,26,12,0,52,NA,23,NA,NA,37,6,83,325,12,0,3,0,2,0,0,0,NA,1,NA,NA,2,0,12,28,0,0,6,0,11,4,0,22,NA,12,NA,NA,26,3,45,154,15,0,0,0,0,0,0,0,NA,1,NA,NA,0,0,2,3,0,0
229300,NA,NA,NA,NA,NA,NA,NA,NA,NA,NA,NA,NA,NA,297,NA,297,NA,NA,NA,NA,NA,NA,NA,NA,NA,NA,NA,NA,NA,43,NA,43,NA,NA,NA,NA,NA,NA,NA,NA,NA,NA,NA,NA,NA,81,NA,81,NA,NA,NA,NA,NA,NA,NA,NA,NA,NA,NA,NA,NA,58,NA,58,NA,NA,NA,NA,NA,NA,NA,NA,NA,NA,NA,NA,NA,3,NA,3,NA,NA,NA,NA,NA,NA,NA,NA,NA,NA,NA,NA,NA,140,NA,140,NA,NA,NA,NA,NA,NA,NA,NA,NA,NA,NA,NA,NA,5,NA,5
229337,NA,NA,NA,NA,NA,NA,NA,NA,NA,NA,NA,NA,NA,1084,NA,1084,NA,NA,NA,NA,NA,NA,NA,NA,NA,NA,NA,NA,NA,156,NA,156,NA,NA,NA,NA,NA,NA,NA,NA,NA,NA,NA,NA,NA,47,NA,47,NA,NA,NA,NA,NA,NA,NA,NA,NA,NA,NA,NA,NA,554,NA,554,NA,NA,NA,NA,NA,NA,NA,NA,NA,NA,NA,NA,NA,8,NA,8,NA,NA,NA,NA,NA,NA,NA,NA,NA,NA,NA,NA,NA,443,NA,443,NA,NA,NA,NA,NA,NA,NA,NA,NA,NA,NA,NA,NA,7,NA,7
229355,NA,NA,NA,NA,NA,NA,NA,NA,0,NA,NA,NA,NA,33,NA,33,NA,NA,NA,NA,NA,NA,NA,NA,0,NA,NA,NA,NA,1,NA,1,NA,NA,NA,NA,NA,NA,NA,NA,0,NA,NA,NA,NA,0,NA,0,NA,NA,NA,NA,NA,NA,NA,NA,0,NA,NA,NA,NA,18,NA,18,NA,NA,NA,NA,NA,NA,NA,NA,0,NA,NA,NA,NA,0,NA,0,NA,NA,NA,NA,NA,NA,NA,NA,0,NA,NA,NA,NA,13,NA,13,NA,NA,NA,NA,NA,NA,NA,NA,0,NA,NA,NA,NA,1,NA,1
229780,9,64,NA,4,52,6,15,6,56,42,1,1,185,482,2,18,8,18,NA,1,28,2,10,2,29,8,0,0,89,219,2,8,0,0,NA,0,4,0,0,0,4,0,0,0,4,13,0,1,3,21,NA,2,18,1,9,1,13,14,0,1,47,146,0,4,2,0,NA,0,0,2,3,0,0,0,0,0,11,20,0,0,3,34,NA,1,21,3,3,4,33,22,1,0,96,236,2,8,1,8,NA,0,6,0,0,1,6,4,0,0,16,46,0,3
229799,NA,0,NA,NA,NA,NA,NA,NA,NA,NA,NA,NA,14,58,NA,44,NA,0,NA,NA,NA,NA,NA,NA,NA,NA,NA,NA,4,6,NA,2,NA,0,NA,NA,NA,NA,NA,NA,NA,NA,NA,NA,0,1,NA,1,NA,0,NA,NA,NA,NA,NA,NA,NA,NA,NA,NA,10,41,NA,31,NA,0,NA,NA,NA,NA,NA,NA,NA,NA,NA,NA,0,0,NA,0,NA,0,NA,NA,NA,NA,NA,NA,NA,NA,NA,NA,4,15,NA,11,NA,0,NA,NA,NA,NA,NA,NA,NA,NA,NA,NA,0,1,NA,1
229814,17,62,69,16,175,91,71,37,48,23,12,57,328,1626,49,227,15,12,58,5,47,28,38,6,27,4,6,17,156,598,20,32,1,0,3,0,0,2,0,0,0,0,0,0,8,25,1,4,8,30,35,9,100,39,40,25,24,9,6,31,166,899,26,115,1,0,0,0,1,1,2,0,0,0,0,1,6,18,2,0,6,28,30,6,64,43,22,8,21,13,6,21,127,585,17,93,0,3,0,1,4,4,5,2,3,0,0,2,14,59,3,7
230038,499,416,541,97,25,888,261,370,NA,NA,489,326,1015,6719,355,408,400,50,453,20,3,505,43,119,NA,NA,239,93,759,3268,95,55,8,1,9,0,2,25,1,7,NA,NA,6,7,21,119,5,5,416,362,435,82,20,724,224,285,NA,NA,366,275,821,5471,283,336,30,5,24,1,0,19,5,11,NA,NA,20,8,41,207,5,11,26,30,42,5,1,64,17,39,NA,NA,53,19,73,506,30,34,5,6,7,3,2,15,4,7,NA,NA,6,1,18,111,11,9
230047,43,65,NA,10,0,66,18,51,NA,37,28,30,157,583,27,5,34,19,NA,2,0,30,8,13,NA,8,8,10,82,244,12,1,0,1,NA,0,0,2,1,2,NA,0,0,1,3,14,1,0,11,23,NA,6,0,36,3,19,NA,9,15,7,38,194,7,2,28,26,NA,0,0,11,6,15,NA,12,7,16,81,228,12,1,1,8,NA,2,0,6,2,5,NA,5,1,1,10,51,5,0,0,2,NA,1,0,2,1,1,NA,7,3,1,8,29,0,1
230171,42,48,26,23,NA,52,132,76,42,NA,15,96,197,1214,74,295,34,7,21,7,NA,32,65,21,15,NA,6,28,127,475,26,44,0,0,0,0,NA,1,0,0,0,NA,0,0,3,11,0,6,32,43,23,19,NA,38,96,61,28,NA,8,74,161,964,59,237,3,0,0,0,NA,0,5,1,1,NA,0,2,7,21,0,1,6,3,2,3,NA,9,21,11,9,NA,6,12,20,156,10,36,0,1,0,0,NA,1,2,0,0,NA,0,3,2,19,3,6
230418,16,NA,4,NA,NA,NA,NA,NA,NA,NA,NA,NA,65,96,11,NA,14,NA,3,NA,NA,NA,NA,NA,NA,NA,NA,NA,36,56,3,NA,0,NA,0,NA,NA,NA,NA,NA,NA,NA,NA,NA,0,0,0,NA,5,NA,0,NA,NA,NA,NA,NA,NA,NA,NA,NA,27,35,3,NA,10,NA,4,NA,NA,NA,NA,NA,NA,NA,NA,NA,24,43,5,NA,1,NA,0,NA,NA,NA,NA,NA,NA,NA,NA,NA,12,14,1,NA,0,NA,0,NA,NA,NA,NA,NA,NA,NA,NA,NA,1,2,1,NA
230597,NA,NA,11,NA,NA,NA,NA,NA,NA,NA,NA,28,NA,39,NA,NA,NA,NA,9,NA,NA,NA,NA,NA,NA,NA,NA,19,NA,28,NA,NA,NA,NA,0,NA,NA,NA,NA,NA,NA,NA,NA,0,NA,0,NA,NA,NA,NA,10,NA,NA,NA,NA,NA,NA,NA,NA,24,NA,34,NA,NA,NA,NA,0,NA,NA,NA,NA,NA,NA,NA,NA,3,NA,3,NA,NA,NA,NA,1,NA,NA,NA,NA,NA,NA,NA,NA,0,NA,1,NA,NA,NA,NA,0,NA,NA,NA,NA,NA,NA,NA,NA,1,NA,1,NA,NA
230603,37,176,36,14,150,98,88,112,51,13,64,85,265,1673,68,115,32,29,26,3,62,56,41,32,19,4,23,19,147,704,29,19,0,0,0,1,3,3,0,0,2,0,3,1,4,29,2,3,25,149,25,10,104,73,71,87,31,13,51,65,211,1297,48,96,4,3,3,0,3,3,0,5,1,0,2,8,19,70,8,0,3,9,5,1,27,11,6,15,7,0,2,4,15,137,4,11,5,13,3,2,13,7,8,4,8,0,2,6,13,117,6,4
230728,190,427,334,75,48,175,171,204,NA,76,446,103,546,4357,164,355,164,60,284,15,16,102,68,51,NA,14,206,24,361,1922,43,23,2,4,2,0,0,1,1,1,NA,0,1,3,6,42,2,9,169,380,306,70,41,150,146,177,NA,62,197,92,481,3608,145,286,0,0,0,0,0,1,1,1,NA,0,5,1,7,25,1,0,12,17,15,2,5,14,9,20,NA,10,16,4,34,281,9,45,4,14,4,0,1,4,5,3,NA,3,222,2,4,296,2,4
230737,272,297,141,93,90,169,123,455,231,49,131,272,999,4358,197,222,238,38,128,30,51,105,67,147,118,11,66,98,634,2218,74,51,6,1,2,0,0,1,2,3,4,0,3,7,19,67,3,2,215,257,117,80,75,130,99,355,180,39,104,214,811,3534,165,182,7,1,2,0,0,2,0,4,0,0,0,2,6,34,0,4,27,28,15,10,11,31,12,69,33,6,20,34,122,523,20,24,7,2,3,0,4,1,1,7,7,0,2,4,13,71,4,2
230764,532,41,464,105,0,577,33,491,NA,117,721,390,810,5678,261,301,443,1,358,37,0,240,22,117,NA,12,325,135,557,2739,82,43,63,1,34,1,0,46,0,26,NA,4,48,12,45,346,8,21,281,27,322,77,0,397,26,312,NA,74,489,264,538,3729,139,213,96,0,20,0,0,13,0,38,NA,2,13,37,44,358,56,4,59,11,61,23,0,73,7,78,NA,28,115,53,129,857,42,46,4,0,4,0,0,2,0,8,NA,1,12,5,8,60,3,0
230782,202,149,48,61,28,120,41,124,104,72,65,82,335,2548,80,786,166,18,45,22,14,53,18,34,35,16,33,21,229,1025,28,160,14,0,0,0,0,2,0,1,1,0,2,1,2,48,1,21,146,118,41,48,20,93,31,98,68,55,46,59,254,1929,57,600,6,2,1,1,2,3,3,1,0,0,2,4,7,43,1,6,23,18,2,3,4,15,3,14,25,12,10,9,43,310,13,87,10,7,3,5,1,1,2,5,6,3,3,4,17,129,4,46
230807,10,6,0,6,2,24,8,15,2,NA,15,18,39,245,9,66,6,0,0,2,1,9,8,3,0,NA,4,5,28,93,4,12,0,0,0,0,0,1,0,0,0,NA,0,0,1,6,1,3,5,5,0,6,2,16,6,13,2,NA,12,14,28,183,6,46,3,0,0,0,0,0,0,0,0,NA,0,0,6,12,1,2,0,1,0,0,0,5,1,1,0,NA,1,3,3,30,1,12,1,0,0,0,0,1,1,1,0,NA,2,1,0,9,0,2
230852,200,12,NA,15,15,NA,0,12,83,9,0,115,97,607,14,15,164,4,NA,2,5,NA,0,2,46,2,0,68,44,354,9,1,7,0,NA,0,0,NA,0,0,3,1,0,5,4,22,1,1,144,10,NA,12,11,NA,0,7,64,6,0,89,63,442,10,10,0,0,NA,0,0,NA,0,0,0,0,0,0,0,0,0,0,29,1,NA,0,3,NA,0,3,9,1,0,11,18,83,2,3,15,1,NA,1,1,NA,0,2,2,1,0,5,7,38,1,1
230959,55,2,NA,41,3,105,NA,39,NA,NA,225,26,NA,727,NA,0,35,0,NA,13,1,28,NA,11,NA,NA,133,10,NA,336,NA,0,10,0,NA,2,0,6,NA,2,NA,NA,19,2,NA,59,NA,0,29,0,NA,31,3,75,NA,26,NA,NA,147,14,NA,476,NA,0,8,0,NA,1,0,8,NA,4,NA,NA,24,2,NA,69,NA,0,2,1,NA,6,0,11,NA,1,NA,NA,26,4,NA,78,NA,0,0,0,NA,0,0,1,NA,0,NA,NA,2,0,NA,5,NA,0
230995,90,10,54,3,NA,18,17,22,111,NA,54,0,72,700,5,56,76,5,47,0,NA,9,8,6,74,NA,45,0,63,513,5,12,3,0,3,0,NA,2,0,0,4,NA,2,0,2,18,0,1,66,8,43,2,NA,9,12,13,77,NA,42,0,47,497,2,39,3,0,0,0,NA,0,0,1,2,NA,0,0,2,11,0,0,9,0,4,1,NA,3,5,8,16,NA,5,0,9,88,2,8,3,2,2,0,NA,2,0,0,8,NA,2,0,7,52,0,7
231059,9,6,8,15,NA,30,NA,45,NA,NA,27,14,71,297,9,19,9,0,7,3,NA,9,NA,5,NA,NA,11,5,54,132,4,6,0,0,0,0,NA,1,NA,0,NA,NA,1,0,0,2,0,0,7,6,6,15,NA,24,NA,39,NA,NA,21,12,60,254,8,19,2,0,0,0,NA,1,NA,2,NA,NA,1,0,6,14,0,0,0,0,1,0,NA,2,NA,3,NA,NA,2,2,5,20,1,0,0,0,1,0,NA,1,NA,0,NA,NA,0,0,0,2,0,0
231165,9,51,9,11,21,19,59,66,13,8,24,53,108,706,5,148,7,1,9,2,4,5,41,10,7,0,12,22,72,283,5,22,0,0,1,0,0,0,1,1,0,0,1,0,4,11,0,2,8,47,6,9,21,14,43,57,9,7,16,36,79,561,3,113,0,0,0,0,0,3,2,1,1,0,1,1,6,24,0,8,1,1,1,1,0,2,6,2,1,0,4,5,12,54,2,15,0,1,0,1,0,0,7,3,0,1,2,8,2,34,0,4
231174,105,136,193,63,11,286,41,194,NA,25,221,96,245,2605,62,250,82,20,137,20,3,79,19,35,NA,3,91,39,180,974,16,28,8,4,6,0,0,9,0,4,NA,0,2,2,11,67,0,10,79,121,159,60,9,240,32,160,NA,18,194,73,206,2191,50,208,4,0,2,0,0,2,1,3,NA,0,2,1,9,32,0,1,6,8,13,1,1,10,1,10,NA,3,13,11,5,140,4,21,5,1,7,2,0,8,2,6,NA,0,7,7,8,82,3,4
231420,11,8,NA,1,NA,20,22,12,22,NA,8,6,50,285,6,86,10,3,NA,1,NA,8,17,2,12,NA,2,3,33,134,5,14,1,1,NA,0,NA,0,0,1,1,NA,0,0,0,6,0,2,7,6,NA,1,NA,13,7,4,13,NA,3,5,22,155,3,44,2,0,NA,0,NA,1,7,2,0,NA,0,0,7,21,0,0,1,1,NA,0,NA,5,7,5,6,NA,5,1,18,82,3,26,0,0,NA,0,NA,1,0,0,1,NA,0,0,2,18,0,14
231581,11,NA,NA,7,17,20,52,17,NA,NA,20,21,49,278,10,NA,6,NA,NA,1,1,8,20,5,NA,NA,7,8,41,126,6,NA,1,NA,NA,0,0,0,0,0,NA,NA,0,0,0,2,0,NA,6,NA,NA,6,14,16,41,7,NA,NA,12,9,36,197,6,NA,0,NA,NA,0,0,1,0,1,NA,NA,0,1,1,4,0,NA,1,NA,NA,1,3,3,7,6,NA,NA,7,8,7,53,4,NA,2,NA,NA,0,0,0,0,2,NA,NA,1,2,1,11,0,NA
231624,93,8,NA,52,NA,244,115,137,NA,42,338,20,193,1667,NA,NA,58,0,NA,11,NA,70,26,26,NA,16,138,5,114,657,NA,NA,23,1,NA,1,NA,37,13,9,NA,8,19,2,23,176,NA,NA,40,6,NA,39,NA,142,70,76,NA,26,220,12,111,1019,NA,NA,5,0,NA,2,NA,9,1,3,NA,0,19,0,5,69,NA,NA,12,1,NA,4,NA,34,27,33,NA,6,51,4,36,254,NA,NA,7,0,NA,1,NA,5,0,1,NA,1,14,1,3,42,NA,NA
231651,30,31,3,23,NA,NA,NA,120,48,25,10,17,146,696,65,18,22,1,2,6,NA,NA,NA,17,33,11,6,6,64,277,23,3,0,1,0,2,NA,NA,NA,2,0,2,0,1,1,9,0,0,18,14,2,17,NA,NA,NA,64,30,19,7,9,78,399,37,11,0,0,0,0,NA,NA,NA,0,0,0,0,0,0,0,0,0,9,11,0,3,NA,NA,NA,38,14,3,1,5,50,209,20,7,1,5,1,1,NA,NA,NA,10,3,1,1,1,13,54,4,0
231712,80,NA,28,29,NA,150,NA,155,NA,18,140,49,148,1026,102,NA,60,NA,23,7,NA,46,NA,32,NA,0,77,14,107,467,37,NA,5,NA,2,1,NA,6,NA,3,NA,0,2,3,8,39,7,NA,56,NA,20,24,NA,109,NA,134,NA,13,107,29,114,782,79,NA,0,NA,0,0,NA,0,NA,0,NA,0,1,0,2,4,0,NA,16,NA,4,3,NA,23,NA,13,NA,4,21,11,12,134,12,NA,1,NA,1,0,NA,1,NA,0,NA,0,1,1,4,13,0,NA
231785,NA,NA,NA,NA,NA,NA,NA,NA,NA,6,NA,NA,11,30,NA,13,NA,NA,NA,NA,NA,NA,NA,NA,NA,0,NA,NA,3,4,NA,1,NA,NA,NA,NA,NA,NA,NA,NA,NA,0,NA,NA,2,2,NA,0,NA,NA,NA,NA,NA,NA,NA,NA,NA,1,NA,NA,3,6,NA,2,NA,NA,NA,NA,NA,NA,NA,NA,NA,0,NA,NA,0,0,NA,0,NA,NA,NA,NA,NA,NA,NA,NA,NA,5,NA,NA,5,21,NA,11,NA,NA,NA,NA,NA,NA,NA,NA,NA,0,NA,NA,0,0,NA,0
232025,NA,9,1,4,3,11,33,16,NA,2,18,10,33,181,11,9,NA,2,1,2,3,2,20,2,NA,0,9,3,19,78,6,0,NA,1,0,0,0,0,0,0,NA,0,0,0,0,1,0,0,NA,8,1,4,2,8,24,14,NA,2,10,9,24,141,8,9,NA,0,0,0,0,0,0,0,NA,0,1,0,0,1,0,0,NA,0,0,0,0,1,6,1,NA,0,4,1,2,20,3,0,NA,0,0,0,1,0,2,0,NA,0,2,0,5,11,0,0
232043,8,3,4,1,16,8,4,11,NA,8,6,5,52,209,3,59,6,1,3,0,5,3,2,2,NA,0,3,2,31,69,2,6,1,0,1,0,1,0,0,0,NA,0,0,0,1,5,0,1,3,3,2,1,11,6,3,10,NA,5,3,5,34,143,0,43,2,0,1,0,1,0,0,0,NA,0,1,0,2,10,1,2,2,0,0,0,2,1,0,1,NA,3,2,0,6,29,1,8,0,0,0,0,1,0,0,0,NA,0,0,0,8,15,1,4
232186,794,115,307,81,383,336,101,348,488,86,409,279,1163,5953,105,482,603,17,232,17,183,97,66,75,221,21,179,117,601,2780,38,51,337,10,71,13,72,118,11,48,84,6,57,36,335,1413,11,132,218,53,122,41,139,104,44,132,202,28,152,135,324,2089,42,139,35,2,22,1,12,10,2,19,18,14,56,3,116,348,0,9,152,42,63,16,129,80,32,120,155,36,117,80,306,1644,38,165,28,3,16,4,12,9,2,11,18,1,7,7,41,204,7,19
232265,10,8,19,0,22,46,45,42,31,3,22,6,86,439,47,27,9,5,16,0,22,8,19,3,5,1,4,3,39,167,14,4,0,0,0,0,0,0,0,0,0,0,0,0,1,2,0,0,0,0,0,0,0,0,1,0,0,0,0,0,0,1,0,0,0,0,0,0,0,0,0,0,0,0,0,0,1,2,0,0,10,8,19,0,22,46,44,42,31,3,22,6,84,434,47,27,0,0,0,0,0,0,0,0,0,0,0,0,0,0,0,0
232423,283,226,69,100,134,200,315,294,NA,93,379,267,652,4708,426,860,227,18,51,28,41,60,201,47,NA,35,206,85,355,1827,155,116,33,9,3,2,8,20,9,13,NA,2,16,6,32,233,15,43,200,182,56,75,93,127,247,222,NA,73,255,204,530,3559,351,642,6,0,1,1,2,2,1,4,NA,0,11,1,6,44,2,2,24,26,4,18,18,35,41,32,NA,14,72,35,53,569,41,106,4,1,2,0,8,8,4,3,NA,2,9,4,12,100,7,22
232557,288,666,107,224,4,134,228,1225,638,268,201,432,1962,10602,252,525,219,59,88,32,0,41,144,209,361,24,107,140,992,4482,61,87,10,9,2,1,0,7,4,18,7,4,3,12,45,185,6,9,180,449,76,150,4,103,177,732,363,158,136,309,1250,6677,181,351,3,4,7,1,0,2,6,10,12,2,3,11,40,155,3,10,40,90,7,20,0,10,19,227,126,53,17,46,251,1506,29,70,42,98,10,43,0,8,13,186,106,45,30,40,303,1700,26,61
232566,17,73,NA,12,35,16,36,41,31,27,38,32,98,639,45,86,13,5,NA,3,5,3,7,2,18,1,11,12,54,182,13,5,0,1,NA,1,0,1,0,0,0,1,0,0,1,7,1,1,11,55,NA,8,27,11,27,25,25,21,21,16,79,462,35,66,0,3,NA,0,0,0,0,1,0,0,1,0,3,10,0,0,4,9,NA,0,8,4,6,10,6,4,13,7,11,108,6,11,2,1,NA,1,0,0,2,1,0,1,0,2,3,16,1,1
232609,11,21,NA,5,NA,65,14,20,NA,NA,52,13,58,366,16,57,10,4,NA,1,NA,20,9,3,NA,NA,21,3,35,128,6,6,3,0,NA,0,NA,2,0,0,NA,NA,0,0,3,11,0,3,4,14,NA,4,NA,54,10,16,NA,NA,33,9,42,260,10,36,0,0,NA,0,NA,0,0,0,NA,NA,0,0,0,2,1,1,2,5,NA,1,NA,6,3,3,NA,NA,15,4,8,67,3,14,1,0,NA,0,NA,0,1,1,NA,NA,1,0,2,9,0,1
232672,NA,15,NA,6,32,20,5,37,NA,21,27,18,43,282,NA,36,NA,0,NA,0,1,4,2,3,NA,1,7,6,19,60,NA,5,NA,0,NA,0,0,2,0,1,NA,0,3,0,2,9,NA,1,NA,12,NA,5,27,10,4,22,NA,10,9,9,21,166,NA,19,NA,0,NA,0,0,0,0,0,NA,0,1,1,1,4,NA,1,NA,3,NA,1,3,7,1,11,NA,9,11,5,11,77,NA,13,NA,0,NA,0,1,1,0,1,NA,2,1,1,4,14,NA,1
232681,69,44,NA,39,45,83,NA,72,NA,NA,84,45,136,829,47,37,53,1,NA,11,18,19,NA,11,NA,NA,35,19,69,310,18,3,5,1,NA,0,2,6,NA,4,NA,NA,4,0,6,41,6,1,41,36,NA,22,29,53,NA,44,NA,NA,54,29,88,542,29,27,2,0,NA,0,0,1,NA,0,NA,NA,1,0,3,7,0,0,14,6,NA,12,11,16,NA,17,NA,NA,17,11,29,169,11,8,5,0,NA,1,2,4,NA,2,NA,NA,3,2,6,33,0,1
232706,58,8,0,4,8,26,NA,30,24,NA,16,23,59,438,11,142,44,1,0,0,4,2,NA,5,8,NA,7,7,29,139,4,21,5,0,0,0,1,3,NA,2,0,NA,0,0,1,38,0,24,13,4,0,2,2,6,NA,9,7,NA,6,8,22,136,2,44,16,1,0,0,0,4,NA,2,1,NA,4,5,12,57,3,8,20,1,0,1,4,10,NA,14,12,NA,5,8,23,169,6,53,1,0,0,1,1,2,NA,3,3,NA,1,0,1,18,0,3
232937,33,19,21,7,NA,47,20,115,NA,57,72,61,118,800,40,77,23,2,17,2,NA,7,6,18,NA,5,23,21,40,228,20,6,0,0,0,0,NA,0,0,1,NA,0,0,0,0,2,0,1,1,0,1,0,NA,2,0,0,NA,5,0,1,4,23,0,3,0,0,1,0,NA,0,0,0,NA,0,1,0,1,4,0,0,30,17,15,7,NA,42,19,108,NA,47,65,53,109,715,36,68,0,1,0,0,NA,1,0,2,NA,4,2,0,1,15,0,1
232982,365,209,190,174,NA,192,109,352,NA,NA,291,76,557,3506,NA,562,272,46,146,47,NA,59,49,57,NA,NA,93,30,303,1434,NA,76,34,4,17,2,NA,7,5,8,NA,NA,8,3,41,193,NA,47,155,128,95,82,NA,91,59,144,NA,NA,120,37,267,1673,NA,261,6,0,4,0,NA,1,2,2,NA,NA,2,0,10,31,NA,1,137,62,49,76,NA,70,34,159,NA,NA,136,32,194,1296,NA,209,5,5,8,7,NA,9,2,9,NA,NA,5,1,9,82,NA,13
233277,36,31,NA,16,NA,58,52,99,77,23,62,92,166,1330,53,420,31,15,NA,6,NA,13,28,22,28,4,28,33,106,429,26,49,2,0,NA,0,NA,1,0,2,3,0,1,0,0,27,1,15,22,18,NA,12,NA,35,38,67,42,14,41,54,111,891,33,300,1,0,NA,0,NA,0,0,0,1,0,1,0,2,8,1,2,8,11,NA,4,NA,14,10,20,24,9,15,22,45,289,11,68,1,0,NA,0,NA,2,4,2,1,0,2,10,4,48,2,14
233295,20,10,14,7,NA,46,NA,32,NA,NA,45,10,81,358,23,27,18,0,9,0,NA,7,NA,5,NA,NA,20,1,55,143,14,2,0,0,1,0,NA,3,NA,1,NA,NA,2,0,2,11,0,1,9,10,10,6,NA,30,NA,26,NA,NA,29,7,64,265,22,20,2,0,1,0,NA,2,NA,1,NA,NA,1,0,2,10,0,0,7,0,2,1,NA,5,NA,2,NA,NA,9,1,12,48,1,3,1,0,0,0,NA,0,NA,0,NA,NA,0,0,0,3,0,0
233374,38,2,NA,30,8,83,NA,26,NA,NA,79,17,329,793,3,34,27,1,NA,11,3,20,NA,7,NA,NA,33,7,172,358,0,9,8,0,NA,2,0,11,NA,2,NA,NA,5,2,15,54,0,2,9,0,NA,15,6,44,NA,16,NA,NA,45,12,237,494,1,21,10,0,NA,2,0,9,NA,4,NA,NA,18,0,16,75,2,0,8,2,NA,7,2,13,NA,4,NA,NA,8,3,44,125,0,8,0,0,NA,1,0,1,NA,0,NA,NA,0,0,4,8,0,1
233426,4,39,1,18,NA,36,43,38,17,NA,37,8,82,404,14,13,4,4,1,8,NA,15,22,9,6,NA,18,1,57,175,5,2,0,1,0,0,NA,0,0,0,1,NA,1,0,2,7,0,2,3,32,1,16,NA,31,34,31,15,NA,29,5,67,333,11,10,0,0,0,0,NA,2,0,0,0,NA,0,0,1,6,0,0,1,5,0,2,NA,3,7,4,1,NA,5,1,12,46,2,1,0,1,0,0,NA,0,0,1,0,NA,0,1,0,3,0,0
233541,13,28,NA,5,2,82,14,29,19,0,3,97,62,521,8,135,11,12,NA,1,1,24,12,3,7,0,1,46,44,192,3,15,1,1,NA,0,0,2,0,0,0,0,0,0,2,19,0,12,9,18,NA,4,2,54,10,21,13,0,3,65,36,337,5,81,0,0,NA,0,0,1,1,0,0,0,0,1,0,3,0,0,2,3,NA,1,0,19,1,3,4,0,0,18,9,79,2,14,1,6,NA,0,0,6,2,5,2,0,0,13,15,83,1,28
233684,105,0,NA,NA,NA,NA,NA,NA,40,NA,0,NA,310,455,NA,0,77,0,NA,NA,NA,NA,NA,NA,13,NA,0,NA,89,179,NA,0,21,0,NA,NA,NA,NA,NA,NA,0,NA,0,NA,12,33,NA,0,39,0,NA,NA,NA,NA,NA,NA,15,NA,0,NA,86,140,NA,0,2,0,NA,NA,NA,NA,NA,NA,0,NA,0,NA,8,10,NA,0,38,0,NA,NA,NA,NA,NA,NA,20,NA,0,NA,182,240,NA,0,3,0,NA,NA,NA,NA,NA,NA,3,NA,0,NA,13,19,NA,0
233897,8,NA,3,17,51,NA,NA,NA,NA,NA,53,NA,36,228,NA,28,7,NA,3,8,26,NA,NA,NA,NA,NA,11,NA,26,103,NA,5,0,NA,0,0,0,NA,NA,NA,NA,NA,0,NA,2,3,NA,1,6,NA,1,13,35,NA,NA,NA,NA,NA,45,NA,24,170,NA,15,0,NA,0,0,0,NA,NA,NA,NA,NA,0,NA,0,0,NA,0,1,NA,1,2,9,NA,NA,NA,NA,NA,4,NA,6,23,NA,0,1,NA,1,2,7,NA,NA,NA,NA,NA,4,NA,4,30,NA,11
233921,517,7,1568,81,NA,660,NA,256,NA,48,602,172,1723,7702,249,105,412,3,1213,18,NA,204,NA,67,NA,21,297,56,1132,4298,109,24,172,1,193,5,NA,102,NA,27,NA,2,51,14,269,1034,11,19,194,5,938,50,NA,405,NA,157,NA,29,374,109,1058,4670,183,51,66,0,127,0,NA,9,NA,3,NA,1,9,4,60,390,6,3,51,1,211,18,NA,79,NA,53,NA,13,109,29,224,1058,36,23,13,0,35,0,NA,14,NA,2,NA,2,12,7,23,151,5,3
234030,265,345,213,87,NA,378,0,518,249,83,241,665,567,4674,178,325,175,83,148,25,NA,106,0,90,71,7,85,165,309,1574,54,46,81,36,32,2,NA,143,0,70,23,6,18,70,80,693,12,39,78,128,108,65,NA,106,0,206,118,31,118,356,225,2012,88,137,6,8,12,0,NA,13,0,7,3,0,1,9,15,83,0,2,74,135,49,11,NA,93,0,173,89,31,80,158,177,1367,60,89,5,5,4,1,NA,7,0,3,2,3,0,8,12,110,1,42
234076,337,33,436,100,705,262,86,179,NA,98,549,47,389,4339,116,174,257,3,256,25,267,74,18,44,NA,26,299,15,180,1858,23,16,135,2,90,6,162,59,9,26,NA,5,58,9,69,764,6,24,121,23,246,69,349,138,55,98,NA,60,334,29,190,2383,80,103,11,1,9,0,24,7,1,6,NA,1,33,2,30,169,3,2,41,7,52,11,103,30,12,33,NA,23,80,5,54,627,19,32,14,0,11,6,32,16,3,5,NA,5,22,0,17,168,3,5
234085,26,NA,84,23,NA,30,NA,43,NA,NA,101,NA,NA,390,NA,NA,24,NA,76,20,NA,22,NA,37,NA,NA,90,NA,NA,341,NA,NA,4,NA,6,0,NA,4,NA,1,NA,NA,5,NA,NA,23,NA,NA,17,NA,68,18,NA,19,NA,34,NA,NA,82,NA,NA,302,NA,NA,1,NA,3,0,NA,0,NA,0,NA,NA,0,NA,NA,6,NA,NA,4,NA,4,5,NA,5,NA,7,NA,NA,11,NA,NA,43,NA,NA,0,NA,0,0,NA,1,NA,0,NA,NA,0,NA,NA,3,NA,NA
234155,24,50,12,6,0,46,NA,71,56,20,45,15,117,632,45,2,17,32,9,0,0,5,NA,11,15,1,7,8,47,226,20,0,0,0,1,0,0,0,NA,0,0,0,0,0,0,2,0,0,1,2,0,2,0,0,NA,0,1,0,1,0,2,20,0,0,1,0,0,0,0,0,NA,0,1,0,0,0,1,6,0,0,21,43,10,4,0,43,NA,65,51,19,42,14,111,568,42,2,0,0,0,0,0,0,NA,1,0,1,0,0,0,5,0,0
234164,13,9,NA,2,NA,9,NA,16,NA,8,20,5,30,144,15,3,9,4,NA,0,NA,3,NA,5,NA,0,3,3,20,62,10,1,0,0,NA,0,NA,0,NA,0,NA,0,0,0,0,0,0,0,1,0,NA,0,NA,0,NA,0,NA,0,0,0,0,2,0,0,1,0,NA,0,NA,2,NA,0,NA,0,0,0,3,7,0,0,11,9,NA,2,NA,7,NA,15,NA,8,18,5,25,129,15,3,0,0,NA,0,NA,0,NA,1,NA,0,0,0,1,3,0,0
234173,4,13,NA,6,5,21,10,21,14,3,19,10,46,241,6,19,2,3,NA,0,2,3,8,4,9,0,6,4,21,89,4,0,0,0,NA,0,0,0,0,0,0,0,0,0,0,0,0,0,1,12,NA,3,3,14,2,12,8,2,9,6,24,139,4,10,0,0,NA,0,0,0,1,1,0,0,4,0,3,13,1,0,2,1,NA,3,2,5,7,8,6,1,3,3,10,68,1,6,0,0,NA,0,0,0,0,0,0,0,2,0,3,7,0,1
234207,14,NA,16,6,NA,45,NA,41,NA,NA,67,9,144,448,16,NA,11,NA,11,3,NA,6,NA,5,NA,NA,30,3,89,211,7,NA,1,NA,0,2,NA,0,NA,0,NA,NA,1,0,4,13,0,NA,9,NA,12,2,NA,26,NA,33,NA,NA,49,6,118,336,12,NA,3,NA,1,0,NA,2,NA,3,NA,NA,4,0,3,21,0,NA,1,NA,0,1,NA,13,NA,5,NA,NA,9,3,13,55,1,NA,0,NA,0,0,NA,0,NA,0,NA,NA,1,0,2,3,0,NA
234669,117,NA,NA,NA,NA,9,NA,NA,NA,NA,NA,28,59,306,NA,93,88,NA,NA,NA,NA,4,NA,NA,NA,NA,NA,4,21,130,NA,13,20,NA,NA,NA,NA,3,NA,NA,NA,NA,NA,8,10,65,NA,24,47,NA,NA,NA,NA,2,NA,NA,NA,NA,NA,12,29,121,NA,31,7,NA,NA,NA,NA,3,NA,NA,NA,NA,NA,4,7,26,NA,5,16,NA,NA,NA,NA,0,NA,NA,NA,NA,NA,2,8,44,NA,18,17,NA,NA,NA,NA,1,NA,NA,NA,NA,NA,2,1,27,NA,6
234696,NA,NA,NA,NA,NA,NA,NA,NA,NA,NA,NA,NA,8,13,NA,NA,NA,NA,NA,NA,NA,NA,NA,NA,NA,NA,NA,NA,4,8,NA,NA,NA,NA,NA,NA,NA,NA,NA,NA,NA,NA,NA,NA,0,0,NA,NA,NA,NA,NA,NA,NA,NA,NA,NA,NA,NA,NA,NA,6,11,NA,NA,NA,NA,NA,NA,NA,NA,NA,NA,NA,NA,NA,NA,0,0,NA,NA,NA,NA,NA,NA,NA,NA,NA,NA,NA,NA,NA,NA,1,1,NA,NA,NA,NA,NA,NA,NA,NA,NA,NA,NA,NA,NA,NA,1,1,NA,NA
234711,NA,NA,NA,NA,NA,NA,NA,NA,NA,NA,NA,NA,20,20,NA,NA,NA,NA,NA,NA,NA,NA,NA,NA,NA,NA,NA,NA,7,7,NA,NA,NA,NA,NA,NA,NA,NA,NA,NA,NA,NA,NA,NA,0,0,NA,NA,NA,NA,NA,NA,NA,NA,NA,NA,NA,NA,NA,NA,14,14,NA,NA,NA,NA,NA,NA,NA,NA,NA,NA,NA,NA,NA,NA,0,0,NA,NA,NA,NA,NA,NA,NA,NA,NA,NA,NA,NA,NA,NA,5,5,NA,NA,NA,NA,NA,NA,NA,NA,NA,NA,NA,NA,NA,NA,0,0,NA,NA
234827,205,310,NA,57,7,67,69,246,126,53,167,120,409,2235,43,37,156,71,NA,15,2,20,34,45,49,6,60,55,207,965,19,13,20,8,NA,1,0,5,1,2,3,3,6,5,42,112,1,0,91,190,NA,39,3,37,45,152,67,19,93,75,218,1271,25,23,21,0,NA,0,1,1,1,2,1,0,3,4,27,73,1,1,42,78,NA,9,3,19,13,70,41,21,45,20,95,543,14,8,18,6,NA,2,0,2,1,3,8,6,8,7,5,83,0,4
234845,2,22,NA,NA,NA,NA,NA,NA,NA,NA,NA,NA,19,57,NA,14,1,3,NA,NA,NA,NA,NA,NA,NA,NA,NA,NA,6,11,NA,1,0,0,NA,NA,NA,NA,NA,NA,NA,NA,NA,NA,0,0,NA,0,2,20,NA,NA,NA,NA,NA,NA,NA,NA,NA,NA,15,48,NA,11,0,0,NA,NA,NA,NA,NA,NA,NA,NA,NA,NA,0,0,NA,0,0,2,NA,NA,NA,NA,NA,NA,NA,NA,NA,NA,2,7,NA,3,0,0,NA,NA,NA,NA,NA,NA,NA,NA,NA,NA,0,0,NA,0
234915,18,21,NA,NA,1,NA,NA,11,3,1,NA,NA,79,144,NA,7,13,6,NA,NA,1,NA,NA,1,2,0,NA,NA,45,70,NA,0,1,1,NA,NA,0,NA,NA,1,0,0,NA,NA,3,7,NA,1,8,9,NA,NA,0,NA,NA,5,1,0,NA,NA,12,38,NA,1,3,0,NA,NA,0,NA,NA,0,0,0,NA,NA,18,21,NA,0,6,4,NA,NA,0,NA,NA,2,2,0,NA,NA,40,59,NA,4,0,4,NA,NA,1,NA,NA,2,0,1,NA,NA,4,12,NA,0
234933,40,5,NA,NA,NA,NA,NA,NA,NA,7,NA,NA,22,102,NA,28,32,0,NA,NA,NA,NA,NA,NA,NA,4,NA,NA,7,46,NA,3,3,1,NA,NA,NA,NA,NA,NA,NA,0,NA,NA,1,6,NA,1,26,2,NA,NA,NA,NA,NA,NA,NA,5,NA,NA,16,65,NA,16,1,1,NA,NA,NA,NA,NA,NA,NA,0,NA,NA,1,6,NA,3,7,0,NA,NA,NA,NA,NA,NA,NA,1,NA,NA,3,16,NA,5,2,0,NA,NA,NA,NA,NA,NA,NA,0,NA,NA,1,5,NA,2
234951,7,NA,NA,NA,NA,NA,NA,NA,NA,NA,NA,10,3,23,NA,NA,7,NA,NA,NA,NA,NA,NA,NA,NA,NA,NA,3,1,14,NA,NA,0,NA,NA,NA,NA,NA,NA,NA,NA,NA,NA,0,0,0,NA,NA,5,NA,NA,NA,NA,NA,NA,NA,NA,NA,NA,9,1,17,NA,NA,0,NA,NA,NA,NA,NA,NA,NA,NA,NA,NA,0,0,0,NA,NA,2,NA,NA,NA,NA,NA,NA,NA,NA,NA,NA,1,1,5,NA,NA,0,NA,NA,NA,NA,NA,NA,NA,NA,NA,NA,0,0,0,NA,NA
234979,30,24,NA,NA,NA,NA,NA,NA,NA,NA,NA,NA,63,166,NA,49,24,0,NA,NA,NA,NA,NA,NA,NA,NA,NA,NA,20,51,NA,7,2,1,NA,NA,NA,NA,NA,NA,NA,NA,NA,NA,0,5,NA,2,18,9,NA,NA,NA,NA,NA,NA,NA,NA,NA,NA,22,78,NA,29,0,0,NA,NA,NA,NA,NA,NA,NA,NA,NA,NA,0,0,NA,0,9,12,NA,NA,NA,NA,NA,NA,NA,NA,NA,NA,34,66,NA,11,0,2,NA,NA,NA,NA,NA,NA,NA,NA,NA,NA,4,11,NA,5
235097,129,187,71,28,1,182,8,250,NA,43,150,73,298,1889,72,138,93,54,61,13,1,70,5,50,NA,8,66,37,163,792,34,21,7,4,2,0,0,10,0,3,NA,0,5,2,9,58,4,6,78,131,52,20,1,108,5,160,NA,19,73,54,181,1177,44,82,0,0,1,0,0,2,0,1,NA,0,4,0,16,31,2,2,21,32,12,3,0,38,1,53,NA,23,49,10,49,376,8,32,17,5,1,2,0,9,2,14,NA,0,10,3,23,112,7,5
235103,2,NA,NA,NA,NA,NA,NA,NA,NA,3,NA,NA,NA,14,NA,NA,2,NA,NA,NA,NA,NA,NA,NA,NA,0,NA,NA,NA,10,NA,NA,1,NA,NA,NA,NA,NA,NA,NA,NA,0,NA,NA,NA,2,NA,NA,1,NA,NA,NA,NA,NA,NA,NA,NA,2,NA,NA,NA,8,NA,NA,0,NA,NA,NA,NA,NA,NA,NA,NA,0,NA,NA,NA,0,NA,NA,0,NA,NA,NA,NA,NA,NA,NA,NA,1,NA,NA,NA,3,NA,NA,0,NA,NA,NA,NA,NA,NA,NA,NA,0,NA,NA,NA,1,NA,NA
235149,NA,NA,NA,NA,NA,NA,NA,NA,NA,NA,NA,NA,0,0,NA,NA,NA,NA,NA,NA,NA,NA,NA,NA,NA,NA,NA,NA,0,0,NA,NA,NA,NA,NA,NA,NA,NA,NA,NA,NA,NA,NA,NA,0,0,NA,NA,NA,NA,NA,NA,NA,NA,NA,NA,NA,NA,NA,NA,0,0,NA,NA,NA,NA,NA,NA,NA,NA,NA,NA,NA,NA,NA,NA,0,0,NA,NA,NA,NA,NA,NA,NA,NA,NA,NA,NA,NA,NA,NA,0,0,NA,NA,NA,NA,NA,NA,NA,NA,NA,NA,NA,NA,NA,NA,0,0,NA,NA
235167,NA,NA,NA,NA,359,NA,NA,NA,NA,NA,NA,NA,NA,437,NA,NA,NA,NA,NA,NA,145,NA,NA,NA,NA,NA,NA,NA,NA,178,NA,NA,NA,NA,NA,NA,14,NA,NA,NA,NA,NA,NA,NA,NA,18,NA,NA,NA,NA,NA,NA,225,NA,NA,NA,NA,NA,NA,NA,NA,281,NA,NA,NA,NA,NA,NA,0,NA,NA,NA,NA,NA,NA,NA,NA,0,NA,NA,NA,NA,NA,NA,60,NA,NA,NA,NA,NA,NA,NA,NA,69,NA,NA,NA,NA,NA,NA,33,NA,NA,NA,NA,NA,NA,NA,NA,38,NA,NA
235237,NA,25,NA,NA,NA,NA,NA,NA,9,NA,NA,NA,14,68,NA,20,NA,1,NA,NA,NA,NA,NA,NA,7,NA,NA,NA,4,15,NA,3,NA,0,NA,NA,NA,NA,NA,NA,0,NA,NA,NA,2,6,NA,4,NA,13,NA,NA,NA,NA,NA,NA,8,NA,NA,NA,9,41,NA,11,NA,0,NA,NA,NA,NA,NA,NA,0,NA,NA,NA,0,0,NA,0,NA,8,NA,NA,NA,NA,NA,NA,1,NA,NA,NA,1,11,NA,1,NA,1,NA,NA,NA,NA,NA,NA,0,NA,NA,NA,1,3,NA,1
235316,58,17,94,23,NA,114,50,109,NA,NA,97,15,308,1134,64,89,46,1,73,5,NA,38,33,18,NA,NA,41,4,185,519,18,6,8,0,9,2,NA,8,2,1,NA,NA,6,1,24,79,0,15,37,11,68,17,NA,76,32,76,NA,NA,66,11,196,762,47,51,1,0,2,0,NA,3,2,5,NA,NA,3,0,11,32,2,0,7,3,7,3,NA,13,7,18,NA,NA,17,0,44,153,10,17,3,0,1,1,NA,4,2,2,NA,NA,2,0,7,28,1,1
235334,NA,8,NA,NA,NA,NA,NA,NA,NA,NA,NA,NA,6,15,NA,NA,NA,3,NA,NA,NA,NA,NA,NA,NA,NA,NA,NA,2,6,NA,NA,NA,0,NA,NA,NA,NA,NA,NA,NA,NA,NA,NA,0,1,NA,NA,NA,6,NA,NA,NA,NA,NA,NA,NA,NA,NA,NA,5,11,NA,NA,NA,0,NA,NA,NA,NA,NA,NA,NA,NA,NA,NA,0,0,NA,NA,NA,2,NA,NA,NA,NA,NA,NA,NA,NA,NA,NA,0,2,NA,NA,NA,0,NA,NA,NA,NA,NA,NA,NA,NA,NA,NA,1,1,NA,NA
235343,101,12,NA,NA,NA,NA,NA,NA,NA,NA,NA,NA,52,211,NA,1,75,0,NA,NA,NA,NA,NA,NA,NA,NA,NA,NA,17,118,NA,1,15,1,NA,NA,NA,NA,NA,NA,NA,NA,NA,NA,7,25,NA,1,33,5,NA,NA,NA,NA,NA,NA,NA,NA,NA,NA,21,88,NA,0,5,1,NA,NA,NA,NA,NA,NA,NA,NA,NA,NA,2,10,NA,0,24,4,NA,NA,NA,NA,NA,NA,NA,NA,NA,NA,12,43,NA,0,16,1,NA,NA,NA,NA,NA,NA,NA,NA,NA,NA,6,29,NA,0
235431,26,19,NA,NA,NA,NA,NA,NA,NA,16,NA,15,3,99,NA,20,19,1,NA,NA,NA,NA,NA,NA,NA,4,NA,5,1,33,NA,3,5,2,NA,NA,NA,NA,NA,NA,NA,2,NA,3,1,20,NA,7,8,9,NA,NA,NA,NA,NA,NA,NA,3,NA,7,0,31,NA,4,1,0,NA,NA,NA,NA,NA,NA,NA,1,NA,1,0,5,NA,2,5,6,NA,NA,NA,NA,NA,NA,NA,9,NA,3,2,32,NA,7,5,1,NA,NA,NA,NA,NA,NA,NA,0,NA,1,0,7,NA,0
235671,NA,NA,NA,NA,NA,NA,NA,NA,NA,NA,NA,NA,NA,NA,NA,NA,NA,NA,NA,NA,NA,NA,NA,NA,NA,NA,NA,NA,NA,NA,NA,NA,NA,NA,NA,NA,NA,NA,NA,NA,NA,NA,NA,NA,NA,NA,NA,NA,NA,NA,NA,NA,NA,NA,NA,NA,NA,NA,NA,NA,NA,NA,NA,NA,NA,NA,NA,NA,NA,NA,NA,NA,NA,NA,NA,NA,NA,NA,NA,NA,NA,NA,NA,NA,NA,NA,NA,NA,NA,NA,NA,NA,NA,NA,NA,NA,NA,NA,NA,NA,NA,NA,NA,NA,NA,NA,NA,NA,NA,NA,NA,NA
235699,16,7,NA,NA,NA,NA,NA,NA,NA,NA,NA,14,15,125,NA,49,14,0,NA,NA,NA,NA,NA,NA,NA,NA,NA,7,5,48,NA,4,2,0,NA,NA,NA,NA,NA,NA,NA,NA,NA,3,0,18,NA,9,8,5,NA,NA,NA,NA,NA,NA,NA,NA,NA,7,6,57,NA,20,2,0,NA,NA,NA,NA,NA,NA,NA,NA,NA,1,0,5,NA,1,1,2,NA,NA,NA,NA,NA,NA,NA,NA,NA,2,5,23,NA,11,1,0,NA,NA,NA,NA,NA,NA,NA,NA,NA,1,4,10,NA,3
235750,NA,0,NA,NA,NA,NA,NA,NA,NA,NA,NA,NA,5,5,NA,NA,NA,0,NA,NA,NA,NA,NA,NA,NA,NA,NA,NA,1,1,NA,NA,NA,0,NA,NA,NA,NA,NA,NA,NA,NA,NA,NA,0,0,NA,NA,NA,0,NA,NA,NA,NA,NA,NA,NA,NA,NA,NA,4,4,NA,NA,NA,0,NA,NA,NA,NA,NA,NA,NA,NA,NA,NA,0,0,NA,NA,NA,0,NA,NA,NA,NA,NA,NA,NA,NA,NA,NA,1,1,NA,NA,NA,0,NA,NA,NA,NA,NA,NA,NA,NA,NA,NA,0,0,NA,NA
236072,26,61,NA,NA,NA,NA,NA,NA,NA,NA,NA,NA,29,116,NA,NA,21,9,NA,NA,NA,NA,NA,NA,NA,NA,NA,NA,8,38,NA,NA,6,5,NA,NA,NA,NA,NA,NA,NA,NA,NA,NA,6,17,NA,NA,12,18,NA,NA,NA,NA,NA,NA,NA,NA,NA,NA,12,42,NA,NA,1,0,NA,NA,NA,NA,NA,NA,NA,NA,NA,NA,1,2,NA,NA,5,27,NA,NA,NA,NA,NA,NA,NA,NA,NA,NA,6,38,NA,NA,1,7,NA,NA,NA,NA,NA,NA,NA,NA,NA,NA,2,10,NA,NA
236133,NA,15,NA,8,NA,19,NA,18,NA,NA,0,6,26,181,8,36,NA,2,NA,1,NA,6,NA,4,NA,NA,0,4,14,55,3,3,NA,1,NA,0,NA,1,NA,0,NA,NA,0,0,1,7,0,1,NA,14,NA,7,NA,10,NA,11,NA,NA,0,5,16,123,5,25,NA,0,NA,0,NA,0,NA,0,NA,NA,0,0,1,2,0,0,NA,0,NA,1,NA,7,NA,7,NA,NA,0,1,5,37,1,7,NA,0,NA,0,NA,0,NA,0,NA,NA,0,0,1,3,0,1
236188,9,NA,NA,NA,NA,NA,NA,NA,NA,NA,NA,0,28,73,NA,27,7,NA,NA,NA,NA,NA,NA,NA,NA,NA,NA,0,9,23,NA,1,0,NA,NA,NA,NA,NA,NA,NA,NA,NA,NA,0,3,8,NA,4,7,NA,NA,NA,NA,NA,NA,NA,NA,NA,NA,0,16,42,NA,15,0,NA,NA,NA,NA,NA,NA,NA,NA,NA,NA,0,0,2,NA,2,2,NA,NA,NA,NA,NA,NA,NA,NA,NA,NA,0,3,11,NA,3,0,NA,NA,NA,NA,NA,NA,NA,NA,NA,NA,0,2,4,NA,2
236230,23,35,NA,19,NA,43,40,24,NA,18,46,48,58,595,27,132,17,7,NA,4,NA,7,13,3,NA,2,25,15,26,184,12,21,5,0,NA,0,NA,5,7,2,NA,2,5,4,7,80,3,36,12,26,NA,15,NA,17,19,14,NA,8,24,28,29,309,14,45,0,0,NA,0,NA,1,0,0,NA,0,0,0,2,7,1,2,4,6,NA,3,NA,14,4,4,NA,6,9,10,12,117,5,28,1,0,NA,0,NA,0,4,0,NA,1,4,0,1,18,2,5
236258,NA,NA,NA,NA,NA,NA,NA,NA,NA,NA,NA,NA,15,15,NA,NA,NA,NA,NA,NA,NA,NA,NA,NA,NA,NA,NA,NA,4,4,NA,NA,NA,NA,NA,NA,NA,NA,NA,NA,NA,NA,NA,NA,0,0,NA,NA,NA,NA,NA,NA,NA,NA,NA,NA,NA,NA,NA,NA,9,9,NA,NA,NA,NA,NA,NA,NA,NA,NA,NA,NA,NA,NA,NA,0,0,NA,NA,NA,NA,NA,NA,NA,NA,NA,NA,NA,NA,NA,NA,3,3,NA,NA,NA,NA,NA,NA,NA,NA,NA,NA,NA,NA,NA,NA,3,3,NA,NA
236328,13,2,0,20,0,46,20,33,NA,NA,71,32,61,400,24,NA,10,0,0,5,0,11,11,7,NA,NA,34,9,33,153,4,NA,1,0,0,0,0,4,2,4,NA,NA,7,2,6,33,1,NA,10,1,0,15,0,35,11,25,NA,NA,55,24,32,274,17,NA,0,0,0,0,0,0,0,0,NA,NA,0,0,0,1,0,NA,0,1,0,1,0,5,4,3,NA,NA,6,3,12,48,2,NA,2,0,0,0,0,1,0,0,NA,NA,1,0,3,8,0,NA
236382,19,NA,NA,NA,NA,NA,NA,NA,NA,NA,NA,NA,NA,19,NA,NA,17,NA,NA,NA,NA,NA,NA,NA,NA,NA,NA,NA,NA,17,NA,NA,5,NA,NA,NA,NA,NA,NA,NA,NA,NA,NA,NA,NA,5,NA,NA,5,NA,NA,NA,NA,NA,NA,NA,NA,NA,NA,NA,NA,5,NA,NA,0,NA,NA,NA,NA,NA,NA,NA,NA,NA,NA,NA,NA,0,NA,NA,6,NA,NA,NA,NA,NA,NA,NA,NA,NA,NA,NA,NA,6,NA,NA,1,NA,NA,NA,NA,NA,NA,NA,NA,NA,NA,NA,NA,1,NA,NA
236452,14,35,23,4,NA,14,12,34,14,11,12,3,32,307,13,70,11,8,17,0,NA,2,2,8,4,2,5,2,14,102,9,11,4,1,0,0,NA,0,3,4,0,0,3,1,4,28,1,7,4,17,19,4,NA,1,3,18,8,3,3,2,13,146,6,34,1,2,0,0,NA,1,0,0,0,1,1,0,1,9,0,1,3,10,2,0,NA,9,3,8,5,5,3,0,5,73,2,15,1,1,0,0,NA,2,1,0,0,0,1,0,5,14,1,2
236504,NA,0,NA,NA,NA,NA,NA,NA,NA,NA,NA,NA,8,17,NA,NA,NA,0,NA,NA,NA,NA,NA,NA,NA,NA,NA,NA,2,8,NA,NA,NA,0,NA,NA,NA,NA,NA,NA,NA,NA,NA,NA,1,2,NA,NA,NA,0,NA,NA,NA,NA,NA,NA,NA,NA,NA,NA,4,9,NA,NA,NA,0,NA,NA,NA,NA,NA,NA,NA,NA,NA,NA,1,1,NA,NA,NA,0,NA,NA,NA,NA,NA,NA,NA,NA,NA,NA,1,3,NA,NA,NA,0,NA,NA,NA,NA,NA,NA,NA,NA,NA,NA,1,1,NA,NA
236513,0,NA,NA,NA,NA,NA,NA,NA,NA,NA,NA,NA,NA,73,NA,73,0,NA,NA,NA,NA,NA,NA,NA,NA,NA,NA,NA,NA,16,NA,16,0,NA,NA,NA,NA,NA,NA,NA,NA,NA,NA,NA,NA,17,NA,17,0,NA,NA,NA,NA,NA,NA,NA,NA,NA,NA,NA,NA,18,NA,18,0,NA,NA,NA,NA,NA,NA,NA,NA,NA,NA,NA,NA,3,NA,3,0,NA,NA,NA,NA,NA,NA,NA,NA,NA,NA,NA,NA,21,NA,21,0,NA,NA,NA,NA,NA,NA,NA,NA,NA,NA,NA,NA,6,NA,6
236577,26,30,22,26,37,58,1,79,9,NA,47,57,91,678,24,101,23,3,15,7,12,21,1,12,3,NA,15,10,36,197,9,13,6,4,3,1,6,15,0,11,1,NA,6,4,12,104,4,21,9,19,15,20,24,23,1,35,3,NA,21,31,38,331,9,51,6,0,0,1,0,0,0,4,0,NA,1,3,17,41,2,3,3,5,1,0,4,12,0,18,5,NA,8,14,13,114,3,13,0,1,0,1,0,1,0,0,0,NA,4,1,4,17,0,4
236595,91,0,44,20,22,89,0,70,50,26,37,57,188,1067,33,268,72,0,31,9,4,29,0,20,17,10,15,22,99,412,15,37,22,0,19,1,4,22,0,12,11,3,2,8,57,281,4,106,28,0,10,13,7,38,0,28,21,14,17,27,48,391,15,88,22,0,6,0,2,2,0,6,0,0,2,6,35,90,1,6,11,0,8,4,5,16,0,14,13,6,14,8,30,194,8,45,2,0,0,1,0,2,0,1,1,1,0,1,4,20,1,4
236610,NA,NA,NA,NA,NA,NA,NA,NA,NA,NA,NA,NA,NA,NA,NA,NA,NA,NA,NA,NA,NA,NA,NA,NA,NA,NA,NA,NA,NA,NA,NA,NA,NA,NA,NA,NA,NA,NA,NA,NA,NA,NA,NA,NA,NA,NA,NA,NA,NA,NA,NA,NA,NA,NA,NA,NA,NA,NA,NA,NA,NA,NA,NA,NA,NA,NA,NA,NA,NA,NA,NA,NA,NA,NA,NA,NA,NA,NA,NA,NA,NA,NA,NA,NA,NA,NA,NA,NA,NA,NA,NA,NA,NA,NA,NA,NA,NA,NA,NA,NA,NA,NA,NA,NA,NA,NA,NA,NA,NA,NA,NA,NA
236638,NA,NA,NA,NA,NA,NA,NA,NA,NA,NA,NA,NA,18,23,NA,1,NA,NA,NA,NA,NA,NA,NA,NA,NA,NA,NA,NA,10,13,NA,0,NA,NA,NA,NA,NA,NA,NA,NA,NA,NA,NA,NA,0,0,NA,0,NA,NA,NA,NA,NA,NA,NA,NA,NA,NA,NA,NA,9,14,NA,1,NA,NA,NA,NA,NA,NA,NA,NA,NA,NA,NA,NA,0,0,NA,0,NA,NA,NA,NA,NA,NA,NA,NA,NA,NA,NA,NA,5,5,NA,0,NA,NA,NA,NA,NA,NA,NA,NA,NA,NA,NA,NA,3,3,NA,0
236656,NA,NA,NA,NA,NA,NA,NA,NA,NA,NA,NA,NA,NA,NA,NA,NA,NA,NA,NA,NA,NA,NA,NA,NA,NA,NA,NA,NA,NA,NA,NA,NA,NA,NA,NA,NA,NA,NA,NA,NA,NA,NA,NA,NA,NA,NA,NA,NA,NA,NA,NA,NA,NA,NA,NA,NA,NA,NA,NA,NA,NA,NA,NA,NA,NA,NA,NA,NA,NA,NA,NA,NA,NA,NA,NA,NA,NA,NA,NA,NA,NA,NA,NA,NA,NA,NA,NA,NA,NA,NA,NA,NA,NA,NA,NA,NA,NA,NA,NA,NA,NA,NA,NA,NA,NA,NA,NA,NA,NA,NA,NA,NA
236692,NA,NA,NA,NA,NA,NA,NA,NA,NA,NA,NA,NA,NA,17,NA,17,NA,NA,NA,NA,NA,NA,NA,NA,NA,NA,NA,NA,NA,3,NA,3,NA,NA,NA,NA,NA,NA,NA,NA,NA,NA,NA,NA,NA,0,NA,0,NA,NA,NA,NA,NA,NA,NA,NA,NA,NA,NA,NA,NA,15,NA,15,NA,NA,NA,NA,NA,NA,NA,NA,NA,NA,NA,NA,NA,0,NA,0,NA,NA,NA,NA,NA,NA,NA,NA,NA,NA,NA,NA,NA,1,NA,1,NA,NA,NA,NA,NA,NA,NA,NA,NA,NA,NA,NA,NA,1,NA,1
236708,14,NA,NA,NA,NA,NA,NA,NA,NA,NA,NA,NA,22,36,NA,NA,11,NA,NA,NA,NA,NA,NA,NA,NA,NA,NA,NA,8,19,NA,NA,0,NA,NA,NA,NA,NA,NA,NA,NA,NA,NA,NA,0,0,NA,NA,11,NA,NA,NA,NA,NA,NA,NA,NA,NA,NA,NA,15,26,NA,NA,0,NA,NA,NA,NA,NA,NA,NA,NA,NA,NA,NA,0,0,NA,NA,2,NA,NA,NA,NA,NA,NA,NA,NA,NA,NA,NA,4,6,NA,NA,0,NA,NA,NA,NA,NA,NA,NA,NA,NA,NA,NA,1,1,NA,NA
236753,6,NA,NA,NA,NA,NA,NA,NA,NA,NA,NA,NA,11,44,NA,27,2,NA,NA,NA,NA,NA,NA,NA,NA,NA,NA,NA,9,14,NA,3,1,NA,NA,NA,NA,NA,NA,NA,NA,NA,NA,NA,0,3,NA,2,3,NA,NA,NA,NA,NA,NA,NA,NA,NA,NA,NA,4,21,NA,14,0,NA,NA,NA,NA,NA,NA,NA,NA,NA,NA,NA,0,0,NA,0,1,NA,NA,NA,NA,NA,NA,NA,NA,NA,NA,NA,5,9,NA,3,1,NA,NA,NA,NA,NA,NA,NA,NA,NA,NA,NA,0,7,NA,6
236887,NA,NA,NA,NA,NA,NA,NA,NA,NA,NA,NA,NA,33,42,NA,NA,NA,NA,NA,NA,NA,NA,NA,NA,NA,NA,NA,NA,18,23,NA,NA,NA,NA,NA,NA,NA,NA,NA,NA,NA,NA,NA,NA,0,0,NA,NA,NA,NA,NA,NA,NA,NA,NA,NA,NA,NA,NA,NA,15,22,NA,NA,NA,NA,NA,NA,NA,NA,NA,NA,NA,NA,NA,NA,0,0,NA,NA,NA,NA,NA,NA,NA,NA,NA,NA,NA,NA,NA,NA,12,14,NA,NA,NA,NA,NA,NA,NA,NA,NA,NA,NA,NA,NA,NA,4,4,NA,NA
236896,9,16,28,2,7,30,13,16,NA,10,NA,19,40,277,3,53,9,2,22,0,4,12,4,5,NA,3,NA,11,22,129,0,16,0,2,0,0,0,1,0,0,NA,0,NA,1,1,15,1,7,7,9,17,1,5,11,9,8,NA,4,NA,6,29,161,2,31,0,2,2,0,0,1,0,0,NA,0,NA,0,2,8,0,1,2,2,6,0,1,13,2,6,NA,6,NA,9,5,70,0,12,0,0,2,0,0,0,0,0,NA,0,NA,1,1,5,0,1
236939,295,198,541,91,79,539,56,531,NA,3,606,57,1043,5579,386,331,245,17,433,26,35,186,44,83,NA,1,227,10,541,2405,155,49,52,3,45,2,1,52,3,22,NA,0,27,4,64,372,21,35,140,144,323,64,47,316,40,319,NA,1,358,43,616,3378,249,198,24,0,28,2,6,12,0,4,NA,0,17,1,124,251,14,2,46,42,86,16,14,98,8,131,NA,2,136,7,149,1009,56,58,6,1,16,2,4,20,2,18,NA,0,19,0,33,171,12,7
236948,1061,213,879,127,1,965,0,462,0,44,883,327,688,8460,337,624,601,38,622,37,1,357,0,109,0,3,414,102,389,3663,84,109,482,38,270,24,0,356,0,109,0,6,182,69,180,2315,66,176,208,85,326,65,1,349,0,159,0,17,324,127,272,3045,123,228,181,32,94,7,0,68,0,74,0,1,191,47,80,1175,66,25,84,41,86,18,0,96,0,73,0,11,99,44,89,1044,41,135,37,5,19,1,0,30,0,12,0,3,19,12,15,227,14,12
236975,NA,5,NA,NA,NA,NA,NA,NA,NA,NA,NA,NA,NA,35,NA,27,NA,1,NA,NA,NA,NA,NA,NA,NA,NA,NA,NA,NA,7,NA,3,NA,0,NA,NA,NA,NA,NA,NA,NA,NA,NA,NA,NA,5,NA,5,NA,2,NA,NA,NA,NA,NA,NA,NA,NA,NA,NA,NA,11,NA,8,NA,0,NA,NA,NA,NA,NA,NA,NA,NA,NA,NA,NA,0,NA,0,NA,2,NA,NA,NA,NA,NA,NA,NA,NA,NA,NA,NA,17,NA,14,NA,1,NA,NA,NA,NA,NA,NA,NA,NA,NA,NA,NA,1,NA,0
237011,130,208,69,185,10,172,74,245,NA,65,310,159,318,3024,142,136,103,37,59,53,3,63,41,56,NA,8,108,46,193,1205,50,36,15,12,7,5,0,14,5,17,NA,2,12,7,35,179,4,15,86,142,41,142,7,117,54,172,NA,41,218,122,187,2106,108,89,6,0,1,0,0,1,0,4,NA,0,2,0,15,42,2,2,7,39,9,21,1,21,7,27,NA,16,49,14,41,377,14,16,4,1,2,4,0,5,2,2,NA,1,4,2,7,63,2,3
237039,11,NA,NA,NA,NA,NA,NA,NA,NA,NA,NA,NA,13,24,NA,NA,11,NA,NA,NA,NA,NA,NA,NA,NA,NA,NA,NA,5,16,NA,NA,1,NA,NA,NA,NA,NA,NA,NA,NA,NA,NA,NA,0,1,NA,NA,6,NA,NA,NA,NA,NA,NA,NA,NA,NA,NA,NA,11,17,NA,NA,0,NA,NA,NA,NA,NA,NA,NA,NA,NA,NA,NA,0,0,NA,NA,3,NA,NA,NA,NA,NA,NA,NA,NA,NA,NA,NA,1,4,NA,NA,0,NA,NA,NA,NA,NA,NA,NA,NA,NA,NA,NA,0,0,NA,NA
237057,16,NA,0,14,0,56,NA,35,NA,NA,76,27,NA,299,0,0,14,NA,0,6,0,12,NA,5,NA,NA,25,7,NA,102,0,0,2,NA,0,1,0,4,NA,4,NA,NA,0,2,NA,20,0,0,5,NA,0,11,0,39,NA,19,NA,NA,47,17,NA,179,0,0,5,NA,0,1,0,4,NA,5,NA,NA,7,2,NA,35,0,0,2,NA,0,1,0,5,NA,5,NA,NA,10,1,NA,33,0,0,1,NA,0,0,0,1,NA,0,NA,NA,3,2,NA,9,0,0
237066,24,61,NA,23,1,36,13,41,NA,NA,61,19,63,496,13,8,19,12,NA,10,1,11,7,13,NA,NA,29,9,41,208,5,1,4,1,NA,0,0,2,0,2,NA,NA,3,0,5,20,0,0,11,44,NA,19,1,31,9,28,NA,NA,35,15,41,341,7,3,7,0,NA,0,0,0,0,1,NA,NA,2,0,4,18,1,1,0,10,NA,2,0,2,2,5,NA,NA,11,3,5,60,1,1,1,1,NA,1,0,0,0,1,NA,NA,4,0,0,14,3,1
237109,9,18,NA,NA,NA,NA,NA,NA,NA,NA,NA,NA,23,74,NA,18,7,3,NA,NA,NA,NA,NA,NA,NA,NA,NA,NA,4,18,NA,0,1,0,NA,NA,NA,NA,NA,NA,NA,NA,NA,NA,0,2,NA,1,2,0,NA,NA,NA,NA,NA,NA,NA,NA,NA,NA,5,18,NA,9,0,0,NA,NA,NA,NA,NA,NA,NA,NA,NA,NA,0,2,NA,1,6,17,NA,NA,NA,NA,NA,NA,NA,NA,NA,NA,17,47,NA,5,0,1,NA,NA,NA,NA,NA,NA,NA,NA,NA,NA,1,4,NA,1
237215,11,16,NA,NA,27,NA,NA,NA,10,NA,3,NA,9,136,NA,27,10,2,NA,NA,10,NA,NA,NA,4,NA,0,NA,6,62,NA,6,0,0,NA,NA,0,NA,NA,NA,0,NA,0,NA,0,0,NA,0,8,16,NA,NA,22,NA,NA,NA,9,NA,2,NA,8,118,NA,24,1,0,NA,NA,0,NA,NA,NA,0,NA,0,NA,0,2,NA,0,1,0,NA,NA,3,NA,NA,NA,1,NA,0,NA,1,9,NA,2,0,0,NA,NA,0,NA,NA,NA,0,NA,0,NA,0,0,NA,0
237312,5,9,NA,1,6,23,29,12,33,NA,13,NA,453,675,7,76,1,0,NA,0,4,5,21,2,28,NA,6,NA,420,510,4,16,0,0,NA,0,1,0,1,1,1,NA,0,NA,3,7,0,0,5,7,NA,1,2,22,17,10,20,NA,9,NA,210,363,5,50,0,0,NA,0,0,0,0,0,0,NA,0,NA,0,0,0,0,0,0,NA,0,1,1,6,1,0,NA,3,NA,70,90,2,5,0,1,NA,0,1,0,3,0,11,NA,1,NA,154,190,0,19
237330,11,39,NA,5,69,18,NA,18,NA,21,15,14,41,288,3,17,10,10,NA,1,14,6,NA,3,NA,1,8,4,23,99,3,9,0,0,NA,0,1,0,NA,0,NA,0,0,0,0,1,0,0,10,36,NA,5,65,17,NA,17,NA,18,9,10,29,245,3,12,0,0,NA,0,0,0,NA,0,NA,0,1,2,2,8,0,0,0,1,NA,0,3,0,NA,1,NA,1,4,2,5,22,0,5,1,1,NA,0,0,1,NA,0,NA,1,0,0,2,6,0,0
237367,17,41,5,17,38,9,41,31,40,NA,45,9,76,534,5,64,14,8,5,2,10,4,12,6,19,NA,30,3,47,234,1,7,0,0,0,1,0,0,0,0,0,NA,0,0,0,1,0,0,16,41,5,15,35,8,37,26,38,NA,40,9,63,479,5,61,1,0,0,0,0,0,0,0,0,NA,0,0,1,5,0,0,0,0,0,1,2,1,3,4,0,NA,3,0,4,29,0,1,0,0,0,0,0,0,0,0,1,NA,0,0,4,7,0,0
237385,NA,18,NA,4,30,10,22,12,24,NA,4,10,37,195,NA,NA,NA,6,NA,0,24,4,8,3,9,NA,1,2,26,100,NA,NA,NA,0,NA,0,0,0,0,0,0,NA,0,0,0,0,NA,NA,NA,17,NA,3,21,9,20,8,21,NA,3,9,30,165,NA,NA,NA,0,NA,1,2,1,0,2,0,NA,1,0,1,8,NA,NA,NA,1,NA,0,6,0,2,1,3,NA,0,1,4,18,NA,NA,NA,0,NA,0,0,0,0,0,0,NA,0,0,1,1,NA,NA
237525,41,107,59,33,151,71,56,82,35,25,36,57,240,1396,23,313,33,20,41,5,63,21,31,14,15,3,18,20,124,543,13,77,0,2,1,1,3,6,0,0,0,0,0,0,9,28,0,4,36,100,54,26,110,55,45,69,31,21,29,45,184,1126,17,249,1,0,1,0,2,0,3,2,0,0,0,1,9,24,0,5,3,4,1,2,10,4,4,6,2,3,4,5,20,107,3,33,1,1,1,1,21,1,0,1,0,0,2,2,7,50,0,10
237686,0,13,NA,NA,150,NA,NA,NA,NA,NA,NA,NA,8,208,NA,29,0,3,NA,NA,35,NA,NA,NA,NA,NA,NA,NA,4,57,NA,8,0,0,NA,NA,1,NA,NA,NA,NA,NA,NA,NA,0,1,NA,0,0,10,NA,NA,138,NA,NA,NA,NA,NA,NA,NA,7,187,NA,25,0,0,NA,NA,1,NA,NA,NA,NA,NA,NA,NA,0,1,NA,0,0,1,NA,NA,5,NA,NA,NA,NA,NA,NA,NA,1,11,NA,3,0,1,NA,NA,0,NA,NA,NA,NA,NA,NA,NA,0,2,NA,1
237701,NA,NA,NA,NA,50,NA,NA,NA,0,NA,NA,NA,0,50,NA,0,NA,NA,NA,NA,28,NA,NA,NA,0,NA,NA,NA,0,28,NA,0,NA,NA,NA,NA,0,NA,NA,NA,0,NA,NA,NA,0,0,NA,0,NA,NA,NA,NA,44,NA,NA,NA,0,NA,NA,NA,0,44,NA,0,NA,NA,NA,NA,0,NA,NA,NA,0,NA,NA,NA,0,0,NA,0,NA,NA,NA,NA,2,NA,NA,NA,0,NA,NA,NA,0,2,NA,0,NA,NA,NA,NA,0,NA,NA,NA,0,NA,NA,NA,0,0,NA,0
237783,13,0,NA,NA,0,9,NA,NA,15,NA,NA,NA,56,96,NA,3,12,0,NA,NA,0,3,NA,NA,6,NA,NA,NA,30,51,NA,0,0,0,NA,NA,0,0,NA,NA,0,NA,NA,NA,1,1,NA,0,4,0,NA,NA,0,4,NA,NA,11,NA,NA,NA,23,44,NA,2,3,0,NA,NA,0,1,NA,NA,1,NA,NA,NA,16,21,NA,0,3,0,NA,NA,0,4,NA,NA,1,NA,NA,NA,10,19,NA,1,3,0,NA,NA,0,0,NA,NA,1,NA,NA,NA,6,10,NA,0
237792,20,39,3,16,58,27,31,24,21,13,25,28,87,543,13,93,16,8,3,5,19,8,17,3,6,1,9,9,51,197,5,22,3,0,0,0,1,0,0,0,1,0,1,1,0,11,0,4,12,36,0,14,43,22,24,19,12,11,15,19,69,404,9,64,1,0,2,0,0,0,0,1,0,0,0,0,3,9,0,0,1,1,0,2,10,4,6,3,5,1,5,3,8,74,3,18,1,0,0,0,1,0,0,0,1,0,0,3,4,13,0,3
237899,2,29,3,9,37,11,18,11,34,16,7,6,50,276,9,22,2,8,2,1,12,6,8,1,14,1,4,4,22,97,7,1,0,0,0,0,0,0,0,0,0,0,0,0,1,1,0,0,2,24,2,8,23,7,10,9,25,11,4,4,40,195,8,10,0,0,1,0,1,1,2,0,0,0,0,0,5,11,0,1,0,0,0,1,6,1,3,0,5,2,2,0,2,28,1,3,0,1,0,0,7,1,1,0,1,1,0,0,1,22,0,8
237932,NA,57,NA,4,9,39,24,10,15,8,5,17,72,355,6,84,NA,20,NA,1,5,11,6,2,9,3,4,7,51,132,2,8,NA,0,NA,0,0,0,0,0,0,0,0,0,0,1,0,1,NA,48,NA,4,8,33,19,9,11,7,3,14,48,285,6,71,NA,0,NA,0,0,1,1,1,0,0,1,1,9,16,0,2,NA,1,NA,0,0,0,0,0,1,0,0,0,7,9,0,0,NA,3,NA,0,0,3,2,0,3,0,0,1,3,21,0,6
237950,11,0,32,NA,9,16,4,15,23,2,4,NA,29,156,NA,5,10,0,28,NA,5,7,2,5,8,1,4,NA,21,96,NA,2,0,0,0,NA,0,0,0,0,0,0,0,NA,1,1,NA,0,8,0,22,NA,5,14,4,11,20,2,4,NA,20,117,NA,4,1,0,6,NA,0,0,0,1,1,0,0,NA,3,14,NA,0,2,0,2,NA,4,0,0,2,0,0,0,NA,2,12,NA,0,0,0,0,NA,0,1,0,1,0,0,0,NA,2,5,NA,1
237969,8,11,NA,2,0,3,15,10,15,NA,6,7,20,155,2,36,6,0,NA,2,0,0,10,4,6,NA,3,2,13,65,1,3,0,0,NA,0,0,0,0,0,0,NA,1,0,0,1,0,0,6,11,NA,2,0,3,12,10,10,NA,5,3,13,119,0,28,2,0,NA,0,0,0,1,0,0,NA,0,1,3,9,0,0,0,0,NA,0,0,0,2,0,5,NA,0,2,2,19,2,5,0,0,NA,0,0,0,0,0,0,NA,0,0,0,0,0,0
238032,90,88,507,47,141,339,182,149,102,34,286,242,741,4239,203,397,73,15,414,11,72,104,142,24,14,3,121,70,487,2008,77,64,7,1,14,1,3,9,3,2,4,0,3,7,14,80,2,3,64,81,426,45,106,283,139,130,82,28,237,198,622,3527,171,357,4,1,31,0,1,19,4,0,2,0,2,1,27,107,3,1,7,1,23,1,15,9,24,8,9,3,21,20,53,301,20,21,0,1,2,0,5,2,1,2,0,0,4,4,4,43,0,5
238193,NA,33,NA,1,32,12,1,9,NA,13,2,2,12,184,4,58,NA,0,NA,0,3,0,0,0,NA,0,0,0,0,4,0,1,NA,1,NA,0,2,1,0,0,NA,0,0,0,1,8,0,1,NA,8,NA,0,9,2,0,1,NA,6,0,1,3,70,1,39,NA,0,NA,0,0,1,0,0,NA,0,0,0,0,1,0,0,NA,20,NA,1,17,8,1,8,NA,7,2,1,7,92,3,15,NA,0,NA,0,1,0,0,0,NA,0,0,0,0,2,0,0
238333,7,7,3,8,NA,29,NA,10,NA,NA,31,5,9,168,5,NA,5,2,2,4,NA,13,NA,3,NA,NA,10,1,7,73,4,NA,1,0,0,0,NA,0,NA,0,NA,NA,1,0,0,3,0,NA,2,5,0,7,NA,14,NA,4,NA,NA,13,3,4,85,2,NA,4,0,2,0,NA,1,NA,0,NA,NA,7,0,1,22,0,NA,0,2,1,1,NA,12,NA,5,NA,NA,8,2,3,48,3,NA,0,0,0,0,NA,0,NA,0,NA,NA,0,0,1,3,0,NA
238458,14,44,7,8,0,56,97,42,7,NA,5,20,71,570,7,161,9,10,4,3,0,8,43,9,3,NA,3,7,48,179,2,16,0,1,0,0,0,3,7,0,0,NA,0,1,5,23,0,5,10,34,3,5,0,43,77,36,5,NA,4,13,49,445,7,134,0,1,1,0,0,0,0,1,0,NA,0,0,5,9,0,0,2,6,3,1,0,6,8,2,2,NA,1,4,8,57,0,12,1,1,0,1,0,1,2,1,0,NA,0,1,3,16,0,5
238476,15,27,1,9,4,38,19,29,25,7,38,33,124,524,14,69,12,3,1,2,2,16,11,10,8,1,18,13,87,245,7,11,0,0,0,0,0,1,0,0,1,0,0,2,2,11,0,2,11,21,1,7,2,26,13,22,14,4,26,20,87,371,11,49,0,0,0,0,0,0,0,0,0,0,0,3,1,4,0,0,4,3,0,1,2,7,4,6,8,2,10,3,20,93,2,14,0,1,0,1,0,1,0,1,1,0,0,3,5,20,1,3
238616,4,56,4,4,0,30,5,11,28,14,0,7,131,575,21,188,3,14,3,2,0,14,4,2,14,1,0,1,75,211,11,32,0,2,0,0,0,1,0,0,1,0,0,0,0,10,0,6,2,40,2,3,0,24,3,7,16,8,0,6,95,428,15,145,0,0,1,1,0,2,1,1,1,0,0,0,1,19,0,10,1,9,0,0,0,2,1,2,10,5,0,0,25,86,6,18,1,3,1,0,0,0,0,0,0,0,0,1,5,18,0,6
238661,6,27,NA,5,0,20,0,16,7,NA,9,12,39,283,8,113,5,4,NA,1,0,6,0,4,2,NA,2,3,16,64,2,12,0,0,NA,0,0,1,0,0,0,NA,0,0,2,8,0,5,5,23,NA,4,0,13,0,12,4,NA,2,8,29,212,7,85,0,0,NA,0,0,0,0,0,0,NA,0,0,0,3,0,3,1,3,NA,0,0,4,0,3,3,NA,4,4,5,45,1,16,0,0,NA,0,0,1,0,1,0,NA,1,0,1,7,0,3
238980,40,28,NA,8,NA,6,16,40,NA,0,12,6,168,343,5,9,30,6,NA,1,NA,5,9,4,NA,0,5,1,60,126,1,1,2,2,NA,0,NA,0,0,1,NA,0,1,1,9,17,1,0,29,21,NA,8,NA,4,14,29,NA,0,5,2,109,237,2,9,7,2,NA,0,NA,0,0,0,NA,0,0,1,4,14,0,0,2,3,NA,0,NA,2,2,7,NA,0,3,1,33,55,2,0,0,0,NA,0,NA,0,0,1,NA,0,1,1,10,13,0,0
239017,14,11,NA,23,NA,59,NA,29,NA,NA,40,96,5,364,NA,NA,11,5,NA,5,NA,19,NA,8,NA,NA,22,47,3,157,NA,NA,2,2,NA,2,NA,6,NA,1,NA,NA,1,6,0,23,NA,NA,5,8,NA,19,NA,27,NA,17,NA,NA,25,71,5,240,NA,NA,5,0,NA,1,NA,10,NA,4,NA,NA,7,4,0,38,NA,NA,0,0,NA,0,NA,12,NA,4,NA,NA,5,8,0,40,NA,NA,0,0,NA,0,NA,0,NA,1,NA,NA,0,1,0,2,NA,NA
239080,0,19,NA,1,0,10,30,14,28,18,NA,3,54,275,2,83,0,6,NA,1,0,0,18,4,11,0,NA,0,38,90,2,7,0,0,NA,0,0,0,0,0,1,1,NA,0,1,5,0,2,0,12,NA,1,0,8,20,11,20,12,NA,2,34,197,1,65,0,1,NA,0,0,0,5,0,0,0,NA,0,13,21,1,1,0,4,NA,0,0,2,4,3,5,3,NA,1,4,40,0,13,0,2,NA,0,0,0,0,0,2,1,NA,0,1,7,0,1
239105,48,49,209,22,0,252,NA,114,NA,12,134,29,328,1566,99,173,35,10,140,8,0,66,NA,29,NA,0,57,22,222,669,32,8,3,1,9,0,0,30,NA,6,NA,0,9,0,13,91,2,6,23,38,164,16,0,167,NA,73,NA,6,86,25,238,1085,69,125,2,0,1,0,0,3,NA,2,NA,0,4,0,10,29,1,0,18,8,32,5,0,41,NA,25,NA,6,32,2,48,293,23,35,0,2,3,0,0,3,NA,2,NA,0,2,2,5,26,2,3
239318,45,NA,350,NA,NA,NA,NA,NA,NA,NA,NA,NA,48,542,NA,87,40,NA,262,NA,NA,NA,NA,NA,NA,NA,NA,NA,34,355,NA,13,2,NA,13,NA,NA,NA,NA,NA,NA,NA,NA,NA,1,28,NA,11,34,NA,263,NA,NA,NA,NA,NA,NA,NA,NA,NA,29,396,NA,60,2,NA,21,NA,NA,NA,NA,NA,NA,NA,NA,NA,9,34,NA,2,3,NA,32,NA,NA,NA,NA,NA,NA,NA,NA,NA,7,54,NA,11,4,NA,11,NA,NA,NA,NA,NA,NA,NA,NA,NA,1,19,NA,3
239390,NA,9,NA,1,4,13,0,15,3,8,0,13,23,147,10,32,NA,0,NA,0,0,0,0,0,0,0,0,0,0,0,0,0,NA,0,NA,0,0,2,0,0,0,0,0,2,5,10,0,0,NA,3,NA,0,2,5,0,5,3,1,0,2,8,53,5,14,NA,1,NA,0,0,0,0,0,0,0,0,0,0,1,0,0,NA,5,NA,0,2,3,0,8,0,5,0,6,9,63,5,15,NA,0,NA,1,0,2,0,1,0,2,0,1,1,13,0,1
239716,5,60,NA,7,0,47,NA,30,NA,1,33,13,116,360,17,NA,4,14,NA,2,0,16,NA,4,NA,0,8,1,69,141,7,NA,0,0,NA,0,0,0,NA,3,NA,0,1,0,1,6,0,NA,5,53,NA,6,0,44,NA,23,NA,0,26,12,104,317,15,NA,0,1,NA,0,0,1,NA,1,NA,0,1,0,2,7,0,NA,0,4,NA,0,0,1,NA,2,NA,1,5,0,8,22,1,NA,0,1,NA,0,0,0,NA,0,NA,0,0,0,1,3,1,NA
240107,1,39,10,1,6,15,4,12,4,9,NA,33,55,355,NA,153,1,3,9,1,4,3,3,4,2,1,NA,6,27,81,NA,12,0,0,0,0,0,0,0,0,0,0,NA,0,2,3,NA,1,0,32,9,1,5,14,4,9,3,8,NA,27,46,308,NA,139,1,0,0,0,0,0,0,0,0,0,NA,0,1,3,NA,1,0,6,0,0,1,1,0,1,1,1,NA,5,2,24,NA,5,0,1,1,0,0,0,0,0,0,0,NA,0,2,10,NA,5
240189,67,245,NA,27,32,62,29,102,NA,56,110,65,674,1792,118,26,60,41,NA,8,15,13,14,27,NA,10,60,41,422,877,59,0,3,5,NA,1,3,1,1,1,NA,1,1,0,15,39,4,0,55,213,NA,25,25,53,24,80,NA,40,83,59,588,1516,92,24,0,1,NA,0,0,0,0,0,NA,0,2,0,1,5,0,0,5,23,NA,1,3,6,1,20,NA,14,19,4,51,182,18,2,0,1,NA,0,1,0,1,0,NA,0,0,0,3,9,1,0
240268,61,181,25,53,3,138,78,136,50,58,77,105,486,1960,70,308,50,35,9,14,2,41,44,25,26,3,39,39,276,734,27,37,3,4,0,0,0,7,0,6,1,2,3,2,13,55,3,9,39,163,17,47,2,119,73,118,43,53,70,92,417,1696,59,275,14,0,7,0,0,3,0,0,0,0,1,0,24,57,0,1,2,5,0,1,1,4,2,6,4,2,1,4,19,75,5,16,0,0,1,0,0,1,0,1,0,0,0,0,2,6,0,1
240277,48,79,26,35,119,30,NA,186,NA,31,25,57,287,1241,40,114,38,5,24,11,51,8,NA,21,NA,6,10,9,143,430,18,14,3,2,2,1,1,0,NA,6,NA,3,1,4,11,47,1,5,37,67,18,29,95,28,NA,152,NA,22,20,48,237,1015,35,91,1,0,0,1,2,0,NA,1,NA,0,1,0,1,11,0,2,2,8,3,3,12,1,NA,10,NA,3,3,3,21,95,2,12,2,1,0,0,5,1,NA,7,NA,1,0,1,5,26,1,0
240329,35,146,4,25,66,260,216,198,NA,9,104,35,537,1966,69,145,28,19,3,7,25,77,90,28,NA,3,44,13,339,785,17,24,1,1,1,0,1,8,1,4,NA,0,4,1,12,39,0,5,32,132,3,24,55,238,187,171,NA,7,90,32,485,1753,64,127,1,0,0,0,0,1,1,1,NA,0,1,0,0,7,0,1,0,7,0,0,5,6,12,14,NA,0,7,2,18,91,4,9,0,0,0,0,0,1,2,0,NA,1,0,0,2,7,0,0
240338,6,18,NA,2,NA,42,34,11,11,2,8,7,51,230,8,20,6,1,NA,0,NA,10,25,1,6,0,2,1,29,91,4,2,0,0,NA,0,NA,1,0,0,0,0,0,0,2,4,1,0,3,18,NA,1,NA,33,25,9,9,2,6,5,38,181,6,17,0,0,NA,0,NA,0,0,0,0,0,0,1,0,2,0,1,2,0,NA,1,NA,6,8,2,2,0,2,1,9,36,1,1,1,0,NA,0,NA,2,0,0,0,0,0,0,1,4,0,0
240365,34,178,NA,17,20,73,21,66,58,84,45,30,254,1452,84,347,24,47,NA,8,6,28,15,10,30,8,27,8,167,564,47,54,10,2,NA,0,1,2,0,2,2,4,2,1,9,53,2,10,19,159,NA,13,12,64,16,55,45,66,37,23,221,1207,74,293,1,0,NA,0,0,0,0,0,0,0,1,0,1,7,0,2,2,11,NA,2,3,4,4,6,8,13,3,4,13,120,5,26,1,1,NA,0,4,0,0,0,1,0,1,0,2,19,1,5
240374,27,34,NA,10,12,34,41,80,40,NA,33,38,140,618,30,45,21,4,NA,4,2,13,35,22,18,NA,10,13,86,277,13,8,2,1,NA,0,0,5,0,1,0,NA,0,1,4,18,1,2,16,29,NA,8,8,22,27,50,23,NA,19,27,93,402,19,24,1,0,NA,0,0,0,3,4,0,NA,0,0,3,14,0,2,8,4,NA,0,3,6,8,23,16,NA,14,6,35,159,10,16,0,0,NA,0,0,0,0,0,0,NA,0,0,0,2,0,0
240392,13,NA,NA,NA,NA,NA,NA,NA,10,NA,NA,NA,29,293,NA,229,11,NA,NA,NA,NA,NA,NA,NA,7,NA,NA,NA,7,56,NA,24,0,NA,NA,NA,NA,NA,NA,NA,0,NA,NA,NA,5,17,NA,11,9,NA,NA,NA,NA,NA,NA,NA,5,NA,NA,NA,9,158,NA,127,0,NA,NA,NA,NA,NA,NA,NA,0,NA,NA,NA,0,0,NA,0,4,NA,NA,NA,NA,NA,NA,NA,4,NA,NA,NA,11,99,NA,78,0,NA,NA,NA,NA,NA,NA,NA,1,NA,NA,NA,2,12,NA,8
240417,155,112,121,8,NA,7,NA,50,NA,NA,35,197,284,1212,NA,29,128,30,111,4,NA,2,NA,2,NA,NA,23,63,197,690,NA,12,11,0,3,1,NA,1,NA,0,NA,NA,1,9,3,37,NA,0,129,105,106,5,NA,6,NA,45,NA,NA,32,172,251,1044,NA,25,4,0,2,0,NA,0,NA,0,NA,NA,0,0,3,31,NA,0,3,2,6,1,NA,0,NA,3,NA,NA,1,10,22,57,NA,1,2,1,1,1,NA,0,NA,1,NA,NA,1,1,4,14,NA,0
240426,8,118,NA,27,NA,20,NA,30,NA,16,9,15,55,433,27,12,7,28,NA,10,NA,5,NA,6,NA,4,7,3,39,152,12,1,1,0,NA,0,NA,2,NA,0,NA,0,0,0,0,5,0,0,3,107,NA,25,NA,16,NA,25,NA,14,5,12,37,354,22,11,4,1,NA,0,NA,1,NA,2,NA,0,3,1,12,31,3,0,0,8,NA,1,NA,0,NA,1,NA,1,0,1,2,24,2,1,0,1,NA,1,NA,0,NA,0,NA,1,0,0,4,10,0,0
240444,691,184,959,72,NA,1029,206,424,NA,50,796,130,1414,8269,362,348,563,36,669,19,NA,380,59,84,NA,5,454,36,765,3908,108,56,174,8,71,2,NA,114,18,35,NA,4,40,16,67,727,13,25,236,125,644,63,NA,722,149,279,NA,31,515,82,1061,5417,236,276,198,19,113,1,NA,42,2,38,NA,1,114,4,61,859,47,2,33,20,71,5,NA,73,26,41,NA,10,68,17,123,696,38,31,38,4,27,0,NA,32,3,6,NA,0,27,7,47,252,11,4
240453,244,219,220,44,NA,125,71,248,86,55,124,279,640,3207,129,417,184,45,171,14,NA,46,31,48,31,6,56,132,431,1457,41,63,42,14,17,3,NA,12,3,22,5,1,7,5,57,243,7,36,134,147,158,34,NA,77,54,160,49,29,73,208,433,2162,92,290,7,2,10,0,NA,4,1,1,1,0,1,10,20,71,2,4,50,45,22,7,NA,20,10,51,28,24,33,42,99,563,23,66,2,3,4,0,NA,3,0,2,1,0,3,2,5,33,1,4
240462,34,80,368,11,10,60,27,38,110,NA,15,21,198,1190,NA,NA,30,15,314,0,3,13,21,4,46,NA,11,6,139,731,NA,NA,1,0,3,0,1,0,0,0,1,NA,0,0,2,10,NA,NA,26,73,335,11,7,57,25,38,95,NA,12,17,181,1079,NA,NA,1,0,2,0,0,0,0,0,0,NA,0,0,1,6,NA,NA,3,7,18,0,2,2,1,0,13,NA,3,3,9,68,NA,NA,0,0,2,0,0,0,0,0,0,NA,0,0,1,3,NA,NA
240471,32,159,4,12,NA,92,NA,43,NA,13,55,25,141,1005,75,33,27,34,4,0,NA,29,NA,7,NA,2,25,6,80,323,23,2,7,2,0,1,NA,4,NA,1,NA,1,2,2,4,28,1,0,22,149,3,11,NA,82,NA,37,NA,11,50,19,125,904,62,31,0,1,0,0,NA,1,NA,1,NA,0,0,1,1,12,5,0,2,3,0,0,NA,3,NA,4,NA,0,1,2,8,34,3,0,0,1,1,0,NA,1,NA,0,NA,1,0,0,0,6,0,1
240480,45,216,12,29,2,70,15,60,NA,22,55,90,164,1331,41,163,37,50,6,8,0,31,6,9,NA,4,19,25,95,563,21,36,4,4,0,0,0,2,0,3,NA,1,1,1,2,27,0,4,37,201,10,28,2,63,14,49,NA,18,47,78,147,1192,37,144,2,0,0,0,0,0,0,1,NA,0,0,0,4,9,0,1,0,5,0,1,0,1,0,6,NA,2,5,6,6,54,2,9,1,4,0,0,0,3,0,1,NA,0,0,1,0,18,1,1
240514,NA,12,NA,NA,NA,NA,NA,NA,NA,NA,NA,NA,7,19,NA,NA,NA,0,NA,NA,NA,NA,NA,NA,NA,NA,NA,NA,3,3,NA,NA,NA,0,NA,NA,NA,NA,NA,NA,NA,NA,NA,NA,0,0,NA,NA,NA,6,NA,NA,NA,NA,NA,NA,NA,NA,NA,NA,4,10,NA,NA,NA,0,NA,NA,NA,NA,NA,NA,NA,NA,NA,NA,1,1,NA,NA,NA,1,NA,NA,NA,NA,NA,NA,NA,NA,NA,NA,1,2,NA,NA,NA,4,NA,NA,NA,NA,NA,NA,NA,NA,NA,NA,1,5,NA,NA
240620,NA,NA,NA,NA,NA,NA,NA,NA,NA,NA,NA,NA,15,24,NA,9,NA,NA,NA,NA,NA,NA,NA,NA,NA,NA,NA,NA,6,8,NA,2,NA,NA,NA,NA,NA,NA,NA,NA,NA,NA,NA,NA,0,0,NA,0,NA,NA,NA,NA,NA,NA,NA,NA,NA,NA,NA,NA,10,16,NA,6,NA,NA,NA,NA,NA,NA,NA,NA,NA,NA,NA,NA,0,0,NA,0,NA,NA,NA,NA,NA,NA,NA,NA,NA,NA,NA,NA,2,3,NA,1,NA,NA,NA,NA,NA,NA,NA,NA,NA,NA,NA,NA,1,2,NA,1
240657,NA,NA,NA,NA,NA,NA,NA,NA,0,NA,NA,NA,5,5,NA,NA,NA,NA,NA,NA,NA,NA,NA,NA,0,NA,NA,NA,3,3,NA,NA,NA,NA,NA,NA,NA,NA,NA,NA,0,NA,NA,NA,0,0,NA,NA,NA,NA,NA,NA,NA,NA,NA,NA,0,NA,NA,NA,5,5,NA,NA,NA,NA,NA,NA,NA,NA,NA,NA,0,NA,NA,NA,0,0,NA,NA,NA,NA,NA,NA,NA,NA,NA,NA,0,NA,NA,NA,0,0,NA,NA,NA,NA,NA,NA,NA,NA,NA,NA,0,NA,NA,NA,0,0,NA,NA
240693,NA,NA,NA,NA,NA,NA,NA,NA,NA,NA,NA,NA,13,13,NA,NA,NA,NA,NA,NA,NA,NA,NA,NA,NA,NA,NA,NA,3,3,NA,NA,NA,NA,NA,NA,NA,NA,NA,NA,NA,NA,NA,NA,0,0,NA,NA,NA,NA,NA,NA,NA,NA,NA,NA,NA,NA,NA,NA,10,10,NA,NA,NA,NA,NA,NA,NA,NA,NA,NA,NA,NA,NA,NA,0,0,NA,NA,NA,NA,NA,NA,NA,NA,NA,NA,NA,NA,NA,NA,3,3,NA,NA,NA,NA,NA,NA,NA,NA,NA,NA,NA,NA,NA,NA,0,0,NA,NA
240727,34,146,168,28,44,165,67,160,68,35,88,51,336,1931,47,202,29,42,133,6,15,68,29,23,28,2,48,16,216,838,21,27,1,0,2,1,0,1,1,2,0,0,1,0,4,19,0,3,26,124,137,23,33,143,51,122,51,32,72,41,260,1537,33,160,2,1,8,0,0,1,1,2,0,0,1,2,7,27,1,0,2,12,7,0,3,12,7,24,8,2,6,3,31,176,10,24,1,4,6,1,5,5,5,8,5,1,6,2,18,91,2,4
243744,341,NA,305,34,NA,76,NA,74,NA,13,287,35,NA,1827,19,NA,235,NA,148,8,NA,40,NA,13,NA,7,117,6,NA,866,9,NA,144,NA,77,6,NA,22,NA,13,NA,5,48,10,NA,495,4,NA,57,NA,83,12,NA,18,NA,24,NA,4,108,14,NA,545,7,NA,48,NA,25,3,NA,3,NA,3,NA,0,37,1,NA,184,1,NA,56,NA,85,7,NA,21,NA,22,NA,3,65,6,NA,404,5,NA,7,NA,3,0,NA,4,NA,0,NA,0,2,1,NA,23,0,NA
243780,926,198,2413,93,7,622,NA,375,NA,NA,468,139,1062,9078,121,473,708,32,1783,24,3,218,NA,88,NA,NA,220,49,638,5170,38,70,252,5,383,7,3,56,NA,35,NA,NA,34,11,107,1105,11,39,364,162,1314,69,1,430,NA,224,NA,NA,273,92,713,5561,84,337,177,8,396,1,1,25,NA,27,NA,NA,68,10,108,1055,10,20,67,17,159,11,1,59,NA,58,NA,NA,53,18,82,773,11,42,24,1,55,3,0,21,NA,4,NA,NA,8,6,17,195,3,12
243823,5,NA,NA,NA,0,61,3,0,NA,NA,NA,NA,1,93,NA,23,5,NA,NA,NA,0,28,1,0,NA,NA,NA,NA,0,46,NA,12,1,NA,NA,NA,0,4,1,0,NA,NA,NA,NA,0,7,NA,1,3,NA,NA,NA,0,44,2,0,NA,NA,NA,NA,1,60,NA,10,0,NA,NA,NA,0,0,0,0,NA,NA,NA,NA,0,0,NA,0,1,NA,NA,NA,0,3,0,0,NA,NA,NA,NA,0,14,NA,10,0,NA,NA,NA,0,9,0,0,NA,NA,NA,NA,0,11,NA,2
245953,5,11,NA,0,NA,10,NA,75,13,NA,NA,1,88,260,5,15,4,2,NA,0,NA,5,NA,14,7,NA,NA,1,51,99,1,2,0,0,NA,0,NA,1,NA,0,0,NA,NA,0,0,2,0,0,3,7,NA,0,NA,4,NA,36,7,NA,NA,0,46,140,3,11,0,0,NA,0,NA,2,NA,5,0,NA,NA,0,10,19,0,0,1,3,NA,0,NA,3,NA,24,3,NA,NA,1,24,69,2,2,0,1,NA,0,NA,0,NA,9,3,NA,NA,0,4,23,0,1
246354,NA,NA,NA,NA,NA,NA,NA,NA,NA,NA,NA,NA,NA,NA,NA,NA,NA,NA,NA,NA,NA,NA,NA,NA,NA,NA,NA,NA,NA,NA,NA,NA,NA,NA,NA,NA,NA,NA,NA,NA,NA,NA,NA,NA,NA,NA,NA,NA,NA,NA,NA,NA,NA,NA,NA,NA,NA,NA,NA,NA,NA,NA,NA,NA,NA,NA,NA,NA,NA,NA,NA,NA,NA,NA,NA,NA,NA,NA,NA,NA,NA,NA,NA,NA,NA,NA,NA,NA,NA,NA,NA,NA,NA,NA,NA,NA,NA,NA,NA,NA,NA,NA,NA,NA,NA,NA,NA,NA,NA,NA,NA,NA
247834,123,NA,NA,NA,NA,NA,NA,NA,NA,NA,NA,NA,10,190,NA,57,98,NA,NA,NA,NA,NA,NA,NA,NA,NA,NA,NA,10,112,NA,4,24,NA,NA,NA,NA,NA,NA,NA,NA,NA,NA,NA,1,36,NA,11,60,NA,NA,NA,NA,NA,NA,NA,NA,NA,NA,NA,6,89,NA,23,3,NA,NA,NA,NA,NA,NA,NA,NA,NA,NA,NA,0,3,NA,0,31,NA,NA,NA,NA,NA,NA,NA,NA,NA,NA,NA,3,50,NA,16,4,NA,NA,NA,NA,NA,NA,NA,NA,NA,NA,NA,0,8,NA,4
248934,479,NA,NA,NA,NA,NA,NA,NA,82,NA,NA,NA,210,1327,NA,280,383,NA,NA,NA,NA,NA,NA,NA,27,NA,NA,NA,96,792,NA,39,29,NA,NA,NA,NA,NA,NA,NA,3,NA,NA,NA,4,59,NA,16,230,NA,NA,NA,NA,NA,NA,NA,34,NA,NA,NA,80,604,NA,100,1,NA,NA,NA,NA,NA,NA,NA,0,NA,NA,NA,0,1,NA,0,183,NA,NA,NA,NA,NA,NA,NA,38,NA,NA,NA,110,559,NA,144,22,NA,NA,NA,NA,NA,NA,NA,4,NA,NA,NA,10,60,NA,10
262086,25,36,NA,NA,84,NA,NA,104,22,102,13,NA,273,768,10,42,19,0,NA,NA,12,NA,NA,20,12,13,4,NA,127,246,6,6,2,2,NA,NA,1,NA,NA,3,2,3,0,NA,10,43,1,14,9,15,NA,NA,57,NA,NA,49,7,59,2,NA,177,433,5,22,0,0,NA,NA,0,NA,NA,0,0,1,0,NA,0,1,0,0,9,14,NA,NA,8,NA,NA,28,9,24,9,NA,66,182,3,2,2,3,NA,NA,15,NA,NA,16,4,13,2,NA,10,76,0,4
364016,NA,0,NA,NA,NA,NA,NA,NA,NA,NA,NA,NA,NA,0,NA,NA,NA,0,NA,NA,NA,NA,NA,NA,NA,NA,NA,NA,NA,0,NA,NA,NA,0,NA,NA,NA,NA,NA,NA,NA,NA,NA,NA,NA,0,NA,NA,NA,0,NA,NA,NA,NA,NA,NA,NA,NA,NA,NA,NA,0,NA,NA,NA,0,NA,NA,NA,NA,NA,NA,NA,NA,NA,NA,NA,0,NA,NA,NA,0,NA,NA,NA,NA,NA,NA,NA,NA,NA,NA,NA,0,NA,NA,NA,0,NA,NA,NA,NA,NA,NA,NA,NA,NA,NA,NA,0,NA,NA
366252,35,NA,19,NA,NA,0,NA,NA,6,18,NA,18,62,430,NA,83,31,NA,18,NA,NA,0,NA,NA,2,4,NA,12,37,280,NA,6,1,NA,0,NA,NA,0,NA,NA,0,0,NA,0,0,4,NA,1,29,NA,18,NA,NA,0,NA,NA,4,15,NA,17,54,386,NA,76,0,NA,0,NA,NA,0,NA,NA,0,0,NA,0,0,0,NA,0,3,NA,1,NA,NA,0,NA,NA,1,1,NA,1,5,26,NA,5,1,NA,0,NA,NA,0,NA,NA,0,1,NA,0,0,4,NA,0
366711,193,89,59,56,146,213,164,306,18,NA,584,95,537,3309,179,364,166,5,45,15,20,67,58,64,17,NA,187,43,319,1268,71,71,42,2,11,2,7,31,25,25,0,NA,28,11,63,357,7,89,50,22,14,25,46,57,51,78,6,NA,138,28,177,957,65,102,3,0,1,0,0,1,1,1,0,NA,4,3,8,25,1,0,69,62,31,23,77,104,75,172,6,NA,368,41,236,1651,92,129,11,1,1,2,6,6,8,11,4,NA,22,2,22,144,9,28
377555,303,53,139,NA,21,108,NA,78,NA,NA,41,14,361,1565,75,211,228,12,122,NA,9,32,NA,21,NA,NA,21,7,214,815,34,41,122,13,55,NA,2,38,NA,16,NA,NA,14,5,140,544,30,64,87,25,46,NA,14,38,NA,31,NA,NA,13,2,112,510,21,64,29,0,2,NA,0,1,NA,3,NA,NA,4,2,20,73,4,2,35,11,22,NA,5,20,NA,19,NA,NA,8,1,58,291,13,67,11,1,5,NA,0,4,NA,5,NA,NA,0,3,7,49,1,3
377564,270,0,68,20,31,102,NA,154,61,28,64,NA,251,1355,50,140,207,0,57,8,6,23,NA,36,20,5,35,NA,145,633,25,16,104,0,17,1,3,30,NA,26,6,4,11,NA,66,317,7,31,77,0,29,12,18,27,NA,76,23,14,26,NA,86,495,17,35,5,0,2,0,0,3,NA,1,0,0,1,NA,8,29,2,4,57,0,10,6,3,21,NA,38,21,8,21,NA,49,337,15,57,16,0,3,0,4,7,NA,1,2,0,1,NA,13,57,1,6
380368,NA,3,NA,NA,NA,NA,NA,NA,NA,NA,NA,NA,NA,3,NA,NA,NA,2,NA,NA,NA,NA,NA,NA,NA,NA,NA,NA,NA,2,NA,NA,NA,0,NA,NA,NA,NA,NA,NA,NA,NA,NA,NA,NA,0,NA,NA,NA,0,NA,NA,NA,NA,NA,NA,NA,NA,NA,NA,NA,0,NA,NA,NA,0,NA,NA,NA,NA,NA,NA,NA,NA,NA,NA,NA,0,NA,NA,NA,0,NA,NA,NA,NA,NA,NA,NA,NA,NA,NA,NA,0,NA,NA,NA,3,NA,NA,NA,NA,NA,NA,NA,NA,NA,NA,NA,3,NA,NA
384412,16,NA,NA,NA,NA,NA,NA,NA,4,NA,NA,NA,13,33,NA,NA,11,NA,NA,NA,NA,NA,NA,NA,2,NA,NA,NA,10,23,NA,NA,8,NA,NA,NA,NA,NA,NA,NA,2,NA,NA,NA,2,12,NA,NA,0,NA,NA,NA,NA,NA,NA,NA,1,NA,NA,NA,3,4,NA,NA,8,NA,NA,NA,NA,NA,NA,NA,0,NA,NA,NA,6,14,NA,NA,0,NA,NA,NA,NA,NA,NA,NA,1,NA,NA,NA,2,3,NA,NA,0,NA,NA,NA,NA,NA,NA,NA,0,NA,NA,NA,0,0,NA,NA
385619,NA,NA,NA,NA,NA,NA,0,NA,6,NA,NA,NA,141,360,NA,106,NA,NA,NA,NA,NA,NA,0,NA,3,NA,NA,NA,108,202,NA,15,NA,NA,NA,NA,NA,NA,0,NA,0,NA,NA,NA,2,5,NA,2,NA,NA,NA,NA,NA,NA,0,NA,4,NA,NA,NA,75,187,NA,48,NA,NA,NA,NA,NA,NA,0,NA,0,NA,NA,NA,1,1,NA,0,NA,NA,NA,NA,NA,NA,0,NA,2,NA,NA,NA,51,120,NA,42,NA,NA,NA,NA,NA,NA,0,NA,0,NA,NA,NA,11,41,NA,13
392257,NA,NA,NA,NA,NA,NA,NA,NA,NA,NA,NA,NA,NA,103,NA,103,NA,NA,NA,NA,NA,NA,NA,NA,NA,NA,NA,NA,NA,12,NA,12,NA,NA,NA,NA,NA,NA,NA,NA,NA,NA,NA,NA,NA,2,NA,2,NA,NA,NA,NA,NA,NA,NA,NA,NA,NA,NA,NA,NA,16,NA,16,NA,NA,NA,NA,NA,NA,NA,NA,NA,NA,NA,NA,NA,0,NA,0,NA,NA,NA,NA,NA,NA,NA,NA,NA,NA,NA,NA,NA,74,NA,74,NA,NA,NA,NA,NA,NA,NA,NA,NA,NA,NA,NA,NA,6,NA,6
406024,NA,NA,NA,NA,NA,NA,NA,NA,NA,NA,NA,NA,NA,146,NA,146,NA,NA,NA,NA,NA,NA,NA,NA,NA,NA,NA,NA,NA,16,NA,16,NA,NA,NA,NA,NA,NA,NA,NA,NA,NA,NA,NA,NA,12,NA,12,NA,NA,NA,NA,NA,NA,NA,NA,NA,NA,NA,NA,NA,71,NA,71,NA,NA,NA,NA,NA,NA,NA,NA,NA,NA,NA,NA,NA,0,NA,0,NA,NA,NA,NA,NA,NA,NA,NA,NA,NA,NA,NA,NA,52,NA,52,NA,NA,NA,NA,NA,NA,NA,NA,NA,NA,NA,NA,NA,9,NA,9
406033,NA,NA,NA,NA,NA,NA,NA,NA,NA,NA,NA,NA,NA,212,NA,212,NA,NA,NA,NA,NA,NA,NA,NA,NA,NA,NA,NA,NA,34,NA,34,NA,NA,NA,NA,NA,NA,NA,NA,NA,NA,NA,NA,NA,14,NA,14,NA,NA,NA,NA,NA,NA,NA,NA,NA,NA,NA,NA,NA,48,NA,48,NA,NA,NA,NA,NA,NA,NA,NA,NA,NA,NA,NA,NA,0,NA,0,NA,NA,NA,NA,NA,NA,NA,NA,NA,NA,NA,NA,NA,121,NA,121,NA,NA,NA,NA,NA,NA,NA,NA,NA,NA,NA,NA,NA,20,NA,20
407629,NA,NA,NA,NA,NA,NA,NA,NA,NA,NA,NA,NA,NA,NA,NA,NA,NA,NA,NA,NA,NA,NA,NA,NA,NA,NA,NA,NA,NA,NA,NA,NA,NA,NA,NA,NA,NA,NA,NA,NA,NA,NA,NA,NA,NA,NA,NA,NA,NA,NA,NA,NA,NA,NA,NA,NA,NA,NA,NA,NA,NA,NA,NA,NA,NA,NA,NA,NA,NA,NA,NA,NA,NA,NA,NA,NA,NA,NA,NA,NA,NA,NA,NA,NA,NA,NA,NA,NA,NA,NA,NA,NA,NA,NA,NA,NA,NA,NA,NA,NA,NA,NA,NA,NA,NA,NA,NA,NA,NA,NA,NA,NA
408844,9,NA,NA,NA,19,NA,NA,64,12,NA,NA,NA,81,260,NA,73,7,NA,NA,NA,6,NA,NA,14,2,NA,NA,NA,42,90,NA,19,1,NA,NA,NA,0,NA,NA,0,0,NA,NA,NA,0,1,NA,0,0,NA,NA,NA,2,NA,NA,1,1,NA,NA,NA,2,7,NA,0,4,NA,NA,NA,2,NA,NA,6,1,NA,NA,NA,29,43,NA,1,4,NA,NA,NA,14,NA,NA,57,10,NA,NA,NA,50,208,NA,72,0,NA,NA,NA,1,NA,NA,0,0,NA,NA,NA,0,1,NA,0
409315,83,NA,NA,NA,NA,NA,NA,NA,NA,NA,NA,NA,298,478,NA,97,69,NA,NA,NA,NA,NA,NA,NA,NA,NA,NA,NA,86,174,NA,19,0,NA,NA,NA,NA,NA,NA,NA,NA,NA,NA,NA,2,4,NA,2,5,NA,NA,NA,NA,NA,NA,NA,NA,NA,NA,NA,8,15,NA,2,0,NA,NA,NA,NA,NA,NA,NA,NA,NA,NA,NA,0,0,NA,0,78,NA,NA,NA,NA,NA,NA,NA,NA,NA,NA,NA,286,456,NA,92,0,NA,NA,NA,NA,NA,NA,NA,NA,NA,NA,NA,1,2,NA,1
409698,199,NA,NA,NA,238,93,145,250,NA,71,83,61,219,1777,32,52,164,NA,NA,NA,65,21,64,48,NA,8,27,22,111,682,21,6,23,NA,NA,NA,5,10,8,12,NA,1,3,6,10,111,1,8,57,NA,NA,NA,71,24,27,56,NA,7,17,13,44,439,8,10,19,NA,NA,NA,0,0,0,0,NA,0,0,2,5,37,2,2,86,NA,NA,NA,145,55,95,167,NA,57,49,34,139,1045,16,24,8,NA,NA,NA,9,2,7,7,NA,4,6,2,13,72,2,5
413413,206,0,NA,NA,NA,NA,NA,858,13,0,NA,NA,832,10064,NA,8155,153,0,NA,NA,NA,NA,NA,129,6,0,NA,NA,252,1452,NA,912,13,0,NA,NA,NA,NA,NA,6,1,0,NA,NA,24,573,NA,529,103,0,NA,NA,NA,NA,NA,466,5,0,NA,NA,416,4585,NA,3595,8,0,NA,NA,NA,NA,NA,3,0,0,NA,NA,7,104,NA,86,54,0,NA,NA,NA,NA,NA,301,5,0,NA,NA,281,4028,NA,3387,20,0,NA,NA,NA,NA,NA,37,2,0,NA,NA,85,522,NA,378
414878,4,NA,NA,NA,6,NA,NA,7,5,NA,NA,NA,76,108,0,1,2,NA,NA,NA,1,NA,NA,1,1,NA,NA,NA,25,40,0,1,0,NA,NA,NA,0,NA,NA,0,0,NA,NA,NA,0,0,0,0,4,NA,NA,NA,6,NA,NA,3,5,NA,NA,NA,25,52,0,1,0,NA,NA,NA,0,NA,NA,0,0,NA,NA,NA,47,47,0,0,0,NA,NA,NA,0,NA,NA,3,0,NA,NA,NA,3,7,0,0,0,NA,NA,NA,0,NA,NA,0,0,NA,NA,NA,1,1,0,0
420398,NA,NA,NA,NA,NA,NA,NA,NA,NA,NA,NA,NA,NA,NA,NA,NA,NA,NA,NA,NA,NA,NA,NA,NA,NA,NA,NA,NA,NA,NA,NA,NA,NA,NA,NA,NA,NA,NA,NA,NA,NA,NA,NA,NA,NA,NA,NA,NA,NA,NA,NA,NA,NA,NA,NA,NA,NA,NA,NA,NA,NA,NA,NA,NA,NA,NA,NA,NA,NA,NA,NA,NA,NA,NA,NA,NA,NA,NA,NA,NA,NA,NA,NA,NA,NA,NA,NA,NA,NA,NA,NA,NA,NA,NA,NA,NA,NA,NA,NA,NA,NA,NA,NA,NA,NA,NA,NA,NA,NA,NA,NA,NA
421708,NA,NA,NA,NA,NA,NA,NA,NA,NA,NA,NA,NA,NA,296,NA,296,NA,NA,NA,NA,NA,NA,NA,NA,NA,NA,NA,NA,NA,33,NA,33,NA,NA,NA,NA,NA,NA,NA,NA,NA,NA,NA,NA,NA,15,NA,15,NA,NA,NA,NA,NA,NA,NA,NA,NA,NA,NA,NA,NA,143,NA,143,NA,NA,NA,NA,NA,NA,NA,NA,NA,NA,NA,NA,NA,0,NA,0,NA,NA,NA,NA,NA,NA,NA,NA,NA,NA,NA,NA,NA,99,NA,99,NA,NA,NA,NA,NA,NA,NA,NA,NA,NA,NA,NA,NA,15,NA,15
426314,NA,NA,52,NA,NA,NA,NA,NA,32,NA,NA,NA,375,1545,4,NA,NA,NA,42,NA,NA,NA,NA,NA,25,NA,NA,NA,313,1328,3,NA,NA,NA,3,NA,NA,NA,NA,NA,2,NA,NA,NA,11,56,0,NA,NA,NA,34,NA,NA,NA,NA,NA,16,NA,NA,NA,214,832,3,NA,NA,NA,0,NA,NA,NA,NA,NA,1,NA,NA,NA,4,102,0,NA,NA,NA,13,NA,NA,NA,NA,NA,9,NA,NA,NA,104,380,0,NA,NA,NA,1,NA,NA,NA,NA,NA,2,NA,NA,NA,23,97,1,NA
430184,51,0,NA,NA,NA,NA,NA,NA,12,NA,0,NA,179,242,NA,NA,38,0,NA,NA,NA,NA,NA,NA,1,NA,0,NA,37,76,NA,NA,3,0,NA,NA,NA,NA,NA,NA,0,NA,0,NA,1,4,NA,NA,12,0,NA,NA,NA,NA,NA,NA,2,NA,0,NA,24,38,NA,NA,0,0,NA,NA,NA,NA,NA,NA,0,NA,0,NA,1,1,NA,NA,30,0,NA,NA,NA,NA,NA,NA,8,NA,0,NA,138,176,NA,NA,2,0,NA,NA,NA,NA,NA,NA,1,NA,0,NA,6,9,NA,NA
433013,NA,NA,NA,NA,NA,NA,NA,NA,NA,NA,NA,NA,NA,101,NA,101,NA,NA,NA,NA,NA,NA,NA,NA,NA,NA,NA,NA,NA,31,NA,31,NA,NA,NA,NA,NA,NA,NA,NA,NA,NA,NA,NA,NA,40,NA,40,NA,NA,NA,NA,NA,NA,NA,NA,NA,NA,NA,NA,NA,10,NA,10,NA,NA,NA,NA,NA,NA,NA,NA,NA,NA,NA,NA,NA,0,NA,0,NA,NA,NA,NA,NA,NA,NA,NA,NA,NA,NA,NA,NA,42,NA,42,NA,NA,NA,NA,NA,NA,NA,NA,NA,NA,NA,NA,NA,7,NA,7
433387,5845,5366,388,NA,NA,NA,NA,NA,NA,NA,NA,NA,6184,25032,NA,7186,5137,636,329,NA,NA,NA,NA,NA,NA,NA,NA,NA,2851,9911,NA,918,406,53,38,NA,NA,NA,NA,NA,NA,NA,NA,NA,237,1083,NA,343,3230,4008,237,NA,NA,NA,NA,NA,NA,NA,NA,NA,3958,15863,NA,4390,1,3,1,NA,NA,NA,NA,NA,NA,NA,NA,NA,1,8,NA,2,1352,770,52,NA,NA,NA,NA,NA,NA,NA,NA,NA,1184,4916,NA,1548,655,426,43,NA,NA,NA,NA,NA,NA,NA,NA,NA,624,2502,NA,749
433660,20,143,139,40,0,150,55,294,200,46,83,105,662,2968,169,337,15,15,105,8,0,53,29,59,52,8,43,41,391,1172,51,53,0,1,1,0,0,4,0,4,2,0,3,2,10,45,3,9,8,96,74,23,0,80,33,154,118,22,48,53,455,1805,108,191,1,2,5,1,0,4,0,6,2,0,2,5,25,72,3,4,7,41,52,15,0,59,18,119,68,20,21,40,142,904,44,118,1,1,4,0,0,0,2,5,2,1,2,2,11,45,2,3
435000,NA,NA,NA,NA,NA,NA,NA,NA,NA,NA,NA,NA,NA,13,NA,13,NA,NA,NA,NA,NA,NA,NA,NA,NA,NA,NA,NA,NA,6,NA,6,NA,NA,NA,NA,NA,NA,NA,NA,NA,NA,NA,NA,NA,0,NA,0,NA,NA,NA,NA,NA,NA,NA,NA,NA,NA,NA,NA,NA,9,NA,9,NA,NA,NA,NA,NA,NA,NA,NA,NA,NA,NA,NA,NA,0,NA,0,NA,NA,NA,NA,NA,NA,NA,NA,NA,NA,NA,NA,NA,3,NA,3,NA,NA,NA,NA,NA,NA,NA,NA,NA,NA,NA,NA,NA,0,NA,0
436429,NA,NA,NA,NA,NA,NA,NA,NA,NA,NA,NA,720,NA,837,12,NA,NA,NA,NA,NA,NA,NA,NA,NA,NA,NA,NA,489,NA,556,4,NA,NA,NA,NA,NA,NA,NA,NA,NA,NA,NA,NA,35,NA,44,0,NA,NA,NA,NA,NA,NA,NA,NA,NA,NA,NA,NA,190,NA,229,5,NA,NA,NA,NA,NA,NA,NA,NA,NA,NA,NA,NA,27,NA,27,0,NA,NA,NA,NA,NA,NA,NA,NA,NA,NA,NA,NA,303,NA,345,5,NA,NA,NA,NA,NA,NA,NA,NA,NA,NA,NA,NA,109,NA,130,2,NA
436836,NA,NA,NA,NA,NA,NA,NA,NA,NA,NA,NA,NA,NA,NA,NA,NA,NA,NA,NA,NA,NA,NA,NA,NA,NA,NA,NA,NA,NA,NA,NA,NA,NA,NA,NA,NA,NA,NA,NA,NA,NA,NA,NA,NA,NA,NA,NA,NA,NA,NA,NA,NA,NA,NA,NA,NA,NA,NA,NA,NA,NA,NA,NA,NA,NA,NA,NA,NA,NA,NA,NA,NA,NA,NA,NA,NA,NA,NA,NA,NA,NA,NA,NA,NA,NA,NA,NA,NA,NA,NA,NA,NA,NA,NA,NA,NA,NA,NA,NA,NA,NA,NA,NA,NA,NA,NA,NA,NA,NA,NA,NA,NA
439190,4,NA,NA,NA,NA,NA,NA,NA,NA,NA,NA,NA,NA,14,NA,NA,4,NA,NA,NA,NA,NA,NA,NA,NA,NA,NA,NA,NA,9,NA,NA,0,NA,NA,NA,NA,NA,NA,NA,NA,NA,NA,NA,NA,1,NA,NA,4,NA,NA,NA,NA,NA,NA,NA,NA,NA,NA,NA,NA,10,NA,NA,0,NA,NA,NA,NA,NA,NA,NA,NA,NA,NA,NA,NA,0,NA,NA,0,NA,NA,NA,NA,NA,NA,NA,NA,NA,NA,NA,NA,3,NA,NA,0,NA,NA,NA,NA,NA,NA,NA,NA,NA,NA,NA,NA,0,NA,NA
439367,NA,NA,NA,NA,NA,NA,NA,NA,NA,NA,NA,NA,NA,18,NA,18,NA,NA,NA,NA,NA,NA,NA,NA,NA,NA,NA,NA,NA,4,NA,4,NA,NA,NA,NA,NA,NA,NA,NA,NA,NA,NA,NA,NA,6,NA,6,NA,NA,NA,NA,NA,NA,NA,NA,NA,NA,NA,NA,NA,3,NA,3,NA,NA,NA,NA,NA,NA,NA,NA,NA,NA,NA,NA,NA,0,NA,0,NA,NA,NA,NA,NA,NA,NA,NA,NA,NA,NA,NA,NA,7,NA,7,NA,NA,NA,NA,NA,NA,NA,NA,NA,NA,NA,NA,NA,2,NA,2
440828,NA,NA,NA,NA,NA,NA,NA,NA,NA,NA,NA,NA,NA,NA,NA,NA,NA,NA,NA,NA,NA,NA,NA,NA,NA,NA,NA,NA,NA,NA,NA,NA,NA,NA,NA,NA,NA,NA,NA,NA,NA,NA,NA,NA,NA,NA,NA,NA,NA,NA,NA,NA,NA,NA,NA,NA,NA,NA,NA,NA,NA,NA,NA,NA,NA,NA,NA,NA,NA,NA,NA,NA,NA,NA,NA,NA,NA,NA,NA,NA,NA,NA,NA,NA,NA,NA,NA,NA,NA,NA,NA,NA,NA,NA,NA,NA,NA,NA,NA,NA,NA,NA,NA,NA,NA,NA,NA,NA,NA,NA,NA,NA
441229,NA,NA,NA,NA,NA,NA,NA,NA,NA,NA,NA,NA,NA,89,NA,89,NA,NA,NA,NA,NA,NA,NA,NA,NA,NA,NA,NA,NA,4,NA,4,NA,NA,NA,NA,NA,NA,NA,NA,NA,NA,NA,NA,NA,2,NA,2,NA,NA,NA,NA,NA,NA,NA,NA,NA,NA,NA,NA,NA,36,NA,36,NA,NA,NA,NA,NA,NA,NA,NA,NA,NA,NA,NA,NA,0,NA,0,NA,NA,NA,NA,NA,NA,NA,NA,NA,NA,NA,NA,NA,29,NA,29,NA,NA,NA,NA,NA,NA,NA,NA,NA,NA,NA,NA,NA,19,NA,19
441900,5,79,NA,14,NA,34,NA,99,66,NA,NA,21,53,812,25,358,4,10,NA,1,NA,8,NA,16,20,NA,NA,16,19,199,10,68,0,3,NA,0,NA,2,NA,7,0,NA,NA,1,2,88,3,66,3,19,NA,9,NA,4,NA,23,12,NA,NA,2,7,214,4,107,0,0,NA,0,NA,0,NA,0,0,NA,NA,0,0,0,0,0,2,49,NA,5,NA,26,NA,58,52,NA,NA,12,41,420,14,136,0,2,NA,0,NA,1,NA,5,1,NA,NA,3,1,43,2,25
441937,60,70,6,54,90,79,NA,324,NA,NA,159,68,270,1663,78,241,54,4,6,12,12,28,NA,70,NA,NA,56,27,151,601,34,55,5,2,0,2,3,9,NA,12,NA,NA,4,4,17,96,4,26,23,16,1,21,23,22,NA,77,NA,NA,23,19,82,434,30,55,1,0,0,0,0,0,NA,2,NA,NA,0,1,3,9,0,0,24,48,4,28,57,39,NA,212,NA,NA,120,35,143,988,37,146,5,4,1,2,5,6,NA,12,NA,NA,6,7,16,80,4,7
442356,NA,NA,NA,NA,NA,NA,NA,NA,NA,NA,NA,NA,NA,148,NA,148,NA,NA,NA,NA,NA,NA,NA,NA,NA,NA,NA,NA,NA,15,NA,15,NA,NA,NA,NA,NA,NA,NA,NA,NA,NA,NA,NA,NA,8,NA,8,NA,NA,NA,NA,NA,NA,NA,NA,NA,NA,NA,NA,NA,112,NA,112,NA,NA,NA,NA,NA,NA,NA,NA,NA,NA,NA,NA,NA,0,NA,0,NA,NA,NA,NA,NA,NA,NA,NA,NA,NA,NA,NA,NA,25,NA,25,NA,NA,NA,NA,NA,NA,NA,NA,NA,NA,NA,NA,NA,1,NA,1
442569,41,NA,NA,NA,NA,NA,NA,NA,32,NA,NA,NA,113,287,6,4,33,NA,NA,NA,NA,NA,NA,NA,15,NA,NA,NA,38,168,0,1,1,NA,NA,NA,NA,NA,NA,NA,0,NA,NA,NA,3,8,0,0,15,NA,NA,NA,NA,NA,NA,NA,17,NA,NA,NA,54,134,1,2,2,NA,NA,NA,NA,NA,NA,NA,0,NA,NA,NA,0,3,0,0,12,NA,NA,NA,NA,NA,NA,NA,8,NA,NA,NA,28,73,4,0,9,NA,NA,NA,NA,NA,NA,NA,7,NA,NA,NA,27,64,0,2
443331,NA,NA,NA,NA,NA,NA,NA,NA,NA,NA,NA,NA,NA,972,NA,972,NA,NA,NA,NA,NA,NA,NA,NA,NA,NA,NA,NA,NA,187,NA,187,NA,NA,NA,NA,NA,NA,NA,NA,NA,NA,NA,NA,NA,212,NA,212,NA,NA,NA,NA,NA,NA,NA,NA,NA,NA,NA,NA,NA,335,NA,335,NA,NA,NA,NA,NA,NA,NA,NA,NA,NA,NA,NA,NA,1,NA,1,NA,NA,NA,NA,NA,NA,NA,NA,NA,NA,NA,NA,NA,358,NA,358,NA,NA,NA,NA,NA,NA,NA,NA,NA,NA,NA,NA,NA,11,NA,11
443410,97,NA,7,NA,NA,NA,NA,NA,NA,NA,NA,8,NA,203,NA,NA,79,NA,6,NA,NA,NA,NA,NA,NA,NA,NA,6,NA,133,NA,NA,8,NA,1,NA,NA,NA,NA,NA,NA,NA,NA,0,NA,22,NA,NA,46,NA,4,NA,NA,NA,NA,NA,NA,NA,NA,7,NA,97,NA,NA,27,NA,1,NA,NA,NA,NA,NA,NA,NA,NA,0,NA,39,NA,NA,5,NA,0,NA,NA,NA,NA,NA,NA,NA,NA,0,NA,20,NA,NA,6,NA,0,NA,NA,NA,NA,NA,NA,NA,NA,0,NA,6,NA,NA
443599,NA,NA,NA,NA,NA,NA,NA,NA,NA,NA,NA,NA,NA,35,NA,35,NA,NA,NA,NA,NA,NA,NA,NA,NA,NA,NA,NA,NA,2,NA,2,NA,NA,NA,NA,NA,NA,NA,NA,NA,NA,NA,NA,NA,0,NA,0,NA,NA,NA,NA,NA,NA,NA,NA,NA,NA,NA,NA,NA,25,NA,25,NA,NA,NA,NA,NA,NA,NA,NA,NA,NA,NA,NA,NA,0,NA,0,NA,NA,NA,NA,NA,NA,NA,NA,NA,NA,NA,NA,NA,6,NA,6,NA,NA,NA,NA,NA,NA,NA,NA,NA,NA,NA,NA,NA,3,NA,3
443650,1,NA,NA,NA,NA,NA,NA,NA,NA,NA,NA,NA,27,33,NA,5,1,NA,NA,NA,NA,NA,NA,NA,NA,NA,NA,NA,3,4,NA,0,0,NA,NA,NA,NA,NA,NA,NA,NA,NA,NA,NA,0,0,NA,0,0,NA,NA,NA,NA,NA,NA,NA,NA,NA,NA,NA,9,11,NA,2,0,NA,NA,NA,NA,NA,NA,NA,NA,NA,NA,NA,0,0,NA,0,0,NA,NA,NA,NA,NA,NA,NA,NA,NA,NA,NA,11,13,NA,2,0,NA,NA,NA,NA,NA,NA,NA,NA,NA,NA,NA,2,2,NA,0
443766,13,0,NA,NA,NA,NA,NA,NA,23,NA,0,NA,134,170,NA,0,7,0,NA,NA,NA,NA,NA,NA,3,NA,0,NA,25,35,NA,0,0,0,NA,NA,NA,NA,NA,NA,0,NA,0,NA,0,0,NA,0,5,0,NA,NA,NA,NA,NA,NA,5,NA,0,NA,28,38,NA,0,0,0,NA,NA,NA,NA,NA,NA,0,NA,0,NA,0,0,NA,0,7,0,NA,NA,NA,NA,NA,NA,17,NA,0,NA,101,125,NA,0,0,0,NA,NA,NA,NA,NA,NA,1,NA,0,NA,2,3,NA,0
443784,17,0,NA,NA,NA,NA,NA,NA,28,NA,0,NA,163,208,NA,NA,12,0,NA,NA,NA,NA,NA,NA,5,NA,0,NA,37,54,NA,NA,2,0,NA,NA,NA,NA,NA,NA,0,NA,0,NA,2,4,NA,NA,4,0,NA,NA,NA,NA,NA,NA,9,NA,0,NA,60,73,NA,NA,0,0,NA,NA,NA,NA,NA,NA,0,NA,0,NA,0,0,NA,NA,10,0,NA,NA,NA,NA,NA,NA,18,NA,0,NA,93,121,NA,NA,0,0,NA,NA,NA,NA,NA,NA,0,NA,0,NA,2,2,NA,NA
444130,NA,1,NA,NA,NA,NA,NA,7,NA,NA,NA,NA,5,13,NA,NA,NA,0,NA,NA,NA,NA,NA,1,NA,NA,NA,NA,1,2,NA,NA,NA,0,NA,NA,NA,NA,NA,0,NA,NA,NA,NA,0,0,NA,NA,NA,1,NA,NA,NA,NA,NA,6,NA,NA,NA,NA,2,9,NA,NA,NA,0,NA,NA,NA,NA,NA,0,NA,NA,NA,NA,0,0,NA,NA,NA,0,NA,NA,NA,NA,NA,1,NA,NA,NA,NA,2,3,NA,NA,NA,0,NA,NA,NA,NA,NA,0,NA,NA,NA,NA,1,1,NA,NA
444787,NA,NA,NA,NA,NA,NA,NA,NA,NA,NA,NA,NA,NA,896,NA,896,NA,NA,NA,NA,NA,NA,NA,NA,NA,NA,NA,NA,NA,110,NA,110,NA,NA,NA,NA,NA,NA,NA,NA,NA,NA,NA,NA,NA,173,NA,173,NA,NA,NA,NA,NA,NA,NA,NA,NA,NA,NA,NA,NA,324,NA,324,NA,NA,NA,NA,NA,NA,NA,NA,NA,NA,NA,NA,NA,0,NA,0,NA,NA,NA,NA,NA,NA,NA,NA,NA,NA,NA,NA,NA,328,NA,328,NA,NA,NA,NA,NA,NA,NA,NA,NA,NA,NA,NA,NA,68,NA,68
445027,182,NA,NA,NA,NA,NA,NA,9,313,NA,NA,NA,1047,1757,NA,206,136,NA,NA,NA,NA,NA,NA,2,150,NA,NA,NA,651,1009,NA,70,2,NA,NA,NA,NA,NA,NA,0,3,NA,NA,NA,36,48,NA,7,62,NA,NA,NA,NA,NA,NA,1,112,NA,NA,NA,319,537,NA,43,0,NA,NA,NA,NA,NA,NA,0,0,NA,NA,NA,0,0,NA,0,64,NA,NA,NA,NA,NA,NA,4,93,NA,NA,NA,477,737,NA,99,48,NA,NA,NA,NA,NA,NA,4,97,NA,NA,NA,194,397,NA,54
445188,NA,NA,384,29,NA,286,NA,326,NA,NA,161,15,177,1632,NA,93,NA,NA,310,12,NA,94,NA,84,NA,NA,51,5,96,770,NA,23,NA,NA,102,1,NA,72,NA,30,NA,NA,11,2,35,283,NA,9,NA,NA,40,4,NA,19,NA,23,NA,NA,11,1,8,128,NA,5,NA,NA,4,0,NA,10,NA,4,NA,NA,2,0,4,26,NA,1,NA,NA,219,22,NA,172,NA,257,NA,NA,128,9,118,1115,NA,77,NA,NA,8,0,NA,5,NA,5,NA,NA,5,1,3,28,NA,0
445267,24,181,NA,4,NA,1,0,24,10,0,1,NA,82,478,3,115,18,19,NA,0,NA,0,0,2,3,0,0,NA,29,96,1,15,0,1,NA,0,NA,0,0,1,0,0,0,NA,0,2,0,0,16,171,NA,4,NA,1,0,21,9,0,1,NA,76,418,3,89,0,0,NA,0,NA,0,0,0,0,0,0,NA,0,0,0,0,6,3,NA,0,NA,0,0,2,1,0,0,NA,2,34,0,15,1,2,NA,0,NA,0,0,0,0,0,0,NA,4,11,0,4
445708,NA,NA,NA,NA,1,NA,7,9,NA,NA,NA,NA,57,136,0,1,NA,NA,NA,NA,1,NA,4,2,NA,NA,NA,NA,19,45,0,0,NA,NA,NA,NA,0,NA,0,0,NA,NA,NA,NA,5,7,0,0,NA,NA,NA,NA,0,NA,4,2,NA,NA,NA,NA,15,39,0,1,NA,NA,NA,NA,0,NA,0,0,NA,NA,NA,NA,3,5,0,0,NA,NA,NA,NA,1,NA,2,6,NA,NA,NA,NA,30,76,0,0,NA,NA,NA,NA,0,NA,1,0,NA,NA,NA,NA,3,5,0,0
445735,NA,NA,NA,NA,NA,NA,NA,NA,NA,NA,NA,NA,NA,307,NA,307,NA,NA,NA,NA,NA,NA,NA,NA,NA,NA,NA,NA,NA,70,NA,70,NA,NA,NA,NA,NA,NA,NA,NA,NA,NA,NA,NA,NA,133,NA,133,NA,NA,NA,NA,NA,NA,NA,NA,NA,NA,NA,NA,NA,73,NA,73,NA,NA,NA,NA,NA,NA,NA,NA,NA,NA,NA,NA,NA,2,NA,2,NA,NA,NA,NA,NA,NA,NA,NA,NA,NA,NA,NA,NA,48,NA,48,NA,NA,NA,NA,NA,NA,NA,NA,NA,NA,NA,NA,NA,6,NA,6
446048,0,10,NA,0,5,32,NA,21,NA,NA,15,3,43,227,14,35,0,0,NA,0,0,9,NA,5,NA,NA,8,0,33,88,5,6,0,0,NA,0,0,1,NA,1,NA,NA,0,0,0,3,0,0,0,9,NA,0,4,20,NA,13,NA,NA,12,2,23,159,12,28,0,0,NA,0,0,2,NA,0,NA,NA,2,0,3,8,0,0,0,1,NA,0,1,8,NA,4,NA,NA,1,1,11,41,2,5,0,0,NA,0,0,1,NA,3,NA,NA,0,0,6,16,0,2
446525,NA,NA,NA,NA,NA,NA,NA,NA,NA,NA,NA,NA,NA,13,NA,NA,NA,NA,NA,NA,NA,NA,NA,NA,NA,NA,NA,NA,NA,9,NA,NA,NA,NA,NA,NA,NA,NA,NA,NA,NA,NA,NA,NA,NA,0,NA,NA,NA,NA,NA,NA,NA,NA,NA,NA,NA,NA,NA,NA,NA,8,NA,NA,NA,NA,NA,NA,NA,NA,NA,NA,NA,NA,NA,NA,NA,0,NA,NA,NA,NA,NA,NA,NA,NA,NA,NA,NA,NA,NA,NA,NA,4,NA,NA,NA,NA,NA,NA,NA,NA,NA,NA,NA,NA,NA,NA,NA,0,NA,NA
446561,NA,NA,NA,NA,NA,NA,NA,NA,NA,NA,NA,NA,NA,79,NA,79,NA,NA,NA,NA,NA,NA,NA,NA,NA,NA,NA,NA,NA,17,NA,17,NA,NA,NA,NA,NA,NA,NA,NA,NA,NA,NA,NA,NA,19,NA,19,NA,NA,NA,NA,NA,NA,NA,NA,NA,NA,NA,NA,NA,20,NA,20,NA,NA,NA,NA,NA,NA,NA,NA,NA,NA,NA,NA,NA,0,NA,0,NA,NA,NA,NA,NA,NA,NA,NA,NA,NA,NA,NA,NA,22,NA,22,NA,NA,NA,NA,NA,NA,NA,NA,NA,NA,NA,NA,NA,10,NA,10
446604,NA,NA,NA,NA,NA,NA,NA,NA,NA,NA,NA,NA,NA,476,NA,NA,NA,NA,NA,NA,NA,NA,NA,NA,NA,NA,NA,NA,NA,476,NA,NA,NA,NA,NA,NA,NA,NA,NA,NA,NA,NA,NA,NA,NA,0,NA,NA,NA,NA,NA,NA,NA,NA,NA,NA,NA,NA,NA,NA,NA,476,NA,NA,NA,NA,NA,NA,NA,NA,NA,NA,NA,NA,NA,NA,NA,0,NA,NA,NA,NA,NA,NA,NA,NA,NA,NA,NA,NA,NA,NA,NA,0,NA,NA,NA,NA,NA,NA,NA,NA,NA,NA,NA,NA,NA,NA,NA,0,NA,NA
446640,30,NA,NA,NA,NA,3,4,NA,NA,NA,NA,12,7,100,NA,4,24,NA,NA,NA,NA,2,4,NA,NA,NA,NA,11,5,59,NA,0,2,NA,NA,NA,NA,0,0,NA,NA,NA,NA,1,0,4,NA,0,15,NA,NA,NA,NA,2,3,NA,NA,NA,NA,7,1,47,NA,2,3,NA,NA,NA,NA,0,0,NA,NA,NA,NA,0,2,5,NA,0,8,NA,NA,NA,NA,1,1,NA,NA,NA,NA,4,4,38,NA,1,2,NA,NA,NA,NA,0,0,NA,NA,NA,NA,0,0,2,NA,0
447050,0,0,NA,NA,1,NA,NA,NA,NA,NA,NA,NA,0,29,NA,28,0,0,NA,NA,1,NA,NA,NA,NA,NA,NA,NA,0,5,NA,4,0,0,NA,NA,0,NA,NA,NA,NA,NA,NA,NA,0,5,NA,5,0,0,NA,NA,0,NA,NA,NA,NA,NA,NA,NA,0,13,NA,13,0,0,NA,NA,0,NA,NA,NA,NA,NA,NA,NA,0,0,NA,0,0,0,NA,NA,1,NA,NA,NA,NA,NA,NA,NA,0,11,NA,10,0,0,NA,NA,0,NA,NA,NA,NA,NA,NA,NA,0,0,NA,0
447263,NA,NA,NA,NA,NA,NA,NA,NA,NA,NA,NA,NA,NA,387,NA,387,NA,NA,NA,NA,NA,NA,NA,NA,NA,NA,NA,NA,NA,73,NA,73,NA,NA,NA,NA,NA,NA,NA,NA,NA,NA,NA,NA,NA,17,NA,17,NA,NA,NA,NA,NA,NA,NA,NA,NA,NA,NA,NA,NA,315,NA,315,NA,NA,NA,NA,NA,NA,NA,NA,NA,NA,NA,NA,NA,0,NA,0,NA,NA,NA,NA,NA,NA,NA,NA,NA,NA,NA,NA,NA,42,NA,42,NA,NA,NA,NA,NA,NA,NA,NA,NA,NA,NA,NA,NA,8,NA,8
447689,161,111,NA,22,13,99,47,125,67,NA,28,59,285,1186,NA,96,125,5,NA,5,6,34,17,28,19,NA,10,32,141,468,NA,14,24,9,NA,2,0,13,7,7,3,NA,2,1,49,141,NA,21,42,39,NA,9,5,28,13,27,11,NA,8,14,67,319,NA,25,7,2,NA,0,2,2,4,5,2,NA,1,0,13,43,NA,3,81,53,NA,10,4,50,21,80,48,NA,15,42,140,613,NA,39,1,2,NA,0,0,1,0,2,0,NA,2,0,1,14,NA,3
449038,15,0,NA,NA,NA,NA,NA,NA,22,NA,0,NA,110,147,NA,NA,8,0,NA,NA,NA,NA,NA,NA,4,NA,0,NA,28,40,NA,NA,1,0,NA,NA,NA,NA,NA,NA,0,NA,0,NA,2,3,NA,NA,6,0,NA,NA,NA,NA,NA,NA,4,NA,0,NA,21,31,NA,NA,0,0,NA,NA,NA,NA,NA,NA,0,NA,0,NA,0,0,NA,NA,6,0,NA,NA,NA,NA,NA,NA,17,NA,0,NA,73,96,NA,NA,1,0,NA,NA,NA,NA,NA,NA,1,NA,0,NA,7,9,NA,NA
449339,737,NA,13,72,71,NA,492,359,1150,NA,165,NA,2890,8023,26,576,630,NA,12,19,56,NA,308,109,904,NA,103,NA,2053,5346,10,154,29,NA,0,1,1,NA,11,7,20,NA,4,NA,76,206,0,23,388,NA,11,51,41,NA,255,183,615,NA,76,NA,1346,4112,12,250,7,NA,0,0,0,NA,3,2,8,NA,2,NA,29,68,1,8,215,NA,1,15,14,NA,162,125,340,NA,57,NA,988,2464,10,203,72,NA,0,4,9,NA,37,30,124,NA,21,NA,324,827,3,60
449889,NA,31,NA,NA,6,NA,NA,NA,NA,NA,NA,NA,22,108,NA,49,NA,3,NA,NA,4,NA,NA,NA,NA,NA,NA,NA,9,22,NA,6,NA,0,NA,NA,0,NA,NA,NA,NA,NA,NA,NA,0,4,NA,4,NA,23,NA,NA,3,NA,NA,NA,NA,NA,NA,NA,10,59,NA,23,NA,1,NA,NA,0,NA,NA,NA,NA,NA,NA,NA,1,4,NA,2,NA,6,NA,NA,3,NA,NA,NA,NA,NA,NA,NA,10,34,NA,15,NA,1,NA,NA,0,NA,NA,NA,NA,NA,NA,NA,1,5,NA,3
450377,19,0,NA,NA,NA,NA,NA,NA,9,NA,0,NA,90,118,NA,NA,13,0,NA,NA,NA,NA,NA,NA,3,NA,0,NA,16,32,NA,NA,0,0,NA,NA,NA,NA,NA,NA,0,NA,0,NA,0,0,NA,NA,9,0,NA,NA,NA,NA,NA,NA,3,NA,0,NA,21,33,NA,NA,0,0,NA,NA,NA,NA,NA,NA,0,NA,0,NA,0,0,NA,NA,9,0,NA,NA,NA,NA,NA,NA,6,NA,0,NA,64,79,NA,NA,0,0,NA,NA,NA,NA,NA,NA,0,NA,0,NA,2,2,NA,NA
450933,180,NA,NA,NA,NA,NA,NA,NA,1324,NA,NA,NA,923,3579,NA,331,125,NA,NA,NA,NA,NA,NA,NA,1165,NA,NA,NA,419,2435,NA,107,13,NA,NA,NA,NA,NA,NA,NA,10,NA,NA,NA,27,67,NA,6,94,NA,NA,NA,NA,NA,NA,NA,960,NA,NA,NA,458,2235,NA,201,0,NA,NA,NA,NA,NA,NA,NA,0,NA,NA,NA,2,2,NA,0,40,NA,NA,NA,NA,NA,NA,NA,141,NA,NA,NA,221,597,NA,69,25,NA,NA,NA,NA,NA,NA,NA,186,NA,NA,NA,184,586,NA,49
451556,NA,NA,NA,NA,NA,NA,NA,NA,NA,NA,NA,NA,21,54,NA,33,NA,NA,NA,NA,NA,NA,NA,NA,NA,NA,NA,NA,12,20,NA,8,NA,NA,NA,NA,NA,NA,NA,NA,NA,NA,NA,NA,0,0,NA,0,NA,NA,NA,NA,NA,NA,NA,NA,NA,NA,NA,NA,2,4,NA,2,NA,NA,NA,NA,NA,NA,NA,NA,NA,NA,NA,NA,0,0,NA,0,NA,NA,NA,NA,NA,NA,NA,NA,NA,NA,NA,NA,19,50,NA,31,NA,NA,NA,NA,NA,NA,NA,NA,NA,NA,NA,NA,0,0,NA,0
451750,NA,NA,NA,NA,NA,NA,NA,NA,NA,0,NA,NA,6,36,NA,30,NA,NA,NA,NA,NA,NA,NA,NA,NA,0,NA,NA,4,8,NA,4,NA,NA,NA,NA,NA,NA,NA,NA,NA,0,NA,NA,0,2,NA,2,NA,NA,NA,NA,NA,NA,NA,NA,NA,0,NA,NA,2,23,NA,21,NA,NA,NA,NA,NA,NA,NA,NA,NA,0,NA,NA,0,0,NA,0,NA,NA,NA,NA,NA,NA,NA,NA,NA,0,NA,NA,3,7,NA,4,NA,NA,NA,NA,NA,NA,NA,NA,NA,0,NA,NA,0,1,NA,1
453163,17,0,NA,NA,NA,NA,NA,NA,40,NA,0,NA,241,298,NA,NA,12,0,NA,NA,NA,NA,NA,NA,7,NA,0,NA,41,60,NA,NA,0,0,NA,NA,NA,NA,NA,NA,0,NA,0,NA,1,1,NA,NA,10,0,NA,NA,NA,NA,NA,NA,8,NA,0,NA,45,63,NA,NA,0,0,NA,NA,NA,NA,NA,NA,0,NA,0,NA,0,0,NA,NA,6,0,NA,NA,NA,NA,NA,NA,31,NA,0,NA,175,212,NA,NA,0,0,NA,NA,NA,NA,NA,NA,0,NA,0,NA,9,9,NA,NA
454227,NA,NA,NA,NA,NA,NA,NA,NA,NA,NA,NA,NA,NA,7843,NA,7843,NA,NA,NA,NA,NA,NA,NA,NA,NA,NA,NA,NA,NA,866,NA,866,NA,NA,NA,NA,NA,NA,NA,NA,NA,NA,NA,NA,NA,626,NA,626,NA,NA,NA,NA,NA,NA,NA,NA,NA,NA,NA,NA,NA,4114,NA,4114,NA,NA,NA,NA,NA,NA,NA,NA,NA,NA,NA,NA,NA,38,NA,38,NA,NA,NA,NA,NA,NA,NA,NA,NA,NA,NA,NA,NA,2607,NA,2607,NA,NA,NA,NA,NA,NA,NA,NA,NA,NA,NA,NA,NA,407,NA,407
454786,12,NA,NA,NA,NA,NA,NA,NA,NA,NA,NA,NA,17,36,NA,NA,9,NA,NA,NA,NA,NA,NA,NA,NA,NA,NA,NA,11,27,NA,NA,3,NA,NA,NA,NA,NA,NA,NA,NA,NA,NA,NA,5,9,NA,NA,4,NA,NA,NA,NA,NA,NA,NA,NA,NA,NA,NA,4,11,NA,NA,0,NA,NA,NA,NA,NA,NA,NA,NA,NA,NA,NA,0,0,NA,NA,3,NA,NA,NA,NA,NA,NA,NA,NA,NA,NA,NA,2,8,NA,NA,2,NA,NA,NA,NA,NA,NA,NA,NA,NA,NA,NA,6,8,NA,NA
454829,NA,27,NA,NA,NA,NA,NA,26,5,NA,NA,NA,53,1320,NA,1209,NA,2,NA,NA,NA,NA,NA,7,3,NA,NA,NA,22,161,NA,127,NA,3,NA,NA,NA,NA,NA,0,0,NA,NA,NA,2,66,NA,61,NA,15,NA,NA,NA,NA,NA,14,1,NA,NA,NA,21,748,NA,697,NA,0,NA,NA,NA,NA,NA,0,0,NA,NA,NA,0,0,NA,0,NA,5,NA,NA,NA,NA,NA,8,3,NA,NA,NA,9,301,NA,276,NA,2,NA,NA,NA,NA,NA,3,1,NA,NA,NA,14,158,NA,138
454865,1,NA,NA,NA,NA,NA,NA,NA,0,NA,NA,NA,0,1,NA,0,0,NA,NA,NA,NA,NA,NA,NA,0,NA,NA,NA,0,0,NA,0,0,NA,NA,NA,NA,NA,NA,NA,0,NA,NA,NA,0,0,NA,0,0,NA,NA,NA,NA,NA,NA,NA,0,NA,NA,NA,0,0,NA,0,0,NA,NA,NA,NA,NA,NA,NA,0,NA,NA,NA,0,0,NA,0,1,NA,NA,NA,NA,NA,NA,NA,0,NA,NA,NA,0,1,NA,0,0,NA,NA,NA,NA,NA,NA,NA,0,NA,NA,NA,0,0,NA,0
455664,NA,NA,NA,NA,NA,NA,4,66,NA,NA,10,NA,NA,81,NA,1,NA,NA,NA,NA,NA,NA,2,14,NA,NA,1,NA,NA,17,NA,0,NA,NA,NA,NA,NA,NA,0,0,NA,NA,0,NA,NA,0,NA,0,NA,NA,NA,NA,NA,NA,2,29,NA,NA,5,NA,NA,36,NA,0,NA,NA,NA,NA,NA,NA,0,1,NA,NA,0,NA,NA,1,NA,0,NA,NA,NA,NA,NA,NA,0,28,NA,NA,3,NA,NA,32,NA,1,NA,NA,NA,NA,NA,NA,0,3,NA,NA,2,NA,NA,5,NA,0
458210,NA,NA,NA,NA,NA,NA,NA,NA,NA,NA,NA,NA,6,1203,NA,1197,NA,NA,NA,NA,NA,NA,NA,NA,NA,NA,NA,NA,1,259,NA,258,NA,NA,NA,NA,NA,NA,NA,NA,NA,NA,NA,NA,2,491,NA,489,NA,NA,NA,NA,NA,NA,NA,NA,NA,NA,NA,NA,1,186,NA,185,NA,NA,NA,NA,NA,NA,NA,NA,NA,NA,NA,NA,0,3,NA,3,NA,NA,NA,NA,NA,NA,NA,NA,NA,NA,NA,NA,2,426,NA,424,NA,NA,NA,NA,NA,NA,NA,NA,NA,NA,NA,NA,0,18,NA,18
458229,NA,NA,NA,NA,NA,NA,NA,NA,NA,NA,NA,NA,NA,925,NA,925,NA,NA,NA,NA,NA,NA,NA,NA,NA,NA,NA,NA,NA,166,NA,166,NA,NA,NA,NA,NA,NA,NA,NA,NA,NA,NA,NA,NA,210,NA,210,NA,NA,NA,NA,NA,NA,NA,NA,NA,NA,NA,NA,NA,127,NA,127,NA,NA,NA,NA,NA,NA,NA,NA,NA,NA,NA,NA,NA,2,NA,2,NA,NA,NA,NA,NA,NA,NA,NA,NA,NA,NA,NA,NA,506,NA,506,NA,NA,NA,NA,NA,NA,NA,NA,NA,NA,NA,NA,NA,16,NA,16
458919,54,0,NA,NA,NA,NA,NA,NA,63,NA,0,NA,430,547,NA,NA,30,0,NA,NA,NA,NA,NA,NA,14,NA,0,NA,76,120,NA,NA,1,0,NA,NA,NA,NA,NA,NA,0,NA,0,NA,0,1,NA,NA,13,0,NA,NA,NA,NA,NA,NA,9,NA,0,NA,60,82,NA,NA,0,0,NA,NA,NA,NA,NA,NA,0,NA,0,NA,0,0,NA,NA,37,0,NA,NA,NA,NA,NA,NA,54,NA,0,NA,347,438,NA,NA,0,0,NA,NA,NA,NA,NA,NA,0,NA,0,NA,7,7,NA,NA
458964,23,0,NA,NA,NA,NA,NA,NA,22,NA,0,NA,150,195,NA,NA,13,0,NA,NA,NA,NA,NA,NA,4,NA,0,NA,26,43,NA,NA,0,0,NA,NA,NA,NA,NA,NA,0,NA,0,NA,1,1,NA,NA,8,0,NA,NA,NA,NA,NA,NA,6,NA,0,NA,31,45,NA,NA,0,0,NA,NA,NA,NA,NA,NA,0,NA,0,NA,0,0,NA,NA,13,0,NA,NA,NA,NA,NA,NA,15,NA,0,NA,110,138,NA,NA,2,0,NA,NA,NA,NA,NA,NA,0,NA,0,NA,5,7,NA,NA
458973,25,0,NA,NA,NA,NA,NA,NA,36,NA,0,NA,168,229,NA,NA,13,0,NA,NA,NA,NA,NA,NA,11,NA,0,NA,41,65,NA,NA,0,0,NA,NA,NA,NA,NA,NA,0,NA,0,NA,3,3,NA,NA,8,0,NA,NA,NA,NA,NA,NA,7,NA,0,NA,31,46,NA,NA,0,0,NA,NA,NA,NA,NA,NA,0,NA,0,NA,0,0,NA,NA,16,0,NA,NA,NA,NA,NA,NA,29,NA,0,NA,126,171,NA,NA,1,0,NA,NA,NA,NA,NA,NA,0,NA,0,NA,5,6,NA,NA
459204,NA,NA,NA,NA,NA,NA,NA,NA,NA,NA,NA,NA,NA,355,NA,355,NA,NA,NA,NA,NA,NA,NA,NA,NA,NA,NA,NA,NA,59,NA,59,NA,NA,NA,NA,NA,NA,NA,NA,NA,NA,NA,NA,NA,139,NA,139,NA,NA,NA,NA,NA,NA,NA,NA,NA,NA,NA,NA,NA,60,NA,60,NA,NA,NA,NA,NA,NA,NA,NA,NA,NA,NA,NA,NA,0,NA,0,NA,NA,NA,NA,NA,NA,NA,NA,NA,NA,NA,NA,NA,47,NA,47,NA,NA,NA,NA,NA,NA,NA,NA,NA,NA,NA,NA,NA,102,NA,102
459213,NA,NA,NA,NA,NA,NA,NA,NA,NA,NA,NA,NA,NA,78,NA,78,NA,NA,NA,NA,NA,NA,NA,NA,NA,NA,NA,NA,NA,12,NA,12,NA,NA,NA,NA,NA,NA,NA,NA,NA,NA,NA,NA,NA,33,NA,33,NA,NA,NA,NA,NA,NA,NA,NA,NA,NA,NA,NA,NA,15,NA,15,NA,NA,NA,NA,NA,NA,NA,NA,NA,NA,NA,NA,NA,0,NA,0,NA,NA,NA,NA,NA,NA,NA,NA,NA,NA,NA,NA,NA,23,NA,23,NA,NA,NA,NA,NA,NA,NA,NA,NA,NA,NA,NA,NA,4,NA,4
459727,NA,NA,NA,NA,NA,NA,NA,50,NA,6,NA,NA,42,105,NA,7,NA,NA,NA,NA,NA,NA,NA,15,NA,0,NA,NA,24,40,NA,1,NA,NA,NA,NA,NA,NA,NA,0,NA,0,NA,NA,3,4,NA,1,NA,NA,NA,NA,NA,NA,NA,20,NA,1,NA,NA,14,36,NA,1,NA,NA,NA,NA,NA,NA,NA,0,NA,0,NA,NA,0,0,NA,0,NA,NA,NA,NA,NA,NA,NA,10,NA,3,NA,NA,8,24,NA,3,NA,NA,NA,NA,NA,NA,NA,15,NA,1,NA,NA,14,31,NA,1
459736,NA,NA,NA,NA,NA,NA,NA,NA,NA,NA,NA,NA,NA,NA,NA,NA,NA,NA,NA,NA,NA,NA,NA,NA,NA,NA,NA,NA,NA,NA,NA,NA,NA,NA,NA,NA,NA,NA,NA,NA,NA,NA,NA,NA,NA,NA,NA,NA,NA,NA,NA,NA,NA,NA,NA,NA,NA,NA,NA,NA,NA,NA,NA,NA,NA,NA,NA,NA,NA,NA,NA,NA,NA,NA,NA,NA,NA,NA,NA,NA,NA,NA,NA,NA,NA,NA,NA,NA,NA,NA,NA,NA,NA,NA,NA,NA,NA,NA,NA,NA,NA,NA,NA,NA,NA,NA,NA,NA,NA,NA,NA,NA
459824,NA,NA,NA,NA,NA,NA,NA,NA,NA,NA,NA,NA,NA,14,NA,14,NA,NA,NA,NA,NA,NA,NA,NA,NA,NA,NA,NA,NA,2,NA,2,NA,NA,NA,NA,NA,NA,NA,NA,NA,NA,NA,NA,NA,2,NA,2,NA,NA,NA,NA,NA,NA,NA,NA,NA,NA,NA,NA,NA,4,NA,4,NA,NA,NA,NA,NA,NA,NA,NA,NA,NA,NA,NA,NA,0,NA,0,NA,NA,NA,NA,NA,NA,NA,NA,NA,NA,NA,NA,NA,8,NA,8,NA,NA,NA,NA,NA,NA,NA,NA,NA,NA,NA,NA,NA,0,NA,0
459949,22,NA,NA,20,55,75,86,114,NA,2,161,NA,334,1249,38,0,16,NA,NA,7,9,20,29,15,NA,1,42,NA,142,404,8,0,1,NA,NA,1,0,3,0,2,NA,0,1,NA,5,15,0,0,4,NA,NA,1,14,14,6,14,NA,0,17,NA,40,186,1,0,0,NA,NA,0,0,0,0,0,NA,0,0,NA,2,2,0,0,17,NA,NA,17,36,55,78,93,NA,2,141,NA,279,1010,36,0,0,NA,NA,1,0,1,1,2,NA,0,0,NA,3,11,1,0
459994,97,0,NA,NA,NA,NA,NA,NA,58,NA,0,NA,541,696,NA,0,59,0,NA,NA,NA,NA,NA,NA,14,NA,0,NA,167,240,NA,0,6,0,NA,NA,NA,NA,NA,NA,0,NA,0,NA,14,20,NA,0,48,0,NA,NA,NA,NA,NA,NA,27,NA,0,NA,243,318,NA,0,0,0,NA,NA,NA,NA,NA,NA,0,NA,0,NA,1,1,NA,0,31,0,NA,NA,NA,NA,NA,NA,23,NA,0,NA,244,298,NA,0,5,0,NA,NA,NA,NA,NA,NA,2,NA,0,NA,26,33,NA,0
460349,8,NA,NA,NA,4,NA,16,21,0,NA,4,NA,159,303,8,14,5,NA,NA,NA,1,NA,7,1,0,NA,1,NA,38,73,0,1,1,NA,NA,NA,0,NA,3,0,0,NA,1,NA,1,9,0,0,4,NA,NA,NA,4,NA,8,13,0,NA,1,NA,89,171,5,4,1,NA,NA,NA,0,NA,0,0,0,NA,0,NA,2,4,0,0,0,NA,NA,NA,0,NA,5,6,0,NA,2,NA,53,98,3,10,2,NA,NA,NA,0,NA,0,2,0,NA,0,NA,14,21,0,0
461148,NA,NA,NA,NA,NA,NA,NA,NA,NA,NA,NA,219,NA,220,NA,NA,NA,NA,NA,NA,NA,NA,NA,NA,NA,NA,NA,127,NA,128,NA,NA,NA,NA,NA,NA,NA,NA,NA,NA,NA,NA,NA,3,NA,3,NA,NA,NA,NA,NA,NA,NA,NA,NA,NA,NA,NA,NA,45,NA,45,NA,NA,NA,NA,NA,NA,NA,NA,NA,NA,NA,NA,NA,109,NA,109,NA,NA,NA,NA,NA,NA,NA,NA,NA,NA,NA,NA,NA,49,NA,50,NA,NA,NA,NA,NA,NA,NA,NA,NA,NA,NA,NA,NA,8,NA,8,NA,NA
463056,NA,NA,NA,NA,NA,NA,NA,NA,NA,NA,NA,NA,NA,NA,NA,NA,NA,NA,NA,NA,NA,NA,NA,NA,NA,NA,NA,NA,NA,NA,NA,NA,NA,NA,NA,NA,NA,NA,NA,NA,NA,NA,NA,NA,NA,NA,NA,NA,NA,NA,NA,NA,NA,NA,NA,NA,NA,NA,NA,NA,NA,NA,NA,NA,NA,NA,NA,NA,NA,NA,NA,NA,NA,NA,NA,NA,NA,NA,NA,NA,NA,NA,NA,NA,NA,NA,NA,NA,NA,NA,NA,NA,NA,NA,NA,NA,NA,NA,NA,NA,NA,NA,NA,NA,NA,NA,NA,NA,NA,NA,NA,NA
466930,NA,NA,NA,NA,NA,NA,NA,NA,NA,NA,NA,NA,NA,674,NA,674,NA,NA,NA,NA,NA,NA,NA,NA,NA,NA,NA,NA,NA,100,NA,100,NA,NA,NA,NA,NA,NA,NA,NA,NA,NA,NA,NA,NA,120,NA,120,NA,NA,NA,NA,NA,NA,NA,NA,NA,NA,NA,NA,NA,101,NA,101,NA,NA,NA,NA,NA,NA,NA,NA,NA,NA,NA,NA,NA,3,NA,3,NA,NA,NA,NA,NA,NA,NA,NA,NA,NA,NA,NA,NA,419,NA,419,NA,NA,NA,NA,NA,NA,NA,NA,NA,NA,NA,NA,NA,15,NA,15
474863,NA,NA,NA,NA,49,NA,NA,40,8,NA,NA,NA,47,182,NA,33,NA,NA,NA,NA,8,NA,NA,10,1,NA,NA,NA,16,44,NA,7,NA,NA,NA,NA,0,NA,NA,1,1,NA,NA,NA,5,9,NA,2,NA,NA,NA,NA,21,NA,NA,12,3,NA,NA,NA,10,53,NA,7,NA,NA,NA,NA,0,NA,NA,0,0,NA,NA,NA,0,0,NA,0,NA,NA,NA,NA,25,NA,NA,21,3,NA,NA,NA,25,98,NA,21,NA,NA,NA,NA,1,NA,NA,3,1,NA,NA,NA,4,10,NA,1
475033,NA,NA,NA,NA,NA,NA,NA,NA,NA,NA,NA,NA,NA,NA,NA,NA,NA,NA,NA,NA,NA,NA,NA,NA,NA,NA,NA,NA,NA,NA,NA,NA,NA,NA,NA,NA,NA,NA,NA,NA,NA,NA,NA,NA,NA,NA,NA,NA,NA,NA,NA,NA,NA,NA,NA,NA,NA,NA,NA,NA,NA,NA,NA,NA,NA,NA,NA,NA,NA,NA,NA,NA,NA,NA,NA,NA,NA,NA,NA,NA,NA,NA,NA,NA,NA,NA,NA,NA,NA,NA,NA,NA,NA,NA,NA,NA,NA,NA,NA,NA,NA,NA,NA,NA,NA,NA,NA,NA,NA,NA,NA,NA
475121,35,NA,NA,NA,NA,NA,NA,51,32,NA,NA,NA,106,499,NA,263,21,NA,NA,NA,NA,NA,NA,5,9,NA,NA,NA,30,96,NA,29,2,NA,NA,NA,NA,NA,NA,0,0,NA,NA,NA,0,4,NA,2,7,NA,NA,NA,NA,NA,NA,21,15,NA,NA,NA,40,200,NA,113,0,NA,NA,NA,NA,NA,NA,0,0,NA,NA,NA,0,0,NA,0,21,NA,NA,NA,NA,NA,NA,27,13,NA,NA,NA,61,266,NA,136,1,NA,NA,NA,NA,NA,NA,2,3,NA,NA,NA,2,15,NA,7
475732,NA,NA,NA,NA,NA,NA,NA,NA,NA,NA,NA,NA,NA,436,NA,436,NA,NA,NA,NA,NA,NA,NA,NA,NA,NA,NA,NA,NA,43,NA,43,NA,NA,NA,NA,NA,NA,NA,NA,NA,NA,NA,NA,NA,23,NA,23,NA,NA,NA,NA,NA,NA,NA,NA,NA,NA,NA,NA,NA,79,NA,79,NA,NA,NA,NA,NA,NA,NA,NA,NA,NA,NA,NA,NA,1,NA,1,NA,NA,NA,NA,NA,NA,NA,NA,NA,NA,NA,NA,NA,310,NA,310,NA,NA,NA,NA,NA,NA,NA,NA,NA,NA,NA,NA,NA,5,NA,5
476975,439,NA,NA,NA,NA,NA,NA,NA,67,60,3,NA,957,1657,7,105,316,NA,NA,NA,NA,NA,NA,NA,25,9,0,NA,401,782,3,23,29,NA,NA,NA,NA,NA,NA,NA,1,1,0,NA,31,68,0,6,242,NA,NA,NA,NA,NA,NA,NA,45,34,2,NA,570,958,6,50,4,NA,NA,NA,NA,NA,NA,NA,0,1,0,NA,9,15,0,1,97,NA,NA,NA,NA,NA,NA,NA,12,18,1,NA,219,381,1,26,59,NA,NA,NA,NA,NA,NA,NA,9,6,0,NA,110,207,0,20
477039,NA,NA,NA,NA,NA,NA,NA,NA,NA,NA,NA,NA,3,299,NA,296,NA,NA,NA,NA,NA,NA,NA,NA,NA,NA,NA,NA,1,34,NA,33,NA,NA,NA,NA,NA,NA,NA,NA,NA,NA,NA,NA,0,42,NA,42,NA,NA,NA,NA,NA,NA,NA,NA,NA,NA,NA,NA,0,74,NA,74,NA,NA,NA,NA,NA,NA,NA,NA,NA,NA,NA,NA,0,5,NA,5,NA,NA,NA,NA,NA,NA,NA,NA,NA,NA,NA,NA,2,166,NA,164,NA,NA,NA,NA,NA,NA,NA,NA,NA,NA,NA,NA,1,4,NA,3
479956,195,0,40,0,4,39,10,184,69,NA,149,0,468,1540,94,78,147,0,35,0,1,9,5,22,22,NA,96,0,227,683,27,17,20,0,4,0,1,1,0,8,1,NA,10,0,34,98,2,4,129,0,25,0,2,27,9,122,41,NA,81,0,320,1022,62,54,4,0,3,0,0,0,0,5,0,NA,15,0,11,45,4,2,24,0,3,0,1,7,0,36,20,NA,35,0,66,258,20,13,7,0,5,0,0,1,0,5,0,NA,6,0,18,47,0,2
480091,NA,NA,NA,NA,NA,NA,NA,NA,NA,50,NA,NA,64,159,NA,45,NA,NA,NA,NA,NA,NA,NA,NA,NA,2,NA,NA,15,21,NA,4,NA,NA,NA,NA,NA,NA,NA,NA,NA,0,NA,NA,0,0,NA,0,NA,NA,NA,NA,NA,NA,NA,NA,NA,24,NA,NA,33,79,NA,22,NA,NA,NA,NA,NA,NA,NA,NA,NA,0,NA,NA,0,0,NA,0,NA,NA,NA,NA,NA,NA,NA,NA,NA,23,NA,NA,25,69,NA,21,NA,NA,NA,NA,NA,NA,NA,NA,NA,1,NA,NA,4,5,NA,0
482149,99,47,5,13,NA,81,76,90,24,22,31,32,122,1011,32,267,71,8,5,5,NA,18,16,15,5,4,12,10,67,318,11,32,6,2,1,0,NA,36,8,7,2,1,2,0,8,89,0,13,50,28,2,8,NA,23,41,36,11,4,18,21,79,527,13,149,1,1,1,0,NA,1,0,0,1,0,0,0,4,11,0,1,29,12,0,3,NA,17,23,42,9,15,11,10,29,320,14,92,1,1,0,0,NA,0,0,2,1,0,0,0,1,11,1,2
482158,132,38,NA,22,19,17,25,97,45,21,6,18,154,991,15,209,96,0,NA,3,7,6,16,17,19,1,2,7,66,393,10,30,13,0,NA,0,0,5,0,5,1,0,0,1,4,37,0,2,70,27,NA,17,12,6,10,52,20,7,4,7,91,540,6,108,3,0,NA,0,0,1,3,0,0,1,0,0,6,20,0,5,43,8,NA,5,5,5,12,32,22,13,2,9,44,345,9,79,1,0,NA,0,0,0,0,3,0,0,0,0,0,4,0,0
482431,60,NA,0,NA,NA,NA,NA,NA,4,NA,NA,NA,192,267,0,6,52,NA,0,NA,NA,NA,NA,NA,3,NA,NA,NA,116,176,0,1,16,NA,0,NA,NA,NA,NA,NA,0,NA,NA,NA,19,36,0,1,17,NA,0,NA,NA,NA,NA,NA,0,NA,NA,NA,54,73,0,1,0,NA,0,NA,NA,NA,NA,NA,0,NA,NA,NA,0,0,0,0,23,NA,0,NA,NA,NA,NA,NA,4,NA,NA,NA,98,130,0,2,3,NA,0,NA,NA,NA,NA,NA,0,NA,NA,NA,18,23,0,2
482477,386,NA,83,NA,NA,NA,NA,NA,24,NA,NA,NA,1077,1828,15,49,284,NA,67,NA,NA,NA,NA,NA,10,NA,NA,NA,367,908,5,6,37,NA,1,NA,NA,NA,NA,NA,1,NA,NA,NA,47,100,0,4,177,NA,38,NA,NA,NA,NA,NA,10,NA,NA,NA,419,766,5,21,1,NA,0,NA,NA,NA,NA,NA,0,NA,NA,NA,5,7,0,0,125,NA,38,NA,NA,NA,NA,NA,12,NA,NA,NA,450,720,7,18,34,NA,5,NA,NA,NA,NA,NA,1,NA,NA,NA,138,196,2,3
482680,237,175,NA,61,83,143,154,155,125,18,119,102,457,2312,98,222,185,14,NA,13,29,30,53,29,48,3,52,32,237,888,48,28,12,2,NA,2,5,5,3,2,2,0,2,5,13,70,2,9,160,149,NA,51,64,96,122,122,97,10,88,70,326,1694,70,141,8,2,NA,0,0,1,2,1,0,0,0,4,14,37,1,3,48,17,NA,4,10,36,20,25,20,8,23,15,86,413,19,59,3,0,NA,0,4,1,0,1,1,0,2,2,3,22,0,4
482699,NA,41,NA,4,NA,10,NA,NA,NA,NA,NA,NA,18,102,NA,29,NA,3,NA,1,NA,1,NA,NA,NA,NA,NA,NA,6,15,NA,4,NA,0,NA,0,NA,0,NA,NA,NA,NA,NA,NA,1,1,NA,0,NA,32,NA,3,NA,6,NA,NA,NA,NA,NA,NA,10,71,NA,20,NA,0,NA,0,NA,0,NA,NA,NA,NA,NA,NA,0,0,NA,0,NA,9,NA,1,NA,4,NA,NA,NA,NA,NA,NA,6,27,NA,7,NA,0,NA,0,NA,0,NA,NA,NA,NA,NA,NA,1,1,NA,0
482705,43,NA,1,0,6,28,NA,43,NA,0,0,0,113,562,15,307,33,NA,1,0,3,13,NA,7,NA,0,0,0,55,169,3,50,14,NA,0,0,0,8,NA,2,NA,0,0,0,6,50,1,19,9,NA,0,0,4,7,NA,20,NA,0,0,0,27,253,2,181,12,NA,1,0,1,6,NA,7,NA,0,0,0,52,91,6,6,5,NA,0,0,1,6,NA,9,NA,0,0,0,22,128,4,78,1,NA,0,0,0,1,NA,2,NA,0,0,0,4,22,1,13
482936,120,NA,106,NA,10,NA,NA,NA,NA,NA,NA,NA,0,269,NA,NA,102,NA,92,NA,6,NA,NA,NA,NA,NA,NA,NA,0,224,NA,NA,10,NA,3,NA,2,NA,NA,NA,NA,NA,NA,NA,0,16,NA,NA,67,NA,78,NA,4,NA,NA,NA,NA,NA,NA,NA,0,166,NA,NA,0,NA,3,NA,0,NA,NA,NA,NA,NA,NA,NA,0,4,NA,NA,37,NA,14,NA,3,NA,NA,NA,NA,NA,NA,NA,0,66,NA,NA,0,NA,2,NA,0,NA,NA,NA,NA,NA,NA,NA,0,2,NA,NA
483036,71,23,NA,12,66,26,NA,47,38,27,29,4,148,548,NA,12,56,2,NA,1,19,8,NA,9,14,5,12,1,50,210,NA,0,7,0,NA,1,2,4,NA,2,0,1,1,0,9,29,NA,0,23,19,NA,6,22,6,NA,15,15,9,11,2,58,215,NA,7,2,0,NA,0,0,0,NA,0,0,0,0,0,0,2,NA,0,36,4,NA,5,40,12,NA,26,23,17,15,1,74,274,NA,4,2,0,NA,0,1,2,NA,2,0,0,1,1,4,13,NA,0
483124,283,188,319,300,326,729,45,945,275,110,692,285,1378,8933,704,1091,234,20,262,77,122,179,14,147,90,44,288,73,614,3077,248,167,23,5,27,7,13,37,0,36,8,1,26,13,68,403,32,58,153,106,198,190,189,444,36,525,142,68,400,187,821,5148,413,584,2,0,1,0,1,2,0,2,0,0,1,0,6,20,1,0,81,54,57,74,90,179,7,289,102,32,197,57,368,2510,193,349,8,16,23,14,24,30,1,45,9,5,36,14,56,421,23,52
483595,NA,8,NA,NA,0,NA,NA,125,8,NA,14,282,242,727,11,37,NA,0,NA,NA,0,NA,NA,11,5,NA,6,88,90,210,5,5,NA,0,NA,NA,0,NA,NA,0,0,NA,0,0,0,0,0,0,NA,0,NA,NA,0,NA,NA,0,0,NA,0,193,0,193,0,0,NA,0,NA,NA,0,NA,NA,0,0,NA,0,61,0,63,0,2,NA,8,NA,NA,0,NA,NA,101,8,NA,10,25,207,396,10,27,NA,0,NA,NA,0,NA,NA,24,0,NA,4,3,35,75,1,8
483780,10,NA,NA,NA,NA,NA,NA,NA,NA,NA,NA,NA,5,15,NA,NA,6,NA,NA,NA,NA,NA,NA,NA,NA,NA,NA,NA,2,8,NA,NA,0,NA,NA,NA,NA,NA,NA,NA,NA,NA,NA,NA,0,0,NA,NA,0,NA,NA,NA,NA,NA,NA,NA,NA,NA,NA,NA,0,0,NA,NA,10,NA,NA,NA,NA,NA,NA,NA,NA,NA,NA,NA,5,15,NA,NA,0,NA,NA,NA,NA,NA,NA,NA,NA,NA,NA,NA,0,0,NA,NA,0,NA,NA,NA,NA,NA,NA,NA,NA,NA,NA,NA,0,0,NA,NA
484473,78,46,0,NA,NA,45,97,84,43,NA,97,30,217,1017,112,114,59,6,0,NA,NA,10,60,13,38,NA,38,7,116,420,28,15,15,1,0,NA,NA,2,0,6,1,NA,4,2,11,50,3,2,28,27,0,NA,NA,26,56,48,24,NA,54,14,117,550,58,67,4,0,0,NA,NA,0,1,1,1,NA,1,0,4,16,1,1,25,16,0,NA,NA,13,34,23,16,NA,29,12,70,332,47,35,5,2,0,NA,NA,0,3,4,1,NA,3,0,9,33,0,4
484613,968,293,NA,97,NA,0,NA,569,697,520,NA,NA,6194,11732,248,1953,706,14,NA,17,NA,0,NA,107,288,78,NA,NA,2311,3872,75,183,30,3,NA,0,NA,0,NA,9,4,3,NA,NA,98,217,1,68,272,133,NA,36,NA,0,NA,148,159,136,NA,NA,1784,3287,60,488,1,0,NA,0,NA,0,NA,0,0,2,NA,NA,6,15,0,4,270,62,NA,23,NA,0,NA,206,276,222,NA,NA,2127,3986,83,682,361,90,NA,31,NA,0,NA,178,235,136,NA,NA,2004,3869,91,664
484905,20,22,NA,3,0,53,NA,91,57,6,31,NA,218,721,28,15,15,0,NA,0,0,13,NA,14,14,0,9,NA,75,210,11,3,1,0,NA,1,0,3,NA,1,4,1,0,NA,9,24,2,0,2,3,NA,0,0,6,NA,5,4,0,1,NA,23,88,3,0,0,0,NA,0,0,0,NA,0,0,0,0,NA,1,1,0,0,17,18,NA,1,0,44,NA,82,49,5,29,NA,183,599,23,15,0,1,NA,1,0,0,NA,1,0,0,1,NA,2,7,0,0
485111,NA,NA,NA,NA,NA,NA,NA,NA,20,NA,NA,NA,103,167,NA,44,NA,NA,NA,NA,NA,NA,NA,NA,10,NA,NA,NA,41,55,NA,4,NA,NA,NA,NA,NA,NA,NA,NA,0,NA,NA,NA,2,2,NA,0,NA,NA,NA,NA,NA,NA,NA,NA,6,NA,NA,NA,54,77,NA,17,NA,NA,NA,NA,NA,NA,NA,NA,0,NA,NA,NA,0,0,NA,0,NA,NA,NA,NA,NA,NA,NA,NA,11,NA,NA,NA,42,77,NA,24,NA,NA,NA,NA,NA,NA,NA,NA,3,NA,NA,NA,5,11,NA,3
486840,631,343,784,65,NA,291,287,503,275,56,244,298,1112,6253,365,489,459,66,649,17,NA,89,167,88,130,3,108,86,586,2940,133,59,88,11,53,2,NA,27,9,17,10,2,6,18,56,371,9,33,248,237,378,39,NA,110,151,248,126,29,135,139,604,3133,199,215,26,2,23,0,NA,8,2,5,0,0,4,4,25,123,1,5,218,78,279,17,NA,126,111,198,121,23,80,108,353,2201,131,199,18,3,20,1,NA,7,1,8,8,1,5,11,22,127,5,9
486901,10,10,19,1,2,6,24,7,2,2,6,8,38,160,4,11,7,0,16,0,2,3,17,2,2,0,5,4,31,98,2,2,0,0,0,0,0,0,0,1,1,0,0,0,1,3,0,0,6,9,14,1,0,5,17,5,1,2,5,6,21,114,3,10,1,0,1,0,0,0,3,0,0,0,0,1,5,12,0,0,2,1,3,0,1,0,4,0,0,0,1,0,7,21,1,1,0,0,0,0,0,1,0,1,0,0,0,0,1,3,0,0
486956,NA,NA,NA,NA,NA,NA,NA,NA,NA,NA,NA,NA,NA,452,NA,452,NA,NA,NA,NA,NA,NA,NA,NA,NA,NA,NA,NA,NA,63,NA,63,NA,NA,NA,NA,NA,NA,NA,NA,NA,NA,NA,NA,NA,42,NA,42,NA,NA,NA,NA,NA,NA,NA,NA,NA,NA,NA,NA,NA,132,NA,132,NA,NA,NA,NA,NA,NA,NA,NA,NA,NA,NA,NA,NA,3,NA,3,NA,NA,NA,NA,NA,NA,NA,NA,NA,NA,NA,NA,NA,261,NA,261,NA,NA,NA,NA,NA,NA,NA,NA,NA,NA,NA,NA,NA,6,NA,6
487010,NA,NA,NA,NA,NA,NA,NA,NA,NA,NA,NA,NA,NA,327,NA,327,NA,NA,NA,NA,NA,NA,NA,NA,NA,NA,NA,NA,NA,37,NA,37,NA,NA,NA,NA,NA,NA,NA,NA,NA,NA,NA,NA,NA,9,NA,9,NA,NA,NA,NA,NA,NA,NA,NA,NA,NA,NA,NA,NA,234,NA,234,NA,NA,NA,NA,NA,NA,NA,NA,NA,NA,NA,NA,NA,2,NA,2,NA,NA,NA,NA,NA,NA,NA,NA,NA,NA,NA,NA,NA,65,NA,65,NA,NA,NA,NA,NA,NA,NA,NA,NA,NA,NA,NA,NA,10,NA,10
487375,NA,NA,NA,NA,NA,NA,NA,NA,NA,NA,NA,NA,NA,248,NA,248,NA,NA,NA,NA,NA,NA,NA,NA,NA,NA,NA,NA,NA,30,NA,30,NA,NA,NA,NA,NA,NA,NA,NA,NA,NA,NA,NA,NA,61,NA,61,NA,NA,NA,NA,NA,NA,NA,NA,NA,NA,NA,NA,NA,43,NA,43,NA,NA,NA,NA,NA,NA,NA,NA,NA,NA,NA,NA,NA,0,NA,0,NA,NA,NA,NA,NA,NA,NA,NA,NA,NA,NA,NA,NA,108,NA,108,NA,NA,NA,NA,NA,NA,NA,NA,NA,NA,NA,NA,NA,13,NA,13
487524,9,17,NA,1,0,14,60,43,45,NA,NA,22,90,462,18,110,8,3,NA,0,0,2,28,13,25,NA,NA,12,57,194,13,13,0,0,NA,0,0,1,1,0,1,NA,NA,0,1,6,0,1,8,15,NA,0,0,12,51,32,36,NA,NA,19,79,392,16,93,0,0,NA,0,0,0,1,1,1,NA,NA,1,3,10,1,1,0,1,NA,0,0,1,3,4,2,NA,NA,0,5,22,1,5,1,0,NA,0,0,0,1,3,1,NA,NA,0,2,9,0,1
487603,NA,1,NA,NA,NA,NA,NA,25,6,NA,NA,NA,27,108,1,4,NA,0,NA,NA,NA,NA,NA,8,0,NA,NA,NA,13,42,0,0,NA,0,NA,NA,NA,NA,NA,1,0,NA,NA,NA,0,4,0,0,NA,1,NA,NA,NA,NA,NA,18,2,NA,NA,NA,14,60,0,2,NA,0,NA,NA,NA,NA,NA,0,0,NA,NA,NA,0,0,0,0,NA,0,NA,NA,NA,NA,NA,3,1,NA,NA,NA,6,19,0,0,NA,0,NA,NA,NA,NA,NA,0,2,NA,NA,NA,6,15,1,0
488679,18,39,NA,NA,123,NA,NA,50,37,137,0,NA,271,985,13,255,11,1,NA,NA,12,NA,NA,5,20,13,0,NA,101,211,6,22,2,0,NA,NA,2,NA,NA,1,0,3,0,NA,2,16,0,6,10,30,NA,NA,66,NA,NA,31,26,79,0,NA,187,652,11,182,0,0,NA,NA,0,NA,NA,0,0,0,0,NA,0,0,0,0,5,9,NA,NA,44,NA,NA,13,10,50,0,NA,71,269,2,56,1,0,NA,NA,9,NA,NA,1,1,1,0,NA,6,27,0,8
488721,NA,NA,NA,NA,NA,NA,NA,NA,NA,NA,NA,NA,NA,12,NA,NA,NA,NA,NA,NA,NA,NA,NA,NA,NA,NA,NA,NA,NA,11,NA,NA,NA,NA,NA,NA,NA,NA,NA,NA,NA,NA,NA,NA,NA,0,NA,NA,NA,NA,NA,NA,NA,NA,NA,NA,NA,NA,NA,NA,NA,2,NA,NA,NA,NA,NA,NA,NA,NA,NA,NA,NA,NA,NA,NA,NA,0,NA,NA,NA,NA,NA,NA,NA,NA,NA,NA,NA,NA,NA,NA,NA,0,NA,NA,NA,NA,NA,NA,NA,NA,NA,NA,NA,NA,NA,NA,NA,10,NA,NA
488846,554,NA,NA,NA,NA,NA,NA,NA,NA,NA,NA,NA,660,1432,NA,218,439,NA,NA,NA,NA,NA,NA,NA,NA,NA,NA,NA,368,878,NA,71,13,NA,NA,NA,NA,NA,NA,NA,NA,NA,NA,NA,22,40,NA,5,37,NA,NA,NA,NA,NA,NA,NA,NA,NA,NA,NA,53,114,NA,24,0,NA,NA,NA,NA,NA,NA,NA,NA,NA,NA,NA,0,0,NA,0,45,NA,NA,NA,NA,NA,NA,NA,NA,NA,NA,NA,51,123,NA,27,455,NA,NA,NA,NA,NA,NA,NA,NA,NA,NA,NA,529,1145,NA,161
489779,789,112,NA,NA,NA,NA,NA,303,477,127,NA,NA,1617,5683,71,1709,612,3,NA,NA,NA,NA,NA,45,271,11,NA,NA,752,2316,21,394,52,5,NA,NA,NA,NA,NA,7,10,0,NA,NA,48,212,4,73,440,60,NA,NA,NA,NA,NA,168,306,72,NA,NA,1022,3266,32,904,2,1,NA,NA,NA,NA,NA,0,0,0,NA,NA,10,20,1,6,213,39,NA,NA,NA,NA,NA,101,124,42,NA,NA,393,1637,26,545,50,4,NA,NA,NA,NA,NA,10,17,7,NA,NA,87,306,4,95
490133,0,13,NA,NA,NA,NA,0,NA,NA,NA,NA,NA,225,238,0,NA,0,3,NA,NA,NA,NA,0,NA,NA,NA,NA,NA,140,143,0,NA,0,0,NA,NA,NA,NA,0,NA,NA,NA,NA,NA,2,2,0,NA,0,7,NA,NA,NA,NA,0,NA,NA,NA,NA,NA,25,32,0,NA,0,0,NA,NA,NA,NA,0,NA,NA,NA,NA,NA,23,23,0,NA,0,4,NA,NA,NA,NA,0,NA,NA,NA,NA,NA,12,16,0,NA,0,1,NA,NA,NA,NA,0,NA,NA,NA,NA,NA,159,160,0,NA
490285,30,NA,NA,NA,NA,NA,NA,NA,NA,NA,NA,NA,NA,30,NA,NA,30,NA,NA,NA,NA,NA,NA,NA,NA,NA,NA,NA,NA,30,NA,NA,2,NA,NA,NA,NA,NA,NA,NA,NA,NA,NA,NA,NA,2,NA,NA,9,NA,NA,NA,NA,NA,NA,NA,NA,NA,NA,NA,NA,9,NA,NA,0,NA,NA,NA,NA,NA,NA,NA,NA,NA,NA,NA,NA,0,NA,NA,12,NA,NA,NA,NA,NA,NA,NA,NA,NA,NA,NA,NA,12,NA,NA,2,NA,NA,NA,NA,NA,NA,NA,NA,NA,NA,NA,NA,2,NA,NA
490805,82,39,114,22,30,44,NA,77,23,12,16,NA,189,1208,52,376,77,3,100,8,13,14,NA,13,8,0,10,NA,97,516,21,62,5,0,2,0,0,3,NA,0,0,0,0,NA,2,44,2,28,47,31,62,15,20,20,NA,32,10,3,11,NA,116,661,25,193,0,0,6,0,0,2,NA,0,0,0,0,NA,3,13,0,0,23,7,29,7,8,14,NA,30,13,8,5,NA,50,376,17,125,6,1,15,0,0,3,NA,13,0,0,0,NA,14,83,4,19
492962,11,NA,12,NA,7,NA,NA,13,31,6,NA,NA,130,219,2,1,10,NA,9,NA,5,NA,NA,1,17,2,NA,NA,60,105,1,0,0,NA,0,NA,0,NA,NA,0,0,0,NA,NA,1,1,0,0,7,NA,10,NA,7,NA,NA,6,22,2,NA,NA,75,134,1,1,0,NA,1,NA,0,NA,NA,0,0,0,NA,NA,2,3,0,0,4,NA,1,NA,0,NA,NA,4,8,4,NA,NA,32,56,0,0,0,NA,0,NA,0,NA,NA,1,0,0,NA,NA,15,16,0,0
493895,69,NA,NA,NA,NA,NA,NA,NA,NA,NA,NA,NA,NA,69,NA,NA,66,NA,NA,NA,NA,NA,NA,NA,NA,NA,NA,NA,NA,66,NA,NA,1,NA,NA,NA,NA,NA,NA,NA,NA,NA,NA,NA,NA,1,NA,NA,54,NA,NA,NA,NA,NA,NA,NA,NA,NA,NA,NA,NA,54,NA,NA,1,NA,NA,NA,NA,NA,NA,NA,NA,NA,NA,NA,NA,1,NA,NA,10,NA,NA,NA,NA,NA,NA,NA,NA,NA,NA,NA,NA,10,NA,NA,2,NA,NA,NA,NA,NA,NA,NA,NA,NA,NA,NA,NA,2,NA,NA
494603,NA,NA,NA,NA,NA,NA,NA,NA,NA,NA,NA,NA,NA,29,NA,NA,NA,NA,NA,NA,NA,NA,NA,NA,NA,NA,NA,NA,NA,16,NA,NA,NA,NA,NA,NA,NA,NA,NA,NA,NA,NA,NA,NA,NA,2,NA,NA,NA,NA,NA,NA,NA,NA,NA,NA,NA,NA,NA,NA,NA,20,NA,NA,NA,NA,NA,NA,NA,NA,NA,NA,NA,NA,NA,NA,NA,4,NA,NA,NA,NA,NA,NA,NA,NA,NA,NA,NA,NA,NA,NA,NA,2,NA,NA,NA,NA,NA,NA,NA,NA,NA,NA,NA,NA,NA,NA,NA,1,NA,NA
495457,NA,NA,NA,NA,NA,NA,NA,NA,NA,NA,NA,NA,NA,144,NA,144,NA,NA,NA,NA,NA,NA,NA,NA,NA,NA,NA,NA,NA,12,NA,12,NA,NA,NA,NA,NA,NA,NA,NA,NA,NA,NA,NA,NA,8,NA,8,NA,NA,NA,NA,NA,NA,NA,NA,NA,NA,NA,NA,NA,54,NA,54,NA,NA,NA,NA,NA,NA,NA,NA,NA,NA,NA,NA,NA,0,NA,0,NA,NA,NA,NA,NA,NA,NA,NA,NA,NA,NA,NA,NA,67,NA,67,NA,NA,NA,NA,NA,NA,NA,NA,NA,NA,NA,NA,NA,3,NA,3
497037,2,NA,NA,NA,NA,NA,8,14,3,NA,NA,0,23,118,2,39,2,NA,NA,NA,NA,NA,4,0,1,NA,NA,0,11,27,1,1,1,NA,NA,NA,NA,NA,0,0,0,NA,NA,0,0,3,1,1,1,NA,NA,NA,NA,NA,2,8,0,NA,NA,0,12,49,1,14,0,NA,NA,NA,NA,NA,0,0,0,NA,NA,0,0,0,0,0,0,NA,NA,NA,NA,NA,5,5,3,NA,NA,0,9,60,0,22,0,NA,NA,NA,NA,NA,0,0,0,NA,NA,0,1,3,0,2
497116,NA,NA,NA,NA,NA,NA,NA,NA,NA,NA,NA,NA,NA,21,NA,21,NA,NA,NA,NA,NA,NA,NA,NA,NA,NA,NA,NA,NA,3,NA,3,NA,NA,NA,NA,NA,NA,NA,NA,NA,NA,NA,NA,NA,1,NA,1,NA,NA,NA,NA,NA,NA,NA,NA,NA,NA,NA,NA,NA,9,NA,9,NA,NA,NA,NA,NA,NA,NA,NA,NA,NA,NA,NA,NA,0,NA,0,NA,NA,NA,NA,NA,NA,NA,NA,NA,NA,NA,NA,NA,9,NA,9,NA,NA,NA,NA,NA,NA,NA,NA,NA,NA,NA,NA,NA,0,NA,0
497125,NA,NA,NA,NA,NA,NA,NA,NA,NA,NA,NA,NA,NA,3,NA,3,NA,NA,NA,NA,NA,NA,NA,NA,NA,NA,NA,NA,NA,1,NA,1,NA,NA,NA,NA,NA,NA,NA,NA,NA,NA,NA,NA,NA,0,NA,0,NA,NA,NA,NA,NA,NA,NA,NA,NA,NA,NA,NA,NA,3,NA,3,NA,NA,NA,NA,NA,NA,NA,NA,NA,NA,NA,NA,NA,0,NA,0,NA,NA,NA,NA,NA,NA,NA,NA,NA,NA,NA,NA,NA,0,NA,0,NA,NA,NA,NA,NA,NA,NA,NA,NA,NA,NA,NA,NA,0,NA,0
497480,NA,26,NA,NA,101,NA,NA,NA,NA,NA,NA,NA,NA,127,NA,NA,NA,2,NA,NA,4,NA,NA,NA,NA,NA,NA,NA,NA,6,NA,NA,NA,0,NA,NA,0,NA,NA,NA,NA,NA,NA,NA,NA,0,NA,NA,NA,16,NA,NA,55,NA,NA,NA,NA,NA,NA,NA,NA,71,NA,NA,NA,0,NA,NA,0,NA,NA,NA,NA,NA,NA,NA,NA,0,NA,NA,NA,9,NA,NA,40,NA,NA,NA,NA,NA,NA,NA,NA,49,NA,NA,NA,1,NA,NA,4,NA,NA,NA,NA,NA,NA,NA,NA,5,NA,NA
498474,NA,NA,NA,NA,NA,NA,NA,NA,NA,NA,NA,NA,NA,0,NA,0,NA,NA,NA,NA,NA,NA,NA,NA,NA,NA,NA,NA,NA,0,NA,0,NA,NA,NA,NA,NA,NA,NA,NA,NA,NA,NA,NA,NA,0,NA,0,NA,NA,NA,NA,NA,NA,NA,NA,NA,NA,NA,NA,NA,0,NA,0,NA,NA,NA,NA,NA,NA,NA,NA,NA,NA,NA,NA,NA,0,NA,0,NA,NA,NA,NA,NA,NA,NA,NA,NA,NA,NA,NA,NA,0,NA,0,NA,NA,NA,NA,NA,NA,NA,NA,NA,NA,NA,NA,NA,0,NA,0
498562,52,252,2,37,38,77,82,139,174,64,64,60,402,2115,101,420,42,36,2,8,18,25,44,11,96,6,32,17,264,787,43,66,1,1,0,2,0,1,0,1,3,1,2,3,8,26,0,3,40,231,2,27,33,68,63,114,136,48,49,45,310,1733,81,364,0,0,0,0,0,0,0,0,0,0,0,0,1,1,0,0,5,11,0,4,4,3,16,15,25,11,6,12,54,230,16,32,4,5,0,3,1,2,1,2,6,2,4,0,9,61,2,13
498571,60,223,17,22,121,69,138,115,28,56,179,138,219,1969,50,326,51,51,17,6,40,13,92,22,12,2,71,52,130,729,22,33,1,1,0,1,1,1,1,3,0,0,2,0,2,23,0,4,46,209,15,19,94,52,91,86,16,42,134,121,176,1593,41,279,0,0,1,0,1,2,3,2,2,0,0,0,4,18,0,0,5,6,0,1,15,12,30,15,5,9,33,11,25,210,6,21,5,5,1,0,5,0,7,2,2,2,4,5,8,72,3,17
499273,NA,NA,NA,NA,NA,NA,NA,NA,NA,NA,NA,NA,NA,0,NA,0,NA,NA,NA,NA,NA,NA,NA,NA,NA,NA,NA,NA,NA,0,NA,0,NA,NA,NA,NA,NA,NA,NA,NA,NA,NA,NA,NA,NA,0,NA,0,NA,NA,NA,NA,NA,NA,NA,NA,NA,NA,NA,NA,NA,0,NA,0,NA,NA,NA,NA,NA,NA,NA,NA,NA,NA,NA,NA,NA,0,NA,0,NA,NA,NA,NA,NA,NA,NA,NA,NA,NA,NA,NA,NA,0,NA,0,NA,NA,NA,NA,NA,NA,NA,NA,NA,NA,NA,NA,NA,0,NA,0
