ctyname,stname,fips,returns,individuals,avg_individuals_per_return,popestimate,income_per_capita,gdp_per_capita,elderly_share_pop,retirement_income
Autauga County,Alabama,01001,3218.75,6418.75,1.972801197,59191,54.1036982,32.22067544,0.159838489,29532.875
Baldwin County,Alabama,01003,14207.5,26980,1.892190083,239411,65.11985665,41.46994081,0.213519847,160699.875
Barbour County,Alabama,01005,1198.75,2218.75,1.915725746,24517,42.14128972,29.78243668,0.201982298,7913.5
Bibb County,Alabama,01007,1027.5,2052.5,2.01456047,22344,39.66049051,21.11604905,0.171813462,6092.25
Blount County,Alabama,01009,3046.25,6263.75,2.046996693,59050,46.42716342,18.39408975,0.186977138,19482.625
Bullock County,Alabama,01011,482.5,902.5,1.83677297,10126,36.25419712,27.82964645,0.181512937,2160.25
Butler County,Alabama,01013,956.25,1856.25,1.984151805,18856,48.84307382,35.29019941,0.208633857,5421.75
Calhoun County,Alabama,01015,6081.25,11466.25,1.957587906,115633,45.26911003,41.90232892,0.181444743,49599
Chambers County,Alabama,01017,1743.75,3223.75,1.907001322,34396,41.38769043,27.25171532,0.199499942,8540
Cherokee County,Alabama,01019,1287.5,2551.25,2.024722982,25060,46.77769354,24.0943735,0.237470072,11227.5
Chilton County,Alabama,01021,2312.5,4716.25,2.064261685,45255,47.06171694,26.4383825,0.170169042,13899.75
Choctaw County,Alabama,01023,601.25,1172.5,1.984448481,12544,44.6484375,42.57015306,0.237563776,3860.125
Clarke County,Alabama,01025,1228.75,2385,1.960105622,22735,46.08203211,36.2132395,0.205937981,8253.125
Clay County,Alabama,01027,708.75,1393.75,1.995002291,14156,39.62263351,29.06400113,0.209239898,4701.875
Cleburne County,Alabama,01029,772.5,1577.5,2.088245048,15151,46.67533496,22.54227444,0.19675269,5256
Coffee County,Alabama,01031,2846.25,5742.5,2.012791261,54201,55.26706149,31.5913913,0.169314219,29877.625
Colbert County,Alabama,01033,3088.75,5950,1.968535935,57615,47.6193526,48.4152738,0.201787729,24450.875
Conecuh County,Alabama,01035,586.25,1118.75,1.938162737,11317,42.44782186,34.09428294,0.244411063,3287.375
Coosa County,Alabama,01037,505,951.25,1.934863314,10321,41.3794206,18.08080612,0.249781998,3831.25
Covington County,Alabama,01039,1870,3765,2.073157547,37512,44.11702922,33.1081254,0.218916613,13926.625
Crenshaw County,Alabama,01041,706.25,1400,2.048363267,13062,48.75447864,35.60151585,0.1953759,4140.625
Cullman County,Alabama,01043,4630,9241.25,2.027197233,89578,52.27085892,35.11728326,0.188416799,31636.125
Dale County,Alabama,01045,2576.25,5073.75,2.016059226,49344,46.79036965,61.69674125,0.176596952,20972
Dallas County,Alabama,01047,1801.25,3440,1.894007203,37496,43.68364626,34.24847984,0.196981011,9472.125
DeKalb County,Alabama,01049,3581.25,7357.5,2.118059655,71880,42.85588481,31.23984418,0.173734001,20029.875
Elmore County,Alabama,01051,4715,9147.5,1.898242768,88734,53.31970834,25.48282507,0.160761377,45639.75
Escambia County,Alabama,01053,1801.25,3516.25,1.985531499,36628,42.74238288,34.94714426,0.186305559,11262.5
Etowah County,Alabama,01055,5378.75,10485,2.020241434,102887,45.22053321,29.34374605,0.193591027,37935.25
Fayette County,Alabama,01057,776.25,1578.75,2.062259759,16119,42.90235126,22.55704448,0.215770209,5357
Franklin County,Alabama,01059,1513.75,3123.75,2.124685351,31991,41.93041793,30.96208309,0.171610766,7912
Geneva County,Alabama,01061,1333.75,2671.25,2.074881224,26632,44.97942325,22.57070442,0.207194353,9457
Greene County,Alabama,01063,388.75,738.75,1.86610122,7583,39.08373994,27.97402084,0.243307398,2164.75
Hale County,Alabama,01065,821.25,1582.5,1.955447076,14715,47.26136595,18.30574244,0.198776758,4465.375
Henry County,Alabama,01067,937.5,1833.75,1.996947712,17412,55.5284861,28.0707558,0.23162187,7921.75
Houston County,Alabama,01069,5838.75,11156.25,1.961166287,107412,55.46130786,55.86047183,0.182549436,44268.375
Jackson County,Alabama,01071,2731.25,5370,2.015123344,52688,46.53002581,30.43438734,0.207637413,20258.25
Jefferson County,Alabama,01073,36403.75,67282.5,1.853029766,669677,71.70874914,75.34476024,0.163813301,277122.25
Lamar County,Alabama,01075,650,1356.25,2.083419434,13725,41.82360656,24.33836066,0.220910747,4311.5
Lauderdale County,Alabama,01077,4973.75,9401.25,1.928108662,94846,48.17237416,30.42170466,0.202559939,46162.375
Lawrence County,Alabama,01079,1751.25,3486.25,2.035981098,33052,45.61118843,20.85196055,0.1878555,12899.375
Lee County,Alabama,01081,8811.25,16898.75,1.92237896,177652,50.42531466,39.4028325,0.12895436,77179.75
Limestone County,Alabama,01083,6112.5,12307.5,1.942435321,107285,61.22319989,49.01070979,0.154457753,59342
Lowndes County,Alabama,01085,562.5,1080,1.905919733,9936,52.12721417,41.5205314,0.201086957,3302.25
Macon County,Alabama,01087,861.25,1496.25,1.775099021,18917,40.36168526,30.88000211,0.206798118,6281.875
Madison County,Alabama,01089,23571.25,43968.75,1.801286026,396663,68.93872128,78.61592082,0.153510663,277650
Marengo County,Alabama,01091,1008.75,1971.25,1.994751981,18978,49.01512277,42.4473601,0.202444936,6371.5
Marion County,Alabama,01093,1415,2840,2.077425766,28972,45.75072484,33.51950159,0.210617148,8220.125
Marshall County,Alabama,01095,5212.5,10506.25,2.038127777,98268,50.2173037,40.21908454,0.168651036,38151.5
Mobile County,Alabama,01097,22085,41440,1.916867718,413164,51.30559778,56.53198972,0.168964382,139992.75
Monroe County,Alabama,01099,972.5,1943.75,2.01852194,19530,43.5437788,31.69098822,0.213517665,6127.75
Montgomery County,Alabama,01101,11942.5,22353.75,1.866557467,226811,53.97696761,67.34919382,0.158497604,97210.375
Morgan County,Alabama,01103,6740,13192.5,1.965819113,123270,50.65573132,51.54030989,0.177277521,57286.875
Perry County,Alabama,01105,422.5,822.5,1.883138406,8314,39.93541015,23.6670676,0.207601636,2139.375
Pickens County,Alabama,01107,883.75,1741.25,1.998427258,18615,43.0889068,22.38474349,0.197475154,5378.625
Pike County,Alabama,01109,1588.75,2946.25,1.942203808,32748,49.3365091,48.53630756,0.155643093,10416.875
Randolph County,Alabama,01111,1168.75,2330,1.993683749,22157,44.13900799,22.80543395,0.208060658,8742.5
Russell County,Alabama,01113,2927.5,5731.25,1.987107687,58651,41.29239058,28.53458594,0.151847368,16836
St. Clair County,Alabama,01115,5131.25,10198.75,1.978105228,92850,52.54787291,24.51322563,0.175304254,37106.25
Shelby County,Alabama,01117,13015,25600,1.878517708,227436,73.44551434,58.2012786,0.162502858,126005
Sumter County,Alabama,01119,562.5,1057.5,1.92489992,11960,39.99289298,26.84289298,0.19138796,2983.125
Talladega County,Alabama,01121,4187.5,7921.25,1.927342636,80556,44.12887929,41.43402105,0.191022394,28008.75
Tallapoosa County,Alabama,01123,2176.25,4132.5,1.913443792,41084,52.09568202,35.55683478,0.228166683,20346.375
Tuscaloosa County,Alabama,01125,10615,20063.75,1.911255236,236699,45.11380276,46.44517721,0.134854816,79901.125
Walker County,Alabama,01127,3172.5,6323.75,2.027682852,64552,52.29664457,29.04580803,0.196260379,22150
Washington County,Alabama,01129,801.25,1631.25,2.004237723,15226,46.8989229,61.40352029,0.203927492,6161.125
Wilcox County,Alabama,01131,503.75,978.75,1.961148797,10411,39.85966766,34.58025166,0.209586015,2506.375
Winston County,Alabama,01133,1166.25,2318.75,2.016672582,23639,45.28410677,32.94238335,0.218748678,7701.125
Aleutians East Borough,Alaska,02013,88.75,147.5,1.816713352,3416,66.38612412,105.698185,0.087236534,125
Aleutians West Census Area,Alaska,02016,241.25,406.25,1.729005064,5156,71.8621024,140.6679597,0.069627618,764.375
Anchorage Municipality,Alaska,02020,17927.5,31837.5,1.714783366,288921,79.880964,84.50388861,0.124366176,184883.125
Bethel Census Area,Alaska,02050,822.5,1728.75,2.221850038,18589,47.83194362,36.48969821,0.083006079,2774.375
Bristol Bay Borough,Alaska,02060,57.5,97.5,1.769557823,842,166.6175772,177.9964371,0.187648456,334.625
Chugach Census Area,Alaska,02063,423.75,738.75,1.660663518,6967,70.37534089,191.7114971,0.155016506,3958
Copper River Census Area,Alaska,02066,177.5,316.25,1.911674095,2620,61.53587786,52.71793893,0.198091603,2072.375
Denali Borough,Alaska,02068,142.5,230,1.645720391,1595,130.200627,192.7987461,0.130407524,1349.875
Dillingham Census Area,Alaska,02070,242.5,448.75,2.025226029,4794,61.19628703,52.7991239,0.113475177,1004.25
Fairbanks North Star Borough,Alaska,02090,5705,10387.5,1.759174613,95553,70.02193547,58.63898569,0.122685839,59288.5
Haines Borough,Alaska,02100,161.25,277.5,1.752265212,2075,94.73204819,53.08240964,0.246746988,1670.125
Hoonah-Angoon Census Area,Alaska,02105,117.5,203.75,1.796594666,2328,72.00601375,46.14991409,0.251718213,1077.125
Juneau City and Borough,Alaska,02110,2068.75,3470,1.599474856,31972,83.69363818,75.67996997,0.154791693,30551.375
Kenai Peninsula Borough,Alaska,02122,3753.75,6857.5,1.798961433,59947,65.36428845,44.80137455,0.193904616,46741.875
Ketchikan Gateway Borough,Alaska,02130,858.75,1466.25,1.676586447,13823,80.18454749,67.7564928,0.177747233,8399.875
Kodiak Island Borough,Alaska,02150,782.5,1451.25,1.816551738,12844,74.38741825,63.41350047,0.131033946,5835.375
Kusilvak Census Area,Alaska,02158,355,775,2.686010101,8376,35.14362464,17.40819007,0.068051576,311.125
Lake and Peninsula Borough,Alaska,02164,68.75,131.25,1.985063085,1421,70.11681914,66.11893033,0.125263899,109.125
Matanuska-Susitna Borough,Alaska,02170,6398.75,12600,1.89857499,111003,62.8192211,30.11159158,0.132609029,67365.75
Nome Census Area,Alaska,02180,455,907.5,2.099818748,9882,63.63762396,46.36348917,0.086419753,1769.125
North Slope Borough,Alaska,02185,396.25,711.25,2.069724138,10969,83.47597776,613.9068283,0.075120795,1716
Northwest Arctic Borough,Alaska,02188,276.25,620,2.309128682,7588,55.08157617,72.64575646,0.085134423,1004.75
Petersburg Borough,Alaska,02195,233.75,417.5,1.769547149,3385,83.27296898,53.09630724,0.208862629,2430.5
Prince of Wales-Hyder Census Area,Alaska,02198,275,511.25,1.865228286,5723,54.93360126,41.46339333,0.19692469,2208.875
Sitka City and Borough,Alaska,02220,573.75,931.25,1.595287601,8382,87.28310666,67.18313052,0.174659986,5613.375
Skagway Municipality,Alaska,02230,80,123.75,1.59174397,1149,88.75718016,79.89991297,0.175805048,422.125
Southeast Fairbanks Census Area,Alaska,02240,411.25,856.25,2.026546234,7015,65.90791162,93.99301497,0.151532431,3934.375
Wrangell City and Borough,Alaska,02275,126.25,230,1.859541711,2103,63.25725155,44.21065145,0.266761769,1455.75
Yakutat City and Borough,Alaska,02282,32.5,56.25,1.694444444,710,61.03802817,49.86619718,0.194366197,85.5
Yukon-Koyukuk Census Area,Alaska,02290,283.75,497.5,2.066059663,5272,66.79191958,53.39017451,0.169195751,1672.625
Apache County,Arizona,04001,3171.25,6622.5,2.12828978,65396,47.74200257,35.20323873,0.163159826,21736.625
Cochise County,Arizona,04003,7018.75,13587.5,1.945316067,126147,52.91379105,40.30297986,0.23950629,82572.625
Coconino County,Arizona,04005,7807.5,13751.25,1.795910581,142927,62.6024474,55.65218608,0.142191468,64328.5
Gila County,Arizona,04007,2886.25,5473.75,1.897949478,53559,54.0565918,33.67725312,0.302918277,35894.375
Graham County,Arizona,04009,1637.5,3586.25,2.211491318,38923,43.61059014,32.41908383,0.143925186,11791
Greenlee County,Arizona,04011,420,921.25,2.050660376,9401,55.60621211,149.8112967,0.143708116,3107.375
La Paz County,Arizona,04012,888.75,1630,1.8863614,16390,58.4633313,40.5295302,0.422879805,7917.125
Maricopa County,Arizona,04013,263656.25,487726.25,1.826085574,4500147,70.59931709,70.04108955,0.159960775,2131247.375
Mohave County,Arizona,04015,11898.75,21371.25,1.837391179,217186,47.51036439,30.85621081,0.321019771,135752.375
Navajo County,Arizona,04017,5653.75,11802.5,2.147553832,107736,45.66197928,27.92421289,0.19602547,48348.375
Pima County,Arizona,04019,61022.5,110448.75,1.813810253,1049083,59.62311085,49.14427552,0.212076642,682775.625
Pinal County,Arizona,04021,24925,49631.25,1.946125218,449086,53.17681914,25.6436206,0.214297484,237833.875
Santa Cruz County,Arizona,04023,2955,6126.25,2.099595272,47962,51.63831783,43.76139444,0.191547475,17380.125
Yavapai County,Arizona,04025,15236.25,26686.25,1.759037797,242392,59.05859104,35.94240321,0.336182712,241929
Yuma County,Arizona,04027,12347.5,25633.75,2.104680929,207743,48.3964225,41.20555205,0.201450831,66654.75
Arkansas County,Arkansas,05001,917.5,1770,1.991305516,16668,63.07637389,67.01259899,0.200443964,5424.125
Ashley County,Arkansas,05003,920,1872.5,2.039494092,18647,44.1035019,45.93382314,0.215155253,6554.375
Baxter County,Arkansas,05005,2377.5,4387.5,1.92374366,42174,46.92888984,40.7650211,0.305780813,27371.875
Benton County,Arkansas,05007,17271.25,35070,1.982604454,294168,123.3881523,66.60759158,0.135055479,111164.375
Boone County,Arkansas,05009,2050,4071.25,2.058767992,37890,44.68516759,38.6868303,0.206809184,13966.25
Bradley County,Arkansas,05011,511.25,1051.25,2.091518684,10337,47.94234304,32.4205282,0.191738415,2899.25
Calhoun County,Arkansas,05013,233.75,466.25,2.053216153,4729,47.67223514,69.16557412,0.223091563,1626.625
Carroll County,Arkansas,05015,1597.5,3046.25,1.978668982,28514,41.18962615,30.53493021,0.238514414,11659.875
Chicot County,Arkansas,05017,450,870,1.940152797,10051,47.43707094,27.16863994,0.215401453,2594.5
Clark County,Arkansas,05019,1053.75,2016.25,1.996447348,21248,43.90159074,36.50583584,0.164956702,7558.625
Clay County,Arkansas,05021,725,1422.5,2.084961185,14334,46.20936236,25.85705316,0.213617971,3928.5
Cleburne County,Arkansas,05023,1370,2657.5,1.969842374,25020,50.54928058,25.24016787,0.270063949,14014.5
Cleveland County,Arkansas,05025,387.5,782.5,2.072855163,7489,51.30551475,19.29055949,0.214180799,2942.25
Columbia County,Arkansas,05027,1095,2135,2.000606704,22470,47.40814419,45.50387183,0.172407655,7432.375
Conway County,Arkansas,05029,1071.25,2181.25,2.063993657,20905,49.46252093,34.81985171,0.196555848,7407.875
Craighead County,Arkansas,05031,5822.5,11527.5,2.028177376,111695,49.8068132,48.39527284,0.137964994,32748.5
Crawford County,Arkansas,05033,3153.75,6510,2.124588414,60382,44.44852771,28.24585141,0.176956709,19536
Crittenden County,Arkansas,05035,2498.75,4828.75,1.948202579,47405,46.11393313,36.23442675,0.146693387,11363.125
Cross County,Arkansas,05037,842.5,1687.5,2.082596701,16671,44.58676744,28.68430208,0.183672245,4589.25
Dallas County,Arkansas,05039,316.25,602.5,1.970280639,6307,48.13794197,38.22292691,0.250198192,1736.375
Desha County,Arkansas,05041,555,1067.5,1.944465461,11048,49.26013758,50.0141202,0.197139754,2885.125
Drew County,Arkansas,05043,890,1732.5,2.028506002,17063,47.82048878,35.71382524,0.179745648,5625.875
Faulkner County,Arkansas,05045,6820,13395,2.001817172,125590,52.11319373,35.23982005,0.135034637,50064.625
Franklin County,Arkansas,05047,880,1820,2.159688051,17159,43.60790256,26.35567341,0.201060668,6718.25
Fulton County,Arkansas,05049,576.25,1203.75,2.165781365,12137,36.47079179,14.93268518,0.261267199,4688.5
Garland County,Arkansas,05051,5603.75,10356.25,1.890525956,100306,50.85808426,36.09164955,0.243056248,57450.25
Grant County,Arkansas,05053,965,1970,2.069581376,18124,50.62651733,24.90824321,0.182796292,7719.875
Greene County,Arkansas,05055,2340,4700,2.064784087,46314,44.06162284,34.35688993,0.162823336,12442.25
Hempstead County,Arkansas,05057,1022.5,2073.75,2.111896568,19660,41.86424212,48.23479145,0.186063072,5240.75
Hot Spring County,Arkansas,05059,1605,3153.75,1.985900755,33078,39.73837596,34.85488845,0.19438902,11315.5
Howard County,Arkansas,05061,672.5,1385,2.133167436,12689,45.64993301,47.91772401,0.183465994,3811.375
Independence County,Arkansas,05063,1923.75,3885,2.085668789,38034,47.52087606,51.47738865,0.176473681,11667.875
Izard County,Arkansas,05065,646.25,1290,2.057594445,13916,38.04979879,20.37381431,0.251006036,5141.375
Jackson County,Arkansas,05067,723.75,1403.75,1.991819512,16771,51.19474092,51.64033152,0.179893864,3462.125
Jefferson County,Arkansas,05069,3321.25,6167.5,1.863866379,65624,42.05601609,42.4701024,0.182280873,23406
Johnson County,Arkansas,05071,1298.75,2682.5,2.15370384,25959,35.56442852,26.80773527,0.173234716,7677.5
Lafayette County,Arkansas,05073,308.75,603.75,2.017289373,6154,49.88202795,22.57946051,0.253168671,1721.5
Lawrence County,Arkansas,05075,791.25,1595,2.111367403,16296,43.90261414,27.51540255,0.187223859,3734.875
Lee County,Arkansas,05077,332.5,630,1.900167175,8565,37.00934034,20.94290718,0.200934034,1666.875
Lincoln County,Arkansas,05079,486.25,960,2.019494125,13177,32.99013432,19.21112545,0.147681566,3158.125
Little River County,Arkansas,05081,605,1186.25,2.013383372,11929,43.17050884,42.86126247,0.209573309,4515
Logan County,Arkansas,05083,1076.25,2183.75,2.124413548,21217,41.55474384,23.62082293,0.20356318,7060
Lonoke County,Arkansas,05085,4003.75,8243.75,2.048499964,74755,52.54096716,20.79287004,0.142786436,31770.625
Madison County,Arkansas,05087,908.75,1888.75,2.102255193,16961,44.94681917,26.22121337,0.19845528,4903.375
Marion County,Arkansas,05089,862.5,1686.25,1.993881265,16957,39.73267677,35.7319691,0.29073539,8565.25
Miller County,Arkansas,05091,2197.5,4317.5,1.991421982,42468,42.33926721,30.89288405,0.169916172,14492.75
Mississippi County,Arkansas,05093,1923.75,3870,2.018694195,39525,46.67205566,89.57834282,0.15372549,9226.875
Monroe County,Arkansas,05095,342.5,648.75,1.90378389,6644,45.44837447,32.307646,0.236604455,1843.75
Montgomery County,Arkansas,05097,421.25,833.75,2.013549886,8636,40.28624363,17.76933766,0.267137564,3663.375
Nevada County,Arkansas,05099,407.5,787.5,2.063824918,8187,39.8192256,26.3092708,0.214486381,2558.25
Newton County,Arkansas,05101,372.5,746.25,2.091589612,7167,39.1931073,14.00627878,0.272080368,2902.875
Ouachita County,Arkansas,05103,1157.5,2202.5,1.918660082,22319,49.49598996,29.87745867,0.211389399,7928
Perry County,Arkansas,05105,510,1028.75,2.055606069,9991,48.38514663,18.14052647,0.208988089,4086.375
Phillips County,Arkansas,05107,771.25,1493.75,1.909339363,15813,44.2040726,33.29551635,0.202428382,3637.5
Pike County,Arkansas,05109,517.5,1077.5,2.15454212,10103,42.28268831,26.75878452,0.205285559,3198.625
Poinsett County,Arkansas,05111,1083.75,2200,2.088790822,22651,46.41472783,28.95514547,0.181007461,4598.75
Polk County,Arkansas,05113,950,1966.25,2.125825427,19326,40.38083411,30.55298562,0.229690572,6773.125
Pope County,Arkansas,05115,3300,6582.5,2.04955257,63733,43.90431958,48.14477586,0.162113819,24704.25
Prairie County,Arkansas,05117,402.5,796.25,2.037174721,8086,49.02448677,27.38844917,0.238436804,2486.75
Pulaski County,Arkansas,05119,22741.25,41547.5,1.840726206,398005,65.22906496,79.98129169,0.162028115,186968.125
Randolph County,Arkansas,05121,912.5,1900,2.196321434,18798,41.39637195,27.71028833,0.190818172,5089.75
St. Francis County,Arkansas,05123,1005,1950,1.929538484,22707,36.33707667,31.41907782,0.174483639,5203.5
Saline County,Arkansas,05125,7027.5,13910,1.958791104,125338,55.7713383,24.25416873,0.181549091,66244.25
Scott County,Arkansas,05127,486.25,1027.5,2.209125044,9789,40.56972112,35.67105935,0.211257534,2740.875
Searcy County,Arkansas,05129,388.75,783.75,2.099263097,7894,35.17114264,24.24651634,0.259057512,2851.5
Sebastian County,Arkansas,05131,6948.75,13487.5,2.009348908,128223,49.71799911,56.14137869,0.166631572,43312.5
Sevier County,Arkansas,05133,800,1696.25,2.190371409,15709,43.42256032,32.90846012,0.144694124,3194.375
Sharp County,Arkansas,05135,842.5,1690,2.075038746,17678,44.16314063,22.13615794,0.253082928,6205
Stone County,Arkansas,05137,611.25,1247.5,2.10438485,12442,38.70953223,20.93280823,0.277447356,5411.75
Union County,Arkansas,05139,2041.25,4018.75,1.979425128,38285,54.33556223,69.39268643,0.187671412,12923.625
Van Buren County,Arkansas,05141,827.5,1640,2.045194616,15774,41.72226449,23.09515659,0.264612654,7384.625
Washington County,Arkansas,05143,13856.25,26425,1.957215371,251664,53.50581331,53.34681162,0.121125787,78582.75
White County,Arkansas,05145,3936.25,8065,2.114454082,77069,46.79332806,31.35648575,0.166746682,26297.625
Woodruff County,Arkansas,05147,298.75,578.75,2.075679019,6124,56.97207707,48.32740039,0.242325278,1319.875
Yell County,Arkansas,05149,1038.75,2142.5,2.085348708,20135,44.48438043,30.71984107,0.179438788,5711.625
Alameda County,California,06001,96950,178257.5,1.689492076,1643856,104.096694,89.77459279,0.149618336,838292.375
Alpine County,California,06003,58.75,105,1.808843537,1203,73.44970906,91.02161264,0.259351621,770.25
Amador County,California,06005,2298.75,4160,1.757697837,41245,51.31577161,40.24080495,0.274239302,37058.375
Butte County,California,06007,11165,20483.75,1.864543296,206351,57.32274619,45.43355254,0.181734036,104455.375
Calaveras County,California,06009,2675,4966.25,1.820315415,46262,59.42961826,32.82225152,0.286260862,39924.375
Colusa County,California,06011,1288.75,2677.5,2.066254819,21931,61.74834709,78.6193516,0.151247093,7004.5
Contra Costa County,California,06013,69276.25,133085,1.764217988,1163813,102.0402814,65.32870229,0.16607479,854174.875
Del Norte County,California,06015,1313.75,2481.25,1.900730096,27581,45.20126174,29.94177151,0.195279359,13317.5
El Dorado County,California,06017,11667.5,21985,1.773389843,193724,84.28746567,45.90871549,0.225950321,184441.25
Fresno County,California,06019,53802.5,109728.75,2.06859528,1012879,53.75577043,47.2447005,0.126868066,331177.375
Glenn County,California,06021,1595,3258.75,2.080008824,28714,54.05951801,39.99460194,0.166678275,10030.125
Humboldt County,California,06023,7367.5,12833.75,1.810854698,134978,55.76202048,41.60380951,0.193453748,64063.5
Imperial County,California,06025,11098.75,23752.5,2.201263137,179206,48.61929846,55.84312467,0.134091492,39780.25
Inyo County,California,06027,1063.75,1890,1.737452729,18920,66.45528541,63.43292812,0.241649049,12569
Kern County,California,06029,46952.5,98377.5,2.108415506,912782,47.65329728,52.11493106,0.11534408,280852.125
Kings County,California,06031,7452.5,15511.25,2.092042535,152724,44.50003274,45.38628506,0.105896912,42577.5
Lake County,California,06033,3283.75,6301.25,1.93551026,68623,47.83779491,28.517567,0.233478571,26101.625
Lassen County,California,06035,1325,2523.75,1.895645465,31884,39.57963242,35.09437335,0.156943922,15072.25
Los Angeles County,California,06037,586406.25,1042740,1.769055561,9809239,78.12347951,80.98609923,0.146995501,3648322.625
Madera County,California,06039,8480,17757.5,2.089096417,159019,48.36806294,39.60257579,0.142787969,57053.875
Marin County,California,06041,16095,29017.5,1.571989642,259254,178.1884793,113.3249593,0.231097688,281632.25
Mariposa County,California,06043,936.25,1703.75,1.864559546,17136,65.2469071,45.54569328,0.295284781,11990.875
Mendocino County,California,06045,4975,9088.75,1.846079876,91303,56.65285916,38.14251448,0.238360185,45040
Merced County,California,06047,14806.25,31578.75,2.179709148,284834,48.36763518,33.41496099,0.116492413,71435.125
Modoc County,California,06049,426.25,827.5,1.978900784,8640,60.16076389,57.61666667,0.294097222,4454.125
Mono County,California,06051,803.75,1405,1.726476772,13263,69.13737465,87.90107819,0.178014024,7339.875
Monterey County,California,06053,24995,49181.25,1.913429775,439245,69.07235142,66.28921217,0.143612335,203112.375
Napa County,California,06055,8397.5,15428.75,1.733059517,136219,94.1893128,82.39070174,0.20525771,102463.5
Nevada County,California,06057,6340,11165,1.728026217,103499,75.18394381,44.7666161,0.285993101,93948
Orange County,California,06059,193903.75,356285,1.781307157,3159351,89.34410865,85.890167,0.15713702,1707878.875
Placer County,California,06061,25201.25,48882.5,1.786580132,412968,86.27422948,63.41247264,0.200451367,374462.75
Plumas County,California,06063,1077.5,1938.75,1.784676172,19965,62.51530178,52.14179815,0.30373153,15774
Riverside County,California,06065,139596.25,274487.5,1.963545507,2455225,54.39958985,40.39646428,0.15065381,1026320.625
Sacramento County,California,06067,91560,172916.25,1.858697127,1588824,65.62136587,64.37205757,0.148623133,886997.5
San Benito County,California,06069,3995,8083.75,1.924529781,66703,66.63832211,35.04845359,0.132362862,28946.75
San Bernardino County,California,06071,123332.5,241433.75,1.982488509,2190877,50.92751944,46.3692535,0.122425403,713203.25
San Diego County,California,06073,204792.5,376402.5,1.782047801,3274244,80.20520645,79.87055485,0.150539789,1837480.625
San Francisco County,California,06075,54805,84431.25,1.449090283,815498,163.0622834,284.3413215,0.175761314,414392.125
San Joaquin County,California,06077,43875,89245,2.022083024,788096,59.47439652,42.07951823,0.131878604,294647.25
San Luis Obispo County,California,06079,16742.5,29722.5,1.708167681,279468,73.93920234,65.09607898,0.216718909,253405.75
San Mateo County,California,06081,46590,84350,1.611706147,739330,169.8671676,242.647236,0.173668051,511962.5
Santa Barbara County,California,06083,25667.5,47992.5,1.820691713,437117,84.75228829,73.43480807,0.164505155,261422.875
Santa Clara County,California,06085,115740,214790,1.645624923,1878320,150.9254839,200.2963728,0.145247349,932377.875
Santa Cruz County,California,06087,15837.5,28273.75,1.709887655,260904,88.54697513,61.9464899,0.187164628,176953.875
Shasta County,California,06089,9988.75,18686.25,1.903988634,182243,56.66208853,47.78261442,0.211591117,100241.375
Sierra County,California,06091,161.25,285,1.705666433,3298,50.94845361,27.66828381,0.307155852,2089.75
Siskiyou County,California,06093,2386.25,4397.5,1.887146249,44144,53.58918539,39.96058354,0.271407213,26407.5
Solano County,California,06095,26836.25,50055,1.79667527,450819,63.24548655,62.59900093,0.169052325,303275.875
Sonoma County,California,06097,30971.25,55153.75,1.711583337,484561,83.1694152,63.21825116,0.209395721,362561.625
Stanislaus County,California,06099,30298.75,61625,2.055858847,552939,52.94727266,42.60405759,0.134721913,190457
Sutter County,California,06101,5348.75,10865,2.053791224,99121,53.6921843,40.37624721,0.161842596,39313.5
Tehama County,California,06103,3356.25,6743.75,2.04767287,65467,49.40391342,33.18192372,0.199871691,27464.5
Trinity County,California,06105,575,1037.5,1.884935791,16102,37.48366663,25.13967209,0.298161719,6187.75
Tulare County,California,06107,24527.5,52358.75,2.190878538,476939,49.14641914,38.93570457,0.116731909,127193.25
Tuolumne County,California,06109,3041.25,5452.5,1.778750014,55126,55.8497805,48.04950477,0.275931502,42127.125
Ventura County,California,06111,51247.5,95997.5,1.809512073,840009,77.29663373,63.32376796,0.167641061,521891.625
Yolo County,California,06113,11842.5,22048.75,1.806820656,213545,70.00465007,72.25018614,0.135315741,141457.75
Yuba County,California,06115,4308.75,9075,2.107153526,83035,52.22243632,41.89848859,0.131655326,26420.625
Adams County,Colorado,08001,33550,60752.5,1.818279164,523603,59.67343579,61.71019647,0.110234281,161339.625
Alamosa County,Colorado,08003,925,1705,1.941971325,16578,46.334962,43.22517795,0.149656171,5880.75
Arapahoe County,Colorado,08005,42198.75,75088.75,1.752920188,656952,81.88829625,81.76620971,0.140319232,319571.125
Archuleta County,Colorado,08007,930,1657.5,1.802458679,13809,59.30972554,40.90614816,0.277862264,13348.125
Baca County,Colorado,08009,191.25,365,1.998537785,3491,60.22056717,58.63391578,0.253509023,839
Bent County,Colorado,08011,238.75,438.75,1.95775946,5346,37.3875795,26.79592218,0.204077815,1360.625
Boulder County,Colorado,08013,20642.5,34936.25,1.588803169,327133,101.5214393,100.677654,0.158550192,215903.5
Broomfield County,Colorado,08014,4947.5,8708.75,1.61750376,75430,91.54321888,132.14941,0.1510407,49959.25
Chaffee County,Colorado,08015,1393.75,2391.25,1.685447361,19743,71.20179304,48.56212328,0.262574077,18322
Cheyenne County,Colorado,08017,101.25,198.75,1.987717246,1719,87.06748109,185.9848749,0.222222222,464.625
Clear Creek County,Colorado,08019,615,973.75,1.527707552,9425,78.56254642,61.78302387,0.219522546,6610.125
Conejos County,Colorado,08021,411.25,845,2.259960669,7579,47.40058055,25.82200818,0.201477768,2660.625
Costilla County,Colorado,08023,201.25,358.75,1.890687935,3614,43.05174322,24.27504151,0.26452684,1477.625
Crowley County,Colorado,08025,168.75,315,2.063795386,5733,25.58119658,20.96389325,0.139368568,911.125
Custer County,Colorado,08027,332.5,607.5,1.820318383,5065,60.54511352,32.58302073,0.343336624,6179.5
Delta County,Colorado,08029,1903.75,3490,1.894510928,31387,51.29078918,28.70968872,0.276356453,17676.375
Denver County,Colorado,08031,48627.5,76017.5,1.534671863,711530,118.3913679,143.4672312,0.123351088,280309.375
Dolores County,Colorado,08033,126.25,227.5,1.897401469,2376,43.03240741,40.51725589,0.240740741,832.75
Douglas County,Colorado,08035,23868.75,46190,1.656755479,369826,107.8814875,66.14626067,0.133276189,268116.75
Eagle County,Colorado,08037,3977.5,6748.75,1.671911672,55787,127.5511499,91.35778945,0.137397602,26014.125
Elbert County,Colorado,08039,1762.5,3482.5,1.818942365,27152,81.1077637,27.59446818,0.181275781,20942
El Paso County,Colorado,08041,45188.75,84058.75,1.849033931,738811,66.31951744,57.9204844,0.136427314,432016.375
Fremont County,Colorado,08043,2542.5,4541.25,1.815613164,49251,44.69007736,31.46193986,0.226695905,29119.375
Garfield County,Colorado,08045,3917.5,7183.75,1.825629503,62116,72.3150718,60.85425655,0.140318114,23533.625
Gilpin County,Colorado,08047,370,610,1.605868875,5891,70.59191988,122.4306569,0.197759294,3041.375
Grand County,Colorado,08049,1042.5,1722.5,1.63638691,15854,76.45919011,71.50094613,0.199760313,10479.5
Gunnison County,Colorado,08051,1125,1842.5,1.663715801,17296,70.98722248,67.00341119,0.143154487,8603.125
Hinsdale County,Colorado,08053,52.5,83.75,1.63015873,772,72.03497409,57.96891192,0.345854922,717.375
Huerfano County,Colorado,08055,391.25,672.5,1.767751524,6931,51.9609003,36.19694128,0.320155822,4281.5
Jackson County,Colorado,08057,81.25,142.5,1.890836941,1358,70.05375552,101.8276878,0.261413844,516.25
Jefferson County,Colorado,08059,38795,65723.75,1.609571236,580854,84.89461724,63.06610611,0.173859524,397599.25
Kiowa County,Colorado,08061,78.75,158.75,1.963690476,1451,76.40454859,70.85596141,0.253618194,400.125
Kit Carson County,Colorado,08063,413.75,820,2.017705531,6928,56.48166859,78.49364896,0.20352194,2051.25
Lake County,Colorado,08065,475,787.5,1.678044094,7400,54.19,43.61878378,0.144594595,2495.75
La Plata County,Colorado,08067,3570,6122.5,1.718623223,56177,77.78291828,57.48037453,0.200704915,38709.125
Larimer County,Colorado,08069,23417.5,40247.5,1.696992455,362785,72.98225395,61.65844233,0.168485467,239829.625
Las Animas County,Colorado,08071,810,1423.75,1.837219609,14341,47.34000418,35.5422216,0.263649676,7155.5
Lincoln County,Colorado,08073,266.25,512.5,1.991485867,5473,42.99196053,74.35629454,0.181801571,1865.875
Logan County,Colorado,08075,1093.75,2026.25,1.887092675,21008,56.21144326,53.0571211,0.189118431,7880
Mesa County,Colorado,08077,9706.25,17402.5,1.833862015,157458,58.08850614,46.13237816,0.20437831,86056.375
Mineral County,Colorado,08079,61.25,106.25,1.769588745,925,78.88432432,78.32216216,0.295135135,774.125
Moffat County,Colorado,08081,790,1476.25,1.914754037,13166,52.51124108,74.96285888,0.166337536,5903.5
Montezuma County,Colorado,08083,1603.75,2935,1.876087577,26238,53.95110146,47.5565973,0.239804863,14757.75
Montrose County,Colorado,08085,2782.5,5078.75,1.87753782,43243,55.60916218,40.65423306,0.253127674,27599.5
Morgan County,Colorado,08087,1780,3455,2.004535009,29018,54.9663657,54.12085602,0.160727824,9423.875
Otero County,Colorado,08089,1013.75,1918.75,2.002996439,18530,43.84166217,30.98737183,0.208094981,7036.375
Ouray County,Colorado,08091,371.25,620,1.621213215,5064,88.97037915,44.38507109,0.302725118,5749.625
Park County,Colorado,08093,1066.25,1857.5,1.690574,17747,64.3878402,27.06784245,0.230743224,11964.375
Phillips County,Colorado,08095,268.75,528.75,2.008441318,4508,57.71362023,55.14929015,0.213398403,1648.625
Pitkin County,Colorado,08097,1315,1996.25,1.435442338,17349,251.997752,165.187446,0.217245951,10201.375
Prowers County,Colorado,08099,648.75,1260,2.055326567,11948,48.78615668,44.33294275,0.183126883,3087.75
Pueblo County,Colorado,08101,9773.75,17651.25,1.857359346,169354,49.13006483,40.3363369,0.194190866,87607.625
Rio Blanco County,Colorado,08103,357.5,713.75,1.975319461,6447,64.28633473,89.83759888,0.177446875,3106.75
Rio Grande County,Colorado,08105,781.25,1427.5,1.926742504,11409,60.869489,40.28801823,0.225173109,5325.625
Routt County,Colorado,08107,1750,2962.5,1.62375226,25069,131.1898361,87.85711436,0.17842754,17076.75
Saguache County,Colorado,08109,288.75,503.75,1.834381668,6517,45.66011969,29.16648765,0.256559767,1926.875
San Juan County,Colorado,08111,52.5,82.5,1.720408163,738,58.49864499,56.92411924,0.243902439,249.75
San Miguel County,Colorado,08113,565,898.75,1.554304674,8082,150.1603563,100.7511755,0.171368473,3450.375
Sedgwick County,Colorado,08115,140,252.5,1.917311508,2328,56.20231959,38.56185567,0.301116838,935
Summit County,Colorado,08117,2256.25,3531.25,1.539021699,31235,105.2265728,101.4763567,0.147526813,19877.5
Teller County,Colorado,08119,1596.25,2893.75,1.777937875,24951,66.86846219,40.38563585,0.24860727,23252.625
Washington County,Colorado,08121,256.25,503.75,2.003768098,4869,51.29061409,41.07332101,0.217293079,1674.375
Weld County,Colorado,08123,21022.5,40887.5,1.90177652,339942,65.26210354,67.63469945,0.127230528,128537
Yuma County,Colorado,08125,560,1147.5,2.097297877,9926,56.95446303,47.86711666,0.177110619,2712
Capitol Planning Region,Connecticut,09110,61581.25,107628.75,1.697113076,971938,NA,NA,0.176079133,625774
Greater Bridgeport Planning Region,Connecticut,09120,19636.25,35608.75,1.777196604,326799,NA,NA,0.156460087,150428
Lower Connecticut River Valley Planning Region,Connecticut,09130,11625,19751.25,1.602529171,175456,NA,NA,0.214167655,154782
Naugatuck Valley Planning Region,Connecticut,09140,28757.5,50408.75,1.745748948,452095,NA,NA,0.186708546,247874.875
Northeastern Connecticut Planning Region,Connecticut,09150,6075,10695,1.74203219,95624,NA,NA,0.192326194,55286
Northwest Hills Planning Region,Connecticut,09160,7271.25,12565,1.688140893,112952,NA,NA,0.222368794,84570.625
South Central Connecticut Planning Region,Connecticut,09170,35433.75,60546.25,1.683931848,568961,NA,NA,0.180613434,337634.125
Southeastern Connecticut Planning Region,Connecticut,09180,17890,30518.75,1.684772707,278855,NA,NA,0.189177171,198865
Western Connecticut Planning Region,Connecticut,09190,39628.75,72672.5,1.666185266,623927,NA,NA,0.168883539,429358.375
Kent County,Delaware,10001,11061.25,20541.25,1.882983495,185069,54.26078922,46.40529748,0.178009283,108299.125
New Castle County,Delaware,10003,35075,62750,1.752477384,572116,67.29956163,99.1299212,0.165838746,336318.875
Sussex County,Delaware,10005,16755,29396.25,1.731204836,247877,74.2249059,67.73614333,0.292580594,291075.75
District of Columbia,District of Columbia,11001,43585,66767.5,1.483172181,669256,109.5189718,213.9379266,0.127737368,357899.625
Alachua County,Florida,12001,14938.75,25986.25,1.763994302,281710,57.91460367,57.18687303,0.149178233,140001.125
Baker County,Florida,12003,1507.5,3050,2.011057933,28378,46.25572627,26.06924378,0.142293326,11722.625
Bay County,Florida,12005,11533.75,20820,1.835272055,179548,60.29308597,56.91330452,0.18200704,109207.25
Bradford County,Florida,12007,1388.75,2692.5,1.950356592,28057,43.52706989,24.92041202,0.182556938,12093.25
Brevard County,Florida,12009,39752.5,70782.5,1.775639573,618000,63.74208738,54.46246764,0.241807443,480286.5
Broward County,Florida,12011,127301.25,220370,1.74731993,1935655,74.07510016,68.89657609,0.176486512,730698.625
Calhoun County,Florida,12013,622.5,1235,2.043928484,13520,38.33616864,26.43550296,0.190532544,4608.25
Charlotte County,Florida,12015,12528.75,21500,1.702233643,194982,61.02040701,36.88575356,0.406375973,228348.375
Citrus County,Florida,12017,9605,17050,1.798976405,158193,50.87018389,33.67825378,0.363442124,142291.375
Clay County,Florida,12019,13926.25,27065,1.908642849,222671,59.25160888,30.04527307,0.16828415,156886.75
Collier County,Florida,12021,26825,47212.5,1.693193638,387316,152.1494903,67.88137851,0.337225934,574085.375
Columbia County,Florida,12023,3726.25,7085,1.932161989,69945,48.342369,37.37373651,0.20168704,31073.125
DeSoto County,Florida,12027,1880,3527.5,1.924844889,34341,37.23808276,32.20182872,0.234122478,12817.875
Dixie County,Florida,12029,726.25,1415,1.975071229,16929,37.50038396,18.31130014,0.238230256,5887.75
Duval County,Florida,12031,61328.75,109083.75,1.796519202,1002908,62.39478197,80.69461705,0.149843256,448049.375
Escambia County,Florida,12033,19175,34166.25,1.812335997,323468,56.87203371,56.01409104,0.176048326,190435.375
Flagler County,Florida,12035,8305,14875,1.781086034,120996,69.56515918,31.44707263,0.311778902,132188.625
Franklin County,Florida,12037,618.75,1103.75,1.768175415,12194,48.03755946,31.31786124,0.269230769,9231.125
Gadsden County,Florida,12039,2530,4595,1.823541656,43502,48.83324905,30.28557308,0.196036964,21250.75
Gilchrist County,Florida,12041,967.5,1917.5,2.017074413,18319,48.03761122,23.0961297,0.207216551,8510.75
Glades County,Florida,12043,618.75,1105,1.792161352,12269,34.68554894,26.45187057,0.256907653,4393.125
Gulf County,Florida,12045,823.75,1527.5,1.864971029,14462,56.18572812,33.92933204,0.238072189,10590.5
Hamilton County,Florida,12047,637.5,1243.75,1.970220371,13073,38.70435248,42.21831255,0.19964813,4979.875
Hardee County,Florida,12049,1327.5,2732.5,2.076473749,25328,38.01377922,46.58117498,0.168074858,6627.5
Hendry County,Florida,12051,2450,4703.75,1.935928456,40221,44.83118272,34.89515427,0.134929514,8504.375
Hernando County,Florida,12053,12118.75,22203.75,1.872102153,200727,52.20058089,26.71619164,0.26611268,117283.625
Highlands County,Florida,12055,6012.5,10971.25,1.870837206,103286,46.79840443,27.74295645,0.358393199,63890.125
Hillsborough County,Florida,12057,92528.75,166911.25,1.810491898,1484844,67.58404048,78.68923469,0.148775898,624764.25
Holmes County,Florida,12059,903.75,1831.25,2.085030626,19136,43.19073997,22.27675585,0.204535953,7130.125
Indian River County,Florida,12061,10803.75,18763.75,1.706657789,163903,115.0679609,47.60477844,0.343062665,201091.75
Jackson County,Florida,12063,2423.75,4572.5,1.92199197,47138,43.21931351,30.92258899,0.207857779,22902.375
Jefferson County,Florida,12065,792.5,1467.5,1.863263736,14497,56.39739256,21.27053873,0.248534179,9338.25
Lafayette County,Florida,12067,352.5,708.75,2.106472474,7957,37.08369989,25.701395,0.184114616,2852.125
Lake County,Florida,12069,24951.25,45931.25,1.850133955,396414,60.25811904,32.77024777,0.266650522,285967.625
Lee County,Florida,12071,50152.5,88606.25,1.739406319,791013,71.90844651,51.26297419,0.29155273,753579.375
Leon County,Florida,12073,16678.75,28611.25,1.734436701,296057,58.82031838,60.62095137,0.14332713,169443.125
Levy County,Florida,12075,2467.5,4638.75,1.922381554,44169,50.47420136,25.92700763,0.250401866,20578.875
Liberty County,Florida,12077,331.25,667.5,2.004705653,7294,37.57595284,40.15204277,0.173293118,2791.375
Madison County,Florida,12079,933.75,1773.75,1.952142828,17943,46.16725185,29.51814078,0.223206822,7615.625
Manatee County,Florida,12081,26817.5,48006.25,1.75306362,413805,70.56716086,47.29679438,0.282915866,384572.75
Marion County,Florida,12083,23753.75,43207.5,1.847279728,385024,51.21645144,33.76170576,0.288719664,270624.5
Martin County,Florida,12085,10626.25,18477.5,1.67628166,159925,123.2840269,59.74780678,0.317942786,185855
Miami-Dade County,Florida,12086,180728.75,306016.25,1.74732826,2669925,78.58085452,73.5769192,0.16921936,640682.75
Monroe County,Florida,12087,5751.25,9313.75,1.598515152,82234,137.2587616,75.31270521,0.243427293,70832
Nassau County,Florida,12089,6208.75,11815,1.809075248,94413,86.58029085,38.48086598,0.232690413,105520.5
Okaloosa County,Florida,12091,13676.25,25421.25,1.849452705,213678,64.95025693,69.2687221,0.163605987,169273.375
Okeechobee County,Florida,12093,2150,4150,1.936616651,40034,44.00881751,54.49083279,0.20580007,13232.625
Orange County,Florida,12095,89877.5,160495,1.838640389,1427909,63.26021546,85.45231384,0.128214053,428671.375
Osceola County,Florida,12097,26961.25,50201.25,1.944671721,404055,52.17260521,35.92347824,0.134793531,120895.875
Palm Beach County,Florida,12099,98642.5,171116.25,1.706932065,1503677,126.5747371,72.09187412,0.246270309,1204093.375
Pasco County,Florida,12101,36378.75,67920,1.895554298,585290,61.47013275,30.45051513,0.221088691,303817.5
Pinellas County,Florida,12103,62057.5,101350,1.63613015,959703,74.65934774,63.61983239,0.258665441,623708
Polk County,Florida,12105,46777.5,88292.5,1.906867033,755712,49.10441941,43.16622205,0.197461467,326498.125
Putnam County,Florida,12107,3971.25,7527.5,1.922279543,74116,43.49314588,36.30034001,0.235913973,32520.625
St. Johns County,Florida,12109,18628.75,37335,1.824072552,293292,98.77441253,47.39556824,0.207237156,290541.125
St. Lucie County,Florida,12111,22692.5,41077.5,1.80867903,344300,59.86152483,36.63587569,0.24496079,231081.5
Santa Rosa County,Florida,12113,11328.75,22493.75,1.937219754,193751,62.59980078,30.46786339,0.163926896,134244
Sarasota County,Florida,12115,29916.25,50805,1.659400727,448730,94.31781472,60.1173913,0.373806075,595708.625
Seminole County,Florida,12117,29900,54437.5,1.818074305,470935,65.39409685,56.89683714,0.164167029,207272.25
Sumter County,Florida,12119,9693.75,16322.5,1.62459675,134908,81.50217926,40.00322442,0.584116583,340998.25
Suwannee County,Florida,12121,2336.25,4515,1.97766828,44139,46.26251161,34.2787784,0.217675978,18976.625
Taylor County,Florida,12123,1013.75,1968.75,1.95721621,20811,40.97256259,34.81504973,0.218778531,9488.125
Union County,Florida,12125,663.75,1332.5,2.021146576,15852,28.76249054,25.21328539,0.154049962,5250.875
Volusia County,Florida,12127,35840,62367.5,1.766473313,566481,59.28406955,39.3034506,0.250959873,370373.75
Wakulla County,Florida,12129,1967.5,3765,1.89390344,34287,55.23163298,25.18829294,0.163064718,20251.125
Walton County,Florida,12131,5076.25,9582.5,1.841857184,79744,99.39748445,57.78585223,0.200391252,64849.25
Washington County,Florida,12133,1270,2525,2.032249182,24856,39.97553911,27.89229965,0.186795945,9849.75
Appling County,Georgia,13001,912.5,1846.25,2.050921855,18421,48.35014386,92.5654959,0.183703382,6372.75
Atkinson County,Georgia,13003,378.75,781.25,2.172967943,8353,37.46761643,31.34322998,0.141506046,1187.125
Bacon County,Georgia,13005,523.75,1086.25,2.122267965,11074,42.44518692,35.94654145,0.172656673,2766.875
Baker County,Georgia,13007,143.75,273.75,2.003820438,2824,47.66147309,22.1944051,0.257082153,905.625
Baldwin County,Georgia,13009,2236.25,3957.5,1.77730657,43703,46.33514862,34.14694643,0.171132417,22024.75
Banks County,Georgia,13011,1075,2126.25,2.053105403,18597,48.28665914,26.17599613,0.181534656,5648
Barrow County,Georgia,13013,5322.5,10415,1.978424946,86759,53.1940548,31.25031409,0.127410413,27178.125
Bartow County,Georgia,13015,6487.5,12498.75,1.966933947,110953,53.01477202,55.22190477,0.145620218,37957.125
Ben Hill County,Georgia,13017,811.25,1608.75,2.053927926,17128,42.31597384,35.70778842,0.18081504,4434
Berrien County,Georgia,13019,902.5,1830,2.128820783,18120,43.01931567,24.19735099,0.173675497,5286
Bibb County,Georgia,13021,8506.25,15602.5,1.843574675,156005,49.15330278,55.78645556,0.162469152,62555.75
Bleckley County,Georgia,13023,611.25,1236.25,2.040890563,12274,44.11634349,20.91192765,0.178344468,6108.625
Brantley County,Georgia,13025,873.75,1817.5,2.154853269,18123,37.18473763,15.38034542,0.175191745,5229.25
Brooks County,Georgia,13027,773.75,1482.5,1.969746169,16276,41.03741706,29.248464,0.21104694,4390.5
Bryan County,Georgia,13029,2596.25,5670,2.074148258,46976,64.03540106,50.50430007,0.107310116,22189.875
Bulloch County,Georgia,13031,3802.5,7200,1.968118318,80682,43.44843955,35.26059096,0.122047049,24709
Burke County,Georgia,13033,1246.25,2402.5,1.966459895,24372,42.60799278,107.263376,0.170687674,7350.875
Butts County,Georgia,13035,1420,2683.75,1.930664328,26177,45.37907323,31.4843947,0.156320434,9896.625
Calhoun County,Georgia,13037,248.75,450,1.884025395,5543,35.934512,20.74959408,0.169042035,1286.625
Camden County,Georgia,13039,3071.25,6166.25,1.979353823,55796,48.63649724,36.62902359,0.146211198,31702.5
Candler County,Georgia,13043,546.25,1122.5,2.116275608,10953,42.89500593,26.73459326,0.184606957,3078.5
Carroll County,Georgia,13045,6741.25,13251.25,2.001474208,121592,53.59545036,53.15389993,0.139088098,43319
Catoosa County,Georgia,13047,3640,7195,2.006145388,68446,46.03605762,25.60790989,0.183414663,22298.25
Charlton County,Georgia,13049,480,972.5,2.062819487,12827,33.12754346,17.32696655,0.145708272,3215.125
Chatham County,Georgia,13051,16987.5,29763.75,1.755951262,295714,61.7709307,73.34804913,0.164692913,143080.625
Chattahoochee County,Georgia,13053,355,797.5,2.380789822,9047,37.34353929,179.0164695,0.052171991,1037.875
Chattooga County,Georgia,13055,1221.25,2420,2.04949794,24850,38.33255533,21.11509054,0.185352113,6813.625
Cherokee County,Georgia,13057,16906.25,32807.5,1.85442065,274778,74.34607938,34.6586881,0.153123613,149643.25
Clarke County,Georgia,13059,6155,10386.25,1.738050866,129211,44.55022405,64.05511915,0.121057805,48998
Clay County,Georgia,13061,145,273.75,1.975092764,2868,39.29916318,29.34832636,0.289400279,1054.5
Clayton County,Georgia,13063,17110,30746.25,1.789136287,299234,35.14558172,71.16215738,0.102932822,59109
Clinch County,Georgia,13065,301.25,636.25,2.118181666,6708,45.74806202,32.67769827,0.168008348,1532.375
Cobb County,Georgia,13067,46475,85598.75,1.787830052,766747,77.18925147,83.8385817,0.13263045,345365.875
Coffee County,Georgia,13069,1976.25,4002.5,2.085591029,43053,40.70643161,39.57020417,0.142847188,8343.625
Colquitt County,Georgia,13071,2195,4453.75,2.081910924,45774,43.14350942,34.03139337,0.15991611,11594.375
Columbia County,Georgia,13073,9022.5,18673.75,1.979536394,159680,62.85963176,28.8164767,0.14612976,102810.375
Cook County,Georgia,13075,843.75,1702.5,2.100214242,17264,41.4987836,23.33294717,0.164967563,4224.625
Coweta County,Georgia,13077,9110,17687.5,1.882969192,149999,64.44287629,38.11376743,0.148300989,80537.125
Crawford County,Georgia,13079,660,1302.5,2.007930579,12140,41.84596376,13.38352554,0.198682043,4902.75
Crisp County,Georgia,13081,1066.25,1997.5,1.897397061,20005,48.14406398,51.74746313,0.1996001,6260.625
Dade County,Georgia,13083,777.5,1550,2.031268442,16220,44.08249075,29.49099877,0.205548705,5649.875
Dawson County,Georgia,13085,1808.75,3427.5,1.862842237,28505,69.15106122,36.71538327,0.20045606,15333.625
Decatur County,Georgia,13087,1395,2713.75,2.007521764,29097,45.19531223,33.58658968,0.171357872,7814.75
DeKalb County,Georgia,13089,45025,78565,1.713605311,759333,68.74880191,61.31610901,0.13324062,288975.125
Dodge County,Georgia,13091,936.25,1797.5,1.999508294,19739,39.84629414,21.89513147,0.190891129,6800.625
Dooly County,Georgia,13093,480,895,1.895621378,10879,44.65189815,32.57836198,0.218218586,3085.5
Dougherty County,Georgia,13095,4443.75,8121.25,1.829730308,82271,47.83719658,58.39262924,0.174326312,29615.5
Douglas County,Georgia,13097,8718.75,16290,1.909348613,145786,46.53213614,39.55204889,0.121198195,48242.625
Early County,Georgia,13099,526.25,1011.25,1.997567848,10638,44.30654258,47.21827411,0.197405527,3321.625
Echols County,Georgia,13101,181.25,371.25,2.113131095,3697,34.4390046,10.62266703,0.131998918,917.375
Effingham County,Georgia,13103,3860,7986.25,2.022367994,66795,54.28967737,34.33337825,0.121925294,26716
Elbert County,Georgia,13105,1076.25,2088.75,2.032054014,19572,45.32996117,34.68858573,0.21331494,6001
Emanuel County,Georgia,13107,1126.25,2280,2.100625586,22907,42.49513249,32.08281311,0.162832322,6504.375
Evans County,Georgia,13109,531.25,1051.25,2.00010315,10704,42.68647235,37.9139574,0.166946936,3191.125
Fannin County,Georgia,13111,1460,2702.5,1.851156405,25800,54.29577519,35.02348837,0.307945736,19003.75
Fayette County,Georgia,13113,7335,14465,1.858884141,120751,79.34460998,50.81948804,0.194217853,102948.625
Floyd County,Georgia,13115,5315,10315,1.98474922,98498,47.640013,44.43771447,0.167952649,39844.875
Forsyth County,Georgia,13117,14908.75,32602.5,1.924598599,260816,88.31259585,45.92505061,0.123968622,118745.125
Franklin County,Georgia,13119,1303.75,2573.75,2.065281031,23518,44.76179947,43.48524534,0.191810528,8508.625
Fulton County,Georgia,13121,63795,110447.5,1.646098659,1062576,108.2628546,184.7944429,0.124189705,429678.5
Gilmer County,Georgia,13123,1777.5,3423.75,1.919563752,32102,48.23820946,31.4052084,0.265279422,19887.5
Glascock County,Georgia,13125,145,290,2.110678187,2897,43.3130825,11.16983086,0.177770107,975.125
Glynn County,Georgia,13127,4941.25,9028.75,1.833225131,84773,64.95840657,54.04630012,0.22100197,59730.125
Gordon County,Georgia,13129,3210,6387.5,2.065111874,58252,47.22876468,42.78402458,0.156749983,15131.25
Grady County,Georgia,13131,1238.75,2488.75,2.080972083,25858,40.54134117,24.57332354,0.18891639,7344.375
Greene County,Georgia,13133,1218.75,2276.25,1.811989042,19553,88.95253925,45.20452105,0.299544827,26015.625
Gwinnett County,Georgia,13135,57775,111250,1.959387731,965458,55.68875394,57.00678434,0.108770138,278127.125
Habersham County,Georgia,13137,2587.5,5041.25,1.969154919,46753,43.03610463,32.36949501,0.187217933,19709.5
Hall County,Georgia,13139,12803.75,24676.25,1.925317132,206998,63.06577358,65.05303433,0.16007401,102548.375
Hancock County,Georgia,13141,421.25,736.25,1.77953838,8676,37.35984325,17.69928538,0.24527432,4049.75
Haralson County,Georgia,13143,1688.75,3445,2.113372755,30601,48.53677984,34.13767524,0.158360838,9530.875
Harris County,Georgia,13145,2015,4135,1.969900774,35594,62.40872057,17.52691465,0.189694892,24207.625
Hart County,Georgia,13147,1487.5,2855,1.939385681,26326,49.6760237,35.20006837,0.227683659,13752.25
Heard County,Georgia,13149,590,1216.25,2.063053035,11531,43.55693348,112.7942936,0.173792386,3129.125
Henry County,Georgia,13151,15087.5,28157.5,1.888512113,245127,51.93249622,34.77377033,0.122275392,99031.125
Houston County,Georgia,13153,9653.75,18780,1.954843786,167245,52.03416545,45.75357709,0.132237137,99708.875
Irwin County,Georgia,13155,462.5,923.75,2.049239354,9376,44.29554181,23.35569539,0.184087031,2648
Jackson County,Georgia,13157,4982.5,10181.25,2.019261655,80394,63.27163719,58.49840784,0.143418663,36228.875
Jasper County,Georgia,13159,867.5,1755,2.025441509,15275,53.04301146,20.24687398,0.172700491,6398.875
Jeff Davis County,Georgia,13161,720,1510,2.122615887,14865,39.16387487,32.04090145,0.158291288,2939.5
Jefferson County,Georgia,13163,850,1610,1.972261612,15480,44.58339793,33.42965116,0.18494832,4843.25
Jenkins County,Georgia,13165,400,751.25,2.014370661,8769,37.7003079,17.51248717,0.172311552,2128
Johnson County,Georgia,13167,408.75,791.25,2.052822003,9004,36.05419813,14.09617948,0.203798312,2544.375
Jones County,Georgia,13169,1601.25,3140,1.96246604,28406,46.99563473,16.06924593,0.179609942,13822.25
Lamar County,Georgia,13171,1092.5,2090,1.955390763,18702,49.53250989,25.43834884,0.171265105,7337.625
Lanier County,Georgia,13173,461.25,965,2.204593662,10052,36.81277358,13.76750895,0.147632312,2211.25
Laurens County,Georgia,13175,2610,5097.5,1.998441073,49526,46.62874046,40.17205104,0.181541009,18344.625
Lee County,Georgia,13177,1843.75,3730,1.987930284,33210,54.20671484,23.93688648,0.137187594,14942.75
Liberty County,Georgia,13179,3665,7342.5,2.00552772,66771,43.4773779,59.1423672,0.098740471,22303.125
Lincoln County,Georgia,13181,442.5,852.5,1.91780453,7750,49.05058065,17.63019355,0.249548387,5126.625
Long County,Georgia,13183,931.25,2108.75,2.230463763,17105,45.77503654,12.5069278,0.102367729,5271.625
Lowndes County,Georgia,13185,6101.25,11817.5,1.988641815,118966,46.48043138,44.24931493,0.127910495,40235.25
Lumpkin County,Georgia,13187,1797.5,3361.25,1.885672804,32844,53.15890269,29.50347095,0.186913896,16795.5
McDuffie County,Georgia,13189,1232.5,2318.75,1.945078546,21628,44.95630664,32.33359534,0.18610135,8524.625
McIntosh County,Georgia,13191,687.5,1238.75,1.823076389,11056,53.73824168,21.47123734,0.28880246,6803.125
Macon County,Georgia,13193,566.25,1042.5,1.921568186,11854,42.0803948,35.88408976,0.188543951,3187.125
Madison County,Georgia,13195,1775,3518.75,2.037383553,30891,49.2686543,19.83004759,0.176912369,12136.25
Marion County,Georgia,13197,348.75,697.5,2.028716375,7431,39.77741892,14.63571525,0.215314224,2247.625
Meriwether County,Georgia,13199,1192.5,2233.75,1.915492586,20733,47.7818936,30.76882265,0.208749337,7817.5
Miller County,Georgia,13201,281.25,548.75,2.052074102,5852,52.99589884,34.67361586,0.223171565,1759
Mitchell County,Georgia,13205,1026.25,2010,2.004374327,21326,45.14315859,34.75532214,0.178186252,5477.625
Monroe County,Georgia,13207,1635,3295,1.979054626,28752,60.03902337,45.28182387,0.190421536,17020
Montgomery County,Georgia,13209,406.25,807.5,2.023838565,8640,38.64826389,17.61631944,0.179050926,2912.875
Morgan County,Georgia,13211,1246.25,2451.25,1.964196734,20660,66.02967086,50.68678606,0.203823814,13041.875
Murray County,Georgia,13213,2073.75,4221.25,2.078371888,39976,39.94006404,36.38598159,0.156043626,8100.75
Muscogee County,Georgia,13215,10576.25,19782.5,1.908784105,205094,51.91604825,52.15573347,0.14308561,77415
Newton County,Georgia,13217,6845,12885,1.922224259,115356,46.07429176,28.8036253,0.131644648,37535.75
Oconee County,Georgia,13219,2437.5,5276.25,1.949294071,43049,90.33680225,42.04357825,0.164463751,33901.5
Oglethorpe County,Georgia,13221,857.5,1667.5,1.974271112,15187,49.27121881,22.82550866,0.190755251,6562.75
Paulding County,Georgia,13223,10300,20587.5,1.993356252,173998,52.39705629,21.1561857,0.112598995,58106
Peach County,Georgia,13225,1558.75,2878.75,1.888940205,28254,47.30816875,35.31906987,0.16769307,14958.875
Pickens County,Georgia,13227,2182.5,4098.75,1.845145285,34035,66.80684589,32.46907595,0.224592331,29018.875
Pierce County,Georgia,13229,1022.5,2091.25,2.120242653,19978,44.10721794,24.05035539,0.170087096,7007.625
Pike County,Georgia,13231,1166.25,2355,2.002605913,19545,55.15410591,18.91184446,0.15911998,10291.25
Polk County,Georgia,13233,2268.75,4585,2.065189956,43322,42.72870597,30.71859563,0.155925396,13121.75
Pulaski County,Georgia,13235,495,916.25,1.888602799,9572,44.45988299,29.03081906,0.23025491,4130.25
Putnam County,Georgia,13237,1310,2420,1.829755713,22614,61.32634651,28.32422393,0.246970903,17287.875
Quitman County,Georgia,13239,112.5,211.25,1.895871985,2239,41.31710585,15.39258598,0.321125502,834.875
Rabun County,Georgia,13241,1023.75,1887.5,1.848388449,17119,55.95116537,36.3342485,0.285472282,12170.125
Randolph County,Georgia,13243,313.75,590,1.909423029,6262,44.87128713,30.03273714,0.253912488,1712.125
Richmond County,Georgia,13245,11141.25,19897.5,1.834315865,205331,45.44558299,63.33234631,0.149417282,74958.375
Rockdale County,Georgia,13247,5462.5,9990,1.838855555,93899,45.08438855,47.50659751,0.154549037,37772.875
Schley County,Georgia,13249,223.75,483.75,2.101929321,4488,44.87410873,24.96947415,0.181818182,1344.875
Screven County,Georgia,13251,711.25,1396.25,1.973420446,14067,43.61598066,21.99864932,0.204876662,4991.625
Seminole County,Georgia,13253,422.5,808.75,1.943551202,9166,46.64662885,34.14313768,0.244817805,3130.125
Spalding County,Georgia,13255,4031.25,7425,1.865564344,67698,46.46463706,34.06845106,0.186637715,31193.625
Stephens County,Georgia,13257,1453.75,2810,1.968509743,26769,48.09936867,39.48436624,0.209234562,9833.125
Stewart County,Georgia,13259,190,361.25,1.880314626,4913,34.98575209,33.31752493,0.16161205,1162.625
Sumter County,Georgia,13261,1442.5,2756.25,1.948886982,28989,45.22256718,33.35999862,0.177446618,9352.875
Talbot County,Georgia,13263,317.5,568.75,1.859019721,5757,49.85044294,24.66128192,0.269584853,2355.875
Taliaferro County,Georgia,13265,80,150,1.934722222,1567,44.47351627,19.25015954,0.292278239,469.125
Tattnall County,Georgia,13267,1035,2100,2.050377585,24100,36.4933195,25.18091286,0.15526971,6945.5
Taylor County,Georgia,13269,398.75,782.5,1.949530937,7770,42.19356499,27.94131274,0.215444015,2926.875
Telfair County,Georgia,13271,490,965,2.009418515,12319,30.64315285,24.51611332,0.181345888,2876.125
Terrell County,Georgia,13273,461.25,860,1.912170851,8927,48.14495351,27.36798477,0.205780217,2712.25
Thomas County,Georgia,13275,2391.25,4626.25,1.977187429,45835,56.82314825,51.37754991,0.187367732,17865.75
Tift County,Georgia,13277,2185,4257.5,1.997406268,41095,48.5355396,50.13033216,0.159776128,13937.625
Toombs County,Georgia,13279,1447.5,2862.5,2.062803238,26854,44.63394653,39.64630967,0.165934311,8647.5
Towns County,Georgia,13281,767.5,1376.25,1.796738839,12880,52.76653727,32.39860248,0.357919255,12826.625
Treutlen County,Georgia,13283,305,605,2.055970671,6364,42.2305154,15.83516656,0.178975487,1868.5
Troup County,Georgia,13285,3888.75,7432.5,1.933224831,69535,48.43045948,57.99721004,0.156712447,23917.5
Turner County,Georgia,13287,455,891.25,2.032259007,8920,38.81524664,22.86816143,0.193834081,2344
Twiggs County,Georgia,13289,432.5,801.25,1.950913864,7880,46.72284264,30.13147208,0.239974619,2926.625
Union County,Georgia,13291,1572.5,2937.5,1.875313068,25605,51.380785,35.84616286,0.337668424,25500.5
Upson County,Georgia,13293,1452.5,2765,1.938904638,27685,44.67755102,25.26830414,0.185623984,9042
Walker County,Georgia,13295,3452.5,6848.75,2.036230311,68425,45.14639386,23.98376324,0.190953599,20102.125
Walton County,Georgia,13297,6015,12018.75,2.003659569,99804,56.75518015,31.35580738,0.160344275,44668.125
Ware County,Georgia,13299,1757.5,3450,1.990650524,35554,40.84541824,39.18087979,0.173566969,11272.25
Warren County,Georgia,13301,296.25,543.75,1.935044643,5215,42.02818792,31.24410355,0.228571429,1759.5
Washington County,Georgia,13303,1005,1900,1.913646409,19772,45.30259964,32.82824196,0.177220312,7961.625
Wayne County,Georgia,13305,1470,3003.75,2.058941654,30231,41.28374847,37.55668023,0.162283748,11060
Webster County,Georgia,13307,115,226.25,1.986595547,2364,43.4856176,27.0998308,0.245769882,685.875
Wheeler County,Georgia,13309,230,477.5,2.161902019,7742,22.90338414,15.86321364,0.150348747,1562.5
White County,Georgia,13311,1650,3131.25,1.927870456,28404,52.12301084,33.8872694,0.228418533,15403.25
Whitfield County,Georgia,13313,5651.25,11298.75,2.047558079,102729,48.31536372,57.132173,0.146170994,24243
Wilcox County,Georgia,13315,348.75,685,2.127374257,8745,33.60285878,17.41475129,0.199885649,2536.75
Wilkes County,Georgia,13317,528.75,986.25,1.906230281,9490,52.49441517,36.31053741,0.237302424,4124.875
Wilkinson County,Georgia,13319,497.5,920,1.86569971,8794,43.98601319,58.40561747,0.203547874,4128.75
Worth County,Georgia,13321,1021.25,2005,1.998047555,20568,42.35671918,15.58814664,0.197588487,7094.75
Hawaii County,Hawaii,15001,11801.25,21623.75,1.853402809,203933,55.83105236,44.34146999,0.232586193,115976
Honolulu County,Hawaii,15003,59583.75,106946.25,1.761548728,1004349,69.99260018,66.31060916,0.191195491,658216.625
Kalawao County,Hawaii,15005,NA,NA,NA,81,NA,NA,0.320987654,NA
Kauai County,Hawaii,15007,4577.5,8097.5,1.779985303,73851,63.48673681,56.72823658,0.218263801,40887.125
Maui County,Hawaii,15009,10283.75,18090,1.763143957,164815,NA,NA,0.200248764,82598.625
Ada County,Idaho,16001,31072.5,58540,1.836522225,513098,74.30461822,66.44590897,0.156373636,303144.625
Adams County,Idaho,16003,266.25,502.5,1.880002686,4621,50.12334992,32.54620212,0.306210777,3402.75
Bannock County,Idaho,16005,4757.5,9548.75,2.079873717,88523,51.81401444,37.39106221,0.149712504,37136.625
Bear Lake County,Idaho,16007,348.75,755,2.194175892,6569,51.90653067,33.43218146,0.208555336,3106.25
Benewah County,Idaho,16009,572.5,1146.25,2.023857107,9900,48.12565657,41.33676768,0.234545455,4786.75
Bingham County,Idaho,16011,2575,5705,2.288429449,48938,52.21819445,37.23378561,0.148718787,15797.5
Blaine County,Idaho,16013,1698.75,2978.75,1.685011256,24784,196.3065688,76.61015171,0.218729826,17984.875
Boise County,Idaho,16015,471.25,898.75,1.91091432,8133,58.70097135,23.902496,0.278863888,7015.125
Bonner County,Idaho,16017,2946.25,5740,1.958686591,49649,59.3167234,38.90187114,0.260931741,35264.875
Bonneville County,Idaho,16019,6975,15001.25,2.167706954,128072,56.95950715,51.80917765,0.13527547,54279
Boundary County,Idaho,16021,772.5,1625,2.187560334,12627,51.20654154,37.24083314,0.234576701,7185.125
Butte County,Idaho,16023,143.75,301.25,2.09902982,2665,57.79474672,574.2532833,0.248780488,1222.5
Camas County,Idaho,16025,67.5,133.75,1.976709402,1137,69.78627968,76.62269129,0.238346526,502
Canyon County,Idaho,16027,13862.5,28718.75,2.108591168,243752,50.19768863,34.75079179,0.143330106,90832.75
Caribou County,Idaho,16029,377.5,838.75,2.228057323,7115,54.43232607,121.3257906,0.180463809,2785.5
Cassia County,Idaho,16031,1317.5,2950,2.310806397,25242,56.77644402,62.91767689,0.143253308,6764.375
Clark County,Idaho,16033,42.5,87.5,2.283333333,794,53.06171285,63.05541562,0.212846348,178.5
Clearwater County,Idaho,16035,461.25,886.25,1.93108374,8927,46.6215974,41.75702924,0.285314215,5027.75
Custer County,Idaho,16037,267.5,496.25,1.878574629,4444,55.16741674,43.78082808,0.307155716,2881.875
Elmore County,Idaho,16039,1578.75,3166.25,2.047791658,28994,47.64313306,47.49758571,0.144236739,13379
Franklin County,Idaho,16041,787.5,1841.25,2.352898865,14673,48.9514755,32.61030464,0.14550535,5053
Fremont County,Idaho,16043,757.5,1648.75,2.242927897,13593,49.0562054,33.44647981,0.178400647,5768.75
Gem County,Idaho,16045,1137.5,2282.5,2.058936149,19813,50.87599051,24.7257861,0.226114167,11166
Gooding County,Idaho,16047,860,1785,2.093143916,15806,65.67366823,65.97437682,0.182462356,4806.75
Idaho County,Idaho,16049,908.75,1812.5,2.038934452,17059,48.60349376,28.92830764,0.285890146,9618.375
Jefferson County,Idaho,16051,1663.75,4016.25,2.397638387,32208,52.1369846,32.51356806,0.121833085,10553.5
Jerome County,Idaho,16053,1307.5,2808.75,2.19900574,24740,48.40816492,52.85084883,0.134680679,5694.125
Kootenai County,Idaho,16055,11002.5,21162.5,1.930227404,180089,65.62361388,46.66047899,0.195253458,113297.75
Latah County,Idaho,16057,2118.75,4012.5,1.960446432,40406,56.46277781,40.7660496,0.145646686,18807
Lemhi County,Idaho,16059,491.25,903.75,1.904230173,8158,58.10823731,38.86369208,0.308408924,5541.375
Lewis County,Idaho,16061,228.75,448.75,2.008733719,3689,56.8793711,46.87394958,0.278124153,2100.125
Lincoln County,Idaho,16063,278.75,590,2.20532654,5289,49.28682171,45.66817924,0.150122897,1038.875
Madison County,Idaho,16065,2018.75,4406.25,2.486234842,54079,28.8052109,28.88252372,0.05549289,8325
Minidoka County,Idaho,16067,1213.75,2612.5,2.235219925,21951,53.56525899,48.13767027,0.158352695,6020
Nez Perce County,Idaho,16069,2436.25,4575,1.903612819,42511,57.10649008,53.71889629,0.207875609,22312.5
Oneida County,Idaho,16071,267.5,591.25,2.272967784,4604,53.15052129,34.95938315,0.205690704,2089.25
Owyhee County,Idaho,16073,680,1423.75,2.150650137,12362,50.35940786,34.17027989,0.181685811,4314.875
Payette County,Idaho,16075,1455,3025,2.104175989,26385,51.7055145,34.76179648,0.191017624,10957.25
Power County,Idaho,16077,430,958.75,2.263863025,7980,55.68834586,66.44423559,0.168671679,2437
Shoshone County,Idaho,16079,741.25,1398.75,1.975994678,13623,46.67980621,50.178228,0.233722381,5002.875
Teton County,Idaho,16081,773.75,1463.75,1.853087276,12273,71.58567587,40.58282409,0.135093294,5569.75
Twin Falls County,Idaho,16083,5197.5,10570,2.118957366,92410,52.64367493,46.93092739,0.162936912,33621.75
Valley County,Idaho,16085,772.5,1440,1.827058755,12258,70.19676946,50.64219285,0.266764562,10745
Washington County,Idaho,16087,600,1226.25,2.110589878,10905,47.1305823,46.98055938,0.257221458,5432
Adams County,Illinois,17001,3882.5,7130,1.886726623,65077,59.60279361,54.93321757,0.203943021,33594.375
Alexander County,Illinois,17003,256.25,486.25,1.900482327,5028,50.35501193,28.26929196,0.244232299,2565.625
Bond County,Illinois,17005,861.25,1602.5,1.856622557,16797,47.0141692,34.7220337,0.183247008,9321.75
Boone County,Illinois,17007,3275,6307.5,1.933676269,53173,57.55089989,29.77456604,0.16450078,29193.375
Brown County,Illinois,17009,287.5,533.75,1.867662044,6444,47.57960894,66.7711049,0.145716946,2735.75
Bureau County,Illinois,17011,2060,3697.5,1.837697212,32999,53.19115731,36.48210552,0.226825055,19737.25
Calhoun County,Illinois,17013,261.25,506.25,1.915287858,4392,57.93101093,20.85678506,0.244990893,2896.25
Carroll County,Illinois,17015,917.5,1656.25,1.813286319,15712,52.46645876,36.12652749,0.24229888,10845
Cass County,Illinois,17017,767.5,1456.25,1.907448465,12778,51.37306308,54.92659258,0.17670997,5492.125
Champaign County,Illinois,17019,10818.75,19192.5,1.788720805,207232,58.75303525,57.92196186,0.135572691,126250.25
Christian County,Illinois,17021,1858.75,3370,1.806076837,33731,51.81139012,43.18692004,0.196673683,17930.75
Clark County,Illinois,17023,895,1722.5,1.966536814,15375,53.33255285,34.55108943,0.197463415,8176.875
Clay County,Illinois,17025,760,1446.25,1.97053355,13166,52.77168464,47.03379918,0.207124411,6188.625
Clinton County,Illinois,17027,2205,4153.75,1.817423835,36898,62.08241639,29.63225649,0.180334978,24628
Coles County,Illinois,17029,2606.25,4647.5,1.850659658,47136,54.6999109,56.6601536,0.179650373,27006.625
Cook County,Illinois,17031,312735,545781.25,1.723022408,5185134,76.3853613,82.36473271,0.155492992,2428460
Crawford County,Illinois,17033,1040,1957.5,1.908693491,18673,58.51828844,60.92593584,0.195790714,11425
Cumberland County,Illinois,17035,615,1170,1.927436615,10358,99.70090751,94.01129562,0.207279398,5543.5
DeKalb County,Illinois,17037,5970,10825,1.817793925,100584,53.13788475,42.59387179,0.134116758,60242.125
De Witt County,Illinois,17039,931.25,1712.5,1.844995281,15410,60.53238157,79.09798832,0.201427644,9365.25
Douglas County,Illinois,17041,1250,2381.25,1.936203866,19714,68.87313584,53.34117886,0.185249062,9646.375
DuPage County,Illinois,17043,58358.75,109507.5,1.74884252,927145,95.1638309,109.1622896,0.168083741,654095
Edgar County,Illinois,17045,962.5,1770,1.86399249,16601,57.10812602,51.98801277,0.238660322,9029.625
Edwards County,Illinois,17047,353.75,683.75,1.979770896,6087,51.70445211,48.51289634,0.22539839,2802.5
Effingham County,Illinois,17049,2158.75,4042.5,1.888553014,34514,68.41047111,65.31161268,0.18343281,19104.125
Fayette County,Illinois,17051,1128.75,2166.25,1.968046128,21438,46.76159157,27.81546786,0.18415897,10169.375
Ford County,Illinois,17053,797.5,1481.25,1.881116445,13480,68.33560831,58.5939911,0.190578635,7215.5
Franklin County,Illinois,17055,2018.75,3860,1.96004581,37484,48.23308612,26.0960143,0.206861594,18107.875
Fulton County,Illinois,17057,1862.5,3395,1.851152631,33344,49.87245082,25.46050264,0.211822217,19820.625
Gallatin County,Illinois,17059,257.5,491.25,1.936511236,4908,55.82436838,31.28524857,0.254482478,2201.125
Greene County,Illinois,17061,681.25,1298.75,1.94401495,11848,52.42505064,26.88327144,0.205604321,5459.875
Grundy County,Illinois,17063,3315,6227.5,1.788131243,52984,62.94379435,84.48186245,0.147384116,35851.625
Hamilton County,Illinois,17065,448.75,870,1.975400791,7908,55.34800202,43.30816894,0.221294891,3807.375
Hancock County,Illinois,17067,1038.75,1945,1.915862543,17395,59.12216154,33.91733257,0.239609083,9109.625
Hardin County,Illinois,17069,183.75,365,2.086278747,3640,53.27527473,26.42554945,0.273351648,1928.125
Henderson County,Illinois,17071,363.75,671.25,1.906723587,6309,55.0724362,27.61039784,0.266603265,2975.625
Henry County,Illinois,17073,2965,5568.75,1.865919544,48929,57.98481473,31.04340984,0.211203989,32125
Iroquois County,Illinois,17075,1600,2988.75,1.878441762,26761,57.08635701,38.06864467,0.222039535,13375.25
Jackson County,Illinois,17077,2721.25,4858.75,1.850656239,52986,49.44115427,49.46297135,0.163911222,34990.75
Jasper County,Illinois,17079,575,1101.25,1.908165191,9210,56.37046688,50.7383279,0.206840391,4834.875
Jefferson County,Illinois,17081,2042.5,3840,1.9132471,36899,49.70714654,48.09666929,0.196102875,18040.5
Jersey County,Illinois,17083,1260,2352.5,1.842092888,21350,54.74159251,24.12098361,0.200421546,13383.875
Jo Daviess County,Illinois,17085,1573.75,2666.25,1.772892275,22016,60.36446221,38.37063953,0.294694767,20146.375
Johnson County,Illinois,17087,635,1210,1.887410053,13481,41.73184482,17.70580817,0.194421779,9953
Kane County,Illinois,17089,32193.75,61136.25,1.841619468,516564,67.37959091,54.36801248,0.149917532,307004
Kankakee County,Illinois,17091,6276.25,11550,1.856015201,106757,53.04656369,61.23304327,0.17474264,56962.625
Kendall County,Illinois,17093,8355,16753.75,1.899002942,135023,63.02395147,29.70689438,0.109440614,64366.875
Knox County,Illinois,17095,2786.25,4966.25,1.821137133,49333,49.62280826,36.18139987,0.22151501,27384.375
Lake County,Illinois,17097,43377.5,82967.5,1.801974601,712733,99.84746181,90.07156677,0.152034493,488691.75
LaSalle County,Illinois,17099,6728.75,12066.25,1.793095601,109166,55.78425517,53.67675833,0.19346683,70481.375
Lawrence County,Illinois,17101,742.5,1392.5,1.907074675,15246,41.37367178,34.63072281,0.181621409,5842.25
Lee County,Illinois,17103,2002.5,3577.5,1.80268971,34202,53.36720075,47.20887667,0.205309631,22193.375
Livingston County,Illinois,17105,2108.75,3887.5,1.836242861,35799,58.24050951,59.80005028,0.195983128,21516.375
Logan County,Illinois,17107,1542.5,2777.5,1.772718302,27978,49.02602044,37.68761169,0.190828508,17031.25
McDonough County,Illinois,17109,1476.25,2643.75,1.843230221,26906,50.6895488,39.97773731,0.189028469,17799.625
McHenry County,Illinois,17111,20063.75,37622.5,1.793581449,311669,69.60322329,38.11113714,0.157923951,203734.875
McLean County,Illinois,17113,9796.25,17897.5,1.778452251,171411,63.53970282,76.95719645,0.141647852,117354.125
Macon County,Illinois,17115,5783.75,10593.75,1.840486649,102619,58.8975336,68.14490494,0.206608913,58544.625
Macoupin County,Illinois,17117,2607.5,4827.5,1.85809993,44563,54.13253147,25.40614411,0.211969571,27235.125
Madison County,Illinois,17119,15748.75,28740,1.817015115,265001,59.77735178,45.10130528,0.179350267,174771
Marion County,Illinois,17121,2123.75,3966.25,1.895794703,37390,53.25362396,36.57542124,0.197780155,19469.25
Marshall County,Illinois,17123,718.75,1310,1.837521709,11665,58.21405915,38.80805829,0.237891127,8077.25
Mason County,Illinois,17125,761.25,1400,1.88663138,12826,56.79307656,35.08934976,0.227116794,7860.375
Massac County,Illinois,17127,760,1451.25,1.967208657,13953,48.90783344,26.55400272,0.215939225,7838.75
Menard County,Illinois,17129,748.75,1423.75,1.826705014,12170,59.01857025,21.47600657,0.201643385,11099
Mercer County,Illinois,17131,950,1796.25,1.878894641,15583,59.12045177,25.92761342,0.216068793,9083.5
Monroe County,Illinois,17133,2216.25,4237.5,1.776265311,35007,74.62281829,28.66083926,0.188048105,29679.75
Montgomery County,Illinois,17135,1540,2871.25,1.847788288,28128,45.37258248,42.14380688,0.207444539,17225.875
Morgan County,Illinois,17137,1883.75,3360,1.794579936,33289,51.59322899,45.47394034,0.204031362,21209.75
Moultrie County,Illinois,17139,828.75,1591.25,1.960133311,14573,76.47876209,49.65525286,0.185136897,6886.5
Ogle County,Illinois,17141,3133.75,5875,1.866955315,51540,57.01441599,57.36030268,0.193364377,34247.375
Peoria County,Illinois,17143,10617.5,19435,1.841028831,179847,61.49683898,72.37278353,0.179463655,117845.375
Perry County,Illinois,17145,1066.25,1990,1.878696516,21027,47.07038569,30.4487088,0.19831645,10158.625
Piatt County,Illinois,17147,1010,1938.75,1.868357607,16764,70.30822,30.69130279,0.206394655,12384.75
Pike County,Illinois,17149,827.5,1598.75,1.968885235,14621,55.92079885,37.26393544,0.216948225,7159.375
Pope County,Illinois,17151,200,366.25,1.906037503,3763,40.5248472,17.38347064,0.300823811,3009.125
Pulaski County,Illinois,17153,272.5,513.75,1.987364772,5093,46.57471039,30.43255449,0.228941685,2585.625
Putnam County,Illinois,17155,366.25,663.75,1.803141451,5589,71.24100913,54.55501879,0.241009125,4188.125
Randolph County,Illinois,17157,1663.75,3033.75,1.828016939,30207,48.93541232,50.95173304,0.204753865,19605.875
Richland County,Illinois,17159,902.5,1687.5,1.947462278,15784,52.61283578,36.26786619,0.206348201,7459.875
Rock Island County,Illinois,17161,8463.75,15315,1.858418436,142943,51.83348607,69.05570052,0.199911853,94153.375
St. Clair County,Illinois,17163,14840,27463.75,1.842310988,255210,58.5271306,49.21595157,0.167125113,164312.75
Saline County,Illinois,17165,1223.75,2342.5,1.974199048,23368,51.75055632,35.67455495,0.211400205,11765.875
Sangamon County,Illinois,17167,12203.75,21633.75,1.745021567,195468,60.05694538,60.54690793,0.188353081,179382.875
Schuyler County,Illinois,17169,392.5,706.25,1.841417875,6835,54.05837601,33.33123628,0.233650329,3904.875
Scott County,Illinois,17171,292.5,543.75,1.913605959,4984,53.34610754,29.20967095,0.227126806,3035.375
Shelby County,Illinois,17173,1262.5,2383.75,1.890951146,20853,54.27439697,39.56385172,0.233203856,12017.5
Stark County,Illinois,17175,317.5,598.75,1.943155723,5291,62.02116802,47.78794179,0.23039123,2332.625
Stephenson County,Illinois,17177,2685,4835,1.837039346,44130,54.20555178,41.50870156,0.236664401,25497.75
Tazewell County,Illinois,17179,7983.75,14763.75,1.837520849,130640,59.41518677,43.7250842,0.194771892,93825.625
Union County,Illinois,17181,933.75,1763.75,1.959040288,17035,50.95474024,23.46827121,0.225829175,11544.625
Vermilion County,Illinois,17183,4010,7487.5,1.9019456,73175,50.45527844,44.26163307,0.200601298,35816.375
Wabash County,Illinois,17185,616.25,1188.75,1.954103841,11209,54.42653225,30.05379606,0.219823356,5565
Warren County,Illinois,17187,928.75,1762.5,1.901913345,16595,55.51051522,50.5672793,0.201325701,7817.125
Washington County,Illinois,17189,861.25,1582.5,1.804562023,13651,62.24181379,79.13522819,0.210827046,8594.75
Wayne County,Illinois,17191,900,1753.75,2.019960843,15995,51.11547359,29.57105345,0.220881525,6894.75
White County,Illinois,17193,752.5,1432.5,1.894340852,13767,61.88007554,39.09137793,0.230551318,6564.625
Whiteside County,Illinois,17195,3377.5,6145,1.866612755,55320,54.73288142,38.78814172,0.214750542,32757.125
Will County,Illinois,17197,43311.25,82837.5,1.838225193,699327,68.01903115,53.34713517,0.140445028,420836
Williamson County,Illinois,17199,3775,7091.25,1.890656961,66895,56.00146498,46.16065476,0.195425667,41851.375
Winnebago County,Illinois,17201,16953.75,31007.5,1.857194219,283413,52.98564286,50.40156944,0.181826522,144760.25
Woodford County,Illinois,17203,2293.75,4552.5,1.885007236,38220,66.75549451,32.73403977,0.188278388,29353
Adams County,Indiana,18001,2003.75,4337.5,2.227724063,36012,51.77121515,49.97995113,0.161418416,10132.125
Allen County,Indiana,18003,23848.75,44760,1.935858498,389220,61.27885515,57.53334104,0.152697703,148420.625
Bartholomew County,Indiana,18005,5062.5,9548.75,1.888913034,82732,68.22022917,82.9732268,0.164071943,36920.5
Benton County,Indiana,18007,540,1020,1.963405863,8678,57.40020742,58.30767458,0.173772759,2858.75
Blackford County,Indiana,18009,706.25,1312.5,1.91518862,12047,46.65510085,27.96862289,0.218477629,4416.125
Boone County,Indiana,18011,4576.25,9230,1.846297137,73087,101.6263357,62.79486092,0.1434318,42085.75
Brown County,Indiana,18013,992.5,1805,1.818063225,15590,62.91969211,20.93187941,0.254842848,9809.875
Carroll County,Indiana,18015,1252.5,2378.75,1.91633283,20519,53.94609874,35.73941225,0.20278766,8500.375
Cass County,Indiana,18017,2265,4278.75,1.957197759,37573,49.48196843,39.90583664,0.186064461,12669.25
Clark County,Indiana,18019,7643.75,13897.5,1.858430284,122922,57.6099071,48.80095508,0.163713574,48427.875
Clay County,Indiana,18021,1517.5,2941.25,1.986980544,26399,46.97958256,32.10754195,0.185840373,10887.875
Clinton County,Indiana,18023,1942.5,3773.75,1.991246773,32982,49.31987145,47.37547753,0.163695349,11717.5
Crawford County,Indiana,18025,591.25,1105,1.970455136,10490,44.26615825,18.58198284,0.205815062,4199.25
Daviess County,Indiana,18027,1873.75,3863.75,2.156150099,33410,60.91385813,47.09524095,0.157228375,10293.75
Dearborn County,Indiana,18029,3206.25,5968.75,1.859237181,50888,61.41451816,36.47396243,0.187313316,27348.875
Decatur County,Indiana,18031,1627.5,3047.5,1.958930762,26360,55.74540971,62.14343703,0.173254932,9011.875
DeKalb County,Indiana,18033,2701.25,5132.5,1.959004808,43417,58.74346454,63.11175346,0.169288528,15621.875
Delaware County,Indiana,18035,6026.25,10871.25,1.90532942,112059,47.86386636,37.97363889,0.17372991,39116
Dubois County,Indiana,18037,2855,5256.25,1.909467356,43569,69.41522642,63.8288462,0.181459294,18249.5
Elkhart County,Indiana,18039,12318.75,24003.75,2.002800826,207093,58.00349119,85.72635965,0.151212257,50648
Fayette County,Indiana,18041,1301.25,2436.25,1.972545627,23381,50.0872931,23.38287498,0.207005688,6961.375
Floyd County,Indiana,18043,4892.5,9025,1.862003014,80598,67.65358942,39.53031093,0.171269759,40536.5
Fountain County,Indiana,18045,1011.25,1917.5,1.934747247,16485,53.83415226,33.38016379,0.201152563,6883.875
Franklin County,Indiana,18047,1378.75,2700,1.997641672,22892,58.51266818,23.36043159,0.194784204,9735.5
Fulton County,Indiana,18049,1198.75,2287.5,1.968448524,20415,52.45290228,34.62023022,0.201126623,7375.375
Gibson County,Indiana,18051,2046.25,3833.75,1.943320301,32981,58.52433219,114.1531488,0.177526455,14074.75
Grant County,Indiana,18053,3638.75,6756.25,1.949388593,66189,49.1926453,38.02711931,0.193158984,23863.125
Greene County,Indiana,18055,1866.25,3527.5,1.942814382,30874,53.75506899,21.71072747,0.199974088,15676.875
Hamilton County,Indiana,18057,22168.75,44507.5,1.791374718,357691,103.421797,66.01480608,0.132874464,208294.75
Hancock County,Indiana,18059,5297.5,10212.5,1.852122162,81899,68.86800816,45.32015043,0.167999609,43303.625
Harrison County,Indiana,18061,2380,4576.25,1.950374638,39808,58.32277432,31.38100382,0.189208199,17751.125
Hendricks County,Indiana,18063,11202.5,21877.5,1.881338985,179830,64.14299616,42.03472168,0.146310404,87340.75
Henry County,Indiana,18065,2775,5161.25,1.947403978,49038,48.5210449,31.10398059,0.19387006,18598
Howard County,Indiana,18067,5188.75,9421.25,1.868372282,83653,50.21957372,59.59474257,0.196310951,42731.375
Huntington County,Indiana,18069,2266.25,4188.75,1.936605433,36788,52.97219202,43.19210069,0.181744047,13788.375
Jackson County,Indiana,18071,2731.25,5283.75,2.0018095,46231,52.15809738,59.37955052,0.162142285,14334.625
Jasper County,Indiana,18073,2035,3893.75,1.935044196,33155,59.37113558,42.64922334,0.18494948,14452.625
Jay County,Indiana,18075,1155,2293.75,2.139087027,20293,53.45173212,52.71216676,0.184152171,5860.5
Jefferson County,Indiana,18077,1857.5,3470,1.917624574,33124,54.83869702,51.02991788,0.186662239,15088.25
Jennings County,Indiana,18079,1603.75,3082.5,2.000059933,27513,52.237306,26.63319158,0.168502163,8211.75
Johnson County,Indiana,18081,10053.75,19461.25,1.907014665,164440,62.83795913,35.34424106,0.153387254,77397.875
Knox County,Indiana,18083,2060,3820,1.932324463,35982,57.54332722,55.04591184,0.18498138,12915.625
Kosciusko County,Indiana,18085,4945,9356.25,1.922304397,80265,59.62159098,77.40088457,0.17752445,31563.875
LaGrange County,Indiana,18087,2283.75,4933.75,2.211013747,40527,54.52167691,47.26755003,0.142670319,8585.125
Lake County,Indiana,18089,29401.25,53707.5,1.86004578,499319,56.41322681,47.48570954,0.174103128,225952.625
LaPorte County,Indiana,18091,6508.75,11755,1.821910943,112552,53.12743443,39.11082877,0.188961547,50306.25
Lawrence County,Indiana,18093,2732.5,5078.75,1.933265615,45063,54.56374409,32.02742827,0.203581652,21229.625
Madison County,Indiana,18095,7710,14122.5,1.90618979,130846,49.26410437,31.50419577,0.185737432,49892.5
Marion County,Indiana,18097,58376.25,103563.75,1.820366504,971682,72.00936006,108.5464308,0.128410324,299330.625
Marshall County,Indiana,18099,2845,5390,1.95626181,46168,53.97823168,37.75833911,0.184218506,16524.125
Martin County,Indiana,18101,605,1120,1.927053768,9807,54.11981238,122.0422147,0.207096972,5583.875
Miami County,Indiana,18103,1951.25,3682.5,1.956846917,36003,42.09152015,25.94033831,0.180262756,13036.125
Monroe County,Indiana,18105,7273.75,12332.5,1.744361483,141243,57.33094737,51.47282343,0.142074297,64532.375
Montgomery County,Indiana,18107,2328.75,4365,1.957023151,38069,52.66445139,47.36210565,0.184690956,14792.625
Morgan County,Indiana,18109,4483.75,8438.75,1.882885174,72289,57.46179917,27.81939161,0.178146053,37335.75
Newton County,Indiana,18111,855,1602.5,1.887635532,13815,53.79826276,25.59862468,0.202605863,5839.5
Noble County,Indiana,18113,2835,5502.5,1.99038755,47408,52.68787968,42.87622342,0.170118967,15683
Ohio County,Indiana,18115,355,651.25,1.850012481,5992,51.21111482,16.07626836,0.227970628,3204.25
Orange County,Indiana,18117,1100,2092.5,2.011420315,19816,47.57690755,34.61364554,0.202311264,6465.75
Owen County,Indiana,18119,1247.5,2381.25,1.977398325,21519,52.46777267,28.16376226,0.203680468,8614.5
Parke County,Indiana,18121,873.75,1760,2.107514057,16506,52.46504301,24.72101054,0.202714165,6721
Perry County,Indiana,18123,1087.5,2012.5,1.912331093,19341,47.34744843,45.18670183,0.189442118,7952.375
Pike County,Indiana,18125,706.25,1362.5,1.965332908,12176,50.33262155,46.26609724,0.205157687,4992.375
Porter County,Indiana,18127,10771.25,19910,1.798122334,174591,67.00484561,45.32127086,0.176755961,103249
Posey County,Indiana,18129,1515,2935,1.915336174,25170,61.30015892,160.3907032,0.20238379,14340.375
Pulaski County,Indiana,18131,736.25,1395,1.966765508,12368,60.00541721,56.96450517,0.213211514,4112.5
Putnam County,Indiana,18133,2118.75,3947.5,1.892759289,37036,49.5427422,30.0180095,0.170995788,14964.75
Randolph County,Indiana,18135,1438.75,2700,1.955237118,24415,55.47814868,38.93217284,0.203399549,7699.875
Ripley County,Indiana,18137,1771.25,3366.25,1.995352481,29025,53.41557278,38.4771404,0.185426357,12118
Rush County,Indiana,18139,1011.25,1903.75,1.934283426,16689,58.83773743,37.73401642,0.191203787,5853.875
St. Joseph County,Indiana,18141,15960,29262.5,1.906772894,272315,57.14970898,55.51877421,0.164956025,100036.75
Scott County,Indiana,18143,1367.5,2606.25,1.992303043,24423,47.4361872,30.16938951,0.17127298,7346.125
Shelby County,Indiana,18145,2731.25,5123.75,1.910946577,45113,55.92454503,49.6822202,0.18130029,17536.375
Spencer County,Indiana,18147,1226.25,2325,1.965595503,19841,57.10533743,45.68675974,0.201804345,8997.5
Starke County,Indiana,18149,1326.25,2528.75,1.924073875,23380,44.06210436,22.69118905,0.199101796,8593.875
Steuben County,Indiana,18151,2113.75,3817.5,1.841323179,34712,57.39781632,43.64153607,0.212894676,17689.375
Sullivan County,Indiana,18153,1107.5,2103.75,1.930372757,20787,45.0213114,46.53004282,0.184682734,7850.25
Switzerland County,Indiana,18155,536.25,1067.5,2.044543198,9863,44.34097131,25.70232181,0.185339146,3750.75
Tippecanoe County,Indiana,18157,9890,17942.5,1.868220085,187428,51.2815161,57.90332288,0.119667286,74858.875
Tipton County,Indiana,18159,958.75,1778.75,1.887826496,15393,52.22302345,40.00032482,0.217176639,7565.375
Union County,Indiana,18161,412.5,777.5,1.933584389,7016,51.4640821,20.78235462,0.204960091,2485.75
Vanderburgh County,Indiana,18163,10866.25,19216.25,1.855058332,180188,59.96588008,65.98577597,0.177159411,78066.5
Vermillion County,Indiana,18165,926.25,1707.5,1.884807297,15429,48.03998963,59.40365545,0.202346231,7056.875
Vigo County,Indiana,18167,5765,10406.25,1.888074044,106127,48.89328823,47.14546722,0.169316008,42245.25
Wabash County,Indiana,18169,1866.25,3470,1.94244813,30888,56.94816757,41.92320642,0.217851593,12353.75
Warren County,Indiana,18171,502.5,985,1.935125587,8453,57.32899562,33.50289838,0.208091802,3580.375
Warrick County,Indiana,18173,3972.5,7750,1.906642113,64660,72.33176616,40.34000928,0.181549644,36291.25
Washington County,Indiana,18175,1592.5,3115,2.027094317,28137,52.01769912,25.67604933,0.181291538,8713.75
Wayne County,Indiana,18177,3767.5,6995,1.971689045,66453,52.30224369,44.39343596,0.192903255,22655.5
Wells County,Indiana,18179,1733.75,3335,1.986832575,28165,54.61491212,41.92625599,0.18512338,11028.875
White County,Indiana,18181,1530,2837.5,1.906015479,24648,57.28878611,47.08633561,0.208982473,10552.75
Whitley County,Indiana,18183,2177.5,4088.75,1.90921456,34481,58.67135524,56.00130507,0.186943534,14587.125
Adair County,Iowa,19001,435,818.75,1.901965694,7522,68.8136134,62.70779048,0.222148365,3137.875
Adams County,Iowa,19003,212.5,410,1.979718222,3641,63.16478989,55.89755562,0.241691843,1427
Allamakee County,Iowa,19005,821.25,1616.25,2.000032302,13965,56.36842105,38.87568922,0.229072682,5691.875
Appanoose County,Iowa,19007,670,1288.75,2.020154978,12269,47.41421469,31.44029668,0.23685712,4960.625
Audubon County,Iowa,19009,321.25,622.5,1.974795608,5645,65.53782108,58.45013286,0.247475642,1962.375
Benton County,Iowa,19011,1492.5,2947.5,1.908767713,25745,65.34029909,32.85876869,0.190755487,11851.875
Black Hawk County,Iowa,19013,7405,13571.25,1.862287407,130587,55.75989187,59.5646121,0.173983628,61251.75
Boone County,Iowa,19015,1575,2986.25,1.853634164,26770,56.74587225,39.74269705,0.193985805,14392.375
Bremer County,Iowa,19017,1421.25,2847.5,1.944957028,25119,62.05856125,48.23711135,0.195509375,13193.125
Buchanan County,Iowa,19019,1175,2376.25,2.031114008,20707,61.93089293,39.27835997,0.182933308,8013.5
Buena Vista County,Iowa,19021,1200,2406.25,1.98346114,20794,53.9911032,69.18774647,0.162498798,6023.75
Butler County,Iowa,19023,828.75,1618.75,1.948768334,14351,60.71604766,39.19803498,0.230088496,6051.625
Calhoun County,Iowa,19025,547.5,1066.25,1.927418887,9894,61.54406711,41.95664039,0.232767334,3852.375
Carroll County,Iowa,19027,1238.75,2398.75,1.928669421,20754,65.90970415,65.14156307,0.210561819,8040.75
Cass County,Iowa,19029,765,1453.75,1.932752033,13085,62.54107757,55.35727933,0.233167749,5201.375
Cedar County,Iowa,19031,1117.5,2123.75,1.863545322,18429,66.10369526,33.67507732,0.207933149,9285.625
Cerro Gordo County,Iowa,19033,2513.75,4570,1.837426384,42767,76.87822386,66.24401992,0.230995861,21031.5
Cherokee County,Iowa,19035,687.5,1306.25,1.89841241,11539,85.56556027,67.82944796,0.247595112,4234.25
Chickasaw County,Iowa,19037,698.75,1351.25,1.890343123,11882,93.5824777,67.61765696,0.219744151,4221.25
Clarke County,Iowa,19039,548.75,1092.5,2.076960892,9751,48.82750487,47.31371141,0.189826684,3388.875
Clay County,Iowa,19041,997.5,1871.25,1.880997456,16459,65.41825141,66.76432347,0.219758187,6939.25
Clayton County,Iowa,19043,1025,1960,1.976016302,17058,64.48200258,49.79792473,0.245222183,7478.125
Clinton County,Iowa,19045,2701.25,5097.5,1.929320182,46491,53.13135876,48.79307823,0.200339851,22765.75
Crawford County,Iowa,19047,943.75,1872.5,1.95566658,16242,55.77465829,51.38240364,0.181997291,4929.5
Dallas County,Iowa,19049,6467.5,13060,1.829796443,104194,88.53084631,79.0781139,0.124738469,51423.125
Davis County,Iowa,19051,453.75,1042.5,2.392088118,9155,55.18383397,32.61212452,0.180338613,2673.75
Decatur County,Iowa,19053,381.25,757.5,2.074515952,7797,43.95164807,27.51481339,0.207515711,2538.875
Delaware County,Iowa,19055,1048.75,2043.75,1.947588758,17552,61.20396536,52.5368619,0.207725615,6867.25
Des Moines County,Iowa,19057,2310,4198.75,1.868298476,38545,61.53135296,55.62293423,0.210403425,18992.25
Dickinson County,Iowa,19059,1153.75,2087.5,1.747092705,17876,80.80750727,61.21067353,0.275173417,12014.875
Dubuque County,Iowa,19061,5975,10955,1.877471699,98863,63.70044405,69.65151776,0.187916612,46900.875
Emmet County,Iowa,19063,551.25,1012.5,1.879009886,9333,51.97224901,37.63537983,0.22618665,3102.375
Fayette County,Iowa,19065,1071.25,2055,1.956051375,19303,54.00393721,39.4569756,0.224576491,6919.5
Floyd County,Iowa,19067,902.5,1742.5,1.940746583,15458,61.20345452,56.33794799,0.224608617,6607.25
Franklin County,Iowa,19069,533.75,1076.25,1.971721587,9949,64.43039501,59.90883506,0.215599558,3596.875
Fremont County,Iowa,19071,385,751.25,1.953337632,6584,59.81303159,49.00410085,0.232533414,2760.875
Greene County,Iowa,19073,521.25,1002.5,1.928052101,8726,59.79108412,58.7381389,0.235388494,3774.25
Grundy County,Iowa,19075,715,1451.25,1.911485935,12376,65.32433743,45.09542663,0.207983193,6130.125
Guthrie County,Iowa,19077,642.5,1252.5,1.917317692,10598,70.10681261,48.54802793,0.234572561,5767.625
Hamilton County,Iowa,19079,862.5,1666.25,1.944267529,14866,62.43636486,54.0919548,0.204695278,5945.875
Hancock County,Iowa,19081,620,1220,1.940500186,10687,64.17488537,88.03630579,0.238139796,3952.75
Hardin County,Iowa,19083,956.25,1818.75,1.89929219,16705,65.0811733,51.07470817,0.233702484,6692
Harrison County,Iowa,19085,832.5,1631.25,1.933335927,14692,60.51647155,36.52851892,0.19718214,5989.125
Henry County,Iowa,19087,1091.25,2075,1.914844789,20387,50.30813754,43.42419189,0.194633835,8431
Howard County,Iowa,19089,573.75,1090,1.946037204,9509,63.98338416,57.77368808,0.202755284,3322.5
Humboldt County,Iowa,19091,552.5,1078.75,1.913890478,9630,59.10685358,46.37736241,0.21536864,3746.5
Ida County,Iowa,19093,407.5,782.5,1.890322706,6980,67.96876791,79.82679083,0.217908309,2309.25
Iowa County,Iowa,19095,982.5,1918.75,1.910865417,16583,61.09413255,55.32690104,0.193873244,8152.625
Jackson County,Iowa,19097,1170,2231.25,1.964576313,19402,57.05788063,33.7455417,0.215905577,8322
Jasper County,Iowa,19099,2110,4086.25,1.903710715,37887,52.47881859,30.18417927,0.193839576,16336.25
Jefferson County,Iowa,19101,886.25,1595,1.865239794,15786,56.8351704,46.86221969,0.261877613,6458.625
Johnson County,Iowa,19103,8572.5,15448.75,1.783804555,155047,65.00901662,62.7111521,0.129199533,82132.875
Jones County,Iowa,19105,1133.75,2181.25,1.914750828,20832,55.83741359,31.13944892,0.208861367,8972.125
Keokuk County,Iowa,19107,556.25,1091.25,2.004886508,9912,56.81113801,33.04751816,0.221549637,3251.25
Kossuth County,Iowa,19109,882.5,1688.75,1.89610098,14511,66.13720626,69.36778995,0.250361795,5894.375
Lee County,Iowa,19111,1802.5,3440,1.938943869,33260,51.00974143,52.30466025,0.217408298,15694.375
Linn County,Iowa,19113,13720,25363.75,1.827578947,229474,63.88091026,75.65338121,0.168188989,121603.875
Louisa County,Iowa,19115,605,1178.75,1.925931759,10736,52.85301788,70.62975037,0.198584203,4450
Lucas County,Iowa,19117,495,993.75,2.01756518,8708,49.7798576,30.72657327,0.217730822,3723
Lyon County,Iowa,19119,680,1458.75,2.080793609,12035,70.87727462,76.16377233,0.187951807,2933.625
Madison County,Iowa,19121,976.25,1993.75,1.972184665,16792,62.26512625,31.05318009,0.172105765,8138.625
Mahaska County,Iowa,19123,1206.25,2382.5,1.993772124,21982,55.28186698,38.8873169,0.18856337,8009.125
Marion County,Iowa,19125,1908.75,3812.5,1.945545726,33450,65.04313901,63.8851719,0.191689088,18531
Marshall County,Iowa,19127,2257.5,4455,1.962838774,39915,49.75117124,43.8677189,0.182462733,16585.625
Mills County,Iowa,19129,842.5,1695,1.929075719,14491,67.90180112,34.13629149,0.200538265,8861.125
Mitchell County,Iowa,19131,606.25,1196.25,1.980774326,10555,100.2108006,74.1263856,0.211558503,3948.375
Monona County,Iowa,19133,492.5,926.25,1.874717028,8595,60.31448517,42.77370564,0.237463642,3181.25
Monroe County,Iowa,19135,428.75,840,1.959172397,7586,58.0145004,64.7893488,0.197996309,3230.125
Montgomery County,Iowa,19137,586.25,1106.25,1.926455331,10317,50.87118348,41.60443927,0.218668218,4445.75
Muscatine County,Iowa,19139,2521.25,4755,1.891932744,42693,57.00735484,58.98810109,0.178179093,20416
O'Brien County,Iowa,19141,807.5,1602.5,1.947324105,14048,64.27128417,62.07737756,0.214194191,4277
Osceola County,Iowa,19143,352.5,680,1.932681952,6174,60.15030774,60.87269193,0.2265954,1603
Page County,Iowa,19145,810,1525,1.88406622,15232,53.9086791,41.07707458,0.23595063,6848.75
Palo Alto County,Iowa,19147,511.25,972.5,1.905038883,8932,60.45488133,61.00067174,0.222122705,3065.5
Plymouth County,Iowa,19149,1551.25,3076.25,1.922079888,25738,67.9466159,60.50769291,0.190651954,11257.125
Pocahontas County,Iowa,19151,390,750,1.90746191,7043,60.22163851,67.93639074,0.236404941,2270
Polk County,Iowa,19153,30242.5,56221.25,1.811795473,497903,68.38592256,98.33692105,0.136464331,226603.875
Pottawattamie County,Iowa,19155,5347.5,10011.25,1.871880961,93403,58.51713542,49.36051305,0.182499491,41881.75
Poweshiek County,Iowa,19157,1025,1898.75,1.839710306,18623,56.74891263,64.76888793,0.211351555,8490.5
Ringgold County,Iowa,19159,263.75,520,2.003264283,4636,56.25884383,34.0606126,0.22907679,2169.75
Sac County,Iowa,19161,591.25,1118.75,1.853578841,9771,71.66543854,56.70064477,0.237744346,3528.25
Scott County,Iowa,19163,10346.25,19301.25,1.854701121,174250,66.67237877,58.94395409,0.17133429,100966.375
Shelby County,Iowa,19165,710,1355,1.883476623,11776,66.91227921,69.32150136,0.229194973,4482.375
Sioux County,Iowa,19167,1870,4065,2.121675087,35979,66.50626754,70.76452931,0.160121182,8121.875
Story County,Iowa,19169,4861.25,8666.25,1.774450809,99683,55.65883852,59.27147056,0.127975683,47338.75
Tama County,Iowa,19171,1035,1937.5,1.883689309,16862,56.62483691,39.63266516,0.203653185,6600.625
Taylor County,Iowa,19173,337.5,666.25,2.001463521,5868,55.90524881,46.66462168,0.229038855,2213.625
Union County,Iowa,19175,673.75,1273.75,2.01973573,12048,49.29083665,63.83590637,0.208167331,4853.5
Van Buren County,Iowa,19177,387.5,792.5,2.088712054,7256,48.74283352,30.09068357,0.226571114,3239.125
Wapello County,Iowa,19179,1933.75,3756.25,1.993940898,35304,47.08466463,47.91374915,0.182557217,12637.875
Warren County,Iowa,19181,3190,6435,1.886663901,53487,66.40320078,26.12197356,0.164694225,29084.625
Washington County,Iowa,19183,1308.75,2625,2.002537655,22526,80.54741188,55.81896475,0.199236438,9417.375
Wayne County,Iowa,19185,348.75,751.25,2.224602191,6522,54.52621895,36.07421036,0.22017786,2160.75
Webster County,Iowa,19187,2107.5,3765,1.814998275,37172,53.30961476,56.33253524,0.191784139,13198
Winnebago County,Iowa,19189,623.75,1151.25,1.863352368,10657,53.31519189,46.17031059,0.216102093,4403
Winneshiek County,Iowa,19191,1173.75,2183.75,1.86186172,19944,62.68190935,50.68762535,0.222773767,9977.125
Woodbury County,Iowa,19193,6046.25,11447.5,1.936040153,105801,53.64496555,51.26770068,0.153845427,33319.25
Worth County,Iowa,19195,432.5,832.5,1.886622149,7374,56.95741795,49.81936534,0.221046922,2888.75
Wright County,Iowa,19197,720,1400,1.946663224,12821,66.46338039,64.91240933,0.21948366,5026
Allen County,Kansas,20001,725,1343.75,1.993320056,12506,49.83439949,44.8733408,0.210538941,4461.75
Anderson County,Kansas,20003,447.5,898.75,2.064108094,7811,56.24043016,48.12815261,0.205223403,2967.5
Atchison County,Kansas,20005,851.25,1632.5,1.994595157,16235,45.60098553,38.50107792,0.176655374,6210.75
Barber County,Kansas,20007,250,477.5,1.959684914,4105,59.65334957,50.37880633,0.249939099,1749
Barton County,Kansas,20009,1463.75,2786.25,1.943194815,25267,57.89207266,50.44845055,0.202121344,7739.625
Bourbon County,Kansas,20011,773.75,1551.25,2.155179232,14327,48.95246737,41.13624625,0.197249948,4833.625
Brown County,Kansas,20013,543.75,1066.25,2.01985124,9456,53.23466582,53.67079103,0.214890017,3100.5
Butler County,Kansas,20015,3775,7596.25,1.987993866,67984,58.309514,41.04692281,0.15883149,33914.625
Chase County,Kansas,20017,146.25,277.5,1.93073489,2608,66.52338957,48.14800613,0.23351227,1165.375
Chautauqua County,Kansas,20019,175,352.5,2.00489945,3384,47.89864066,23.93262411,0.248522459,1202.375
Cherokee County,Kansas,20021,1028.75,2041.25,2.068599227,19182,53.62798457,42.56271505,0.195652174,5619.875
Cheyenne County,Kansas,20023,155,298.75,1.999102536,2635,64.10626186,49.4740038,0.258444023,843.25
Clark County,Kansas,20025,112.5,212.5,1.937347375,1957,59.42565151,114.0792029,0.207971385,605
Clay County,Kansas,20027,487.5,941.25,2.008478724,8099,52.80577849,33.41647117,0.23434992,3467.875
Cloud County,Kansas,20029,497.5,946.25,1.986149664,8965,52.52236475,48.91823759,0.208812047,3351.375
Coffey County,Kansas,20031,486.25,951.25,1.975997765,8343,57.52055615,90.60421911,0.221862639,5057.25
Comanche County,Kansas,20033,96.25,183.75,1.993700397,1667,61.28074385,42.64427115,0.268746251,500.375
Cowley County,Kansas,20035,1836.25,3582.5,1.979546236,34631,46.29589096,38.10346222,0.183592735,14541.75
Crawford County,Kansas,20037,2057.5,3875,1.997964973,39034,47.42024901,43.01519188,0.156735154,12436.625
Decatur County,Kansas,20039,165,305,1.925175089,2756,65.21335269,58.1030479,0.286647315,884.625
Dickinson County,Kansas,20041,1095,2146.25,2.001181604,18463,51.25851703,35.52770406,0.204300493,8866.75
Doniphan County,Kansas,20043,413.75,801.25,1.92962471,7455,51.95278337,33.20831657,0.198658618,2670.5
Douglas County,Kansas,20045,6603.75,11458.75,1.767147048,119503,56.8443219,44.55550907,0.133971532,58019.625
Edwards County,Kansas,20047,165,313.75,1.921182984,2802,72.46859386,57.81013562,0.219129193,858.125
Elk County,Kansas,20049,138.75,273.75,2.021381171,2431,48.57877417,36.42739613,0.277663513,1079
Ellis County,Kansas,20051,1667.5,3005,1.888302993,28856,57.85701414,60.45207236,0.15802606,10509.125
Ellsworth County,Kansas,20053,328.75,622.5,1.916073674,6328,51.77117573,44.52512642,0.23119469,2748.375
Finney County,Kansas,20055,2198.75,4406.25,2.051049029,38091,52.16339818,61.88002415,0.115801633,7293.25
Ford County,Kansas,20057,1910,3893.75,2.047304193,34190,47.32977479,76.5878327,0.114945891,6795.25
Franklin County,Kansas,20059,1513.75,2878.75,1.939236178,26024,51.98224716,33.30890716,0.176567784,10071.625
Geary County,Kansas,20061,2062.5,4313.75,2.131080058,36131,52.6232598,80.28703883,0.090282583,11370.5
Gove County,Kansas,20063,165,316.25,1.96184349,2750,101.5170909,88.32290909,0.232,793.375
Graham County,Kansas,20065,147.5,270,1.930793226,2403,74.02122347,72.28880566,0.269246775,899.875
Grant County,Kansas,20067,377.5,807.5,2.089691598,7335,54.99400136,52.56714383,0.140149966,1928.75
Gray County,Kansas,20069,347.5,717.5,2.12984563,5661,77.84949656,113.329977,0.160925632,1306.5
Greeley County,Kansas,20071,70,141.25,2.102380952,1283,99.03507405,101.7474669,0.190958691,301.5
Greenwood County,Kansas,20073,333.75,643.75,2.027049994,5921,53.84056747,30.59702753,0.264313461,2593.5
Hamilton County,Kansas,20075,135,283.75,2.118034136,2478,94.49031477,83.50807103,0.14205004,503
Harper County,Kansas,20077,303.75,585,2.043656734,5352,65.54110613,55.40601644,0.221599402,1862.375
Harvey County,Kansas,20079,1973.75,3800,1.966694603,33799,54.15976804,39.70934051,0.203408385,15834.25
Haskell County,Kansas,20081,211.25,456.25,2.145058321,3653,88.4968519,100.8456064,0.169723515,788.375
Hodgeman County,Kansas,20083,105,203.75,1.941826743,1724,73.16763341,78.85092807,0.222157773,430.875
Jackson County,Kansas,20085,768.75,1527.5,2.054529473,13264,53.39558203,25.69209891,0.196094692,5861.75
Jefferson County,Kansas,20087,1098.75,2133.75,1.907845158,18435,57.74293464,20.14597234,0.198372661,10837.375
Jewell County,Kansas,20089,173.75,322.5,1.975579323,2947,67.62538174,44.91211401,0.30675263,1202.75
Johnson County,Kansas,20091,38042.5,72393.75,1.750033037,614962,93.15600639,87.91267753,0.154302217,393569.125
Kearny County,Kansas,20093,212.5,443.75,2.092334645,3895,67.50834403,53.24646983,0.163543004,1138.125
Kingman County,Kansas,20095,443.75,856.25,1.973416669,7288,57.83603183,42.86896268,0.204034029,3313.75
Kiowa County,Kansas,20097,127.5,263.75,2.136410379,2407,54.14333195,46.38678853,0.231823847,706
Labette County,Kansas,20099,1088.75,2128.75,2.097285284,19908,51.3090215,40.3164557,0.200321479,6592.875
Lane County,Kansas,20101,96.25,185,1.918236643,1564,95.35933504,94.99360614,0.238491049,470.125
Leavenworth County,Kansas,20103,4452.5,8851.25,1.902857369,82395,53.83490503,36.22075369,0.155907519,55167.125
Lincoln County,Kansas,20105,168.75,321.25,2.047417279,2907,57.71929825,50.31028552,0.257309942,1014.75
Linn County,Kansas,20107,573.75,1115,2.015351564,9745,50.92693689,52.35751668,0.221241662,4710.375
Logan County,Kansas,20109,167.5,321.25,1.966544214,2713,68.28086989,59.61150018,0.208993734,908.75
Lyon County,Kansas,20111,1876.25,3451.25,1.924879216,32034,49.89358182,50.04161204,0.160079915,12207.5
McPherson County,Kansas,20113,1746.25,3325,1.924414268,30167,64.07471741,66.81247721,0.199290616,14092.125
Marion County,Kansas,20115,656.25,1313.75,2.030927678,11744,52.48484332,35.58770436,0.234928474,4471.875
Marshall County,Kansas,20117,606.25,1173.75,1.965033034,10023,49.41494563,55.86959992,0.222488277,4090.5
Meade County,Kansas,20119,241.25,471.25,1.924551128,3998,73.11855928,51.27988994,0.182841421,1317.875
Miami County,Kansas,20121,2053.75,4063.75,1.925178234,34641,64.15392165,29.96284749,0.176784735,18441.625
Mitchell County,Kansas,20123,358.75,700,1.991412187,5750,76.93321739,90.1093913,0.226782609,2524.125
Montgomery County,Kansas,20125,1611.25,3153.75,2.048214918,31180,45.7355356,68.74114817,0.203014753,10372.75
Morris County,Kansas,20127,313.75,613.75,1.996653124,5388,55.67928731,38.57368226,0.255939124,2660.75
Morton County,Kansas,20129,153.75,310,2.098292607,2674,61.3605086,56.31488407,0.209798055,949.625
Nemaha County,Kansas,20131,616.25,1243.75,2.029136137,10228,69.86263199,48.90271803,0.194955025,3229.5
Neosho County,Kansas,20133,860,1688.75,2.08820627,15791,49.29054525,38.7637895,0.198150845,5578.875
Ness County,Kansas,20135,162.5,302.5,1.819494364,2658,76.45334838,81.31602709,0.244544771,867.75
Norton County,Kansas,20137,280,520,1.939818948,5370,60.00968343,56.09087523,0.202234637,1914.5
Osage County,Kansas,20139,928.75,1801.25,1.98824675,15754,53.610829,19.96673861,0.203440396,8268.25
Osborne County,Kansas,20141,205,388.75,1.996169102,3487,65.301692,55.07484944,0.25781474,999.125
Ottawa County,Kansas,20143,343.75,675,1.981140695,5835,55.30008569,22.87215081,0.206855184,2382
Pawnee County,Kansas,20145,347.5,633.75,1.909952862,6240,49.67836538,43.35753205,0.233173077,2113.75
Phillips County,Kansas,20147,305,570,1.943519044,4818,71.70008302,89.39809049,0.250933998,2177.75
Pottawatomie County,Kansas,20149,1466.25,3126.25,2.098375373,25884,64.51541493,45.4619456,0.150131355,12435
Pratt County,Kansas,20151,521.25,991.25,1.972418167,9168,58.85394852,63.16164921,0.207024433,3606.5
Rawlins County,Kansas,20153,146.25,285,1.951308505,2561,68.38812964,47.14955096,0.278406872,859.375
Reno County,Kansas,20155,3568.75,6617.5,1.955237098,61523,50.76638005,42.69978707,0.201501877,25077.25
Republic County,Kansas,20157,287.5,533.75,1.962843407,4699,54.65992764,51.9791445,0.268780592,1702
Rice County,Kansas,20159,508.75,1017.5,2.048723688,9388,56.65839369,75.73317,0.194610141,3372.625
Riley County,Kansas,20161,3271.25,5750,1.819956401,71870,53.34101851,40.72369556,0.099415612,27411.125
Rooks County,Kansas,20163,287.5,540,1.971462978,4859,53.81189545,44.43033546,0.231323318,1497.625
Rush County,Kansas,20165,188.75,335,1.884210967,2935,67.97035775,55.12402044,0.255536627,1157.125
Russell County,Kansas,20167,397.5,746.25,1.961805702,6694,60.93800418,45.95996415,0.248580819,2387.375
Saline County,Kansas,20169,3296.25,5968.75,1.894138428,53829,59.18876442,54.42688885,0.190213454,22440.875
Scott County,Kansas,20171,290,578.75,1.986663306,5115,65.25298143,72.95640274,0.190029326,1454.875
Sedgwick County,Kansas,20173,30731.25,58101.25,1.926304134,524470,61.60777356,62.65443591,0.154397773,234699.75
Seward County,Kansas,20175,1181.25,2477.5,2.132298371,21764,46.42285425,60.9631961,0.106643999,2763.5
Shawnee County,Kansas,20177,10728.75,19407.5,1.842067717,178424,58.56377505,63.63484733,0.189867955,102845.5
Sheridan County,Kansas,20179,156.25,307.5,2.028782579,2451,62.85516116,70.38882089,0.235414117,835.125
Sherman County,Kansas,20181,326.25,631.25,1.984454924,5939,56.95891564,53.4984004,0.200370433,1622.5
Smith County,Kansas,20183,228.75,428.75,1.964329482,3566,67.20611329,52.5064498,0.289680314,1319.125
Stafford County,Kansas,20185,232.5,450,1.991347754,4012,59.18519442,49.09322034,0.220837488,1182.5
Stanton County,Kansas,20187,106.25,226.25,2.127838828,2046,83.76050831,87.63147605,0.176930596,402.375
Stevens County,Kansas,20189,286.25,593.75,2.116380957,5305,55.83298775,64.43204524,0.155136664,1261.125
Sumner County,Kansas,20191,1286.25,2542.5,2.00301284,22327,50.79553903,32.56501097,0.196802078,10532.125
Thomas County,Kansas,20193,455,860,1.915352452,7950,60.35257862,90.21761006,0.181257862,2174.125
Trego County,Kansas,20195,182.5,331.25,1.867705098,2791,68.53923325,63.06592619,0.258330348,1040.625
Wabaunsee County,Kansas,20197,422.5,841.25,1.995663992,6970,61.13457676,20.43615495,0.20989957,4000.375
Wallace County,Kansas,20199,80,173.75,2.235416667,1513,61.4871117,53.55320555,0.235955056,397.5
Washington County,Kansas,20201,336.25,662.5,2.040744448,5521,55.84622351,37.66763268,0.234558957,1590.5
Wichita County,Kansas,20203,132.5,257.5,2.037802371,2079,71.69119769,112.4574315,0.208754209,400
Wilson County,Kansas,20205,460,900,2.054562429,8525,51.45454545,37.31049853,0.228973607,2604.625
Woodson County,Kansas,20207,176.25,346.25,2.055334861,3086,50.39112119,27.15132858,0.254698639,1165.25
Wyandotte County,Kansas,20209,9037.5,17127.5,1.95428908,167279,41.28479367,70.61729805,0.129281022,42408.875
Adair County,Kentucky,21001,943.75,1868.75,2.119330547,18928,44.75945689,22.2228973,0.190881234,5674.25
Allen County,Kentucky,21003,1053.75,2135,2.099063622,20833,42.90087841,22.8063169,0.179570873,6612.875
Anderson County,Kentucky,21005,1392.5,2726.25,1.944819968,24093,49.79724401,25.46909891,0.165027186,13270.75
Ballard County,Kentucky,21007,430,825,1.937977286,7689,54.62335804,34.7134868,0.216673169,3772.125
Barren County,Kentucky,21009,2375,4683.75,2.090782923,44588,45.19088095,31.5880506,0.179039203,16336.375
Bath County,Kentucky,21011,617.5,1311.25,2.239271458,12797,40.57224349,15.80393842,0.172149723,3788.625
Bell County,Kentucky,21013,1065,2122.5,2.088571458,23788,41.80195897,32.56860602,0.197242307,5803.5
Boone County,Kentucky,21015,8332.5,16063.75,1.888743001,137707,63.36486889,90.39661746,0.143514854,68049.875
Bourbon County,Kentucky,21017,1141.25,2150,1.942788271,20220,61.74485658,46.15751731,0.198219585,8715.375
Boyd County,Kentucky,21019,2408.75,4630,1.962306842,47754,49.20553252,58.67309545,0.202558948,21532.875
Boyle County,Kentucky,21021,1580,3013.75,1.983676526,30600,50.0420915,43.54771242,0.188235294,15606.5
Bracken County,Kentucky,21023,467.5,916.25,2.026890086,8445,45.95784488,19.50017762,0.178448786,3601.5
Breathitt County,Kentucky,21025,521.25,1102.5,2.192419902,13558,40.27253282,16.70511875,0.183950435,3701.125
Breckinridge County,Kentucky,21027,1072.5,2187.5,2.084590454,20679,43.42739011,18.9764979,0.200976836,8439.25
Bullitt County,Kentucky,21029,5003.75,9456.25,1.899706604,83068,55.39766216,33.04349449,0.16911446,37036.25
Butler County,Kentucky,21031,641.25,1322.5,2.14997884,12297,45.83077173,25.44010734,0.188907864,3899.625
Caldwell County,Kentucky,21033,685,1335,2.04488294,12682,45.81359407,34.33354361,0.210455764,5487.875
Calloway County,Kentucky,21035,1960,3616.25,1.949371433,37904,46.61811418,37.96797172,0.170536091,17618.125
Campbell County,Kentucky,21037,5623.75,9985,1.756810165,92824,67.10220417,41.28145738,0.170473153,49763.875
Carlisle County,Kentucky,21039,256.25,517.5,2.029042052,4761,62.1020794,42.74963243,0.20436883,1823.25
Carroll County,Kentucky,21041,586.25,1162.5,2.051544222,10899,48.91879989,162.1980916,0.161941463,4469.625
Carter County,Kentucky,21043,1290,2647.5,2.138886522,26438,40.77918148,19.38989334,0.196875709,10146.625
Casey County,Kentucky,21045,757.5,1597.5,2.229798275,15922,42.51457103,22.32966964,0.203617636,4202
Christian County,Kentucky,21047,3642.5,7345,2.106800338,73144,46.95270972,84.98940446,0.126900361,20535.75
Clark County,Kentucky,21049,2061.25,3925,1.966762086,36892,51.89434024,41.51257725,0.18104196,16878.25
Clay County,Kentucky,21051,783.75,1676.25,2.181721277,20162,39.66625335,17.37054856,0.157871243,4298.5
Clinton County,Kentucky,21053,467.5,926.25,2.089372734,9281,44.65973494,36.60640017,0.200086198,2509.625
Crittenden County,Kentucky,21055,450,905,2.064999914,8944,45.10845259,21.54505814,0.213103757,3208.625
Cumberland County,Kentucky,21057,326.25,661.25,2.185074468,5902,55.84530668,32.13334463,0.227549983,2195.75
Daviess County,Kentucky,21059,5881.25,11200,1.962830009,103087,53.09227158,45.69829367,0.173736747,47766.875
Edmonson County,Kentucky,21061,628.75,1281.25,2.076081619,12228,42.31280667,15.04555119,0.210991168,4517.375
Elliott County,Kentucky,21063,281.25,593.75,2.072738904,7364,29.37316676,11.71455731,0.207903313,2243.75
Estill County,Kentucky,21065,673.75,1345,2.094120476,14083,42.08307889,16.20535397,0.194347795,4544.875
Fayette County,Kentucky,21067,18327.5,32278.75,1.782762712,320431,67.21294132,69.50382142,0.143912418,149419.25
Fleming County,Kentucky,21069,780,1622.5,2.203957124,15262,42.09520377,20.63373083,0.185165771,5087.875
Floyd County,Kentucky,21071,1565,3202.5,2.098496518,35298,44.39580146,31.42042042,0.194175307,8765.25
Franklin County,Kentucky,21073,3153.75,5601.25,1.822860988,51721,53.34601032,67.71437134,0.18367781,41437.875
Fulton County,Kentucky,21075,281.25,538.75,2.032167177,6486,43.3052729,34.76117792,0.211224175,1675.625
Gallatin County,Kentucky,21077,471.25,935,2.017441765,8756,46.03666058,44.06589767,0.147784376,3094
Garrard County,Kentucky,21079,927.5,1896.25,2.092898016,17368,47.53592814,17.4296983,0.186607554,7038.625
Grant County,Kentucky,21081,1376.25,2732.5,2.014629789,25293,48.04246234,23.24137113,0.141264381,8748.875
Graves County,Kentucky,21083,1912.5,3825,2.084265124,36665,51.14924315,35.71485068,0.188026728,13155.25
Grayson County,Kentucky,21085,1346.25,2708.75,2.13332354,26582,44.4125348,27.8519675,0.182792867,9337
Green County,Kentucky,21087,568.75,1153.75,2.1462941,11328,44.59816384,15.31320621,0.208951271,3503.25
Greenup County,Kentucky,21089,1838.75,3670,2.033147946,35660,50.66034773,22.75824453,0.217021873,17280.75
Hancock County,Kentucky,21091,482.5,968.75,2.039160689,9076,58.84167034,92.73005729,0.182128691,4106.125
Hardin County,Kentucky,21093,6307.5,12196.25,1.968019385,111870,56.27083222,51.89861446,0.148064718,58732.375
Harlan County,Kentucky,21095,1048.75,2241.25,2.207842914,26139,39.09158728,22.35896553,0.191552852,5669.75
Harrison County,Kentucky,21097,1060,2083.75,2.039787809,18961,46.60392384,28.11339064,0.183323664,8618.75
Hart County,Kentucky,21099,962.5,2020,2.247099198,19476,45.53352845,31.00318341,0.169490655,5558.25
Henderson County,Kentucky,21101,2503.75,4683.75,1.94015005,44409,56.29575086,50.11227454,0.188160058,19014.125
Henry County,Kentucky,21103,905,1741.25,1.965362569,15707,53.69618641,22.34042147,0.183039409,7185.5
Hickman County,Kentucky,21105,230,456.25,2.125735065,4427,56.49152925,43.28552067,0.259317822,1628
Hopkins County,Kentucky,21107,2350,4625,1.999897644,45149,49.73117899,44.01920308,0.188597754,18605.25
Jackson County,Kentucky,21109,576.25,1255,2.262622431,12975,39.54250482,12.58712909,0.178805395,3415.375
Jefferson County,Kentucky,21111,46912.5,82118.75,1.788356698,777624,68.37834609,80.1346049,0.16801179,380867.875
Jessamine County,Kentucky,21113,3025,5973.75,2.01559751,53583,64.04540619,40.5645074,0.160274714,25022.125
Johnson County,Kentucky,21115,963.75,2032.5,2.144340159,22550,40.99055432,20.5881153,0.190643016,6601.625
Kenton County,Kentucky,21117,10202.5,18617.5,1.825119315,169641,76.2656728,56.04895043,0.152439564,80905
Knott County,Kentucky,21119,600,1227.5,2.135792933,14040,42.95911681,15.10690883,0.203490028,3959.75
Knox County,Kentucky,21121,1400,2918.75,2.170003607,30028,38.88327561,21.92650193,0.17676835,7453.5
Larue County,Kentucky,21123,807.5,1593.75,2.075341452,15035,44.90196209,15.18809445,0.175656801,6214.375
Laurel County,Kentucky,21125,3138.75,6323.75,2.106036082,62582,42.71975968,36.34241475,0.168962321,18693.125
Lawrence County,Kentucky,21127,693.75,1485,2.227158347,16273,40.73711055,25.322989,0.184600258,4407.5
Lee County,Kentucky,21129,281.25,555,1.972740641,7457,35.29234277,17.1103661,0.187206651,1616.375
Leslie County,Kentucky,21131,400,863.75,2.332239827,10284,39.88010502,15.28967328,0.189420459,2013.625
Letcher County,Kentucky,21133,866.25,1813.75,2.159062222,21229,40.67638608,20.29134674,0.204767064,4715.25
Lewis County,Kentucky,21135,617.5,1301.25,2.186643218,12982,40.63287629,14.43306116,0.193036512,3656.5
Lincoln County,Kentucky,21137,1238.75,2528.75,2.166879112,24232,43.28371575,18.53627435,0.184755695,7436.25
Livingston County,Kentucky,21139,490,945,1.97155007,8981,49.22213562,36.08273021,0.221801581,4463.5
Logan County,Kentucky,21141,1492.5,2990,2.069837349,27807,48.01344985,41.07800194,0.184521883,10294.875
Lyon County,Kentucky,21143,430,792.5,1.835763426,8434,48.25349775,29.11690775,0.255276263,5714.625
McCracken County,Kentucky,21145,3847.5,7100,1.902029815,67554,67.8466264,77.01620925,0.201897741,36144.375
McCreary County,Kentucky,21147,633.75,1382.5,2.279376335,16800,35.50875,15.56428571,0.163392857,2893.625
McLean County,Kentucky,21149,481.25,960,2.082082808,9121,50.05273545,25.33252933,0.198333516,3785
Madison County,Kentucky,21151,5067.5,9661.25,1.95680619,93453,49.43844499,35.78101292,0.145206681,40359.5
Magoffin County,Kentucky,21153,486.25,1057.5,2.228811221,11490,43.71279373,13.82715405,0.187989556,3172.25
Marion County,Kentucky,21155,1107.5,2098.75,2.005494226,19728,46.80256488,49.875,0.169555961,6927.5
Marshall County,Kentucky,21157,1810,3431.25,1.949801187,31810,52.81163156,43.38855706,0.221251179,18286.625
Martin County,Kentucky,21159,366.25,798.75,2.46855794,11165,34.06950291,18.73416928,0.174473802,1992.875
Mason County,Kentucky,21161,922.5,1778.75,1.98107152,16952,50.75985134,71.54607126,0.189594148,7748.5
Meade County,Kentucky,21163,1675,3413.75,2.037430162,30125,50.13102075,21.65722822,0.15273029,14927.375
Menifee County,Kentucky,21165,306.25,632.5,2.166969507,6175,43.36291498,14.14105263,0.213441296,1898.5
Mercer County,Kentucky,21167,1316.25,2516.25,1.940862531,22859,47.94960409,38.37451332,0.188722166,11443.875
Metcalfe County,Kentucky,21169,515,1052.5,2.137745765,10387,38.8131318,18.77346683,0.193799942,2727.875
Monroe County,Kentucky,21171,532.5,1092.5,2.164050055,11263,44.96492941,27.28091983,0.191156885,2674.75
Montgomery County,Kentucky,21173,1515,2973.75,2.031193844,28218,46.00669785,38.10748458,0.166028776,9519.25
Morgan County,Kentucky,21175,551.25,1151.25,2.160272213,13691,36.36125922,20.5166898,0.173690746,4206
Muhlenberg County,Kentucky,21177,1498.75,3022.5,2.070709749,30334,43.24480781,37.67327092,0.203435089,11900.25
Nelson County,Kentucky,21179,2896.25,5398.75,1.910345858,47135,57.40021216,38.38192426,0.167985573,21594.875
Nicholas County,Kentucky,21181,381.25,791.25,2.168262617,7733,41.53756627,12.314367,0.16539506,2338
Ohio County,Kentucky,21183,1188.75,2456.25,2.118020266,23729,41.35568292,35.27830924,0.183699271,7396.5
Oldham County,Kentucky,21185,3836.25,7968.75,1.86851366,68251,85.19719858,31.5832442,0.143177389,41518
Owen County,Kentucky,21187,583.75,1165,2.039408795,11301,41.84629679,16.86514468,0.198035572,4955.5
Owsley County,Kentucky,21189,168.75,357.5,2.227359177,3971,49.50944347,13.32258877,0.202719718,1165.875
Pendleton County,Kentucky,21191,812.5,1590,1.972468408,14632,48.58508748,20.70441498,0.169559869,6100.875
Perry County,Kentucky,21193,1178.75,2423.75,2.124845439,27929,44.67947295,35.8032511,0.178022844,6149.125
Pike County,Kentucky,21195,2412.5,4931.25,2.106998407,57434,46.43947836,35.77870251,0.197792248,14463
Powell County,Kentucky,21197,623.75,1247.5,2.071014002,13095,40.30103093,18.30973654,0.161893853,3450.625
Pulaski County,Kentucky,21199,3433.75,6707.5,2.064237369,65538,50.02715982,35.5824865,0.194070616,25445.25
Robertson County,Kentucky,21201,115,223.75,1.996318625,2259,42.0455954,13.10889774,0.231075697,853.75
Rockcastle County,Kentucky,21203,776.25,1587.5,2.132230478,16141,42.56303823,22.61730996,0.191995539,4803
Rowan County,Kentucky,21205,1146.25,2166.25,1.974599632,24565,40.24091187,32.96242622,0.14557297,8792.875
Russell County,Kentucky,21207,927.5,1846.25,2.073181112,18166,58.43185071,43.59027854,0.203952439,6327.25
Scott County,Kentucky,21209,3416.25,6735,1.938282761,58431,58.64849138,64.05966011,0.126114562,29321.625
Shelby County,Kentucky,21211,2855,5525,1.925527202,48600,62.86932099,36.82518519,0.16462963,27093.875
Simpson County,Kentucky,21213,1097.5,2096.25,1.999524989,19734,47.69519611,52.93670822,0.166413297,6051
Spencer County,Kentucky,21215,1161.25,2375,1.936235712,19879,60.95039992,16.75692942,0.151969415,10245.875
Taylor County,Kentucky,21217,1361.25,2635,2.064909869,26179,43.40635624,33.54257229,0.182054318,8478.375
Todd County,Kentucky,21219,625,1348.75,2.281224855,12296,52.2625244,34.02944047,0.165338321,3522.25
Trigg County,Kentucky,21221,782.5,1555,2.066567716,14225,49.14727592,21.38734622,0.230369069,8621.875
Trimble County,Kentucky,21223,477.5,933.75,1.993048537,8553,50.48661288,58.26365018,0.180638373,3879.5
Union County,Kentucky,21225,701.25,1372.5,2.011520915,13251,53.04203456,67.14315901,0.202550751,4745
Warren County,Kentucky,21227,7551.25,14430,1.987794544,137191,50.42192272,60.93322448,0.13236291,52204.875
Washington County,Kentucky,21229,711.25,1375,2.03403115,12076,49.68706525,30.26101358,0.191205697,4703.875
Wayne County,Kentucky,21231,948.75,1901.25,2.085374102,19543,38.13897559,21.05823057,0.218441386,5663.5
Webster County,Kentucky,21233,658.75,1340,2.09593542,12858,51.3498989,27.80875719,0.182610048,4382
Whitley County,Kentucky,21235,1698.75,3542.5,2.174151536,36805,45.17288412,32.08305937,0.159706562,10448.5
Wolfe County,Kentucky,21237,291.25,603.75,2.119348381,6507,45.93898878,17.76025818,0.199938528,1963
Woodford County,Kentucky,21239,1625,3086.25,1.88435209,27089,67.18863745,43.14998708,0.201631659,18469.25
Acadia Parish,Louisiana,22001,3121.25,6406.25,2.175821039,57228,48.54662054,27.18227092,0.161197316,16306.125
Allen Parish,Louisiana,22003,1046.25,2170,2.10015955,22594,43.96950518,33.6549969,0.145038506,7442
Ascension Parish,Louisiana,22005,7238.75,14581.25,1.972537037,128592,64.723622,72.57648221,0.126780826,55545.625
Assumption Parish,Louisiana,22007,1127.5,2207.5,1.992965748,20701,62.94038935,26.2067533,0.196415632,7239.25
Avoyelles Parish,Louisiana,22009,1940,3881.25,2.069199904,39261,47.12460202,23.06194442,0.177759099,12777.375
Beauregard Parish,Louisiana,22011,1748.75,3770,2.137857922,36678,53.22915644,41.33436938,0.159387099,15351.25
Bienville Parish,Louisiana,22013,657.5,1288.75,2.018084703,12787,46.96934386,53.08117619,0.213498084,4726.875
Bossier Parish,Louisiana,22015,7000,13890,1.976068084,129381,56.92225288,45.59963982,0.150949521,57559.75
Caddo Parish,Louisiana,22017,12708.75,23416.25,1.868739641,232645,62.94660964,61.06022051,0.183979884,92653.125
Calcasieu Parish,Louisiana,22019,10340,20258.75,1.988720671,204947,54.11175572,66.77032599,0.159128946,80724.125
Caldwell Parish,Louisiana,22021,455,922.5,2.05761696,9580,41.79812109,19.74832985,0.185177453,3053.25
Cameron Parish,Louisiana,22023,313.75,641.25,2.056936768,5095,62.1265947,145.364475,0.181354269,2628.25
Catahoula Parish,Louisiana,22025,412.5,837.5,2.08490065,8725,45.60194842,19.58853868,0.180286533,2574.625
Claiborne Parish,Louisiana,22027,658.75,1245,1.901428025,14051,43.69995018,27.75403886,0.213792613,5257.75
Concordia Parish,Louisiana,22029,850,1713.75,2.05780098,18354,42.5825978,29.98436308,0.192056228,4902.375
De Soto Parish,Louisiana,22031,1508.75,3037.5,1.984213062,26960,57.48175074,107.3216246,0.18601632,10844.625
East Baton Rouge Parish,Louisiana,22033,24121.25,44240,1.83483513,453685,66.91184412,78.23662233,0.148287909,214022.75
East Carroll Parish,Louisiana,22035,278.75,552.5,2.020151415,7227,34.68354781,18.46824408,0.152760482,1122
East Feliciana Parish,Louisiana,22037,997.5,1890,1.892447201,19361,50.79076494,26.22782914,0.191519033,11118.75
Evangeline Parish,Louisiana,22039,1600,3327.5,2.160745085,32223,42.7081898,27.65496695,0.159078919,9179.125
Franklin Parish,Louisiana,22041,975,1966.25,2.075746726,19613,42.23112221,25.66746546,0.190485902,5543.75
Grant Parish,Louisiana,22043,1006.25,2042.5,2.039270075,22264,38.81930471,18.44560726,0.1527129,7402.375
Iberia Parish,Louisiana,22045,3652.5,7160,2.001592312,69342,49.24745465,42.37974099,0.1588936,21636.875
Iberville Parish,Louisiana,22047,1636.25,3080,1.865371516,29749,56.67585465,85.80315305,0.172106625,12371.625
Jackson Parish,Louisiana,22049,733.75,1460,2.036162515,14901,44.45674787,29.17904839,0.204348701,5712.875
Jefferson Parish,Louisiana,22051,24636.25,44087.5,1.832455911,434206,61.26604423,55.86539338,0.180554852,174449
Jefferson Davis Parish,Louisiana,22053,1662.5,3398.75,2.135250087,32381,47.27855841,24.57098298,0.167196813,10855.75
Lafayette Parish,Louisiana,22055,14226.25,26982.5,1.935761476,244933,68.14410063,63.51090298,0.142753324,97017.5
Lafourche Parish,Louisiana,22057,4955,9975,2.049734015,97607,59.93437971,48.78973844,0.160849119,34828
LaSalle Parish,Louisiana,22059,650,1387.5,2.1399458,14850,40.22511785,31.87151515,0.157171717,4750.25
Lincoln Parish,Louisiana,22061,2190,4160,1.969986998,48132,50.98659935,43.12056428,0.141776781,17628.25
Livingston Parish,Louisiana,22063,7813.75,15761.25,2.03536748,146143,52.75267375,21.90545562,0.135080024,50779.25
Madison Parish,Louisiana,22065,498.75,935,1.932998472,9794,42.46334491,35.18817643,0.171023075,2258.125
Morehouse Parish,Louisiana,22067,1218.75,2371.25,1.987317916,25018,44.45007595,22.22395875,0.195699097,7218.5
Natchitoches Parish,Louisiana,22069,1825,3506.25,1.970367628,36989,51.23225824,40.8744762,0.167211874,14084.25
Orleans Parish,Louisiana,22071,19383.75,32931.25,1.692552776,377547,65.30475146,63.11877991,0.164416616,122289.375
Ouachita Parish,Louisiana,22073,8123.75,15761.25,1.983191569,158889,49.28896273,45.31586831,0.155032759,52590.25
Plaquemines Parish,Louisiana,22075,1228.75,2430,1.965889678,23312,57.84763212,115.7172272,0.138641043,9935.75
Pointe Coupee Parish,Louisiana,22077,1180,2221.25,1.900620591,20352,60.83878734,39.81633255,0.220224057,9388
Rapides Parish,Louisiana,22079,6816.25,13325,1.983585532,128646,54.99377361,44.11563515,0.166853225,55620.125
Red River Parish,Louisiana,22081,401.25,796.25,1.943315424,7510,57.26231691,112.8306258,0.193209055,2414.875
Richland Parish,Louisiana,22083,1025,2020,2.010192356,19863,47.32754367,35.32613402,0.181442884,5817.875
Sabine Parish,Louisiana,22085,1108.75,2293.75,2.06529132,22109,48.50929486,49.59514225,0.210819123,9244.875
St. Bernard Parish,Louisiana,22087,2298.75,4471.25,1.987726076,44333,44.19346762,26.89177362,0.126722757,9131.875
St. Charles Parish,Louisiana,22089,2933.75,5725,1.929568255,52480,58.47700076,163.4633575,0.146227134,28445.125
St. Helena Parish,Louisiana,22091,667.5,1316.25,2.017461837,10906,48.19668073,18.1396479,0.208417385,4493.625
St. James Parish,Louisiana,22093,1146.25,2193.75,1.916411356,19796,71.09340271,122.0643564,0.189381693,11164.375
St. John the Baptist Parish,Louisiana,22095,2285,4271.25,1.900799257,42107,46.86087824,65.53366424,0.15078253,15535.625
St. Landry Parish,Louisiana,22097,4460,8913.75,2.071324044,82199,48.53938612,28.8941593,0.166717357,26282.75
St. Martin Parish,Louisiana,22099,2848.75,5595,2.025591396,51550,49.78516004,29.00909796,0.165412221,15668.375
St. Mary Parish,Louisiana,22101,2525,4982.5,2.005917419,48240,50.19759536,61.15621891,0.179995854,14525
St. Tammany Parish,Louisiana,22103,15521.25,30097.5,1.91839435,270188,80.2414578,48.29544613,0.179241861,157569.25
Tangipahoa Parish,Louisiana,22105,7000,13708.75,1.997261723,135487,50.85739591,34.31445083,0.149542022,44936.875
Tensas Parish,Louisiana,22107,201.25,372.5,1.867506972,4026,48.37953304,30.01589667,0.267759563,1254.375
Terrebonne Parish,Louisiana,22109,5577.5,10945,2.025847086,108973,51.1066778,51.44701899,0.151762363,32048.375
Union Parish,Louisiana,22111,1095,2177.5,2.009162359,21013,49.23523533,24.70832342,0.218769333,8059.5
Vermilion Parish,Louisiana,22113,3103.75,6350,2.105643022,56882,50.21214092,24.66569389,0.162248163,18516.625
Vernon Parish,Louisiana,22115,2356.25,4963.75,2.126519821,48032,49.52267239,43.43341939,0.135139074,17487.125
Washington Parish,Louisiana,22117,2077.5,4190,2.05823903,45202,43.99884961,24.30531835,0.189217291,14415.5
Webster Parish,Louisiana,22119,1910,3683.75,1.995895782,35949,53.73395644,32.98378258,0.204706668,12883.5
West Baton Rouge Parish,Louisiana,22121,1565,3007.5,1.920007383,27802,58.24188907,57.11797712,0.145025538,12307.625
West Carroll Parish,Louisiana,22123,496.25,1015,2.135241601,9582,44.95345439,19.14756836,0.207472344,3077.375
West Feliciana Parish,Louisiana,22125,607.5,1188.75,1.899909334,15503,47.45475069,55.06676127,0.153067148,8035.875
Winn Parish,Louisiana,22127,576.25,1176.25,2.093208499,13496,46.18805572,39.74614701,0.185684647,3837.5
Androscoggin County,Maine,23001,6802.5,11897.5,1.820574562,112733,54.46429173,47.56669298,0.185500253,40373.25
Aroostook County,Maine,23003,3898.75,7031.25,1.919512224,67062,54.80937043,39.83203603,0.253616057,27492.75
Cumberland County,Maine,23005,20795,34927.5,1.642341522,306152,86.9710242,87.48516097,0.198078079,194608.625
Franklin County,Maine,23007,1791.25,3158.75,1.839408708,30265,51.40185032,37.537849,0.229572113,14156.125
Hancock County,Maine,23009,3735,6247.5,1.721830892,56362,69.50943898,49.8605266,0.25927043,36104.125
Kennebec County,Maine,23011,7962.5,13770,1.78435721,125775,58.74057643,50.79903001,0.207569072,68030.375
Knox County,Maine,23013,2707.5,4538.75,1.720761105,41078,68.44349774,49.43480695,0.27179999,28462.125
Lincoln County,Maine,23015,2482.5,4167.5,1.712282348,36024,68.17044193,38.3938763,0.288418832,29910
Oxford County,Maine,23017,3651.25,6408.75,1.839626171,58690,51.47202249,33.21586301,0.23247572,25142.625
Penobscot County,Maine,23019,9236.25,16041.25,1.825255539,153383,54.97072035,47.61480086,0.19716005,65173.75
Piscataquis County,Maine,23021,1012.5,1806.25,1.865907848,17211,52.89216199,35.8679333,0.270640869,8161.75
Sagadahoc County,Maine,23023,2522.5,4321.25,1.697961727,37171,68.09257217,65.50878373,0.238169541,30263.625
Somerset County,Maine,23025,3060,5430,1.863668,50788,51.05329999,36.32649445,0.224836576,19209.375
Waldo County,Maine,23027,2533.75,4413.75,1.806773387,39974,58.06952019,38.32591184,0.242557662,20932.5
Washington County,Maine,23029,1888.75,3367.5,1.858331199,31213,53.77012783,36.43542755,0.258706308,14758.625
York County,Maine,23031,14783.75,24933.75,1.679875424,215050,72.28705417,47.24715648,0.215335968,133606.375
Allegany County,Maryland,24001,3582.5,6436.25,1.855011377,67671,49.14060676,39.86883599,0.209129465,31324.375
Anne Arundel County,Maryland,24003,37911.25,68951.25,1.706004556,596354,83.94742552,89.4867193,0.153648672,448759.75
Baltimore County,Maryland,24005,52778.75,93596.25,1.752594657,850670,75.08276653,65.90167162,0.176664276,485025.25
Calvert County,Maryland,24009,5888.75,11171.25,1.731711317,94249,75.66452694,50.06444631,0.158675424,84060
Caroline County,Maryland,24011,2031.25,3806.25,1.924703729,33443,57.12235744,34.8323715,0.171097091,12964.875
Carroll County,Maryland,24013,10915,20832.5,1.776362338,174282,75.69163195,37.96378857,0.175479969,119522.875
Cecil County,Maryland,24015,6225,11515,1.82552739,104073,59.51293803,52.72876731,0.16689247,54506.625
Charles County,Maryland,24017,10970,19843.75,1.732956772,168822,67.76739998,37.44027437,0.132630818,125885
Dorchester County,Maryland,24019,2007.5,3547.5,1.800183334,32590,57.64357165,40.67167843,0.225989567,15399.875
Frederick County,Maryland,24021,18095,34252.5,1.775001867,280666,78.82523355,54.70067625,0.149490854,177546.375
Garrett County,Maryland,24023,1728.75,3120,1.850321033,28766,57.52721963,45.49951331,0.23433915,16330.125
Harford County,Maryland,24025,16680,30780,1.761946784,263348,71.52330377,52.01221198,0.16878427,176814.25
Howard County,Maryland,24027,20728.75,40170,1.728940714,335370,95.45023705,87.90274026,0.146983928,249554.25
Kent County,Maryland,24029,1217.5,2085,1.70669913,19249,77.93958128,49.24541535,0.272481687,16425.5
Montgomery County,Maryland,24031,68596.25,125642.5,1.722756729,1056087,101.7195913,88.78173294,0.16497031,840881.375
Prince George's County,Maryland,24033,61798.75,104202.5,1.696057078,956603,56.70863984,50.86438366,0.144017947,544129.375
Queen Anne's County,Maryland,24035,3372.5,6180,1.706527811,50921,85.25309794,40.180456,0.197089609,46163.75
St. Mary's County,Maryland,24037,6930,13238.75,1.785635728,114674,70.21739889,71.1685212,0.136822645,84172.75
Somerset County,Maryland,24039,1167.5,2170,1.924775985,24563,38.93188943,34.1843423,0.176159264,8408
Talbot County,Maryland,24041,2507.5,4368.75,1.694590045,37792,98.64399873,55.58769052,0.295538738,41477.25
Washington County,Maryland,24043,9357.5,16938.75,1.851666479,155117,56.8868467,47.80534693,0.176763346,71551.375
Wicomico County,Maryland,24045,6123.75,10961.25,1.854642497,104110,49.61039285,51.99034675,0.164623955,40947.5
Worcester County,Maryland,24047,3828.75,6402.5,1.705468762,53408,70.2940009,55.73286774,0.281924056,46790.75
Baltimore city,Maryland,24510,32455,53315,1.651177335,576575,65.24106317,87.73247713,0.148504531,156907.375
Barnstable County,Massachusetts,25001,16901.25,26913.75,1.552663898,232379,91.97318174,61.03929787,0.319271535,279720.5
Berkshire County,Massachusetts,25003,8113.75,13287.5,1.663527376,130199,68.95973087,54.47867495,0.24245962,90787.375
Bristol County,Massachusetts,25005,36615,63010,1.730655017,579729,67.10255309,46.7570796,0.17278073,268958
Dukes County,Massachusetts,25007,1556.25,2441.25,1.581240939,21112,97.46139636,74.40896173,0.259046987,16916
Essex County,Massachusetts,25009,52865,91262.5,1.679907116,807315,84.50085654,59.16222045,0.179138255,464363
Franklin County,Massachusetts,25011,4583.75,7616.25,1.693269619,71007,67.6937485,43.5539313,0.238089202,47621
Hampden County,Massachusetts,25013,28238.75,49065,1.78567289,462640,63.95551185,50.40285751,0.177704046,216787.875
Hampshire County,Massachusetts,25015,9226.25,15288.75,1.629347609,165069,63.05274158,47.80256135,0.183826158,111102.75
Middlesex County,Massachusetts,25017,103128.75,178996.25,1.584845714,1620553,109.206917,122.2106799,0.159451126,937558.75
Nantucket County,Massachusetts,25019,1101.25,1720,1.508758625,14507,122.8035431,105.6535466,0.15819949,7699
Norfolk County,Massachusetts,25021,46280,82080,1.603537254,724906,116.282925,80.47479121,0.17332868,478195.5
Plymouth County,Massachusetts,25023,35016.25,61316.25,1.677020342,532726,85.09359033,51.79363876,0.190839193,363364.375
Suffolk County,Massachusetts,25025,48956.25,73208.75,1.469510226,776280,106.3298913,193.6682344,0.130155356,236455.75
Worcester County,Massachusetts,25027,53373.75,94032.5,1.734433849,862052,70.02266337,54.85913147,0.164718602,405121.625
Alcona County,Michigan,26001,648.75,1131.25,1.787736962,10285,51.02284881,20.34341274,0.358483228,9237.625
Alger County,Michigan,26003,533.75,932.5,1.776837943,8770,44.16351197,28.64526796,0.267616876,6693.125
Allegan County,Michigan,26005,7442.5,14195,1.940166772,121055,58.85506588,40.85359547,0.176630457,56950.375
Alpena County,Michigan,26007,1791.25,3117.5,1.846326077,28933,51.21553244,38.19399993,0.24470328,16835.625
Antrim County,Michigan,26009,1570,2758.75,1.778467038,23877,61.34635842,26.78146333,0.28073041,22854.25
Arenac County,Michigan,26011,932.5,1673.75,1.902752657,15023,49.61558943,29.99846901,0.263396126,8650.125
Baraga County,Michigan,26013,456.25,797.5,1.793666709,8231,43.49532256,34.65277609,0.229741222,4728
Barry County,Michigan,26015,3801.25,7262.5,1.930718864,63141,59.01053198,26.26575442,0.190969418,34286.75
Bay County,Michigan,26017,6650,11451.25,1.820989423,103116,53.03037356,35.77322627,0.212857365,59784.5
Benzie County,Michigan,26019,1233.75,2142.5,1.769914999,18240,61.65416667,30.52648026,0.275164474,15167.875
Berrien County,Michigan,26021,9261.25,16802.5,1.860518593,153598,61.13389497,47.63421399,0.207828227,78629.75
Branch County,Michigan,26023,2437.5,4670,1.965114026,45209,45.33570749,32.23829326,0.187329956,18481.375
Calhoun County,Michigan,26025,7662.5,14078.75,1.906467649,133905,47.671954,54.06058773,0.182435309,66150.25
Cass County,Michigan,26027,3012.5,5636.25,1.903394026,51523,57.57799429,29.46839276,0.220911049,22664.5
Charlevoix County,Michigan,26029,1773.75,3047.5,1.778150232,26192,72.06941051,50.14809866,0.26324832,22217.5
Cheboygan County,Michigan,26031,1680,2876.25,1.787980983,25746,51.87240736,26.25662239,0.284199487,18834
Chippewa County,Michigan,26033,2053.75,3586.25,1.841530671,35861,46.88633892,34.05775076,0.193162488,19671.625
Clare County,Michigan,26035,1748.75,3292.5,2.015211627,31143,44.01213756,38.11543525,0.247471342,14827.125
Clinton County,Michigan,26037,4906.25,9196.25,1.85878576,79432,60.65579363,30.28235472,0.183641354,54422.25
Crawford County,Michigan,26039,818.75,1450,1.836844047,13271,43.88538919,31.5587371,0.262527315,8685.125
Delta County,Michigan,26041,2250,4026.25,1.884669758,36838,47.58382648,32.46745209,0.254682665,23558.5
Dickinson County,Michigan,26043,1648.75,2922.5,1.863722916,25824,57.28519981,51.27935254,0.236098203,16695.125
Eaton County,Michigan,26045,6863.75,12331.25,1.828960651,108921,54.0540208,55.50996594,0.195820824,72027.25
Emmet County,Michigan,26047,2330,3970,1.743356404,34303,75.24598432,56.65352885,0.240241378,27253.75
Genesee County,Michigan,26049,24352.5,43213.75,1.861089393,404713,52.45192519,40.04135276,0.182685014,200406.375
Gladwin County,Michigan,26051,1485,2751.25,1.902515152,25475,47.43046124,19.34351325,0.269911678,16753
Gogebic County,Michigan,26053,841.25,1438.75,1.821374391,14372,50.55420262,33.27400501,0.286946841,8541.125
Grand Traverse County,Michigan,26055,6418.75,11047.5,1.756925888,95985,68.43824556,59.88189821,0.213168724,66371
Gratiot County,Michigan,26057,2162.5,3995,1.911461665,41298,45.74969732,36.79035304,0.174391012,15051.5
Hillsdale County,Michigan,26059,2552.5,4902.5,2.005667621,45622,44.59252115,40.18394634,0.208320547,19015.75
Houghton County,Michigan,26061,1931.25,3557.5,1.979355277,37528,45.35445534,31.70025048,0.177600725,17347.375
Huron County,Michigan,26063,2063.75,3610,1.865933453,31319,61.09863022,50.682972,0.263226795,17343
Ingham County,Michigan,26065,15810,27595,1.810214922,271662,54.90442535,68.63618025,0.151254132,142196
Ionia County,Michigan,26067,3655,6866.25,1.953100417,66853,43.25517179,27.82869879,0.152453891,25788.875
Iosco County,Michigan,26069,1565,2740,1.833628046,25362,48.87295955,38.72573141,0.302105512,17860.375
Iron County,Michigan,26071,706.25,1227.5,1.842247719,11597,51.13236182,27.11296025,0.311114944,8257.125
Isabella County,Michigan,26073,3518.75,6193.75,1.877752349,64264,48.32170422,39.15864247,0.136577244,25064.875
Jackson County,Michigan,26075,9137.5,16578.75,1.864685654,160181,49.16040604,43.48227318,0.185377791,78419.5
Kalamazoo County,Michigan,26077,15527.5,27817.5,1.832311815,260566,63.64300024,61.98713186,0.158462731,137263
Kalkaska County,Michigan,26079,1111.25,2015,1.890973494,17994,47.04206958,34.84833834,0.214293653,8818.625
Kent County,Michigan,26081,40772.5,74490,1.881776602,658979,71.45386272,70.40708733,0.144541784,266825.5
Keweenaw County,Michigan,26083,140,246.25,1.906306263,2108,60.17504744,27.42125237,0.361954459,2182.125
Lake County,Michigan,26085,630,1131.25,1.871750273,12281,39.9859132,18.72567381,0.265776403,5919.375
Lapeer County,Michigan,26087,5506.25,10180,1.879232809,88667,54.47238544,28.21907812,0.195010545,48007.625
Leelanau County,Michigan,26089,1576.25,2767.5,1.724756569,22630,88.99381352,36.80415378,0.330136986,28606.75
Lenawee County,Michigan,26091,5792.5,10641.25,1.880459313,99105,50.41469149,33.26754452,0.197416881,51795
Livingston County,Michigan,26093,12671.25,23328.75,1.747958568,195344,73.30331108,40.18672189,0.188564788,143473.5
Luce County,Michigan,26095,315,560,1.811490256,5976,38.9521419,26.72774431,0.234437751,3422.375
Mackinac County,Michigan,26097,772.5,1275,1.753805853,10906,57.27113515,46.05400697,0.292774619,8296.375
Macomb County,Michigan,26099,57377.5,99852.5,1.791295332,877789,58.56548214,49.68344898,0.178295695,427171.875
Manistee County,Michigan,26101,1545,2682.5,1.827494008,25340,49.52569061,34.60489345,0.271941594,17109.625
Marquette County,Michigan,26103,3978.75,6920,1.799686367,66278,49.79862096,42.67729865,0.200534114,45585.75
Mason County,Michigan,26105,1845,3256.25,1.868921263,29350,50.56701874,34.99441227,0.254650767,18690.625
Mecosta County,Michigan,26107,2255,4150,1.916914278,40692,45.86213506,32.75044235,0.199449523,21843.5
Menominee County,Michigan,26109,1407.5,2465,1.862929366,23325,49.33697749,30.4261522,0.260493033,11821.75
Midland County,Michigan,26111,5153.75,9581.25,1.876994985,83504,64.77498084,74.48876701,0.197188159,65338.375
Missaukee County,Michigan,26113,885,1697.5,2.044795862,15176,45.56437797,28.74117027,0.213231418,6530.75
Monroe County,Michigan,26115,9550,17372.5,1.826761427,155569,59.82382094,39.43459172,0.191831277,89738.375
Montcalm County,Michigan,26117,3703.75,6987.5,1.963931973,67361,42.98692122,24.74511958,0.176363178,24034.125
Montmorency County,Michigan,26119,602.5,1055,1.859067114,9304,45.60715821,25.50644884,0.329643164,7067.5
Muskegon County,Michigan,26121,10415,18913.75,1.90166682,175581,49.56072126,36.72592707,0.179694842,74810.5
Newaygo County,Michigan,26123,2905,5572.5,2.005250525,50401,47.16836968,32.40235313,0.202555505,22494.5
Oakland County,Michigan,26125,80798.75,143460,1.699386321,1272776,91.07146348,90.41062842,0.178553807,823823.875
Oceana County,Michigan,26127,1622.5,3015,1.944122664,26873,49.67495255,25.26736873,0.21646262,13833.625
Ogemaw County,Michigan,26129,1238.75,2222.5,1.89011771,20781,43.89731004,27.36980896,0.26966941,11600.625
Ontonagon County,Michigan,26131,352.5,596.25,1.760853467,5872,49.49386921,22.32816757,0.372104905,4592.375
Osceola County,Michigan,26133,1338.75,2565,2.057076736,23190,49.17943079,33.97623976,0.216257007,9876.875
Oscoda County,Michigan,26135,480,913.75,2.080860699,8322,43.91432348,25.16053833,0.283225186,4563.75
Otsego County,Michigan,26137,1667.5,2980,1.871502419,25335,51.93380699,45.85849615,0.218946122,13975.25
Ottawa County,Michigan,26139,18235,34562.5,1.896548459,298394,64.94651032,53.78160084,0.161531398,145730.625
Presque Isle County,Michigan,26141,848.75,1481.25,1.817935512,13174,49.69439806,27.39798087,0.330879004,10855.625
Roscommon County,Michigan,26143,1497.5,2551.25,1.760862274,23651,48.2906431,28.16447508,0.335080969,19257.625
Saginaw County,Michigan,26145,11300,20142.5,1.884083677,189533,50.31674168,47.1848649,0.198936333,92873.875
St. Clair County,Michigan,26147,10150,18038.75,1.831855674,160243,55.48325356,36.34483878,0.197837035,88878.125
St. Joseph County,Michigan,26149,3555,6733.75,1.944682706,60857,50.24237146,37.60903429,0.186387761,23206.25
Sanilac County,Michigan,26151,2458.75,4558.75,1.965680207,40545,49.89433962,30.74433346,0.225995807,18762.875
Schoolcraft County,Michigan,26153,501.25,896.25,1.877062951,8048,49.28541252,33.00335487,0.280069583,6376
Shiawassee County,Michigan,26155,4203.75,7647.5,1.894140021,67992,50.49423462,27.15634192,0.194831745,33779.375
Tuscola County,Michigan,26157,3188.75,5912.5,1.944630627,53043,47.39469864,26.48771751,0.214788002,24414.25
Van Buren County,Michigan,26159,4555,8520,1.927788015,75685,52.81057013,34.35958248,0.192363084,37093.25
Washtenaw County,Michigan,26161,21173.75,37028.75,1.681628203,365041,78.21611545,75.26536471,0.15366767,242718.625
Wayne County,Michigan,26163,101598.75,182362.5,1.849642416,1775196,52.87070949,58.92237646,0.161336551,680137.25
Wexford County,Michigan,26165,2038.75,3773.75,1.955254582,33906,46.35719342,40.14784994,0.201557247,15528.25
Aitkin County,Minnesota,27001,993.75,1742.5,1.798239721,15951,52.43125823,30.2850605,0.339038305,13022.875
Anoka County,Minnesota,27003,23726.25,43785,1.807650041,367835,63.22837414,42.17344462,0.148860223,179972.875
Becker County,Minnesota,27005,2106.25,3930,1.910888525,35348,60.48130022,41.71633473,0.220351929,19357
Beltrami County,Minnesota,27007,2606.25,4851.25,1.938113563,46477,53.57086301,41.03601782,0.170492932,21564.375
Benton County,Minnesota,27009,2548.75,4731.25,1.904789095,41538,56.8007126,43.09877702,0.139486735,14854.875
Big Stone County,Minnesota,27011,297.5,560,1.916505426,5169,66.92880635,45.05552331,0.263300445,2147.5
Blue Earth County,Minnesota,27013,4037.5,6983.75,1.799856203,69382,55.06923986,59.38652676,0.147617538,26888.625
Brown County,Minnesota,27015,1637.5,2942.5,1.825212972,25896,63.75915199,56.30035527,0.21628823,12242.5
Carlton County,Minnesota,27017,2187.5,4012.5,1.866540865,36442,52.9462159,37.99286538,0.182070139,20095.625
Carver County,Minnesota,27019,6841.25,13615,1.756815609,108873,94.42042563,53.37037649,0.135662653,58200.875
Cass County,Minnesota,27021,1935,3582.5,1.899890094,30677,59.2578153,32.80839065,0.268996316,22363.25
Chippewa County,Minnesota,27023,743.75,1397.5,1.886349867,12378,57.41525287,49.14380352,0.21643238,4242.25
Chisago County,Minnesota,27025,3697.5,6911.25,1.791611388,57556,62.700761,29.14085412,0.164344291,33098.125
Clay County,Minnesota,27027,3705,7120,1.927563895,65674,54.28872918,33.3756281,0.138106404,22731.25
Clearwater County,Minnesota,27029,491.25,970,2.047409842,8568,55.75922035,34.72945845,0.20751634,3789.625
Cook County,Minnesota,27031,395,651.25,1.67988347,5632,65.42027699,51.5493608,0.300426136,4619.75
Cottonwood County,Minnesota,27033,725,1353.75,1.872888859,11600,58.66327586,54.15568966,0.22637931,4123.875
Crow Wing County,Minnesota,27035,4285,7685,1.840426362,67355,58.03728008,44.88565066,0.237562171,44842.125
Dakota County,Minnesota,27037,28823.75,53293.75,1.759218226,442784,75.98596155,63.98490912,0.153144648,264185.375
Dodge County,Minnesota,27039,1323.75,2562.5,1.885490701,20954,61.22773695,37.70115491,0.153908562,8392.25
Douglas County,Minnesota,27041,2570,4698.75,1.86508821,39312,67.51083639,54.96146215,0.236848799,27254
Faribault County,Minnesota,27043,843.75,1550,1.882429097,13905,55.67774182,39.53613808,0.235311039,4748.625
Fillmore County,Minnesota,27045,1295,2482.5,1.947558036,21335,57.63398172,32.22507617,0.218326693,8786.375
Freeborn County,Minnesota,27047,1853.75,3395,1.881286904,30803,56.14576502,42.55452391,0.228451774,12742.75
Goodhue County,Minnesota,27049,3098.75,5635,1.790141985,48049,67.84189057,62.48750234,0.20216862,29275.75
Grant County,Minnesota,27051,370,700,1.883455438,6147,60.32585001,44.17000163,0.2318204,2403.5
Hennepin County,Minnesota,27053,81380,141172.5,1.670159439,1270232,95.86080417,120.1030583,0.150726796,692046.625
Houston County,Minnesota,27055,1186.25,2206.25,1.855287789,18796,63.55607576,31.80203235,0.225739519,10590.75
Hubbard County,Minnesota,27057,1321.25,2488.75,1.915737712,21744,60.17807211,36.00271339,0.258140177,15120.25
Isanti County,Minnesota,27059,2693.75,4997.5,1.846687644,41964,55.96823468,27.90720618,0.166571347,20471.625
Itasca County,Minnesota,27061,2706.25,5018.75,1.886828684,45113,54.63283311,47.76886928,0.25165695,30464.125
Jackson County,Minnesota,27063,635,1168.75,1.825966698,10003,60.9393182,60.31170649,0.229831051,3431.25
Kanabec County,Minnesota,27065,990,1833.75,1.951386804,16179,52.54681995,24.41461153,0.2155263,7072
Kandiyohi County,Minnesota,27067,2730,5088.75,1.886007722,43818,64.35275458,54.298439,0.196768451,21427.5
Kittson County,Minnesota,27069,248.75,468.75,1.86904572,4162,64.77102355,50.33349351,0.250840942,1879
Koochiching County,Minnesota,27071,721.25,1258.75,1.775808037,11945,54.28438677,41.27626622,0.275094182,7835
Lac qui Parle County,Minnesota,27073,407.5,780,1.900866029,6703,67.98925854,48.7911383,0.27420558,2618.75
Lake County,Minnesota,27075,675,1200,1.819276943,11006,56.54161367,45.48464474,0.270943122,8681.875
Lake of the Woods County,Minnesota,27077,257.5,451.25,1.806055775,3831,63.17019055,45.81388671,0.258157139,2195.375
Le Sueur County,Minnesota,27079,1877.5,3507.5,1.829559181,28918,63.61242133,32.41679923,0.182758144,14107.375
Lincoln County,Minnesota,27081,327.5,630,1.905173988,5593,60.81226533,82.19971393,0.244055069,1939.125
Lyon County,Minnesota,27083,1490,2856.25,1.910453056,25495,61.2790351,61.86715042,0.169994116,8589.875
McLeod County,Minnesota,27085,2391.25,4308.75,1.806561356,36819,61.07900812,48.74885249,0.196882045,18220.5
Mahnomen County,Minnesota,27087,282.5,568.75,2.055347035,5415,47.75826408,33.35807941,0.175069252,1652.125
Marshall County,Minnesota,27089,547.5,1057.5,1.91318742,9013,69.69100189,41.8957062,0.227671142,3286.875
Martin County,Minnesota,27091,1235,2250,1.899493284,19933,60.91310891,47.72051372,0.237796619,8272.25
Meeker County,Minnesota,27093,1438.75,2748.75,1.913526876,23403,57.49215912,56.4263556,0.206426527,11318.625
Mille Lacs County,Minnesota,27095,1633.75,3017.5,1.883197979,26903,53.90796565,31.61134446,0.182879233,11313.875
Morrison County,Minnesota,27097,2085,3925,1.935964558,34072,53.93977459,33.60272364,0.206709321,15740.5
Mower County,Minnesota,27099,2400,4568.75,1.945250441,40229,57.25874369,59.64070695,0.182554873,15946.125
Murray County,Minnesota,27101,511.25,960,1.826646007,8135,68.1659496,61.3228027,0.260725261,2830.75
Nicollet County,Minnesota,27103,2087.5,3790,1.811921985,34361,61.2086377,43.81211257,0.173568872,15035.75
Nobles County,Minnesota,27105,1251.25,2503.75,2.014528953,22076,59.93803225,60.55947635,0.165247327,5388.25
Norman County,Minnesota,27107,385,732.5,1.957958113,6443,54.19882043,31.63091727,0.21185783,2081.625
Olmsted County,Minnesota,27109,10482.5,19056.25,1.77816754,163755,72.16568654,76.24664285,0.162303441,96694.25
Otter Tail County,Minnesota,27111,3716.25,7006.25,1.925112086,60206,60.26821247,40.79742883,0.248795801,37200.625
Pennington County,Minnesota,27113,872.5,1558.75,1.866083727,13790,67.56686004,146.6273387,0.189847716,4939.625
Pine County,Minnesota,27115,1743.75,3160,1.852857317,29410,47.55229514,24.55209113,0.219415165,15949.125
Pipestone County,Minnesota,27117,551.25,1055,1.958805355,9352,71.06426433,72.91424294,0.207121471,2718.75
Polk County,Minnesota,27119,1795,3407.5,1.911330767,30831,60.35425384,43.40310078,0.191009049,11934.5
Pope County,Minnesota,27121,732.5,1368.75,1.879049053,11418,65.82440007,48.40164652,0.245314416,6397.375
Ramsey County,Minnesota,27123,33713.75,58996.25,1.74911368,544068,68.39110736,80.6305664,0.153644397,290585.75
Red Lake County,Minnesota,27125,237.5,452.5,1.986645963,3949,67.14206128,41.62572803,0.222587997,1371.125
Redwood County,Minnesota,27127,955,1762.5,1.899225714,15394,80.56346629,69.68123944,0.211640899,4641.875
Renville County,Minnesota,27129,902.5,1666.25,1.853750558,14600,64.12993151,56.27041096,0.213287671,4920.5
Rice County,Minnesota,27131,3895,7185,1.821938511,67344,55.91898313,44.01213174,0.160934901,32998.25
Rock County,Minnesota,27133,576.25,1107.5,1.971206609,9697,62.47922038,65.0727029,0.198515005,3169
Roseau County,Minnesota,27135,965,1800,1.919406927,15284,62.42181366,91.59401989,0.18712379,6544.75
St. Louis County,Minnesota,27137,12015,20811.25,1.785381727,199522,59.1170297,54.0223033,0.208578503,123824.125
Scott County,Minnesota,27139,9776.25,18761.25,1.790292151,153633,82.61966505,50.53147436,0.119056453,67600.25
Sherburne County,Minnesota,27141,6170,11937.5,1.85844697,99220,60.66079419,36.07316065,0.120540214,43661.125
Sibley County,Minnesota,27143,947.5,1790,1.893274208,14935,61.59229997,31.90632742,0.192099096,5515.5
Stearns County,Minnesota,27145,9751.25,18105,1.906175738,159222,63.56540553,58.06160581,0.157440555,67607.75
Steele County,Minnesota,27147,2400,4456.25,1.87645575,37432,57.8744657,57.23829878,0.186711904,18130.125
Stevens County,Minnesota,27149,621.25,1260,2.069943023,9687,58.02869826,55.44647466,0.172499226,2987.25
Swift County,Minnesota,27151,570,1066.25,1.901855742,9800,73.27346939,61.47979592,0.229795918,3104.25
Todd County,Minnesota,27153,1471.25,2915,2.064528216,25289,64.09083001,32.5668077,0.225236269,9952.25
Traverse County,Minnesota,27155,192.5,363.75,1.881324221,3280,80.06371951,67.56768293,0.255182927,1161.875
Wabasha County,Minnesota,27157,1408.75,2587.5,1.84147576,21512,62.57925809,35.22680364,0.229313871,12433.625
Wadena County,Minnesota,27159,822.5,1590,2.07063685,14146,50.81528347,38.33507705,0.204015269,5639.75
Waseca County,Minnesota,27161,1156.25,2106.25,1.845435259,18997,63.99289361,47.70200558,0.186082013,7374.125
Washington County,Minnesota,27163,17777.5,33593.75,1.740422728,272904,85.14758303,46.07455735,0.160272477,207788.625
Watonwan County,Minnesota,27165,646.25,1231.25,1.915197604,11161,55.89884419,40.11136995,0.204641161,3043.125
Wilkin County,Minnesota,27167,400,737.5,1.85773979,6413,74.97661001,53.95820989,0.196631842,2126.5
Winona County,Minnesota,27169,2870,5016.25,1.810307768,49819,58.57500151,45.23581365,0.182340071,22379
Wright County,Minnesota,27171,9227.5,18225,1.897450704,145209,67.21040707,36.17195904,0.13320111,61093.125
Yellow Medicine County,Minnesota,27173,596.25,1101.25,1.880797144,9437,77.52866377,63.59319699,0.210236304,3528.125
Adams County,Mississippi,28001,1393.75,2575,1.890933496,28504,46.93888577,33.41969548,0.216706427,9988.125
Alcorn County,Mississippi,28003,1698.75,3391.25,2.05541246,34344,47.51164687,37.14937107,0.186146052,12046.5
Amite County,Mississippi,28005,600,1193.75,2.056683969,12626,41.73974339,22.01172184,0.252970062,4973.75
Attala County,Mississippi,28007,906.25,1808.75,2.067432799,17716,41.97409122,29.1987469,0.193215173,5729.625
Benton County,Mississippi,28009,421.25,800,1.988394557,7645,44.34388489,40.34623937,0.190451275,2148.875
Bolivar County,Mississippi,28011,1550,2972.5,1.940837553,30140,49.35129396,36.35620438,0.169143995,9530.125
Calhoun County,Mississippi,28013,705,1392.5,2.030951243,12962,42.11117112,21.73761765,0.205523839,3816
Carroll County,Mississippi,28015,517.5,1016.25,1.985924939,9831,44.09256434,10.4484793,0.243820568,4077.375
Chickasaw County,Mississippi,28017,888.75,1712.5,1.992482272,17011,39.6669214,25.33448945,0.185115513,4040.625
Choctaw County,Mississippi,28019,417.5,835,2.085023793,8134,42.07708385,79.15736415,0.228792722,2966.625
Claiborne County,Mississippi,28021,435,826.25,1.852120536,8668,39.06772035,83.35233041,0.183087217,2515.875
Clarke County,Mississippi,28023,795,1605,2.094298014,15417,46.10747876,19.51709152,0.218200688,5483
Clay County,Mississippi,28025,1056.25,1952.5,1.89082591,18482,51.26928904,28.80543231,0.1938643,6857.375
Coahoma County,Mississippi,28027,1098.75,2106.25,1.887328075,20712,47.02949981,32.70186365,0.163431827,5396.375
Copiah County,Mississippi,28029,1417.5,2755,2.019754563,27918,41.53363421,24.2107959,0.187656709,9263.125
Covington County,Mississippi,28031,987.5,1980,2.068308321,18280,46.94868709,38.3713895,0.16892779,6146.375
DeSoto County,Mississippi,28033,11202.5,21856.25,1.956044577,188957,56.54319766,36.88471451,0.132956175,68350.125
Forrest County,Mississippi,28035,3857.5,7353.75,1.989235787,77996,45.99646136,47.87875019,0.136442895,27277.75
Franklin County,Mississippi,28037,393.75,792.5,2.068157106,7686,42.69828259,27.5525631,0.211423367,3292
George County,Mississippi,28039,1227.5,2642.5,2.168950245,24795,42.39919339,19.53740674,0.147650736,8437.875
Greene County,Mississippi,28041,558.75,1183.75,2.128210068,13664,33.56081674,12.19503806,0.153981265,3502.25
Grenada County,Mississippi,28043,1163.75,2241.25,1.986262005,21324,43.94850872,41.40747515,0.184393172,6893.75
Hancock County,Mississippi,28045,2411.25,4626.25,1.921569207,46004,48.43335362,39.00163029,0.214894357,25092.25
Harrison County,Mississippi,28047,11310,21523.75,1.945985047,209526,49.38169487,46.67704247,0.160858318,98319.75
Hinds County,Mississippi,28049,12080,22018.75,1.863247729,222017,50.12332839,54.11583798,0.15719517,85673.75
Holmes County,Mississippi,28051,820,1573.75,1.834068763,16535,36.90087693,15.9559117,0.162382824,3383
Humphreys County,Mississippi,28053,396.25,760,1.84681043,7558,42.35789892,25.42550939,0.182191056,1504.5
Issaquena County,Mississippi,28055,50,91.25,1.919444444,1318,34.93778452,21.2875569,0.141881639,181.25
Itawamba County,Mississippi,28057,1206.25,2422.5,2.028529362,23945,42.95401963,24.71735227,0.175610775,7316.375
Jackson County,Mississippi,28059,7960,15428.75,1.953517613,144482,48.83001343,54.83914951,0.167218062,72025
Jasper County,Mississippi,28061,856.25,1688.75,2.026821481,16155,45.76713092,29.10114516,0.210584958,5058.75
Jefferson County,Mississippi,28063,371.25,696.25,1.886975888,7137,41.21591705,14.11461398,0.189855682,2171.5
Jefferson Davis County,Mississippi,28065,578.75,1082.5,1.849312449,11170,38.82855864,14.82712623,0.240107431,3570.5
Jones County,Mississippi,28067,3302.5,6765,2.08454517,66747,48.56195784,40.84328884,0.175573434,22256.875
Kemper County,Mississippi,28069,467.5,841.25,1.875095578,8809,38.47689863,31.11794755,0.218299466,2789
Lafayette County,Mississippi,28071,2793.75,5162.5,1.878758746,57700,54.21461005,41.0352513,0.13117851,29874.375
Lamar County,Mississippi,28073,3283.75,6712.5,2.05390532,65420,52.40684806,32.17444207,0.146545399,27963.625
Lauderdale County,Mississippi,28075,3726.25,7112.5,1.938411555,72032,50.03238838,50.48102232,0.183279653,28568.375
Lawrence County,Mississippi,28077,605,1232.5,2.097803793,11790,46.40907549,31.08965225,0.194486853,4365.5
Leake County,Mississippi,28079,1051.25,2110,2.054608417,21270,41.33008933,28.8767748,0.179595675,5644.25
Lee County,Mississippi,28081,4676.25,9096.25,2.00300511,83002,53.83899183,60.15455049,0.152851739,31496.375
Leflore County,Mississippi,28083,1401.25,2693.75,1.945426317,27676,49.78877005,41.52254661,0.148287325,6851.125
Lincoln County,Mississippi,28085,1737.5,3561.25,2.108177723,34961,47.81419296,33.98120763,0.174909185,12408.625
Lowndes County,Mississippi,28087,3107.5,5916.25,1.943589895,58133,50.5151119,53.58140815,0.168424131,22212.25
Madison County,Mississippi,28089,6485,12802.5,1.892507173,109972,88.75595606,70.94742298,0.148401411,68722.5
Marion County,Mississippi,28091,1188.75,2420,2.090610008,24308,42.8765427,33.65110252,0.187140036,7584.875
Marshall County,Mississippi,28093,1981.25,3685,1.894563956,33660,47.07109329,26.18146168,0.186155674,10502.5
Monroe County,Mississippi,28095,1817.5,3552.5,2.004663176,33918,44.36538121,29.19387936,0.199746447,11899.375
Montgomery County,Mississippi,28097,512.5,1006.25,2.049001528,9696,42.92502063,21.19234736,0.22359736,3544.625
Neshoba County,Mississippi,28099,1493.75,3015,2.093212233,28923,46.82598624,37.45064482,0.162811603,7577
Newton County,Mississippi,28101,1108.75,2253.75,2.098207542,21088,41.6763088,25.02328338,0.171187405,7539.125
Noxubee County,Mississippi,28103,553.75,1058.75,2.033081057,10116,44.83521155,25.26087386,0.175958877,2201.75
Oktibbeha County,Mississippi,28105,2323.75,4191.25,1.84446917,51803,42.29376677,36.32988437,0.118410131,22457.375
Panola County,Mississippi,28107,1788.75,3517.5,1.996421789,32902,42.85946143,32.97428728,0.171904443,9357.125
Pearl River County,Mississippi,28109,2857.5,5833.75,2.072471825,56519,47.97901591,20.08216706,0.19458943,23257
Perry County,Mississippi,28111,570,1157.5,2.124563556,11507,40.45859042,27.20231164,0.189362996,4008.375
Pike County,Mississippi,28113,1990,3918.75,2.024330982,39976,39.06954173,29.26040624,0.174229538,13022
Pontotoc County,Mississippi,28115,1655,3418.75,2.094827958,31332,43.28367165,29.8216839,0.152495851,8144.75
Prentiss County,Mississippi,28117,1217.5,2466.25,2.125417787,25052,39.95700942,24.34819575,0.174357337,7217.25
Quitman County,Mississippi,28119,315,597.5,1.880422018,5897,42.38053247,18.13362727,0.183652705,1169.625
Rankin County,Mississippi,28121,8546.25,16666.25,1.919451595,157600,57.92353426,48.60932741,0.16268401,73124.625
Scott County,Mississippi,28123,1388.75,2850,2.06909239,27617,39.44946953,38.24311113,0.155266684,6035.5
Sharkey County,Mississippi,28125,191.25,371.25,1.956651329,3629,54.66326812,29.27004684,0.203912924,1083.5
Simpson County,Mississippi,28127,1307.5,2567.5,2.00406515,25699,48.05311491,25.75967936,0.18763376,8359.125
Smith County,Mississippi,28129,746.25,1561.25,2.12755439,14199,47.46144095,28.37523769,0.20691598,4897.875
Stone County,Mississippi,28131,897.5,1820,2.072497865,18736,42.48804441,22.53010248,0.167485056,6937.375
Sunflower County,Mississippi,28133,1128.75,2130,1.909707859,24681,39.43774563,28.78886593,0.150439609,4803.375
Tallahatchie County,Mississippi,28135,570,1090,1.904604538,11969,44.72111287,27.11688529,0.177458434,2806.125
Tate County,Mississippi,28137,1528.75,3010,2.00435644,28173,47.63514713,21.01238775,0.166081,9909.5
Tippah County,Mississippi,28139,1098.75,2210,2.092426674,21599,45.79971295,31.78299921,0.172924672,5611.25
Tishomingo County,Mississippi,28141,933.75,1895,2.075508005,18745,45.10168045,34.11256335,0.212109896,6665
Tunica County,Mississippi,28143,532.5,1026.25,1.912404174,9644,46.32942762,62.3913314,0.135213604,1565
Union County,Mississippi,28145,1488.75,3051.25,2.107068099,28029,42.77409112,41.42013629,0.165899604,8311.5
Walthall County,Mississippi,28147,686.25,1386.25,2.068805917,13835,39.30184315,19.06917239,0.203975425,4577.25
Warren County,Mississippi,28149,2410,4607.5,1.885396746,43440,50.65757366,59.12916667,0.182228361,23008.5
Washington County,Mississippi,28151,2267.5,4375,1.904361411,43605,46.59410618,31.77546153,0.173535145,10942.875
Wayne County,Mississippi,28153,1030,2095,2.085741646,19672,44.91576861,30.98820659,0.17593534,5704.625
Webster County,Mississippi,28155,512.5,1066.25,2.136889914,9975,46.87889724,20.37082707,0.183458647,3814.125
Wilkinson County,Mississippi,28157,381.25,731.25,1.936924241,8303,37.8017584,18.26339877,0.188486089,2656.25
Winston County,Mississippi,28159,913.75,1780,1.997038993,17573,45.77123997,28.26256188,0.212541968,6341.25
Yalobusha County,Mississippi,28161,647.5,1238.75,1.982155892,12438,43.94291687,24.33719247,0.213378357,4771.375
Yazoo County,Mississippi,28163,1131.25,2233.75,1.995507164,25180,40.61616362,32.99583002,0.149285147,6617.125
Adair County,Missouri,29001,1223.75,2296.25,1.997114742,25188,40.05343815,34.13224551,0.154359219,9303
Andrew County,Missouri,29003,1081.25,2108.75,1.951037548,18015,54.74343603,16.98007216,0.198889814,9248.875
Atchison County,Missouri,29005,312.5,578.75,1.900426122,5210,55.81880998,75.22667946,0.252975048,2188.25
Audrain County,Missouri,29007,1335,2577.5,2.048884388,24858,47.94975461,36.81623622,0.183804007,8702.5
Barry County,Missouri,29009,1910,3823.75,2.052425948,34762,46.40636327,45.72527473,0.214113112,13437.875
Barton County,Missouri,29011,653.75,1301.25,2.10804252,11670,47.59263068,35.65724079,0.206940874,3615
Bates County,Missouri,29013,910,1788.75,2.010339253,16099,52.56456923,29.35809678,0.196161252,6108
Benton County,Missouri,29015,1123.75,2120,1.954831872,19940,47.89237713,22.02567703,0.310982949,11323
Bollinger County,Missouri,29017,605,1232.5,2.126791417,10582,48.57078057,16.08694009,0.210735211,4115.375
Boone County,Missouri,29019,10332.5,18632.5,1.840756782,186132,60.4251875,54.79130402,0.132282466,96200.875
Buchanan County,Missouri,29021,4850,8818.75,1.88886263,83636,52.17699316,60.3544048,0.1710627,35995.625
Butler County,Missouri,29023,2240,4312.5,2.03063728,42163,45.88304912,36.1100491,0.191044281,14234.5
Caldwell County,Missouri,29025,498.75,1000,2.064078463,8900,48.22325843,24.42561798,0.200786517,3544.25
Callaway County,Missouri,29027,2548.75,4786.25,1.933083819,44655,50.61737767,43.33434106,0.175008398,22021.75
Camden County,Missouri,29029,2711.25,4910,1.833147567,43513,55.76475996,39.98678556,0.29090157,35875.375
Cape Girardeau County,Missouri,29031,4547.5,8520,1.917626584,82144,54.44285645,50.68414005,0.173768017,38628.625
Carroll County,Missouri,29033,503.75,937.5,1.916329935,8398,62.95105978,38.48928316,0.223386521,3516.5
Carter County,Missouri,29035,313.75,640,2.225499082,5325,50.28525822,23.07042254,0.204319249,2046.25
Cass County,Missouri,29037,6697.5,12820,1.876549278,109792,61.32242786,28.55371065,0.173692072,62384.75
Cedar County,Missouri,29039,746.25,1560,2.269475287,14519,41.12535299,22.6329637,0.229079138,6000.125
Chariton County,Missouri,29041,433.75,841.25,1.999054963,7367,56.22383603,39.20849735,0.246504683,3197.75
Christian County,Missouri,29043,5253.75,10835,2.07180033,91636,54.97613383,22.95214763,0.163832991,42398.875
Clark County,Missouri,29045,358.75,710,2.0627078,6734,46.52806653,24.69230769,0.211018711,2263.5
Clay County,Missouri,29047,15537.5,29266.25,1.853491288,255908,60.75135596,55.06275302,0.148154806,128446.5
Clinton County,Missouri,29049,1255,2452.5,1.940938568,21222,53.66671379,19.30647441,0.182970502,10669.125
Cole County,Missouri,29051,4721.25,8650,1.839973244,76616,61.59982249,72.88096481,0.177599979,53688.25
Cooper County,Missouri,29053,997.5,1851.25,1.9136513,16682,55.19823762,28.7765256,0.195360269,7385.625
Crawford County,Missouri,29055,1313.75,2468.75,1.975260298,22826,48.56834312,31.44541313,0.203364584,8209.125
Dade County,Missouri,29057,413.75,821.25,2.106181032,7600,47.24394737,26.04815789,0.242236842,2836.75
Dallas County,Missouri,29059,911.25,1858.75,2.248121472,17344,43.07103321,16.6267297,0.203240314,5483.25
Daviess County,Missouri,29061,455,965,2.238307646,8404,42.47703475,22.34781057,0.213588767,3435
DeKalb County,Missouri,29063,530,1041.25,1.998698125,11695,38.16058145,27.32312954,0.177169731,4198.25
Dent County,Missouri,29065,773.75,1551.25,2.082231496,14461,45.65285941,24.66509923,0.219486896,5896.875
Douglas County,Missouri,29067,686.25,1441.25,2.204356836,11746,40.42346331,18.14583688,0.247318236,5083.875
Dunklin County,Missouri,29069,1328.75,2658.75,2.062492919,27739,46.13890191,28.28011104,0.185695231,7014.125
Franklin County,Missouri,29071,6517.5,12212.5,1.910831368,105317,57.34680061,47.08897899,0.184338711,57570.5
Gasconade County,Missouri,29073,896.25,1668.75,1.969781473,14782,50.27005818,29.38790421,0.229062373,8059
Gentry County,Missouri,29075,361.25,771.25,2.201855742,6189,54.10906447,35.60106641,0.187914041,2415
Greene County,Missouri,29077,17586.25,31526.25,1.887906811,301137,56.10663253,60.39601245,0.168312097,128150.875
Grundy County,Missouri,29079,505,1026.25,2.125750043,9762,44.68018849,31.25527556,0.219524688,3616.625
Harrison County,Missouri,29081,447.5,870,2.072627133,8179,47.04487101,29.92175083,0.222765619,2830.125
Henry County,Missouri,29083,1265,2442.5,2.032654415,22220,53.37236724,35.0449595,0.223762376,10554.25
Hickory County,Missouri,29085,495,956.25,1.966133198,8572,43.40853943,19.92020532,0.328628091,4962.5
Holt County,Missouri,29087,262.5,496.25,1.942253897,4234,66.44615021,46.78129428,0.252243741,1884.375
Howard County,Missouri,29089,542.5,1042.5,2.00565612,10144,52.74408517,22.43473975,0.196569401,4399.375
Howell County,Missouri,29091,2105,4277.5,2.134253474,40026,44.98820767,33.12057163,0.198595913,14600.75
Iron County,Missouri,29093,491.25,981.25,2.056062991,9431,44.93500159,35.75569929,0.222669918,3715
Jackson County,Missouri,29095,42281.25,75266.25,1.813222214,717993,58.05428187,70.90567318,0.15468953,303496.5
Jasper County,Missouri,29097,6866.25,13262.5,2.038209089,123324,48.11465733,45.05520418,0.15865525,36570.625
Jefferson County,Missouri,29099,14005,26320,1.880508112,228030,55.47546814,22.20557383,0.161412972,114402.375
Johnson County,Missouri,29101,2958.75,5767.5,1.986404098,54209,47.38362634,36.44621742,0.128539541,24536.125
Knox County,Missouri,29103,217.5,440,2.264890977,3786,49.40491284,34.91468568,0.213946117,1182.375
Laclede County,Missouri,29105,1987.5,3971.25,2.115759693,36163,48.61800736,43.80571302,0.179741725,12303.875
Lafayette County,Missouri,29107,1897.5,3695,1.95006969,32835,54.88195523,26.36357545,0.189980204,15105.75
Lawrence County,Missouri,29109,2097.5,4315,2.118865678,38263,42.91127199,25.25348248,0.17831848,12672.5
Lewis County,Missouri,29111,510,985,1.96512421,10000,44.3798,24.325,0.1876,3074.875
Lincoln County,Missouri,29113,3722.5,7313.75,1.954282282,61651,54.91653015,22.10953594,0.142625424,26572.625
Linn County,Missouri,29115,687.5,1331.25,2.036472856,11844,49.6924181,34.97222222,0.211330632,4883.75
Livingston County,Missouri,29117,812.5,1546.25,1.995424142,14206,52.67253273,39.91714768,0.204350275,5977
McDonald County,Missouri,29119,1190,2512.5,2.203982525,23432,39.70134858,34.36881188,0.155556504,4855.375
Macon County,Missouri,29121,886.25,1705,2.041498209,15183,51.96542185,38.09662122,0.219851149,7122.625
Madison County,Missouri,29123,662.5,1287.5,2.097458741,12665,45.39668377,21.19202527,0.192577971,4783.75
Maries County,Missouri,29125,482.5,938.75,2.029488609,8418,44.91660727,21.06973153,0.217510097,4197.625
Marion County,Missouri,29127,1591.25,3021.25,1.971823767,28564,52.1942305,43.50112029,0.18484806,11552.125
Mercer County,Missouri,29129,196.25,391.25,2.162359303,3480,43.03706897,30.78477011,0.224712644,1274.25
Miller County,Missouri,29131,1410,2735,2.062358936,24949,48.5526474,30.14689968,0.198204337,10197.625
Mississippi County,Missouri,29133,601.25,1141.25,1.945645398,12105,42.56629492,26.49021066,0.1881867,2846
Moniteau County,Missouri,29135,875,1760,2.109244958,15313,51.0997845,29.79899432,0.164892575,7008.5
Monroe County,Missouri,29137,492.5,960,2.02389533,8708,56.20900322,27.12069362,0.240468535,3773.375
Montgomery County,Missouri,29139,678.75,1276.25,1.977747312,11440,55.61284965,32.01652098,0.202534965,4856.25
Morgan County,Missouri,29141,1177.5,2347.5,2.087356288,21441,51.43780607,28.16197939,0.236089735,10284.5
New Madrid County,Missouri,29143,841.25,1631.25,2.014046707,16039,50.2684706,60.26722364,0.197269156,5462.625
Newton County,Missouri,29145,3283.75,6655,2.099015938,59451,49.52883888,37.74711948,0.185715968,21592.625
Nodaway County,Missouri,29147,1102.5,2041.25,1.937940734,20984,43.60722455,35.75500381,0.174370949,8391.875
Oregon County,Missouri,29149,502.5,1036.25,2.162135334,8628,47.56177561,24.41133519,0.229949003,3455.375
Osage County,Missouri,29151,795,1545,2.015395435,13397,57.12293797,31.59155035,0.177651713,7184
Ozark County,Missouri,29153,491.25,970,2.039208497,8790,43.64789534,16.3337884,0.287713311,4540.625
Pemiscot County,Missouri,29155,711.25,1418.75,2.023386041,15246,48.53915781,29.73343828,0.17899777,4076.5
Perry County,Missouri,29157,1146.25,2137.5,1.941309133,18975,53.24637681,50.788722,0.198050066,8271.75
Pettis County,Missouri,29159,2402.5,4696.25,2.07293196,43220,47.85758908,61.1321379,0.171980565,14797
Phelps County,Missouri,29161,2340,4381.25,1.988987447,44912,48.07341022,35.83423139,0.169242073,20664.625
Pike County,Missouri,29163,936.25,1820,1.980614925,17606,45.50721345,30.68896967,0.186754516,6483.375
Platte County,Missouri,29165,6671.25,12641.25,1.796055578,108752,74.66818082,68.11042556,0.156677578,67959.375
Polk County,Missouri,29167,1707.5,3506.25,2.160303781,32047,46.47333604,27.57137954,0.181795488,11725.125
Pulaski County,Missouri,29169,2353.75,4947.5,2.075055723,53816,47.79898172,42.42472499,0.093206481,19718.75
Putnam County,Missouri,29171,256.25,511.25,2.110930042,4692,48.6557971,28.85230179,0.241048593,1987.5
Ralls County,Missouri,29173,607.5,1188.75,1.985920036,10365,52.60598167,64.79218524,0.227978775,5020.75
Randolph County,Missouri,29175,1353.75,2551.25,1.942520375,24569,53.35837844,51.19573446,0.170825023,8916.375
Ray County,Missouri,29177,1337.5,2617.5,1.96705099,23095,52.03823338,21.33669625,0.189738039,10558.125
Reynolds County,Missouri,29179,306.25,610,2.080595547,6084,41.74671269,31.88346483,0.238987508,2307.75
Ripley County,Missouri,29181,620,1288.75,2.134553312,10648,48.75873403,20.00788881,0.200694966,3575.125
St. Charles County,Missouri,29183,25770,48655,1.787457384,410515,70.23572342,49.7875912,0.163231551,265413
St. Clair County,Missouri,29185,495,1013.75,2.153495435,9416,42.56786321,21.99830076,0.260514019,3857.25
Ste. Genevieve County,Missouri,29186,1075,2066.25,1.942286907,18576,51.34501507,34.63205211,0.204995693,9373.625
St. Francois County,Missouri,29187,3467.5,6611.25,1.986785769,67015,45.6919048,26.59970156,0.167723644,25811.75
St. Louis County,Missouri,29189,61546.25,111371.25,1.761272826,998785,99.99998999,91.30519782,0.185901871,697038.5
Saline County,Missouri,29195,1221.25,2332.5,1.987463671,23263,51.21063491,42.26690453,0.17611658,7759.625
Schuyler County,Missouri,29197,220,470,2.24140745,4020,46.12089552,36.86542289,0.190049751,1277
Scotland County,Missouri,29199,255,550,2.310090841,4674,55.53294822,38.49572101,0.188703466,1416.625
Scott County,Missouri,29201,2125,4085,2.009767125,37894,53.13659154,44.42457909,0.187206418,12826.875
Shannon County,Missouri,29203,392.5,815,2.179512144,7100,44.63169014,19.87352113,0.227042254,2516.25
Shelby County,Missouri,29205,346.25,676.25,2.043780597,5974,53.37864078,31.41647138,0.220957482,2089.5
Stoddard County,Missouri,29207,1542.5,3013.75,2.023279721,28522,47.97244233,38.80232803,0.204263376,8830.5
Stone County,Missouri,29209,1913.75,3595,1.916514817,31590,53.97695473,26.51858183,0.316587528,23554.5
Sullivan County,Missouri,29211,333.75,647.5,2.033826344,5891,51.48854184,82.13851638,0.206586318,1691
Taney County,Missouri,29213,3395,6150,1.978107899,56313,49.59259851,50.57643883,0.22199137,23432.75
Texas County,Missouri,29215,1247.5,2567.5,2.160888978,24864,40.25116634,21.75052284,0.212596525,9983.625
Vernon County,Missouri,29217,1071.25,2122.5,2.096616719,19598,48.29099908,44.74329013,0.205582202,7738
Warren County,Missouri,29219,2282.5,4332.5,1.90214365,36562,56.15614573,24.48285105,0.179995624,20686.75
Washington County,Missouri,29221,1168.75,2363.75,2.072980887,23403,40.63628595,18.27543477,0.174550271,7564.75
Wayne County,Missouri,29223,587.5,1185,2.106126114,10925,45.49162471,19.2019222,0.243569794,4384
Webster County,Missouri,29225,2152.5,4685,2.2456488,39600,46.2335101,22.66189394,0.155883838,13287
Worth County,Missouri,29227,108.75,202.5,1.929375214,1973,47.03294475,27.46933604,0.262544349,786.75
Wright County,Missouri,29229,960,2067.5,2.292485018,18625,42.14571812,23.62727517,0.196939597,5766
St. Louis city,Missouri,29510,16722.5,26258.75,1.607296182,293484,61.31761186,108.8563261,0.148369247,77683.125
Beaverhead County,Montana,30001,591.25,1070,1.868987839,9551,62.93320071,48.00764318,0.238927861,5636.75
Big Horn County,Montana,30003,545,1208.75,2.271575209,12894,38.81898557,69.72948658,0.138669148,2669.125
Blaine County,Montana,30005,331.25,667.5,2.07275062,6999,38.42934705,28.36833833,0.159737105,1453.125
Broadwater County,Montana,30007,442.5,871.25,1.957980621,7327,61.21318411,29.75897366,0.23365634,4256.875
Carbon County,Montana,30009,710,1282.5,1.821709682,10900,72.59256881,36.00100917,0.267155963,7801.5
Carter County,Montana,30011,75,147.5,2.00487013,1416,45.30367232,29.60381356,0.276836158,387.5
Cascade County,Montana,30013,5142.5,9272.5,1.874736951,84565,60.32422397,50.35590374,0.193105895,43057.625
Chouteau County,Montana,30015,291.25,570,2.074105401,5939,57.45293821,55.72284896,0.222933154,2038
Custer County,Montana,30017,691.25,1267.5,1.914356994,11961,55.04606638,40.52345122,0.2019898,4924.125
Daniels County,Montana,30019,111.25,202.5,1.857996324,1671,58.87312986,56.92579294,0.257929384,620.875
Dawson County,Montana,30021,507.5,956.25,1.925627494,8859,52.69928886,44.78835083,0.206230952,4204.25
Deer Lodge County,Montana,30023,557.5,945,1.730395449,9522,52.5800252,35.53696702,0.260449485,6585.625
Fallon County,Montana,30025,168.75,332.5,2.019454365,3011,55.35835271,64.66888077,0.186648954,1080
Fergus County,Montana,30027,731.25,1333.75,1.909220775,11619,56.48403477,44.44246493,0.246406748,5821.875
Flathead County,Montana,30029,7206.25,13216.25,1.867984204,108790,72.84425039,48.40037687,0.207123817,68167.375
Gallatin County,Montana,30031,8182.5,13498.75,1.656825184,123119,91.87133586,71.67148044,0.131815561,56977.875
Garfield County,Montana,30033,68.75,146.25,2.204017857,1206,50.24626866,40.35655058,0.250414594,224.25
Glacier County,Montana,30035,652.5,1296.25,2.096319817,13723,48.75909058,38.38584858,0.129272025,2870.875
Golden Valley County,Montana,30037,52.5,103.75,2.05515873,816,62.5625,35.07720588,0.329656863,291.25
Granite County,Montana,30039,202.5,353.75,1.79667025,3354,58.55575432,36.42128801,0.304710793,2078.875
Hill County,Montana,30041,937.5,1747.5,1.968526775,16207,57.05904856,52.25032393,0.156167088,5945.875
Jefferson County,Montana,30043,815,1583.75,1.903112512,12472,67.99967928,23.11866581,0.231478512,10737.625
Judith Basin County,Montana,30045,128.75,238.75,1.907377418,2041,61.70063694,51.11611955,0.270945615,1074.375
Lake County,Montana,30047,1802.5,3395,1.953479323,32081,52.72909199,31.2663882,0.23730557,17818.125
Lewis and Clark County,Montana,30049,4688.75,8355,1.77772049,72517,65.80046058,59.41688156,0.197719156,54841.125
Liberty County,Montana,30051,107.5,201.25,1.98011932,1937,77.00722767,127.2973671,0.238513165,580.5
Lincoln County,Montana,30053,1221.25,2312.5,1.952862043,20597,50.47502063,30.73374763,0.300869059,13314.5
McCone County,Montana,30055,106.25,202.5,2.061595023,1710,49.56783626,48.19356725,0.278947368,562.5
Madison County,Montana,30057,581.25,1037.5,1.790013316,8954,81.35682377,63.40708063,0.307795399,7043.25
Meagher County,Montana,30059,116.25,210,2.012121212,1963,61.40957718,36.55068772,0.322975038,887.875
Mineral County,Montana,30061,291.25,538.75,1.924750009,4859,51.10969335,23.7750566,0.286684503,3178.75
Missoula County,Montana,30063,7797.5,13010,1.724535821,119857,71.44662389,57.25567968,0.16754132,65906.25
Musselshell County,Montana,30065,280,556.25,1.999097009,4910,54.94725051,69.77189409,0.278818737,2541.5
Park County,Montana,30067,1230,2032.5,1.708677365,17525,70.51241084,39.64810271,0.241997147,9917.875
Petroleum County,Montana,30069,26.25,48.75,1.902777778,520,42.17884615,33.81346154,0.276923077,138.75
Phillips County,Montana,30071,240,448.75,2.045609352,4209,47.44832502,33.26395818,0.240199572,1457.625
Pondera County,Montana,30073,375,670,1.95318607,6017,69.26890477,50.64700017,0.216220708,1948.5
Powder River County,Montana,30075,98.75,188.75,1.903614204,1707,47.01991798,68.79906268,0.299355595,558.125
Powell County,Montana,30077,362.5,633.75,1.800575553,7023,55.68830984,37.29859035,0.205894917,3232.5
Prairie County,Montana,30079,70,136.25,1.950915751,1096,58.89963504,38.54470803,0.350364964,480.25
Ravalli County,Montana,30081,2907.5,5367.5,1.87095766,46096,67.36521607,30.6380597,0.265728046,37187.875
Richland County,Montana,30083,691.25,1271.25,1.842955926,11330,71.25127979,81.71676964,0.166107679,3486
Roosevelt County,Montana,30085,478.75,991.25,2.120254938,10788,43.46180942,39.24898035,0.11827957,2322.25
Rosebud County,Montana,30087,462.5,948.75,2.059364435,8082,55.64773571,100.7880475,0.168398911,3690.75
Sanders County,Montana,30089,743.75,1418.75,1.987352904,12949,49.8588308,31.6159549,0.320488069,8285.75
Sheridan County,Montana,30091,216.25,402.5,1.878530813,3572,53.51651736,43.6450168,0.247480403,1288.625
Silver Bow County,Montana,30093,2190,3752.5,1.783589238,35510,60.87116305,47.58054069,0.192621797,19328.125
Stillwater County,Montana,30095,595,1132.5,1.859178143,9026,71.19576778,59.94670951,0.244405052,6160.25
Sweet Grass County,Montana,30097,232.5,433.75,1.872372082,3702,64.39681253,58.46353323,0.278498109,1982.25
Teton County,Montana,30099,391.25,745,1.992472779,6279,63.16849817,46.21627648,0.234591495,2786.25
Toole County,Montana,30101,297.5,525,1.873168322,4987,68.47142571,79.98636455,0.178062964,1598.5
Treasure County,Montana,30103,41.25,86.25,2.108333333,768,60.01041667,91.40234375,0.303385417,278.5
Valley County,Montana,30105,440,806.25,1.90115476,7566,59.57850912,39.25680677,0.242400211,3482.5
Wheatland County,Montana,30107,118.75,202.5,1.824398396,2039,55.41981363,41.97008337,0.23884257,752.75
Wibaux County,Montana,30109,51.25,98.75,1.879761905,936,45.9508547,44.87393162,0.256410256,312
Yellowstone County,Montana,30111,10421.25,18867.5,1.829333638,167448,71.15904639,60.91381205,0.176801156,83478.75
Adams County,Nebraska,31001,1803.75,3425,1.940388912,30974,67.99580293,65.03273713,0.189513786,11859.125
Antelope County,Nebraska,31003,372.5,750,1.997566577,6296,75.71267471,98.86896442,0.24205845,1763.375
Arthur County,Nebraska,31005,23.75,48.75,2.138888889,435,71.74712644,52.53333333,0.227586207,58.875
Banner County,Nebraska,31007,35,76.25,2.186111111,689,78.88243832,59.83744557,0.233671988,185.5
Blaine County,Nebraska,31009,27.5,52.5,1.983333333,463,76.65658747,68.71274298,0.213822894,48.375
Boone County,Nebraska,31011,327.5,660,1.998065671,5381,81.14216688,85.99628322,0.228953726,1767
Box Butte County,Nebraska,31013,633.75,1217.5,1.988672326,10658,59.94792644,49.71214111,0.20876337,5478.25
Boyd County,Nebraska,31015,108.75,198.75,1.811664666,1782,75.48877666,60.06565657,0.2996633,579.75
Brown County,Nebraska,31017,183.75,347.5,2.016187988,2922,71.28062971,70.45893224,0.254962355,973.75
Buffalo County,Nebraska,31019,2922.5,5548.75,1.931940851,50310,73.85263367,71.16008746,0.159411648,18727.125
Burt County,Nebraska,31021,386.25,761.25,1.958147944,6716,62.09484812,46.57772484,0.246873139,2542.25
Butler County,Nebraska,31023,501.25,983.75,1.948885358,8452,71.29424988,49.38097492,0.204803597,2982.875
Cass County,Nebraska,31025,1668.75,3262.5,1.873077372,27079,67.68761771,32.50097862,0.18276155,16592.25
Cedar County,Nebraska,31027,496.25,997.5,2.010751718,8331,71.43296123,54.83699436,0.220261673,2562.25
Chase County,Nebraska,31029,220,442.5,2.03510556,3827,79.30938072,87.03971779,0.221060883,937.125
Cherry County,Nebraska,31031,332.5,632.5,1.996595583,5453,69.41958555,61.26664222,0.225197139,1558.625
Cheyenne County,Nebraska,31033,568.75,1067.5,1.970595411,9504,54.09785354,54.65603956,0.217697811,4260.375
Clay County,Nebraska,31035,358.75,731.25,1.95666295,6046,71.36222296,59.93268277,0.204267284,2162.5
Colfax County,Nebraska,31037,641.25,1292.5,2.030096043,10480,60.31116412,75.66937023,0.136450382,2067
Cuming County,Nebraska,31039,540,1077.5,1.970518629,8993,88.63627266,91.80040031,0.213721784,2389.875
Custer County,Nebraska,31041,647.5,1243.75,1.977365878,10495,67.20609814,71.34263935,0.224392568,3547.25
Dakota County,Nebraska,31043,1305,2537.5,1.978951575,21287,63.8157561,88.4830178,0.136609198,4436.25
Dawes County,Nebraska,31045,441.25,820,1.973381967,8147,50.47980852,35.22106297,0.203633239,3139.375
Dawson County,Nebraska,31047,1483.75,2960,2.061852307,23935,55.54923752,70.28255693,0.166993942,5437.5
Deuel County,Nebraska,31049,105,196.25,1.906226668,1849,48.46998378,41.65224446,0.270957274,693.125
Dixon County,Nebraska,31051,328.75,653.75,1.989590436,5561,62.83761913,67.66139184,0.215968351,1607.625
Dodge County,Nebraska,31053,2253.75,4232.5,1.923498093,37141,62.27985245,62.68086481,0.1855362,14694.625
Douglas County,Nebraska,31055,35156.25,65716.25,1.860972541,585534,84.43152917,100.1978023,0.137172222,262945.875
Dundy County,Nebraska,31057,98.75,177.5,1.940557359,1629,104.6347452,106.8993247,0.267648864,402.625
Fillmore County,Nebraska,31059,351.25,667.5,1.899224112,5554,81.30734606,77.45354699,0.233345337,1764.625
Franklin County,Nebraska,31061,170,333.75,2.006547619,2879,69.06147968,41.21952067,0.274400834,851
Frontier County,Nebraska,31063,145,297.5,2.108942936,2547,60.96152336,43.52139772,0.250883392,724.25
Furnas County,Nebraska,31065,278.75,545,2.010960896,4613,66.91957511,64.32733579,0.256449165,1719.75
Gage County,Nebraska,31067,1288.75,2452.5,1.917721128,21629,80.41952934,54.90808637,0.217069675,8694.5
Garden County,Nebraska,31069,110,202.5,1.905504626,1841,63.17381858,43.25801195,0.292232482,654.25
Garfield County,Nebraska,31071,101.25,195,1.995296717,1830,58.82677596,47.37486339,0.294535519,513.875
Gosper County,Nebraska,31073,116.25,226.25,1.867955044,1828,73.87746171,62.73577681,0.242341357,906.875
Grant County,Nebraska,31075,36.25,75,2.041666667,580,58.98275862,50.32068966,0.25,135.875
Greeley County,Nebraska,31077,136.25,272.5,2.082872692,2180,79.35458716,61.25504587,0.251834862,603.5
Hall County,Nebraska,31079,3787.5,7212.5,1.955142676,62085,60.02441814,63.99186599,0.153499235,20238
Hamilton County,Nebraska,31081,575,1163.75,1.970141735,9388,75.85822326,75.46325096,0.204196847,3596.25
Harlan County,Nebraska,31083,181.25,358.75,2.029791145,3095,76.33957997,63.8184168,0.272374798,1155
Hayes County,Nebraska,31085,51.25,106.25,1.991666667,843,93.33689205,101.1257414,0.271648873,162.375
Hitchcock County,Nebraska,31087,150,295,2.07313673,2602,65.26979247,63.46387394,0.259800154,895.5
Holt County,Nebraska,31089,611.25,1226.25,2.075068238,10063,70.22766571,66.38904899,0.228460698,2657.625
Hooker County,Nebraska,31091,41.25,78.75,2.094444444,735,49.00408163,40.47210884,0.292517007,189.75
Howard County,Nebraska,31093,388.75,772.5,1.996158609,6525,62.20536398,35.91218391,0.216704981,2217.375
Jefferson County,Nebraska,31095,422.5,807.5,1.9483877,7160,60.77304469,61.83296089,0.241340782,2302.875
Johnson County,Nebraska,31097,250,481.25,1.891013072,5314,45.06774558,36.11403839,0.183853971,1547.375
Kearney County,Nebraska,31099,400,800,1.950138227,6689,105.361489,68.12169233,0.205112872,2193.75
Keith County,Nebraska,31101,480,896.25,1.943783737,8259,58.89768737,48.33914517,0.268918755,3273.125
Keya Paha County,Nebraska,31103,47.5,91.25,2.005102041,797,67.45043915,43.30991217,0.308657465,99.875
Kimball County,Nebraska,31105,202.5,371.25,1.859924517,3408,61.65551643,63.89260563,0.262910798,1125.375
Knox County,Nebraska,31107,476.25,948.75,2.020203958,8414,65.17090563,77.82457808,0.252792964,2768.875
Lancaster County,Nebraska,31109,19248.75,35312.5,1.85174354,323407,66.48367228,68.34848658,0.148868144,148181.25
Lincoln County,Nebraska,31111,2037.5,3827.5,1.9387532,34079,71.16221133,76.4539159,0.206285396,15368.625
Logan County,Nebraska,31113,40,85,2.141269841,688,65.54505814,46.07122093,0.247093023,123
Loup County,Nebraska,31115,33.75,66.25,2.030952381,600,75.63833333,59.06333333,0.273333333,176.625
McPherson County,Nebraska,31117,26.25,47.5,1.85,380,86.35,71.51842105,0.263157895,0
Madison County,Nebraska,31119,2127.5,4075,1.984937312,35397,66.75582676,68.92177303,0.171313953,12586.75
Merrick County,Nebraska,31121,452.5,910,2.043543638,7666,66.22162797,53.15340464,0.211844508,2354.125
Morrill County,Nebraska,31123,270,516.25,1.984921589,4570,82.85929978,73.62407002,0.226695842,1476.75
Nance County,Nebraska,31125,196.25,381.25,1.903229154,3380,60.34023669,58.65443787,0.20591716,1136
Nemaha County,Nebraska,31127,372.5,756.25,1.97944173,7008,60.63798516,126.5743436,0.204052511,2459.625
Nuckolls County,Nebraska,31129,251.25,475,1.926173785,4071,83.47752395,77.49471874,0.269466961,1685.875
Otoe County,Nebraska,31131,976.25,1892.5,1.908541782,16022,63.60941206,89.12127075,0.202783672,7865.625
Pawnee County,Nebraska,31133,143.75,276.25,2.027034588,2542,63.19708891,51.05861526,0.284815106,1030
Perkins County,Nebraska,31135,166.25,338.75,2.024703874,2821,91.48174406,107.9964552,0.236795463,892.125
Phelps County,Nebraska,31137,548.75,1071.25,1.953743692,8922,73.34196369,88.38444295,0.201636404,3920.25
Pierce County,Nebraska,31139,420,861.25,2.015204015,7316,121.7055768,74.90568617,0.195598688,2266.75
Platte County,Nebraska,31141,2161.25,4205,1.94974798,34305,62.95280571,87.23404751,0.179769713,12091.25
Polk County,Nebraska,31143,323.75,631.25,1.909445591,5193,77.49528211,60.06990179,0.234161371,2109.5
Red Willow County,Nebraska,31145,611.25,1181.25,1.982174358,10621,60.10083796,55.98182845,0.212974296,4051.875
Richardson County,Nebraska,31147,448.75,841.25,1.895965027,7785,60.54155427,49.16274888,0.243673732,2762.75
Rock County,Nebraska,31149,83.75,160,2.03350469,1276,94.77821317,71.72884013,0.280564263,258.25
Saline County,Nebraska,31151,828.75,1660,2.031470115,14522,56.42342653,70.37288252,0.154386448,4551.75
Sarpy County,Nebraska,31153,12070,23771.25,1.854595728,193853,67.80865398,52.34342001,0.124222994,110334.875
Saunders County,Nebraska,31155,1370,2766.25,1.951371715,22832,73.11488262,36.34574282,0.180404695,10400.875
Scotts Bluff County,Nebraska,31157,2038.75,3893.75,1.978702738,35909,57.24832215,49.3038514,0.203765073,12257.75
Seward County,Nebraska,31159,987.5,1986.25,1.96947794,17555,68.13563087,45.32150385,0.176587867,7376.75
Sheridan County,Nebraska,31161,280,541.25,2.044153076,5091,65.94794736,61.10096248,0.266352387,1788.25
Sherman County,Nebraska,31163,177.5,336.25,1.952276696,2964,65.70917679,43.73414305,0.267881242,882.625
Sioux County,Nebraska,31165,65,123.75,1.906349206,1147,85.84917175,65.26155187,0.299040976,240.625
Stanton County,Nebraska,31167,337.5,685,1.998850729,5830,66.61835334,70.76226415,0.200857633,1795.75
Thayer County,Nebraska,31169,298.75,583.75,1.952193062,4892,72.09689289,82.95625511,0.245911693,1470.25
Thomas County,Nebraska,31171,41.25,83.75,2.152380952,679,65.93961708,49.01178203,0.281296024,161.875
Thurston County,Nebraska,31173,332.5,738.75,2.238672074,6627,67.03953523,76.73607967,0.128112268,1176.375
Valley County,Nebraska,31175,245,487.5,2.060255784,4065,75.32398524,73.55940959,0.247232472,1303.625
Washington County,Nebraska,31177,1281.25,2550,1.897893018,20991,74.14858749,69.84883998,0.186079748,12159.5
Wayne County,Nebraska,31179,471.25,910,1.949806399,9870,58.34356636,67.16859169,0.15775076,2694.375
Webster County,Nebraska,31181,197.5,380,1.966610569,3404,66.98413631,94.86016451,0.218860165,917.75
Wheeler County,Nebraska,31183,47.5,95,1.961111111,785,78.26242038,103.766879,0.277707006,237.25
York County,Nebraska,31185,830,1603.75,1.90759335,14245,68.36054756,68.26753247,0.202246402,5037.25
Churchill County,Nevada,32001,1498.75,2842.5,1.882755234,25674,57.64123238,49.53711926,0.193581055,15902.75
Clark County,Nevada,32003,141562.5,255038.75,1.800200981,2296651,65.66562442,64.27023784,0.156185681,1065806.75
Douglas County,Nevada,32005,3447.5,5951.25,1.65086399,50008,102.8642817,58.74114142,0.315529515,71542.5
Elko County,Nevada,32007,3002.5,6083.75,1.915402831,53868,56.97091037,51.11940299,0.125974605,25362.75
Esmeralda County,Nevada,32009,48.75,86.25,1.806878307,738,65.3495935,59.51761518,0.321138211,426.125
Eureka County,Nevada,32011,102.5,205,1.9,1909,50.99109481,552.5185961,0.185437402,816.875
Humboldt County,Nevada,32013,991.25,1965,1.897774617,17634,56.18407622,73.52869457,0.154757854,9440.5
Lander County,Nevada,32015,298.75,615,1.993912338,5761,79.87554244,130.5943413,0.164728346,3126.25
Lincoln County,Nevada,32017,223.75,485,2.078405092,4396,52.31460419,37.80868972,0.245450409,3538.875
Lyon County,Nevada,32019,3887.5,7307.5,1.85294947,60971,51.16340555,29.64906267,0.215791114,38044.375
Mineral County,Nevada,32021,246.25,442.5,1.792973105,4619,47.39467417,43.64537779,0.259796493,2771.875
Nye County,Nevada,32023,2751.25,5037.5,1.839555761,53339,46.6870395,36.14974034,0.309585857,36648.375
Pershing County,Nevada,32027,273.75,525,1.826054811,6430,42.88693624,48.18491446,0.178693624,2427.625
Storey County,Nevada,32029,267.5,463.75,1.72585364,4143,77.40043447,445.1375815,0.333091962,3775.125
Washoe County,Nevada,32031,31357.5,54767.5,1.708064739,494380,83.6429892,66.5346353,0.17238966,336265.125
White Pine County,Nevada,32033,511.25,961.25,1.842926819,8850,61.08440678,70.23141243,0.198079096,5089.875
Carson City,Nevada,32510,3688.75,6305,1.695307681,58770,63.72749702,66.97369406,0.208320572,47196.5
Belknap County,New Hampshire,33001,4410,7551.25,1.671830615,64598,81.70706523,49.0912567,0.231245549,53065.75
Carroll County,New Hampshire,33003,3550,6002.5,1.682749232,51735,81.7865275,49.77533585,0.294848748,51967.625
Cheshire County,New Hampshire,33005,4867.5,8437.5,1.71621825,76849,67.7573163,51.89616,0.21674973,47365
Coos County,New Hampshire,33007,1928.75,3296.25,1.746567446,31387,56.57743652,44.79284417,0.254723293,16020.875
Grafton County,New Hampshire,33009,5807.5,9790,1.66123816,90508,83.92956424,86.36709462,0.227571043,68810.5
Hillsborough County,New Hampshire,33011,28018.75,48636.25,1.669976973,424475,77.35948878,72.27683374,0.166862595,231848.75
Merrimack County,New Hampshire,33013,9975,17403.75,1.68888472,154627,75.50780265,67.29035679,0.19237908,94682.25
Rockingham County,New Hampshire,33015,21851.25,38213.75,1.606278338,318349,96.41047404,79.69971949,0.194063748,235166.875
Strafford County,New Hampshire,33017,8268.75,14061.25,1.674739783,131540,67.02749734,50.23253003,0.163638437,70314.5
Sullivan County,New Hampshire,33019,2810,4867.5,1.721358237,43609,69.67435621,37.6043248,0.229539774,27407.625
Atlantic County,New Jersey,34001,17528.75,30552.5,1.776591998,274991,60.68014226,54.05622729,0.191755367,143165.25
Bergen County,New Jersey,34003,60871.25,112336.25,1.722797752,955510,103.3103285,86.69152704,0.178076629,565754.375
Burlington County,New Jersey,34005,29630,53380,1.727049847,464547,75.84296099,68.38360596,0.178375923,299819.625
Camden County,New Jersey,34007,32133.75,58007.5,1.803914823,524176,65.73243338,50.57195675,0.161936067,236047.375
Cape May County,New Jersey,34009,6387.5,10737.5,1.672414922,95720,77.34424363,61.13757835,0.284151692,88675.375
Cumberland County,New Jersey,34011,8652.5,16057.5,1.875866378,152100,49.67570677,41.81287968,0.156252465,56294.375
Essex County,New Jersey,34013,49463.75,89582.5,1.792379145,854416,80.74269091,69.26360344,0.139719996,293907.625
Gloucester County,New Jersey,34015,18711.25,34327.5,1.781588007,304636,66.43052036,46.65804764,0.163614937,170725.25
Hudson County,New Jersey,34017,44790,73613.75,1.606231292,703545,81.92698406,73.30198495,0.125945035,134030.875
Hunterdon County,New Jersey,34019,8410,15515,1.601184934,129691,106.0631578,59.1799431,0.200245198,115509.875
Mercer County,New Jersey,34021,23255,42075,1.747572441,382231,84.65422742,119.306252,0.156473441,224613.375
Middlesex County,New Jersey,34023,53722.5,99461.25,1.773194981,862513,75.62295641,79.85864329,0.157366903,406111.875
Monmouth County,New Jersey,34025,41538.75,75218.75,1.674507854,646531,100.2441414,63.47715113,0.184118008,491044.375
Morris County,New Jersey,34027,33235,61481.25,1.640126809,510691,116.5682281,117.4347286,0.177067933,373470.875
Ocean County,New Jersey,34029,38496.25,75436.25,1.960102875,649990,62.5368021,37.26962415,0.22220188,453556
Passaic County,New Jersey,34031,33140,60073.75,1.839264879,518494,60.13715299,42.71308058,0.154545665,181341.5
Salem County,New Jersey,34033,3973.75,7260,1.843618937,65062,57.95816298,83.30698411,0.189127294,36055.375
Somerset County,New Jersey,34035,22512.5,41845,1.665385901,346562,118.1426671,128.0309786,0.164706459,229828.875
Sussex County,New Jersey,34037,9460,17045,1.698538597,145741,74.81101406,35.54738886,0.18469065,94821
Union County,New Jersey,34039,36762.5,67131.25,1.786257939,572930,83.4046428,70.06601679,0.147850523,248639.625
Warren County,New Jersey,34041,7112.5,12710,1.747972976,110464,67.03269844,41.94168236,0.189165701,66893.375
Bernalillo County,New Mexico,35001,41513.75,71107.5,1.745596349,675410,59.20820835,63.04942035,0.177681704,388766
Catron County,New Mexico,35003,190,335,1.843340381,3716,42.99300323,29.99004306,0.431377826,2541
Chaves County,New Mexico,35005,3335,6571.25,2.042401741,64660,50.48915868,32.91606867,0.161862048,18222.625
Cibola County,New Mexico,35006,1262.5,2382.5,1.963484505,27060,34.50820399,23.4477088,0.174944568,7042.375
Colfax County,New Mexico,35007,715,1218.75,1.789772995,12348,51.11556527,38.42589893,0.280774214,6794.625
Curry County,New Mexico,35009,2633.75,5180,2.05216206,47950,55.61599583,69.00727842,0.131491137,13713.875
De Baca County,New Mexico,35011,101.25,183.75,1.988839286,1682,62.35909631,52.04102259,0.299643282,662.75
Doña Ana County,New Mexico,35013,12832.5,23810,1.921805755,221756,48.56002092,39.14786071,0.167391187,103330.625
Eddy County,New Mexico,35015,3147.5,6326.25,1.993621647,60870,75.61741416,143.1081321,0.146607524,19400
Grant County,New Mexico,35017,1586.25,2786.25,1.825870433,27907,51.73383022,40.8829326,0.297774752,17137
Guadalupe County,New Mexico,35019,230,392.5,1.814795918,4424,45.88223327,48.01378843,0.200949367,1190.625
Harding County,New Mexico,35021,37.5,71.25,1.898809524,633,51.55134281,65.04739336,0.41864139,332.375
Hidalgo County,New Mexico,35023,217.5,401.25,1.95797688,4085,54.39216646,51.54516524,0.227662179,1435.375
Lea County,New Mexico,35025,3681.25,7761.25,2.097563187,73070,57.55058163,131.3043383,0.113206514,14508.25
Lincoln County,New Mexico,35027,1196.25,2116.25,1.818410577,20403,53.91466941,35.63230897,0.311522815,13191.5
Los Alamos County,New Mexico,35028,1237.5,2340,1.559654827,19397,92.8747229,160.714595,0.183636645,31229.875
Luna County,New Mexico,35029,1422.5,2797.5,2.071167643,25471,40.08774685,36.82611598,0.207137529,6781.375
McKinley County,New Mexico,35031,3578.75,7023.75,2.053618973,71468,34.63673252,32.39654111,0.132296972,16014.5
Mora County,New Mexico,35033,262.5,458.75,1.836949368,4190,57.39188544,28.17374702,0.309785203,2428.5
Otero County,New Mexico,35035,3751.25,7068.75,1.947281049,68499,44.17121418,43.47375874,0.17108279,29402.25
Quay County,New Mexico,35037,465,846.25,1.952505969,8620,47.09883991,34.66670534,0.268445476,3273
Rio Arriba County,New Mexico,35039,2202.5,3826.25,1.799126529,40219,45.87868918,27.17591188,0.212312589,22052.875
Roosevelt County,New Mexico,35041,955,1856.25,2.035161034,18998,50.9587325,37.11517002,0.148805137,4528.125
Sandoval County,New Mexico,35043,9360,17343.75,1.852296629,151509,58.26484235,28.93324489,0.195189725,100485.75
San Juan County,New Mexico,35045,6612.5,12793.75,2.005748653,121019,45.86318677,45.68195077,0.163941199,44038
San Miguel County,New Mexico,35047,1505,2528.75,1.793384702,27162,46.94499669,27.33841396,0.245526839,13376.875
Santa Fe County,New Mexico,35049,10392.5,17016.25,1.623684547,155429,78.82722015,49.0372453,0.273295202,149907.625
Sierra County,New Mexico,35051,655,1105,1.751529101,11524,49.64352655,27.52707393,0.380857341,5956.25
Socorro County,New Mexico,35053,877.5,1596.25,1.864158626,16304,44.21215653,32.07225221,0.203876349,6892.25
Taos County,New Mexico,35055,2072.5,3356.25,1.684018435,34688,50.08815729,32.59219327,0.297768681,18517.625
Torrance County,New Mexico,35057,820,1541.25,1.974815181,15311,47.62967801,41.41610607,0.227679446,5452.375
Union County,New Mexico,35059,225,410,1.987296082,4099,39.47914125,33.4493779,0.231031959,1286.125
Valencia County,New Mexico,35061,4416.25,8372.5,1.94359029,77452,47.71130507,22.69852296,0.184798327,33710.875
Albany County,New York,36001,19331.25,32901.25,1.686335319,316817,79.57843487,114.1930073,0.177184305,228363.75
Allegany County,New York,36003,2325,4400,1.952203984,46962,42.06532942,30.68293514,0.197670457,20789.375
Bronx County,New York,36005,83745,145232.5,1.755563707,1420392,43.70763775,31.25046818,0.139175664,280136.375
Broome County,New York,36007,10810,18915,1.799384705,198596,52.09654777,46.44982779,0.197279905,105451.5
Cattaraugus County,New York,36009,4198.75,7566.25,1.86437535,76551,48.46550666,38.16176144,0.202518582,35570.125
Cayuga County,New York,36011,4362.5,7706.25,1.802130785,75457,53.54743761,40.07962151,0.207402892,42346
Chautauqua County,New York,36013,6987.5,12643.75,1.879025178,126192,48.86000697,36.73635413,0.209672562,63326.75
Chemung County,New York,36015,4715,8460,1.845768131,83064,52.85906048,43.40573534,0.198028027,46466.125
Chenango County,New York,36017,2730,4973.75,1.875115102,46572,54.23992957,49.37108134,0.216202869,24958.875
Clinton County,New York,36019,4576.25,8023.75,1.784739015,79018,54.69003265,46.88735478,0.1850591,49887
Columbia County,New York,36021,3842.5,6475,1.661002182,61977,73.89223422,42.6324927,0.250915662,46768
Cortland County,New York,36023,2538.75,4490,1.820611109,46443,50.01156256,38.13571475,0.168163125,21307.625
Delaware County,New York,36025,2502.5,4381.25,1.773403783,44730,49.75524257,52.58587078,0.257835904,26690.75
Dutchess County,New York,36027,18512.5,32450,1.690567368,298816,71.50596019,51.23329741,0.184551697,221134.75
Erie County,New York,36029,56565,98360,1.769759944,953023,61.79883591,65.66146253,0.186881114,523409.375
Essex County,New York,36031,2262.5,3865,1.73009019,37246,57.94445041,45.67478387,0.254282339,26708.375
Franklin County,New York,36033,2523.75,4658.75,1.890594582,46797,53.27773148,43.81671902,0.191037887,26527.375
Fulton County,New York,36035,3096.25,5492.5,1.823002199,52751,53.37843832,35.1174954,0.202991412,27499.625
Genesee County,New York,36037,3505,6205,1.812508638,57902,53.37570378,44.45191876,0.1947083,31054.375
Greene County,New York,36039,2893.75,4873.75,1.673838816,47898,61.06576475,51.96375632,0.233830223,30350.875
Hamilton County,New York,36041,328.75,543.75,1.693108615,5114,59.22624169,45.86038326,0.330269847,5538
Herkimer County,New York,36043,3482.5,6307.5,1.870830311,60020,52.14413529,29.05956348,0.215161613,30232.5
Jefferson County,New York,36045,6223.75,11903.75,1.944081805,116925,54.35290999,54.71819542,0.146469959,53300.5
Kings County,New York,36047,155082.5,269658.75,1.727977372,2634268,65.97459788,42.22069205,0.150535177,616569.75
Lewis County,New York,36049,1487.5,2898.75,2.005037757,26721,56.0995846,45.40316605,0.197223158,13964.375
Livingston County,New York,36051,3506.25,6282.5,1.808774672,61698,52.7097961,35.94978768,0.195144089,36941.875
Madison County,New York,36053,3940,7067.5,1.817021834,67402,58.06879618,35.27899766,0.196715231,39771
Monroe County,New York,36055,45752.5,79477.5,1.759124881,756089,63.50803278,66.41734902,0.181780187,440766.625
Montgomery County,New York,36057,2867.5,5217.5,1.89148603,49490,51.22453021,39.19876743,0.191149727,22807.75
Nassau County,New York,36059,91890,168233.75,1.712148465,1392058,104.6245997,72.26877041,0.181753203,1088239.125
New York County,New York,36061,106933.75,156707.5,1.390098107,1576787,214.9985217,501.4383103,0.183118582,926455.375
Niagara County,New York,36063,13087.5,22636.25,1.798720723,211754,56.3000935,48.31737771,0.200742371,115978.25
Oneida County,New York,36065,13136.25,23607.5,1.822896339,229660,55.33700688,49.53565706,0.193951929,126392.875
Onondaga County,New York,36067,28100,49436.25,1.774419835,471959,63.2167434,68.13756915,0.181363212,271177.375
Ontario County,New York,36069,7012.5,12383.75,1.773835832,112648,65.20079362,58.56162559,0.214748597,80186.5
Orange County,New York,36071,23863.75,46026.25,1.901956784,405214,61.08517475,51.52757308,0.142934351,231699.25
Orleans County,New York,36073,2331.25,4162.5,1.837628808,39566,49.17027246,36.43843199,0.194763181,19316.75
Oswego County,New York,36075,6662.5,12135,1.843335896,118010,49.99612745,58.83916617,0.173451402,63095.625
Otsego County,New York,36077,3307.5,5798.75,1.801612288,60722,52.7010474,43.7307895,0.207107803,34375.75
Putnam County,New York,36079,6505,11753.75,1.681853432,98235,84.44838398,42.31620095,0.184913727,86229.875
Queens County,New York,36081,148493.75,252087.5,1.734326529,2328286,59.43633557,47.08555564,0.172047592,723833.125
Rensselaer County,New York,36083,9827.5,16775,1.710378351,160645,61.11935634,73.82256528,0.17981263,103307
Richmond County,New York,36085,29330,54333.75,1.834645577,494039,66.31504395,35.40672498,0.168025196,288511.25
Rockland County,New York,36087,18972.5,40961.25,2.082597072,339828,70.92258437,54.4225314,0.155505138,212887.875
St. Lawrence County,New York,36089,5388.75,9980,1.894929975,107835,47.58978068,45.9330644,0.183103816,56796.875
Saratoga County,New York,36091,15347.5,27076.25,1.68155379,237885,82.81120289,53.47314038,0.192492171,195822.5
Schenectady County,New York,36093,9806.25,17272.5,1.775123128,160066,60.9670386,59.79024277,0.175433884,95863.125
Schoharie County,New York,36095,1777.5,3148.75,1.823212911,30144,53.51997081,33.16212182,0.231754246,19218.25
Schuyler County,New York,36097,1065,1891.25,1.793216539,17789,51.57057732,30.02344145,0.225195345,10658.375
Seneca County,New York,36099,1892.5,3425,1.891744297,33411,48.76166532,46.50190057,0.20633923,18751.75
Steuben County,New York,36101,5375,9908.75,1.884797883,93099,56.15221431,50.43650308,0.203235266,52849.25
Suffolk County,New York,36103,102420,179885,1.681165878,1534053,88.18492386,68.52619955,0.173268459,1137057.25
Sullivan County,New York,36105,4493.75,8268.75,1.81885702,79731,58.71840313,42.88527674,0.188609198,39708.5
Tioga County,New York,36107,2871.25,5320,1.87004162,48090,54.63880225,33.85213142,0.214306509,29448.625
Tompkins County,New York,36109,5131.25,8620,1.685862465,105974,53.73625606,58.88483968,0.155877857,57751
Ulster County,New York,36111,11170,18951.25,1.683539896,183487,65.72080856,42.41213274,0.205791146,117178
Warren County,New York,36113,4307.5,7225,1.707172484,65734,66.6620014,78.45463535,0.233897222,51381.875
Washington County,New York,36115,3566.25,6318.75,1.80558162,60871,50.65535312,32.92866882,0.209590774,32544.75
Wayne County,New York,36117,5585,10051.25,1.833727703,91173,57.63879657,43.51917783,0.200377305,51994.125
Westchester County,New York,36119,62886.25,113680,1.662731394,1000036,130.7197061,90.69252207,0.176316653,754184.5
Wyoming County,New York,36121,2276.25,4047.5,1.797083882,39916,50.62303337,43.88513378,0.197264255,20749.5
Yates County,New York,36123,1360,2603.75,2.002759472,24640,51.87881494,42.40020292,0.215543831,14993.625
Alamance County,North Carolina,37001,10097.5,18870,1.898608892,173642,53.50658827,39.65355732,0.168858917,70018.875
Alexander County,North Carolina,37003,2000,3823.75,1.943278189,36292,50.53141188,23.95255153,0.202386201,11980.875
Alleghany County,North Carolina,37005,620,1155,1.870566261,11074,49.18430558,27.90066823,0.275781109,6494.75
Anson County,North Carolina,37007,1212.5,2231.25,1.909174351,22250,51.1454382,36.83910112,0.196314607,6502.875
Ashe County,North Carolina,37009,1490,2766.25,1.904310213,26766,48.85477845,29.88253755,0.268923261,14569.375
Avery County,North Carolina,37011,972.5,1755,1.829222539,17511,51.77836788,38.25606761,0.230255268,9527.375
Beaufort County,North Carolina,37013,2633.75,4907.5,1.87862203,44462,58.05222437,40.15633575,0.249426477,28177
Bertie County,North Carolina,37015,932.5,1683.75,1.837391338,17234,49.17303006,34.93187884,0.24544505,6385.5
Bladen County,North Carolina,37017,1626.25,3093.75,1.980781057,29552,51.34755685,48.79449783,0.231422577,10513
Brunswick County,North Carolina,37019,10142.5,17960,1.735274096,144869,68.44063947,42.13167068,0.332438272,211465.375
Buncombe County,North Carolina,37021,16947.5,29083.75,1.735875856,271984,67.95579887,58.71766354,0.207707071,166576.875
Burke County,North Carolina,37023,4878.75,9143.75,1.930576538,87303,48.59350767,31.8886178,0.211733846,34410.375
Cabarrus County,North Carolina,37025,13366.25,26751.25,1.977068121,231821,60.46155008,40.11845346,0.133102696,81035.375
Caldwell County,North Carolina,37027,4433.75,8340,1.939545135,80518,47.79578479,30.37341961,0.207717529,27018.5
Camden County,North Carolina,37029,640,1300,1.914586628,10821,60.93207652,16.25884854,0.164032899,7232.875
Carteret County,North Carolina,37031,4346.25,7801.25,1.783526887,68707,70.70406218,40.12556217,0.262433231,61938.125
Caswell County,North Carolina,37033,1186.25,2232.5,1.930908597,22487,44.8616534,16.56588251,0.230221906,8217.125
Catawba County,North Carolina,37035,9677.5,17951.25,1.896558208,161682,58.66666667,57.41126409,0.183941317,67284.5
Chatham County,North Carolina,37037,4875,9421.25,1.800068771,78147,91.64304452,27.9968009,0.248902709,89177.75
Cherokee County,North Carolina,37039,1617.5,2991.25,1.90247757,29188,43.84185282,29.63570645,0.313005345,16199.375
Chowan County,North Carolina,37041,811.25,1498.75,1.878959837,13769,55.39559881,41.55348972,0.256155131,8425.625
Clay County,North Carolina,37043,660,1223.75,1.891825664,11380,49.91845343,21.51678383,0.327240773,8522.375
Cleveland County,North Carolina,37045,5490,10567.5,1.979481741,100485,48.8886799,46.14301637,0.186813952,36392
Columbus County,North Carolina,37047,2675,5125,1.958870782,50004,46.17322614,29.6900448,0.205883529,16646.5
Craven County,North Carolina,37049,6095,11401.25,1.887924733,101667,58.73856807,50.43206744,0.202848515,72088
Cumberland County,North Carolina,37051,18195,35308.75,1.991943021,339623,48.88229596,54.68442656,0.125810089,133298.375
Currituck County,North Carolina,37053,1817.5,3558.75,1.884899213,29703,65.96279837,28.89273811,0.170723496,20474
Dare County,North Carolina,37055,2701.25,4607.5,1.712909885,37924,79.05624407,62.54893999,0.23586647,35682.375
Davidson County,North Carolina,37057,9963.75,19082.5,1.949192824,170580,52.84522218,30.80371087,0.186053465,65919.75
Davie County,North Carolina,37059,2605,5048.75,1.920390014,43651,65.7416554,33.69466908,0.217039701,26275.875
Duplin County,North Carolina,37061,2803.75,5600,2.068467123,48575,56.12432321,44.18904786,0.198064848,15919.5
Durham County,North Carolina,37063,19640,33815,1.686147869,326826,67.65046539,127.7186546,0.140833349,158134.625
Edgecombe County,North Carolina,37065,2698.75,5070,1.901705175,48351,47.75332465,31.44582325,0.208041199,15184.25
Forsyth County,North Carolina,37067,22466.25,41661.25,1.869120304,385753,62.15029047,70.34134796,0.165497093,181968.75
Franklin County,North Carolina,37069,4220,8276.25,1.964598805,71712,53.13927934,28.6451361,0.170933735,28892.375
Gaston County,North Carolina,37071,13308.75,24993.75,1.901314681,231409,54.32839259,36.60730568,0.163303934,79469
Gates County,North Carolina,37073,580,1093.75,1.904454713,10404,52.68464052,17.14850058,0.223279508,4886.5
Graham County,North Carolina,37075,420,826.25,1.981351298,8009,45.13984268,30.53939318,0.24335123,2867.75
Granville County,North Carolina,37077,3421.25,6465,1.872521282,60460,52.43794244,61.09139927,0.174694013,26477.875
Greene County,North Carolina,37079,1006.25,1910,1.940180887,20263,40.79993091,21.55697577,0.173814341,5555.625
Guilford County,North Carolina,37081,31321.25,57741.25,1.866447977,542050,61.5623282,66.36764321,0.155983765,228779.375
Halifax County,North Carolina,37083,2553.75,4746.25,1.904521621,48275,46.38819265,29.83388918,0.216302434,16885.5
Harnett County,North Carolina,37085,7403.75,15357.5,2.061770844,135563,49.97553905,21.45659951,0.134262299,48951.125
Haywood County,North Carolina,37087,3745,6752.5,1.829124995,62527,54.98248757,31.69797048,0.250467798,37843.125
Henderson County,North Carolina,37089,7235,13120,1.81063387,117166,61.51395456,40.69661847,0.259904751,91447
Hertford County,North Carolina,37091,1008.75,1862.5,1.890832154,19826,45.47220821,43.34278221,0.217441743,6320.25
Hoke County,North Carolina,37093,2836.25,5945,2.105081184,53197,44.46651127,22.81119236,0.111246875,17829.875
Hyde County,North Carolina,37095,271.25,467.5,1.808613261,4607,53.78120252,36.60516605,0.237464728,1710.375
Iredell County,North Carolina,37097,11623.75,22340,1.911970628,192222,70.05237694,56.53211391,0.163368397,86386.25
Jackson County,North Carolina,37099,2181.25,3822.5,1.807053101,42498,49.60631089,39.06054403,0.205044943,19577.5
Johnston County,North Carolina,37101,13321.25,26567.5,1.981091024,226976,56.08755551,36.45982835,0.134802799,85421.25
Jones County,North Carolina,37103,536.25,1012.5,1.947860917,9211,51.36858104,23.67180545,0.243187493,4440.25
Lee County,North Carolina,37105,3680,7077.5,1.934961802,64031,57.06132967,46.24828599,0.169386703,26528.375
Lenoir County,North Carolina,37107,3010,5668.75,1.964921161,54710,54.04412356,50.71917383,0.213142022,19846
Lincoln County,North Carolina,37109,5471.25,10628.75,1.90243592,89913,65.5956647,37.26354365,0.187792644,49355.125
McDowell County,North Carolina,37111,2487.5,4658.75,1.92652565,44536,47.81619364,45.75725256,0.212659422,17666.25
Macon County,North Carolina,37113,2176.25,3958.75,1.867630317,37465,55.29659682,48.73223008,0.283224343,21964.5
Madison County,North Carolina,37115,1227.5,2230,1.880764203,21737,48.71113769,20.61356213,0.226986245,10027.5
Martin County,North Carolina,37117,1221.25,2260,1.92580173,21752,43.96533652,28.68255793,0.250597646,8682.5
Mecklenburg County,North Carolina,37119,69532.5,124425,1.750141748,1125279,86.20286347,125.67044,0.116476892,410146.875
Mitchell County,North Carolina,37121,800,1531.25,1.935682462,14977,48.3554784,41.21159111,0.255124524,6295.125
Montgomery County,North Carolina,37123,1462.5,2792.5,1.930412387,25826,48.14078835,43.31220475,0.219507473,9524.75
Moore County,North Carolina,37125,6226.25,12252.5,1.896336796,103049,71.18824055,41.8276354,0.237032868,94017.75
Nash County,North Carolina,37127,5636.25,10545,1.89102331,95215,53.8668172,56.07539778,0.190694743,41205
New Hanover County,North Carolina,37129,14593.75,25031.25,1.711974969,230167,69.21417058,69.6799324,0.186999005,153584
Northampton County,North Carolina,37131,927.5,1677.5,1.829471552,17125,48.69086131,29.37769343,0.286890511,8065
Onslow County,North Carolina,37133,10742.5,21817.5,2.046369508,203563,56.05378679,46.19874928,0.099163404,84142
Orange County,North Carolina,37135,8081.25,14942.5,1.744229647,148798,85.09756852,68.38110727,0.154820629,92075.75
Pamlico County,North Carolina,37137,747.5,1338.75,1.786810756,12367,57.47772297,24.25762109,0.306218161,11717
Pasquotank County,North Carolina,37139,2312.5,4281.25,1.867184884,40484,51.88694299,41.2521243,0.182763561,20452.375
Pender County,North Carolina,37141,3846.25,7697.5,1.977845091,62994,58.23667333,28.71697305,0.181906213,34457.5
Perquimans County,North Carolina,37143,767.5,1461.25,1.896722767,13126,57.33506019,22.89189395,0.277616943,10810.625
Person County,North Carolina,37145,2275,4238.75,1.903677591,39150,50.8311622,39.62766284,0.203933589,16511.25
Pitt County,North Carolina,37147,9548.75,17781.25,1.908316392,175491,56.20103595,54.80858278,0.140645389,66052
Polk County,North Carolina,37149,1205,2200,1.821102921,19709,69.73641484,27.96291035,0.322187833,17066.625
Randolph County,North Carolina,37151,8242.5,15891.25,1.979470052,145129,49.96984062,28.75071144,0.179667744,45571.25
Richmond County,North Carolina,37153,2248.75,4340,1.997468239,42641,47.36584508,46.70812129,0.180295959,11839.625
Robeson County,North Carolina,37155,6228.75,12361.25,2.045781537,115901,44.58072838,33.83792202,0.159239351,28396.25
Rockingham County,North Carolina,37157,5145,9645,1.93163851,91241,49.03659539,31.07734461,0.209434355,36742.75
Rowan County,North Carolina,37159,8403.75,15933.75,1.948534947,147687,50.54857232,40.35997075,0.176156331,55576.25
Rutherford County,North Carolina,37161,3468.75,6632.5,1.967957452,64508,45.06076766,29.35380108,0.220375767,24842.625
Sampson County,North Carolina,37163,3430,6765,2.026028933,59038,48.01349978,30.09434601,0.180222907,17836.625
Scotland County,North Carolina,37165,1730,3333.75,1.9556808,33423,44.88124944,35.30302486,0.184573497,10576.375
Stanly County,North Carolina,37167,3622.5,7021.25,1.952895358,63147,53.54727857,31.91771581,0.189066781,25295.125
Stokes County,North Carolina,37169,2558.75,4875,1.934620074,44636,50.33495385,28.87834931,0.226812438,20441.75
Surry County,North Carolina,37171,3926.25,7557.5,1.988699554,71262,51.34634167,36.8625214,0.207964974,25416.75
Swain County,North Carolina,37173,1023.75,1807.5,1.842221255,14126,54.83130398,49.0488461,0.196729435,6686.125
Transylvania County,North Carolina,37175,1941.25,3493.75,1.797917954,33494,61.89299576,56.40965546,0.309279274,29146.375
Tyrrell County,North Carolina,37177,218.75,390,1.859648995,3373,47.9682775,31.34894752,0.245478802,1139.125
Union County,North Carolina,37179,14238.75,30130,2.021786532,244491,76.9735614,38.84760175,0.131857614,99327.625
Vance County,North Carolina,37181,2375,4461.25,1.926092574,42126,46.94461853,30.00166168,0.191212078,12857.5
Wake County,North Carolina,37183,69717.5,133490,1.790640453,1152626,84.99872292,87.41126784,0.124408091,554266
Warren County,North Carolina,37185,1001.25,1836.25,1.854524235,18831,39.04667835,16.06547714,0.26413892,9326.625
Washington County,North Carolina,37187,613.75,1120,1.875556357,10888,47.81576047,24.5932219,0.274981631,5137.375
Watauga County,North Carolina,37189,2560,4428.75,1.78541532,55326,53.22515635,44.15300221,0.162075697,25391.5
Wayne County,North Carolina,37191,6636.25,12830,1.998150711,117395,51.25530048,43.22376592,0.16864432,45413.75
Wilkes County,North Carolina,37193,3508.75,6747.5,1.963207463,65798,49.7724095,36.77975014,0.225143621,26024.875
Wilson County,North Carolina,37195,4543.75,8558.75,1.931408173,78746,52.32631499,49.47820842,0.18786986,30853.5
Yadkin County,North Carolina,37197,2148.75,4130,1.958309692,37280,51.38468348,26.08994099,0.207698498,16063.5
Yancey County,North Carolina,37199,1013.75,1933.75,1.945211563,18767,46.71902808,23.83135291,0.261736026,8853.875
Adams County,North Dakota,38001,125,227.5,1.887817911,2156,52.83998145,43.81910946,0.292671614,743.875
Barnes County,North Dakota,38003,626.25,1137.5,1.779591278,10714,74.60257607,67.30147471,0.231192832,4586.875
Benson County,North Dakota,38005,282.5,601.25,2.133789934,5773,59.22570587,48.55967435,0.153646284,1323
Billings County,North Dakota,38007,65,118.75,1.841044372,964,88.26763485,161.7043568,0.243775934,406
Bottineau County,North Dakota,38009,376.25,723.75,1.888750314,6417,79.75907745,71.89761571,0.247311828,2936.625
Bowman County,North Dakota,38011,186.25,357.5,1.902315405,2901,68.61082385,64.53843502,0.239227852,1014.75
Burke County,North Dakota,38013,128.75,252.5,1.84171627,2152,85.00697026,102.4893123,0.217472119,767.875
Burleigh County,North Dakota,38015,5960,11152.5,1.799446653,99386,74.9668565,59.31372628,0.174330389,57718
Cass County,North Dakota,38017,11796.25,21018.75,1.780939563,189330,75.51481012,76.49584324,0.126234617,71824
Cavalier County,North Dakota,38019,220,437.5,1.937484498,3677,101.2662497,103.5838999,0.271688877,1150.125
Dickey County,North Dakota,38021,291.25,552.5,1.910180771,4903,103.9333061,91.77993065,0.197838058,1434.25
Divide County,North Dakota,38023,131.25,251.25,1.804035364,2182,62.83455545,84.8395967,0.248854262,600.375
Dunn County,North Dakota,38025,243.75,490,1.915317354,4014,100.6763827,434.0981565,0.179123069,1089.625
Eddy County,North Dakota,38027,131.25,252.5,1.858098846,2318,81.24590164,58.5064711,0.222605695,680.125
Emmons County,North Dakota,38029,190,357.5,1.917079805,3262,70.0603924,54.07112201,0.281729001,1209.375
Foster County,North Dakota,38031,200,382.5,1.931852438,3366,76.99762329,80.37849079,0.23083779,1139.5
Golden Valley County,North Dakota,38033,97.5,192.5,2.037369228,1754,45.87970353,38.66932725,0.263397948,455.625
Grand Forks County,North Dakota,38035,4116.25,7291.25,1.799838997,72409,65.3268102,60.23197393,0.139623527,28877.25
Grant County,North Dakota,38037,130,247.5,1.996879101,2308,50.22487002,30.00129983,0.301559792,566.5
Griggs County,North Dakota,38039,133.75,255,1.928391291,2290,84.38340611,73.16768559,0.312663755,776.875
Hettinger County,North Dakota,38041,138.75,270,1.939792224,2428,50.14662273,31.14991763,0.230230643,716.125
Kidder County,North Dakota,38043,138.75,277.5,2.012928922,2364,80.09602369,63.94035533,0.27749577,817.25
LaMoure County,North Dakota,38045,238.75,462.5,1.863366406,4054,93.24247657,77.17538234,0.265663542,1305.375
Logan County,North Dakota,38047,106.25,217.5,2.104620726,1860,72.62795699,61.02365591,0.261827957,513.125
McHenry County,North Dakota,38049,318.75,631.25,1.94633417,5224,71.06527565,48.20367534,0.213820827,2121
McIntosh County,North Dakota,38051,152.5,287.5,1.941095527,2519,72.24335054,48.16871775,0.299722112,809.75
McKenzie County,North Dakota,38053,690,1433.75,1.902108531,13855,83.72731866,246.4448214,0.098664742,2349.75
McLean County,North Dakota,38055,575,1106.25,1.833971082,9819,72.48681128,72.3360831,0.253080762,6050.5
Mercer County,North Dakota,38057,492.5,973.75,1.837087774,8336,67.53166987,108.7197697,0.217490403,8638.375
Morton County,North Dakota,38059,2002.5,3761.25,1.865171719,33581,63.29585182,41.57517644,0.166731187,14314.75
Mountrail County,North Dakota,38061,552.5,1125,1.945587215,9578,78.02745876,186.1424097,0.128210482,2292.25
Nelson County,North Dakota,38063,185,336.25,1.779003343,3055,80.13322422,53.64746318,0.2700491,1314.625
Oliver County,North Dakota,38065,108.75,227.5,1.96637686,1876,55.5858209,124.7153518,0.236673774,1036.625
Pembina County,North Dakota,38067,407.5,766.25,1.86243216,6767,88.34032806,84.55401212,0.250628048,2660.875
Pierce County,North Dakota,38069,232.5,441.25,1.989365036,3951,63.37889142,56.00430271,0.233864844,1251.25
Ramsey County,North Dakota,38071,686.25,1276.25,1.890508624,11619,66.76340477,59.70238403,0.208365608,4582.125
Ransom County,North Dakota,38073,337.5,616.25,1.779683987,5677,78.88356526,59.41941166,0.214726088,2184.25
Renville County,North Dakota,38075,140,273.75,1.855983947,2272,92.53521127,77.69806338,0.211267606,814.5
Richland County,North Dakota,38077,975,1805,1.825436598,16547,73.64930199,70.67583248,0.196108056,5964
Rolette County,North Dakota,38079,616.25,1321.25,2.129744099,12074,55.27049859,33.77596488,0.12994865,2773.875
Sargent County,North Dakota,38081,251.25,455,1.813211064,3849,96.82592881,370.3668485,0.229670044,1516.125
Sheridan County,North Dakota,38083,73.75,141.25,1.915372475,1265,65.36916996,48.67193676,0.346245059,331.5
Sioux County,North Dakota,38085,132.5,293.75,2.228103741,3750,35.42666667,32.0408,0.094133333,354.875
Slope County,North Dakota,38087,37.5,73.75,2.029591837,695,39.58273381,31.75107914,0.289208633,96.125
Stark County,North Dakota,38089,1931.25,3747.5,1.874874536,33031,71.5434289,88.03309013,0.135206321,9418.625
Steele County,North Dakota,38091,106.25,211.25,1.900961538,1803,95.96006656,101.604548,0.257903494,715.625
Stutsman County,North Dakota,38093,1228.75,2213.75,1.804244963,21607,68.31350951,69.46230388,0.198083954,8516
Towner County,North Dakota,38095,123.75,243.75,1.964591424,2116,95.43241966,102.5803403,0.257561437,698.125
Traill County,North Dakota,38097,460,901.25,1.849133581,7968,73.88704819,61.97100904,0.199422691,3185
Walsh County,North Dakota,38099,617.5,1167.5,1.875984203,10483,73.75732138,64.1956501,0.216159496,3773.625
Ward County,North Dakota,38101,4055,7565,1.870959597,69265,65.92449289,57.05875984,0.137255468,24738
Wells County,North Dakota,38103,240,446.25,1.796533394,3896,88.27156057,76.69969199,0.279517454,1474.25
Williams County,North Dakota,38105,2240,4407.5,1.853868345,38506,76.54357762,167.3055887,0.099568898,8780.125
Adams County,Ohio,39001,1400,2752.5,2.054201763,27589,45.63851535,27.23719598,0.185472471,9907.625
Allen County,Ohio,39003,5955,10783.75,1.874778668,101800,53.48279961,81.24785855,0.186424361,50053.75
Ashland County,Ohio,39005,3131.25,5643.75,1.887808393,52193,50.98147261,34.91104171,0.200103462,25461.75
Ashtabula County,Ohio,39007,5616.25,10235,1.903589581,97470,50.35566841,33.4710475,0.197660819,42467.875
Athens County,Ohio,39009,2805,4837.5,1.809285662,59090,44.5753427,35.32445422,0.153071586,28029.125
Auglaize County,Ohio,39011,2943.75,5362.5,1.856722197,46261,60.46030133,58.86200039,0.189727849,26251.125
Belmont County,Ohio,39013,3715,6696.25,1.82664794,65909,51.14224158,42.80797767,0.214568572,29427.75
Brown County,Ohio,39015,2461.25,4698.75,1.969172415,43708,48.9912373,20.44241329,0.187906104,18599.625
Butler County,Ohio,39017,22728.75,42213.75,1.857131901,387671,58.91072069,57.16378321,0.15545656,191417.75
Carroll County,Ohio,39019,1586.25,2948.75,1.881797336,26702,51.08879485,58.47258632,0.220283125,12497
Champaign County,Ohio,39021,2342.5,4322.5,1.871954054,38800,52.73659794,32.9582732,0.189304124,21544.625
Clark County,Ohio,39023,7905,14275,1.864688307,135490,50.48514281,35.0954314,0.199239796,70440.25
Clermont County,Ohio,39025,12866.25,23638.75,1.833381869,209919,64.25992407,37.32069513,0.178001991,112335
Clinton County,Ohio,39027,2441.25,4480,1.887244419,42130,54.55815333,57.52788986,0.181580821,18801.75
Columbiana County,Ohio,39029,5778.75,10468.75,1.892200512,101372,47.71044273,36.14169593,0.214901551,42512.75
Coshocton County,Ohio,39031,2042.5,3926.25,2.005395588,36674,45.25394012,34.6241479,0.197360528,14040.875
Crawford County,Ohio,39033,2532.5,4473.75,1.865946207,41793,48.35233173,32.40789127,0.211255473,18930
Cuyahoga County,Ohio,39035,76698.75,128586.25,1.717370688,1247735,69.07158171,84.49280496,0.190170188,640467.125
Darke County,Ohio,39037,3105,5771.25,1.955514856,51655,56.79475365,43.66299487,0.201142193,20730.75
Defiance County,Ohio,39039,2357.5,4333.75,1.91513584,38182,50.11078519,44.28696768,0.195327641,20226.875
Delaware County,Ohio,39041,13771.25,27580,1.757478315,221304,97.25873911,66.9164317,0.145460543,155585.375
Erie County,Ohio,39043,4915,8276.25,1.75803672,74894,60.33612839,53.6656341,0.230459049,49560.875
Fairfield County,Ohio,39045,9795,18670,1.868144789,161245,59.92045645,31.52433874,0.163378709,89856.75
Fayette County,Ohio,39047,1676.25,3023.75,1.890469435,28935,49.79160187,61.25142561,0.178296181,11042.5
Franklin County,Ohio,39049,80657.5,140648.75,1.763257787,1317840,64.92193741,83.07705791,0.127116342,571465.625
Fulton County,Ohio,39051,2656.25,4900,1.879751516,42500,56.03021176,48.56588235,0.190470588,21221.75
Gallia County,Ohio,39053,1503.75,2965,2.057054692,29235,49.94301351,69.18669403,0.194185052,13098.375
Geauga County,Ohio,39055,5956.25,11301.25,1.798095894,95716,87.38331105,46.20833507,0.215658824,73352.625
Greene County,Ohio,39057,10055,18371.25,1.780975264,168250,65.22610401,67.40202675,0.181301634,131787.125
Guernsey County,Ohio,39059,2267.5,4141.25,1.906080045,38283,51.19530862,71.1248596,0.201212026,16743.625
Hamilton County,Ohio,39061,50261.25,87831.25,1.759194632,827564,76.43735228,102.2664942,0.16187751,444648.875
Hancock County,Ohio,39063,4652.5,8340,1.834582371,74755,68.19080998,75.05797606,0.18044278,43901
Hardin County,Ohio,39065,1626.25,3003.75,1.939761007,30444,42.80488766,32.3331034,0.160951255,12709
Harrison County,Ohio,39067,816.25,1537.5,1.874348282,14463,51.08331605,77.94731384,0.221669087,5823.5
Henry County,Ohio,39069,1757.5,3207.5,1.880041903,27565,55.37348086,44.70974061,0.191946309,14425.125
Highland County,Ohio,39071,2390,4606.25,2.019355889,43453,46.60868064,30.96499666,0.189423055,15405.75
Hocking County,Ohio,39073,1545,2875,1.928047159,28109,47.20395603,21.97812089,0.196485112,12678.875
Holmes County,Ohio,39075,2296.25,4818.75,2.245465492,44367,61.21648973,59.84790497,0.142245363,8913.625
Huron County,Ohio,39077,3628.75,6532.5,1.883131597,58416,50.34156738,38.83723637,0.180584087,26780.25
Jackson County,Ohio,39079,1737.5,3386.25,2.025311528,32551,43.44256705,30.84273909,0.177229578,12097.5
Jefferson County,Ohio,39081,3668.75,6595,1.858210737,65101,47.8046113,62.15981321,0.221025791,30973.375
Knox County,Ohio,39083,3517.5,6708.75,1.947833646,62539,56.82625242,36.56040231,0.189945474,32661.375
Lake County,Ohio,39085,15727.5,26451.25,1.707263734,232261,63.38287961,50.74051606,0.210194566,148496.125
Lawrence County,Ohio,39087,3153.75,5988.75,1.963261954,57415,50.29495776,32.12865976,0.191918488,22407.625
Licking County,Ohio,39089,10881.25,20287.5,1.859982262,180051,59.88288318,45.60876641,0.170640541,97806.125
Logan County,Ohio,39091,2830,5108.75,1.849716004,46160,52.61639948,46.65272964,0.189601386,29885.125
Lorain County,Ohio,39093,19858.75,35266.25,1.807891663,314301,59.90481736,35.77208472,0.193289235,192298
Lucas County,Ohio,39095,25477.5,44545,1.813338691,429535,57.30838465,59.48471487,0.17044944,212101.75
Madison County,Ohio,39097,2476.25,4603.75,1.842314061,44447,55.0538844,49.47155039,0.15947083,22794.625
Mahoning County,Ohio,39099,13823.75,23926.25,1.821705017,226559,55.44726539,42.20247706,0.220997621,117596
Marion County,Ohio,39101,3525,6433.75,1.872845207,65330,45.27010562,40.77048829,0.182703199,28695
Medina County,Ohio,39103,11996.25,21618.75,1.764534476,183403,70.60640229,41.70393069,0.191081934,122571.25
Meigs County,Ohio,39105,1162.5,2200,1.942794607,22084,44.3156584,17.89662199,0.207389966,10039.875
Mercer County,Ohio,39107,2617.5,4978.75,1.937989818,42387,68.14108099,61.34692241,0.188855073,20327.75
Miami County,Ohio,39109,6702.5,12455,1.860822151,109426,60.31075796,42.1238097,0.19109718,60313.125
Monroe County,Ohio,39111,780,1475,1.89254261,13339,44.56623435,75.28532874,0.234650274,6351.75
Montgomery County,Ohio,39113,32153.75,56477.5,1.807001351,536229,58.25902366,58.32921009,0.182489198,283970.375
Morgan County,Ohio,39115,767.5,1435,1.978936701,13697,46.03650434,27.57698766,0.219756151,6126.25
Morrow County,Ohio,39117,2046.25,3955,1.952517362,35211,52.34341541,19.56879952,0.183948198,14632.75
Muskingum County,Ohio,39119,5032.5,9185,1.911559554,86585,52.26063406,45.94381244,0.182006121,36373.5
Noble County,Ohio,39121,696.25,1323.75,1.886726914,14326,33.39857602,29.71178277,0.286541952,5162.875
Ottawa County,Ohio,39123,2715,4615,1.710997648,40175,66.13635345,51.14680772,0.265189795,35269.625
Paulding County,Ohio,39125,1133.75,2107.5,1.931657773,18900,53.94793651,32.32412698,0.193650794,7969.875
Perry County,Ohio,39127,1983.75,3801.25,1.962129919,35478,49.16824511,20.14659789,0.177518462,14468.125
Pickaway County,Ohio,39129,3395,6412.5,1.864638144,58781,54.27755567,34.30569402,0.162501489,28446.125
Pike County,Ohio,39131,1453.75,2823.75,1.97057275,27103,48.58547024,41.49905914,0.181086965,11491.125
Portage County,Ohio,39133,9728.75,16738.75,1.76797213,159086,58.08690268,41.44684007,0.17990898,87802.125
Preble County,Ohio,39135,2400,4483.75,1.916367544,40886,51.77486181,30.15795138,0.197842782,19352.625
Putnam County,Ohio,39137,2137.5,4066.25,1.895499018,34371,63.55357714,37.90864391,0.182450321,18552.75
Richland County,Ohio,39139,7212.5,12995,1.889895516,125382,47.78447465,36.89526407,0.198489416,57378.5
Ross County,Ohio,39141,4178.75,7655,1.872110342,76526,46.83793743,38.48799101,0.177011735,37349.875
Sandusky County,Ohio,39143,3717.5,6492.5,1.832583297,58769,52.03069646,49.83001242,0.197468053,30359.875
Scioto County,Ohio,39145,3690,7092.5,1.973875608,72998,48.74967807,36.51358941,0.18526535,30005.625
Seneca County,Ohio,39147,3335,5891.25,1.87132474,54876,50.44950434,37.93572782,0.188315475,25089.25
Shelby County,Ohio,39149,3001.25,5488.75,1.880345559,48032,55.47058211,66.64631912,0.173946536,22733.625
Stark County,Ohio,39151,23086.25,40920,1.842373571,373861,57.04999719,46.50511821,0.200360562,191708.75
Summit County,Ohio,39153,33872.5,58683.75,1.772725346,537516,64.61243014,58.25136182,0.189945974,293030
Trumbull County,Ohio,39155,12248.75,21411.25,1.835895728,201594,49.55158388,36.33707848,0.220175204,104450.375
Tuscarawas County,Ohio,39157,5538.75,10248.75,1.934338143,92631,58.4568557,41.87436171,0.197687599,37785.875
Union County,Ohio,39159,3988.75,8011.25,1.84683971,65119,77.58671048,70.96443434,0.130576329,37333.875
Van Wert County,Ohio,39161,1778.75,3255,1.930165939,28793,53.17198625,46.70871392,0.198242628,13223
Vinton County,Ohio,39163,658.75,1277.5,1.982646316,12714,42.93636936,32.6390593,0.187195218,4522
Warren County,Ohio,39165,15096.25,29335,1.798332774,246868,79.3513011,57.98168252,0.152174441,146356.125
Washington County,Ohio,39167,3522.5,6382.5,1.892474986,59504,54.93392041,60.55155956,0.218859236,31727.625
Wayne County,Ohio,39169,6770,12797.5,1.960643177,116160,58.93762052,59.10081784,0.18648416,54510.125
Williams County,Ohio,39171,2272.5,4060,1.885757407,36770,51.67468045,46.35662225,0.19798749,15081.875
Wood County,Ohio,39173,7928.75,14070,1.778674395,130340,61.27798834,62.38133344,0.163595213,79574.25
Wyandot County,Ohio,39175,1380,2490,1.894366246,21693,59.17342,50.57230443,0.205135297,10478.875
Adair County,Oklahoma,40001,1007.5,2150,2.214474194,19444,43.1630323,22.43849002,0.156860728,4219
Alfalfa County,Oklahoma,40003,253.75,510,2.014322917,5698,49.26711127,70.28518779,0.193752194,1823.125
Atoka County,Oklahoma,40005,688.75,1413.75,2.150072259,14296,37.83491886,24.78539452,0.187744824,4011
Beaver County,Oklahoma,40007,267.5,548.75,2.06935898,4991,71.23402124,84.59346824,0.200961731,1623.75
Beckham County,Oklahoma,40009,1022.5,2115,2.134132556,22037,42.74334075,49.0241866,0.151971684,5841.875
Blaine County,Oklahoma,40011,462.5,941.25,2.02008344,8551,54.96023857,185.7747632,0.204888317,3153.875
Bryan County,Oklahoma,40013,2527.5,4945,2.013238098,47130,48.41086357,43.39178867,0.173307872,13784.75
Caddo County,Oklahoma,40015,1268.75,2635,2.105843707,26457,46.92100389,38.43459198,0.157047284,8366.625
Canadian County,Oklahoma,40017,9540,19505,1.983142777,162029,59.05009597,42.87448543,0.134648736,67773.875
Carter County,Oklahoma,40019,2643.75,5228.75,2.016594163,48257,53.96808753,63.78664235,0.168845971,17624.5
Cherokee County,Oklahoma,40021,2332.5,4665,2.067052774,47660,43.67654217,30.26246328,0.17563995,15220.375
Choctaw County,Oklahoma,40023,707.5,1430,2.094324727,14366,42.60079354,28.30871502,0.208478352,3932.375
Cimarron County,Oklahoma,40025,126.25,260,2.123216367,2248,81.3772242,108.4893238,0.24866548,537.375
Cleveland County,Oklahoma,40027,16200,30655,1.898601886,298165,55.45281304,32.53152449,0.144124897,139703
Coal County,Oklahoma,40029,260,531.25,2.11294302,5308,46.94009043,54.3381688,0.210813866,1377.375
Comanche County,Oklahoma,40031,5972.5,11946.25,2.034716773,122325,50.89617821,42.39202125,0.133210709,49421.875
Cotton County,Oklahoma,40033,297.5,590,2.064304174,5444,54.90797208,31.00220426,0.200220426,2241.75
Craig County,Oklahoma,40035,690,1341.25,2.016959181,14203,47.66774625,32.47349152,0.194254735,4464.625
Creek County,Oklahoma,40037,3802.5,7730,2.075866292,72250,51.4655917,29.52471972,0.18300346,25153.5
Custer County,Oklahoma,40039,1443.75,2918.75,2.079594732,28177,49.0440785,58.94098023,0.143663271,8701.625
Delaware County,Oklahoma,40041,2136.25,4216.25,2.016336012,40969,47.13346677,24.83992775,0.252605629,18491.875
Dewey County,Oklahoma,40043,258.75,538.75,2.122141687,4418,61.39520145,164.7906292,0.189452241,1684.375
Ellis County,Oklahoma,40045,196.25,391.25,1.993682733,3740,62.47513369,228.5639037,0.23315508,1241.125
Garfield County,Oklahoma,40047,3310,6693.75,2.054049753,61977,51.99732159,49.90780451,0.164851477,21608.5
Garvin County,Oklahoma,40049,1383.75,2792.5,2.06701624,25783,50.27991312,73.70019005,0.179963542,8698.625
Grady County,Oklahoma,40051,2930,6095,2.073266149,55601,52.21058974,70.84586608,0.167730796,23104.25
Grant County,Oklahoma,40053,223.75,455,2.027542086,4142,62.07580879,67.45799131,0.224529213,1783.5
Greer County,Oklahoma,40055,227.5,471.25,2.133076349,5482,40.25373951,19.02097775,0.178584458,1449.125
Harmon County,Oklahoma,40057,112.5,243.75,2.288392857,2403,59.80732418,42.93591344,0.217644611,714.625
Harper County,Oklahoma,40059,191.25,383.75,1.995628197,3175,69.12314961,71.6415748,0.2,1334.75
Haskell County,Oklahoma,40061,570,1220,2.227889486,11619,47.22592306,30.94612273,0.205181169,3459.5
Hughes County,Oklahoma,40063,612.5,1215,2.045018818,13403,47.54420652,51.81989107,0.183540998,3113.375
Jackson County,Oklahoma,40065,1286.25,2592.5,2.063467816,24746,53.62543441,46.83912552,0.154691667,9953.75
Jefferson County,Oklahoma,40067,276.25,573.75,2.167918238,5401,44.13534531,23.03832624,0.207369006,1340
Johnston County,Oklahoma,40069,521.25,1056.25,2.076444376,10328,49.74786987,51.97492254,0.187161115,3316.5
Kay County,Oklahoma,40071,2352.5,4572.5,2.005555114,43732,49.51177627,42.75521357,0.191964694,19018.875
Kingfisher County,Oklahoma,40073,873.75,1813.75,2.038488984,15227,74.89906088,193.1416563,0.163196953,5067.5
Kiowa County,Oklahoma,40075,400,822.5,2.148428345,8403,47.39557301,25.98464834,0.206235868,2738.625
Latimer County,Oklahoma,40077,535,1073.75,2.082025977,9458,42.450941,30.01607105,0.216853457,3405.875
Le Flore County,Oklahoma,40079,2306.25,4835,2.175377654,48614,43.86182993,28.08446127,0.178981363,13619.125
Lincoln County,Oklahoma,40081,1803.75,3775,2.156045053,33855,47.84073254,23.06185202,0.189691331,13460.625
Logan County,Oklahoma,40083,2700,5693.75,2.090946634,50929,52.97355141,18.50656797,0.169196332,23234.75
Love County,Oklahoma,40085,565,1102.5,1.958579385,10238,45.95204141,71.96942762,0.185485446,3658.125
McClain County,Oklahoma,40087,2526.25,5322.5,2.078087912,43538,61.88035739,45.80508981,0.154049336,20716.625
McCurtain County,Oklahoma,40089,1561.25,3208.75,2.13111079,30819,45.75836335,41.18420455,0.177747493,7430.125
McIntosh County,Oklahoma,40091,976.25,1911.25,2.017713042,19251,45.47342995,20.10866968,0.252454418,8159
Major County,Oklahoma,40093,407.5,853.75,2.079959989,7640,51.84751309,76.65693717,0.210209424,2675.875
Marshall County,Oklahoma,40095,868.75,1733.75,2.010028693,15553,50.60534945,38.92168713,0.220150453,6451
Mayes County,Oklahoma,40097,2116.25,4345,2.096367455,39255,48.54209655,54.42529614,0.186422112,14623.125
Murray County,Oklahoma,40099,733.75,1443.75,1.983915027,13720,50.43790087,40.59897959,0.204956268,5272.25
Muskogee County,Oklahoma,40101,3386.25,6795,2.066353377,66274,47.7310861,42.27831427,0.170896581,24177.125
Noble County,Oklahoma,40103,598.75,1195,2.039496837,10939,53.75994149,57.33312003,0.212176616,4959.625
Nowata County,Oklahoma,40105,506.25,1027.5,2.095628056,9359,49.26509242,22.95790149,0.19339673,3464
Okfuskee County,Oklahoma,40107,535,1081.25,2.14761318,11228,40.21873887,21.82205201,0.182579266,2926.125
Oklahoma County,Oklahoma,40109,44403.75,84198.75,1.925782304,799961,75.23221382,70.80882318,0.141368142,329144.375
Okmulgee County,Oklahoma,40111,1871.25,3843.75,2.113949321,36845,44.94653277,23.8336545,0.184991179,11727.5
Osage County,Oklahoma,40113,2348.75,4695,2.017979124,45890,45.36809762,24.64412726,0.209566354,18558.875
Ottawa County,Oklahoma,40115,1591.25,3166.25,2.07930454,30389,47.66955148,36.20003949,0.179834809,8371
Pawnee County,Oklahoma,40117,808.75,1661.25,2.105955171,15715,45.99471842,23.52484887,0.198218263,5388.75
Payne County,Oklahoma,40119,3842.5,7186.25,1.941937742,82166,47.37446146,42.1073315,0.128495972,32285.125
Pittsburg County,Oklahoma,40121,2205,4392.5,2.019123386,43632,45.298359,47.47357444,0.1998304,18104.625
Pontotoc County,Oklahoma,40123,2030,4058.75,2.045496912,38190,56.4647028,57.46724273,0.170856245,12915.875
Pottawatomie County,Oklahoma,40125,3726.25,7536.25,2.068538245,73047,49.0668063,29.02117815,0.164373622,29610.75
Pushmataha County,Oklahoma,40127,532.5,1111.25,2.137565305,10772,41.83104345,22.7458225,0.227905681,3455.375
Roger Mills County,Oklahoma,40129,181.25,370,2.06988896,3365,54.5423477,109.2106984,0.220208024,1230.25
Rogers County,Oklahoma,40131,5461.25,11191.25,2.038139671,96903,58.16888022,36.36739833,0.168415839,45494.125
Seminole County,Oklahoma,40133,1132.5,2353.75,2.153592159,23539,44.45188836,35.35541017,0.182760525,6505
Sequoyah County,Oklahoma,40135,2012.5,4173.75,2.142059467,39492,45.4479135,19.14638408,0.185176745,11996
Stephens County,Oklahoma,40137,2267.5,4576.25,2.06950369,43119,54.07602217,55.09803103,0.204225515,18308.625
Texas County,Oklahoma,40139,1128.75,2282.5,2.044705055,20855,62.01409734,92.12927356,0.121985135,4038
Tillman County,Oklahoma,40141,345,696.25,2.057063223,7036,38.48564525,18.71432632,0.202671973,2016.375
Tulsa County,Oklahoma,40143,37171.25,71682.5,1.95021281,674123,81.44557596,66.02558138,0.148063484,256754.75
Wagoner County,Oklahoma,40145,4780,9845,2.051191233,84257,54.32409177,17.31183166,0.168259017,34397.75
Washington County,Oklahoma,40147,2836.25,5682.5,2.014657648,52902,108.9663151,59.75496201,0.197648482,34868.125
Washita County,Oklahoma,40149,542.5,1142.5,2.164023221,10901,42.40253188,31.97825888,0.191175122,3251.5
Woods County,Oklahoma,40151,426.25,815,1.91948782,8632,52.92168675,72.96999537,0.176784059,3049
Woodward County,Oklahoma,40153,1042.5,2095,2.097634872,20252,45.72205214,59.94909145,0.163934426,6197.625
Baker County,Oregon,41001,930,1728.75,1.918670214,16884,52.97074153,36.61176262,0.267709074,10445.5
Benton County,Oregon,41003,5382.5,9090,1.682766235,93031,62.97043996,53.22618267,0.180230246,69297.625
Clackamas County,Oregon,41005,26006.25,47963.75,1.76349717,423892,80.33041671,55.15082851,0.193072764,285567.5
Clatsop County,Oregon,41007,2522.5,4397.5,1.764842972,41930,59.03923205,47.10601002,0.242833294,26756.5
Columbia County,Oregon,41009,3142.5,5846.25,1.809149332,53177,59.0730579,29.34161386,0.199052222,29377.875
Coos County,Oregon,41011,3623.75,6460,1.836987118,65143,58.32285894,37.49449672,0.274212118,36996.75
Crook County,Oregon,41013,1546.25,2903.75,1.869277205,25767,60.55621531,49.98261342,0.253269686,17284.125
Curry County,Oregon,41015,1392.5,2387.5,1.749681111,23724,55.94743719,29.90005901,0.357528241,19344.25
Deschutes County,Oregon,41017,13337.5,23492.5,1.721271992,205318,81.97039227,60.1347763,0.207015459,156868.5
Douglas County,Oregon,41019,6207.5,11482.5,1.909996384,112153,52.48953662,34.7531408,0.262819541,62338.875
Gilliam County,Oregon,41021,112.5,210,1.910989011,2011,74.2859274,169.6822476,0.2958727,805.75
Grant County,Oregon,41023,392.5,727.5,1.887951423,7284,54.28363537,39.34939594,0.308896211,4248.625
Harney County,Oregon,41025,398.75,766.25,2.032285994,7601,53.32206289,45.18339692,0.258255493,3351
Hood River County,Oregon,41027,1571.25,2888.75,1.836961963,24025,70.59117586,54.58568158,0.174110302,12862.875
Jackson County,Oregon,41029,13293.75,23856.25,1.83407055,224649,61.26649573,45.09613219,0.229464631,132905.25
Jefferson County,Oregon,41031,1387.5,2656.25,1.936770085,25100,47.40239044,34.13498008,0.197968127,11144.875
Josephine County,Oregon,41033,4937.5,8968.75,1.884030695,88599,53.29589499,33.27838915,0.267565097,47482.875
Klamath County,Oregon,41035,3766.25,7146.25,1.960453111,70415,51.09929702,36.79977278,0.221387488,33199.875
Lake County,Oregon,41037,415,786.25,1.96298075,8294,51.60393055,44.17988908,0.258861828,3393.75
Lane County,Oregon,41039,22323.75,38190,1.753591985,386082,60.84084469,46.59728762,0.203591465,215234
Lincoln County,Oregon,41041,3016.25,5157.5,1.736276538,51028,58.99613937,40.82084346,0.311338873,37639.375
Linn County,Oregon,41043,7525,14100,1.911873393,130062,58.05828759,40.56480755,0.192615829,60300.5
Malheur County,Oregon,41045,1492.5,3031.25,2.120994899,31682,41.53055363,37.88536077,0.172526987,9003.125
Marion County,Oregon,41047,19957.5,37887.5,1.902562184,347784,57.77009581,51.76429335,0.163972466,172021.5
Morrow County,Oregon,41049,655,1340,2.064162799,12359,60.02961405,126.5501254,0.161744478,3965.75
Multnomah County,Oregon,41051,50833.75,82785,1.615198279,804934,74.37380208,89.80523993,0.144114921,361233
Polk County,Oregon,41053,5021.25,9516.25,1.861227726,89480,54.50584488,24.8160371,0.187650872,56228.125
Sherman County,Oregon,41055,107.5,208.75,1.999323593,1909,70.42063908,306.4457831,0.256155055,928.375
Tillamook County,Oregon,41057,1668.75,2953.75,1.800735114,27814,60.86593083,41.24397785,0.275472783,18947
Umatilla County,Oregon,41059,4238.75,8188.75,1.946985799,79713,54.13863485,46.49695784,0.161654937,28993.875
Union County,Oregon,41061,1483.75,2776.25,1.935911481,26287,53.27583977,40.39502416,0.211929851,13989.5
Wallowa County,Oregon,41063,466.25,846.25,1.91402101,7553,62.65298557,53.61406064,0.294849729,4855.875
Wasco County,Oregon,41065,1492.5,2737.5,1.844825328,26707,56.78391433,68.23263564,0.212116674,13167.625
Washington County,Oregon,41067,36957.5,67527.5,1.732862172,602356,78.92114464,86.72674963,0.14296529,284278.25
Wheeler County,Oregon,41069,71.25,132.5,1.920525903,1452,49.04545455,30.99311295,0.360192837,767.25
Yamhill County,Oregon,41071,6193.75,11656.25,1.854101803,108081,62.18772032,36.70016932,0.184102664,57421.875
Adams County,Pennsylvania,42001,6742.5,12142.5,1.793906435,105696,58.86441303,34.03229072,0.209724114,75086.375
Allegheny County,Pennsylvania,42003,77083.75,130803.75,1.685857006,1245440,73.70267054,84.71978096,0.196255139,706445.625
Armstrong County,Pennsylvania,42005,3933.75,7096.25,1.861352294,65211,57.85517781,30.06695189,0.232430111,31881
Beaver County,Pennsylvania,42007,10413.75,18276.25,1.783549621,166979,57.24977392,36.60690865,0.222177639,91009.375
Bedford County,Pennsylvania,42009,2897.5,5356.25,1.936879429,47505,51.53379644,30.99408483,0.234164825,23349.375
Berks County,Pennsylvania,42011,26750,48232.5,1.820393356,429698,61.61209501,47.50080987,0.177154653,196677.125
Blair County,Pennsylvania,42013,7370,13052.5,1.872077181,122160,57.03249018,50.67507367,0.210240668,59792.5
Bradford County,Pennsylvania,42015,3548.75,6605,1.881854237,60131,50.11775956,82.86968452,0.21982006,28954.875
Bucks County,Pennsylvania,42017,41990,76280,1.702614631,647489,92.62392411,57.51090907,0.198692179,469249.375
Butler County,Pennsylvania,42019,12362.5,22415,1.760022135,196773,73.77045631,58.04473683,0.199488751,127397.875
Cambria County,Pennsylvania,42021,7752.5,13787.5,1.883586075,132240,50.28233515,36.40858288,0.234142468,67190.5
Cameron County,Pennsylvania,42023,275,481.25,1.835087038,4465,53.89428891,50.05039194,0.288913774,2270.75
Carbon County,Pennsylvania,42025,4081.25,7143.75,1.788613117,65523,56.94366864,35.78744868,0.219113899,32550.875
Centre County,Pennsylvania,42027,7698.75,13510,1.734668296,158008,57.21853957,56.11255126,0.154333958,89946.125
Chester County,Pennsylvania,42029,33530,63533.75,1.698894815,541036,109.1948059,89.83807732,0.17202737,398010.75
Clarion County,Pennsylvania,42031,2088.75,3855,1.932336139,37596,48.38932333,28.9159751,0.201271412,17513.75
Clearfield County,Pennsylvania,42033,4498.75,8061.25,1.863647972,78348,55.43366774,38.8513172,0.215627712,33678.5
Clinton County,Pennsylvania,42035,2123.75,3903.75,1.934632427,38024,47.84138965,41.32768778,0.194508731,16037.375
Columbia County,Pennsylvania,42037,3758.75,6627.5,1.838828523,64982,52.93332,39.28401711,0.199393678,30074.625
Crawford County,Pennsylvania,42039,4723.75,8717.5,1.922025843,83232,49.44969483,33.55483468,0.219470877,38749.125
Cumberland County,Pennsylvania,42041,16768.75,30422.5,1.789289877,265550,70.28333647,66.92801356,0.186394276,192159
Dauphin County,Pennsylvania,42043,18418.75,32367.5,1.814443122,288286,60.71091208,78.43036776,0.176064741,164670.25
Delaware County,Pennsylvania,42045,34761.25,63588.75,1.76349157,577126,82.53603892,58.68628861,0.169470791,337543.75
Elk County,Pennsylvania,42047,1956.25,3398.75,1.83064754,30795,52.91323267,43.60038967,0.230491963,14027
Erie County,Pennsylvania,42049,15897.5,28080,1.841218518,269455,54.0591416,42.76351153,0.191779703,129036.125
Fayette County,Pennsylvania,42051,7463.75,13317.5,1.836561456,127136,50.11733891,34.51596715,0.221793984,57395.125
Forest County,Pennsylvania,42053,323.75,500,1.651408859,6902,28.31237323,31.24760939,0.233990148,3261
Franklin County,Pennsylvania,42055,9936.25,18268.75,1.872485923,156589,58.078722,39.68152935,0.19915192,92908.875
Fulton County,Pennsylvania,42057,900,1656.25,1.889425138,14555,48.69886637,40.92002748,0.22349708,7798.625
Greene County,Pennsylvania,42059,1940,3535,1.784359513,35282,51.8373675,104.2909982,0.203049714,17241.75
Huntingdon County,Pennsylvania,42061,2566.25,4565,1.832072641,43989,46.64322899,28.92368547,0.217122462,22853.25
Indiana County,Pennsylvania,42063,4551.25,8325,1.880640984,83095,47.93241471,39.66674288,0.202250436,40762.875
Jefferson County,Pennsylvania,42065,2573.75,4775,1.952075112,44121,49.56923007,32.55386324,0.215407629,18941.5
Juniata County,Pennsylvania,42067,1411.25,2696.25,2.019515238,23359,58.38310715,31.54094781,0.210411405,9384.125
Lackawanna County,Pennsylvania,42069,13073.75,22853.75,1.813446354,216063,56.86593262,47.65388799,0.202329876,95501.125
Lancaster County,Pennsylvania,42071,34621.25,64313.75,1.887239568,556364,66.09291399,53.72071342,0.191383698,283373.875
Lawrence County,Pennsylvania,42073,5102.5,9172.5,1.871358708,85565,53.40014024,37.90643371,0.228025478,41040.875
Lebanon County,Pennsylvania,42075,9083.75,16650,1.872889957,143772,58.61329744,42.46079209,0.201012715,75555.75
Lehigh County,Pennsylvania,42077,24277.5,43183.75,1.791358096,375922,65.72005097,66.73787647,0.173198163,191379.5
Luzerne County,Pennsylvania,42079,20395,35317.5,1.794876734,325975,53.71218345,47.58327172,0.199214664,142953.25
Lycoming County,Pennsylvania,42081,6773.75,12116.25,1.851641469,113576,53.79363598,53.29563464,0.201521448,53778
McKean County,Pennsylvania,42083,2303.75,4087.5,1.85370871,40325,50.3117173,41.3467328,0.203570986,18681.5
Mercer County,Pennsylvania,42085,6468.75,11620,1.870586553,109964,50.3732858,38.71939908,0.227428977,55022.75
Mifflin County,Pennsylvania,42087,2720,5105,1.999044979,46182,48.00807674,37.1292928,0.214629076,17215.375
Monroe County,Pennsylvania,42089,10115,17868.75,1.801109791,168708,53.462361,43.53324087,0.188017166,85907.875
Montgomery County,Pennsylvania,42091,54735,99715,1.671474209,864252,100.9092579,102.5242186,0.182518525,593512.875
Montour County,Pennsylvania,42093,1141.25,2047.5,1.813116821,18094,69.1822151,120.0360893,0.212943517,10825.25
Northampton County,Pennsylvania,42095,19936.25,35048.75,1.740771756,318215,67.41951197,50.75857832,0.19727857,186051
Northumberland County,Pennsylvania,42097,5415,9638.75,1.881096229,91001,49.98114306,36.32375468,0.21734926,39460.75
Perry County,Pennsylvania,42099,2922.5,5402.5,1.886650582,45961,56.59087052,21.80091817,0.199321164,26422.5
Philadelphia County,Pennsylvania,42101,86300,144911.25,1.668860923,1589918,58.96063445,67.80037461,0.143064611,405332.75
Pike County,Pennsylvania,42103,3666.25,6568.75,1.758359874,60009,60.38397574,25.58971154,0.235398024,45464
Potter County,Pennsylvania,42105,927.5,1740,1.961874389,16318,48.70504964,51.46868489,0.252236794,8289.125
Schuylkill County,Pennsylvania,42107,8728.75,15396.25,1.818732966,143169,51.5349063,33.93446905,0.207489051,62276.125
Snyder County,Pennsylvania,42109,2315,4331.25,1.959000559,39748,53.63074872,41.41280064,0.19923015,17080
Somerset County,Pennsylvania,42111,4266.25,7721.25,1.870581252,72994,49.03466038,31.926994,0.23429323,34650.5
Sullivan County,Pennsylvania,42113,371.25,652.5,1.756455041,5864,58.63693724,55.29638472,0.30133015,4436.25
Susquehanna County,Pennsylvania,42115,2425,4393.75,1.782295643,38424,59.99882886,67.11308037,0.245185301,20641.375
Tioga County,Pennsylvania,42117,2326.25,4327.5,1.895995874,41309,46.61589484,44.17335205,0.228376383,20223.75
Union County,Pennsylvania,42119,2183.75,4076.25,1.883355923,42484,52.71226815,44.38875812,0.190989549,20639.875
Venango County,Pennsylvania,42121,2940,5342.5,1.911781795,50041,50.28208869,34.15667153,0.242541116,27485.375
Warren County,Pennsylvania,42123,2252.5,4036.25,1.868017157,38184,50.23687932,33.7994186,0.242117117,21193.875
Washington County,Pennsylvania,42125,13077.5,23461.25,1.766170381,210057,73.61028673,69.82927491,0.214265652,129750
Wayne County,Pennsylvania,42127,3173.75,5577.5,1.780202444,51201,57.31452511,39.16462569,0.249975586,35884.625
Westmoreland County,Pennsylvania,42129,22627.5,39652.5,1.771067415,353753,63.04608866,42.65505593,0.236467253,225143.25
Wyoming County,Pennsylvania,42131,1658.75,2908.75,1.765669648,26119,56.08882423,55.97051955,0.224549179,14599.25
York County,Pennsylvania,42133,29276.25,53388.75,1.834222876,459264,61.49114888,47.410681,0.183839796,243903.875
Bristol County,Rhode Island,44001,3195,5553.75,1.636226026,50778,93.35452361,38.45043129,0.203513333,35735.5
Kent County,Rhode Island,44003,11631.25,19241.25,1.640030291,171115,72.51283055,56.7730649,0.198801975,98240.625
Newport County,Rhode Island,44005,5490,8925,1.567857476,85613,87.08297805,76.55924918,0.241972598,72720.875
Providence County,Rhode Island,44007,42200,70138.75,1.693798786,658887,59.62411764,55.41660103,0.159871116,234888.125
Washington County,Rhode Island,44009,8531.25,14180,1.581825355,130853,83.21139752,56.4261576,0.223197023,113218.125
Abbeville County,South Carolina,45001,1281.25,2491.25,2.016803699,24263,43.18184066,23.29056588,0.227177183,9580.875
Aiken County,South Carolina,45003,10132.5,19045,1.869483213,171272,56.12561306,43.50026858,0.204154795,114168.625
Allendale County,South Carolina,45005,402.5,697.5,1.767035468,7714,44.41042261,37.74915738,0.218952554,1914.375
Anderson County,South Carolina,45007,11925,23026.25,1.984034237,206949,51.94878448,37.9124132,0.181643787,87525.125
Bamberg County,South Carolina,45009,657.5,1233.75,1.922849317,13121,43.42130935,26.75931713,0.235881411,4147.875
Barnwell County,South Carolina,45011,1091.25,2093.75,1.961325386,20604,41.48204232,24.71481266,0.191370608,7314.75
Beaufort County,South Carolina,45013,12335,22180,1.747642535,191946,84.67740927,50.4673033,0.277635377,247080.375
Berkeley County,South Carolina,45015,14991.25,27991.25,1.886108027,236852,59.73529039,45.07548174,0.145403036,121336.875
Calhoun County,South Carolina,45017,808.75,1487.5,1.915637055,14141,53.28053179,43.06548335,0.243900714,6340.375
Charleston County,South Carolina,45019,26066.25,44782.5,1.685290442,414605,88.17080595,91.6340734,0.173931815,263483.875
Cherokee County,South Carolina,45021,3075,5865,1.991494816,56110,41.86606665,30.81593299,0.172161825,18216.5
Chester County,South Carolina,45023,1825,3411.25,1.942229242,32160,45.66374378,39.64987562,0.191449005,9330
Chesterfield County,South Carolina,45025,2353.75,4478.75,1.985772236,43334,40.97632344,31.81691051,0.191581668,12337.125
Clarendon County,South Carolina,45027,1715,3160,1.915054831,30965,48.9858227,23.32281608,0.247246892,12755.75
Colleton County,South Carolina,45029,2221.25,4076.25,1.891642744,38461,46.48475079,27.71097995,0.204388861,15024.75
Darlington County,South Carolina,45031,3591.25,6711.25,1.937078764,62723,49.64802385,42.33529965,0.194043652,23838.625
Dillon County,South Carolina,45033,1556.25,3021.25,2.037633458,27977,40.48597062,27.36812382,0.174893663,6652.25
Dorchester County,South Carolina,45035,10046.25,19037.5,1.905568564,163484,53.7047601,30.22325121,0.148338675,84775.5
Edgefield County,South Carolina,45037,1506.25,2878.75,1.90717608,26274,53.65836949,26.33101165,0.197990409,14167.75
Fairfield County,South Carolina,45039,1252.5,2171.25,1.801213988,20686,52.6249154,50.68244223,0.235183216,10423.25
Florence County,South Carolina,45041,7630,14323.75,1.947192277,136409,55.74985521,55.59823765,0.176652567,47827.125
Georgetown County,South Carolina,45043,4110,7248.75,1.770215054,63939,65.48646366,45.80096655,0.299363456,61483.5
Greenville County,South Carolina,45045,32613.75,61231.25,1.889745444,534675,63.95116847,68.29781269,0.164211904,254317.875
Greenwood County,South Carolina,45047,3785,7125,1.935579451,69139,47.02606344,51.64982137,0.190182097,32513.625
Hampton County,South Carolina,45049,981.25,1802.5,1.916853847,18259,43.83295909,26.21939865,0.196012925,5547.25
Horry County,South Carolina,45051,24893.75,43156.25,1.78635131,366164,56.35565211,45.99860172,0.257141609,316373.625
Jasper County,South Carolina,45053,2066.25,3702.5,1.769737633,30434,52.11382007,51.06160873,0.219589932,28479.625
Kershaw County,South Carolina,45055,4005,7766.25,1.974193999,66215,59.89071963,36.22380125,0.189156536,33135.125
Lancaster County,South Carolina,45057,6101.25,11873.75,1.904311466,100540,62.99338572,39.06517804,0.215884225,64955.75
Laurens County,South Carolina,45059,3670,7033.75,1.988125809,67837,45.07115586,33.87775108,0.185975205,21613
Lee County,South Carolina,45061,877.5,1563.75,1.898077588,16278,43.64031208,22.91583733,0.203464799,4411.875
Lexington County,South Carolina,45063,18016.25,34226.25,1.922168323,300644,62.50338274,48.26663097,0.166096779,160753
McCormick County,South Carolina,45065,553.75,972.5,1.723140835,9768,50.50583538,22.8450041,0.367219492,11501.875
Marion County,South Carolina,45067,1617.5,2960,1.939528047,28853,43.69344609,22.55817419,0.209787544,7361.875
Marlboro County,South Carolina,45069,1290,2400,1.930001729,26106,38.09944074,27.22726576,0.18922853,5842.25
Newberry County,South Carolina,45071,2196.25,4100,1.918680182,37976,51.77109227,39.2153992,0.202206657,19739.25
Oconee County,South Carolina,45073,4595,8563.75,1.873557045,79331,59.92764493,49.95417932,0.241734001,60605.5
Orangeburg County,South Carolina,45075,4536.25,8166.25,1.867532597,82851,44.87822718,34.21962318,0.208434418,28240.125
Pickens County,South Carolina,45077,6987.5,13010,1.914099777,132139,51.15793975,34.02865921,0.169631978,56593
Richland County,South Carolina,45079,23697.5,42372.5,1.834395284,417306,58.23310712,67.52494812,0.136930694,199844.75
Saluda County,South Carolina,45081,1050,2028.75,1.984707699,18908,47.39258515,24.56145547,0.207213878,8825.5
Spartanburg County,South Carolina,45083,19933.75,38536.25,1.981536083,335452,57.39807782,51.79698735,0.162354077,121858.875
Sumter County,South Carolina,45085,6013.75,11232.5,1.946014881,104879,49.23840807,43.53542654,0.172627504,41970.375
Union County,South Carolina,45087,1397.5,2600,1.945560441,27028,40.6139189,25.61606482,0.210226432,8176
Williamsburg County,South Carolina,45089,1585,2856.25,1.886732689,30432,40.33842666,25.14304022,0.222463197,8069.375
York County,South Carolina,45091,17101.25,33493.75,1.914503514,289071,65.44679681,49.95174888,0.149046428,130763.875
Aurora County,South Dakota,46003,163.75,331.25,2.0118354,2741,66.36993798,47.74097045,0.211966436,881
Beadle County,South Dakota,46005,1078.75,2098.75,1.967000343,19185,66.55480844,50.8316393,0.173625228,5956.5
Bennett County,South Dakota,46007,147.5,312.5,2.185382481,3393,50.84409078,33.26967286,0.140583554,365.125
Bon Homme County,South Dakota,46009,343.75,651.25,1.872484465,7002,56.00399886,34.73650386,0.212796344,2326.75
Brookings County,South Dakota,46011,1883.75,3460,1.828329828,34705,66.67693416,65.6110935,0.134620372,15451.25
Brown County,South Dakota,46013,2310,4220,1.868471789,38108,78.35732655,65.22591057,0.177364333,16995
Brule County,South Dakota,46015,325,597.5,1.922753332,5252,76.57044935,52.42231531,0.200685453,1751.75
Buffalo County,South Dakota,46017,78.75,180,2.450198413,1894,37.82998944,44.2249208,0.091341077,133.25
Butte County,South Dakota,46019,640,1228.75,2.00695073,10544,54.4293437,33.42649848,0.202959029,4261.125
Campbell County,South Dakota,46021,88.75,168.75,1.867113095,1378,76.46008708,65.7467344,0.307692308,528
Charles Mix County,South Dakota,46023,431.25,898.75,2.130799556,9187,59.08816806,51.01186459,0.184064439,2776.125
Clark County,South Dakota,46025,243.75,453.75,1.832181434,3871,98.28183932,67.71841901,0.237406355,968.875
Clay County,South Dakota,46027,692.5,1236.25,1.854763933,15170,50.97640079,43.9966381,0.125313118,5310.625
Codington County,South Dakota,46029,1788.75,3257.5,1.848118734,28492,70.59644813,55.80471711,0.190439422,11112.375
Corson County,South Dakota,46031,145,321.25,2.348565568,3842,40.91566892,25.02134305,0.130140552,409.75
Custer County,South Dakota,46033,600,1098.75,1.806781219,8648,73.61170213,34.45120259,0.332331175,9415.25
Davison County,South Dakota,46035,1207.5,2207.5,1.876142226,19901,70.80473343,65.75729863,0.202452138,7560
Day County,South Dakota,46037,335,612.5,1.850012119,5418,76.79549649,55.59265412,0.262458472,2418.125
Deuel County,South Dakota,46039,271.25,530,1.977197271,4299,78.36775994,90.7871598,0.222144685,1591.25
Dewey County,South Dakota,46041,301.25,658.75,2.258563423,5221,57.6874162,41.74257805,0.101321586,850.5
Douglas County,South Dakota,46043,167.5,343.75,1.981301122,2813,80.15001777,72.15748311,0.239957341,881
Edmunds County,South Dakota,46045,258.75,472.5,1.875407767,4044,94.90009891,55.74727992,0.229228487,1413.875
Fall River County,South Dakota,46047,451.25,808.75,1.827821956,7217,63.14618262,37.11015657,0.304835804,5913.125
Faulk County,South Dakota,46049,122.5,231.25,1.97161859,2118,98.74551464,66.78895184,0.240793201,696.875
Grant County,South Dakota,46051,447.5,865,1.922898493,7554,75.82049245,72.96160974,0.230738681,3041.625
Gregory County,South Dakota,46053,246.25,480,2.021037655,3954,67.43348508,48.31992919,0.257460799,1617.75
Haakon County,South Dakota,46055,121.25,231.25,1.937087912,1837,88.36200327,73.31137725,0.256940664,421.25
Hamlin County,South Dakota,46057,363.75,766.25,2.048234215,6261,73.17185753,46.92285577,0.142469254,1918.375
Hand County,South Dakota,46059,186.25,356.25,1.932269084,3087,92.1872368,71.91026887,0.256235828,899.5
Hanson County,South Dakota,46061,238.75,471.25,1.951113699,3507,84.36327345,46.55146849,0.161961791,2828.125
Harding County,South Dakota,46063,73.75,148.75,2.046527778,1325,50.0709434,38.96528302,0.212830189,306.375
Hughes County,South Dakota,46065,1087.5,2026.25,1.846258441,17762,69.56254926,71.0069812,0.180722892,10126.125
Hutchinson County,South Dakota,46067,415,790,1.918530503,7379,77.37118851,56.13294484,0.214527714,2403
Hyde County,South Dakota,46069,80,147.5,1.80388431,1232,80.6387987,103.5965909,0.253246753,399.5
Jackson County,South Dakota,46071,136.25,277.5,2.100062182,2867,46.11231252,29.72340426,0.134635507,256.25
Jerauld County,South Dakota,46073,117.5,220,1.909649123,1641,89.63985375,109.3369896,0.294332724,548.125
Jones County,South Dakota,46075,58.75,113.75,2.130555556,876,76.84474886,67.09246575,0.265981735,216.375
Kingsbury County,South Dakota,46077,343.75,668.75,1.938685922,5210,84.70671785,58.2293666,0.232053743,1958.25
Lake County,South Dakota,46079,696.25,1273.75,1.828550285,10862,102.362088,62.51832075,0.24074756,5260.375
Lawrence County,South Dakota,46081,1795,3128.75,1.747977185,26169,80.95047575,53.78310214,0.237685811,21111.25
Lincoln County,South Dakota,46083,4423.75,8682.5,1.843376502,68002,95.55038087,98.56724802,0.141657598,33047.625
Lyman County,South Dakota,46085,198.75,390,2.050424545,3760,58.30638298,47.2106383,0.180319149,911.25
McCook County,South Dakota,46087,338.75,681.25,1.983429176,5725,77.6749345,51.01537118,0.183930131,1896.125
McPherson County,South Dakota,46089,132.5,238.75,1.851348443,2419,78.80859859,45.57875155,0.295576685,842.125
Marshall County,South Dakota,46091,243.75,466.25,1.909409332,4314,82.74640705,68.19935095,0.233426055,1558.875
Meade County,South Dakota,46093,1905,3652.5,1.935184862,30298,58.7692587,32.33625982,0.164235263,13883.375
Mellette County,South Dakota,46095,91.25,187.5,2.16525974,1900,49.48631579,26.74,0.158421053,243.625
Miner County,South Dakota,46097,131.25,251.25,1.95886544,2311,83.93942016,62.04024232,0.229770662,766.75
Minnehaha County,South Dakota,46099,13088.75,24140,1.836678637,199947,77.61216722,80.16023246,0.13592602,95306.5
Moody County,South Dakota,46101,372.5,741.25,1.945268529,6307,74.98509593,54.49421278,0.198192485,2280.125
Oglala Lakota County,South Dakota,46102,528.75,1243.75,2.303211856,13559,36.28151044,25.16129508,0.072571724,1155.25
Pennington County,South Dakota,46103,7672.5,13661.25,1.799974579,111903,77.29036755,55.71276016,0.195892872,89320.625
Perkins County,South Dakota,46105,162.5,313.75,1.960385037,2833,54.43628662,45.00247088,0.258736322,842.25
Potter County,South Dakota,46107,141.25,262.5,1.784052581,2473,71.1342499,46.99514759,0.268904165,856.125
Roberts County,South Dakota,46109,523.75,1051.25,2.004286386,10180,58.67829077,39.45196464,0.205697446,2976.625
Sanborn County,South Dakota,46111,133.75,265,1.983446598,2379,75.8259773,61.09415721,0.215216478,598.625
Spink County,South Dakota,46115,353.75,660,1.870874033,6265,106.0459697,74.83511572,0.237190742,2276.625
Stanley County,South Dakota,46117,205,378.75,1.792037381,3034,82.89749506,46.15458141,0.223137772,1737.375
Sully County,South Dakota,46119,98.75,171.25,1.689157197,1472,111.1351902,89.33423913,0.257472826,573.5
Todd County,South Dakota,46121,343.75,776.25,2.269114352,9298,37.91858464,26.67982362,0.076037858,749.25
Tripp County,South Dakota,46123,326.25,620,2.005760833,5577,70.40649094,49.11547427,0.236865698,1349.75
Turner County,South Dakota,46125,505,1015,1.980152133,8693,98.11653054,52.62878178,0.199815944,2823.625
Union County,South Dakota,46127,1008.75,1962.5,1.819114224,16875,147.5255111,107.3332741,0.187377778,8756.875
Walworth County,South Dakota,46129,321.25,593.75,1.967791292,5261,68.14597985,48.25337388,0.24082874,2134.625
Yankton County,South Dakota,46135,1391.25,2532.5,1.853656915,23358,73.33821389,60.96202586,0.207766076,11185.5
Ziebach County,South Dakota,46137,62.5,135,2.156349206,2383,39.50062946,26.13806127,0.110784725,137.25
Anderson County,Tennessee,47001,4658.75,8753.75,1.888054456,77632,59.41524114,75.06497321,0.20081925,43638.625
Bedford County,Tennessee,47003,2880,5657.5,2.02341521,51201,51.34382141,42.36991465,0.145836995,15377.75
Benton County,Tennessee,47005,882.5,1682.5,1.97476788,15836,45.80380147,27.23737055,0.239896438,6769.375
Bledsoe County,Tennessee,47007,703.75,1372.5,1.997640936,14839,37.39928567,17.21153717,0.200754768,4665.125
Blount County,Tennessee,47009,8238.75,15603.75,1.904253281,137624,61.20857554,52.47570191,0.208110504,82665.25
Bradley County,Tennessee,47011,6201.25,11971.25,1.97868636,109766,51.62910191,44.62400015,0.172439553,41514.375
Campbell County,Tennessee,47013,1962.5,3866.25,1.986732403,39457,46.43923765,26.45436805,0.205742961,12223.75
Cannon County,Tennessee,47015,845,1627.5,1.969940469,14537,50.65419275,22.48173626,0.179885809,5476.375
Carroll County,Tennessee,47017,1498.75,2941.25,2.037535204,28291,45.87296313,25.76865434,0.200417094,10168.25
Carter County,Tennessee,47019,2996.25,5578.75,1.927378445,56095,43.80770122,20.20486674,0.224298066,21180.75
Cheatham County,Tennessee,47021,2581.25,4843.75,1.862119512,41460,62.56447178,31.90306319,0.157597685,16887.375
Chester County,Tennessee,47023,863.75,1766.25,2.106030793,17475,44.02712446,22.32732475,0.171616595,5108
Claiborne County,Tennessee,47025,1620,3175,2.036843646,32055,45.4956481,25.74549992,0.203119638,9053.875
Clay County,Tennessee,47027,400,782.5,2.021101024,7591,42.18851271,26.66249506,0.250559874,2361.75
Cocke County,Tennessee,47029,2062.5,3837.5,1.942169627,36367,44.13493002,23.18288558,0.218082327,12723.5
Coffee County,Tennessee,47031,3352.5,6471.25,1.952629824,58986,52.02071678,55.47791001,0.173312311,24885.25
Crockett County,Tennessee,47033,788.75,1530,2.07644385,13988,52.09844152,40.99449528,0.185730626,3358.375
Cumberland County,Tennessee,47035,3752.5,6991.25,1.863468819,62391,51.71035887,31.95933708,0.318908176,60420.25
Davidson County,Tennessee,47037,45113.75,74438.75,1.650284537,700966,97.30256674,127.4823301,0.128143162,235942.625
Decatur County,Tennessee,47039,597.5,1177.5,2.048410441,11408,54.00613604,29.22904979,0.23220547,4335.5
DeKalb County,Tennessee,47041,1132.5,2231.25,1.980948692,20506,51.54642544,37.03155174,0.18887155,7041.625
Dickson County,Tennessee,47043,3233.75,6253.75,1.951215576,55194,58.32224517,40.69212233,0.164474399,21817.5
Dyer County,Tennessee,47045,1976.25,3872.5,2.002999565,36605,54.25933616,49.47258571,0.178636798,10533.25
Fayette County,Tennessee,47047,2701.25,5045,1.831091722,42615,83.69825179,35.02898041,0.224780007,27593.625
Fentress County,Tennessee,47049,987.5,2017.5,2.088128684,18839,46.46690376,28.89463347,0.228515314,7899.125
Franklin County,Tennessee,47051,2441.25,4646.25,1.937371701,43161,52.17624707,31.78181692,0.206227845,20916.75
Gibson County,Tennessee,47053,2783.75,5471.25,2.045367796,50471,50.95496424,31.07580591,0.17582374,14504
Giles County,Tennessee,47055,1683.75,3182.5,1.941180471,30411,48.94488836,41.83187005,0.208608727,12115.25
Grainger County,Tennessee,47057,1292.5,2557.5,2.017149868,23801,47.8164783,21.70581068,0.212722155,8962.625
Greene County,Tennessee,47059,3938.75,7475,1.988781502,70570,46.87029899,35.77075244,0.217131926,30601.375
Grundy County,Tennessee,47061,751.25,1503.75,2.049206353,13595,42.13990438,18.63721957,0.20581096,4145.625
Hamblen County,Tennessee,47063,3627.5,6976.25,1.994244134,64361,52.19006852,56.37106322,0.175696462,22149
Hamilton County,Tennessee,47065,22197.5,41103.75,1.852916993,369678,68.56886804,78.9116853,0.180841164,182985.875
Hancock County,Tennessee,47067,313.75,637.5,2.124646692,6794,34.13629673,15.40197233,0.222843686,2091.25
Hardeman County,Tennessee,47069,1353.75,2451.25,1.873202464,25266,37.63385577,24.21376553,0.185506214,7446.375
Hardin County,Tennessee,47071,1411.25,2758.75,1.990402489,26980,48.91638251,37.01819867,0.234062268,10913.375
Hawkins County,Tennessee,47073,3121.25,6035,1.979565704,57206,45.40460791,31.46544069,0.214907527,24506.875
Haywood County,Tennessee,47075,975,1815,1.935423221,17673,40.59214621,45.50461155,0.202512307,4932.75
Henderson County,Tennessee,47077,1513.75,2996.25,2.037570879,27916,49.57203754,27.96106176,0.188350767,8717.125
Henry County,Tennessee,47079,1860,3498.75,1.969026242,32248,57.37282932,42.3423158,0.235921608,15460.375
Hickman County,Tennessee,47081,1341.25,2595,2.010480727,25082,47.0388725,21.33593812,0.17785663,7118.875
Houston County,Tennessee,47083,442.5,880,1.987874587,8292,42.29655089,19.33996623,0.206464062,3422.75
Humphreys County,Tennessee,47085,1055,2046.25,1.995514573,19179,48.52056937,44.75129047,0.200948955,8801.25
Jackson County,Tennessee,47087,631.25,1241.25,2.055871944,11771,42.04910373,19.93331068,0.22801801,4349.75
Jefferson County,Tennessee,47089,3181.25,6117.5,1.962601037,55550,50.87148515,31.6619622,0.204752475,26567.125
Johnson County,Tennessee,47091,877.5,1652.5,1.91569817,18061,42.27971873,24.55151985,0.234206301,7972.25
Knox County,Tennessee,47093,28396.25,52633.75,1.851122032,486005,71.67894775,68.91104001,0.161156778,236757.625
Lake County,Tennessee,47095,266.25,492.5,1.994751545,6588,31.94459624,20.24377656,0.166363084,1377.75
Lauderdale County,Tennessee,47097,1233.75,2325,1.917744998,24888,42.04986339,28.70407425,0.164938926,5485.375
Lawrence County,Tennessee,47099,2296.25,4656.25,2.076521768,44768,45.56136079,26.62736776,0.176956755,13004
Lewis County,Tennessee,47101,675,1350,2.050473287,12856,47.28850342,28.15276914,0.207840697,3961.25
Lincoln County,Tennessee,47103,2006.25,3901.25,1.982946799,35444,54.05620133,33.89541248,0.200005643,16636.375
Loudon County,Tennessee,47105,3646.25,6937.5,1.831830797,56800,74.97304577,40.57551056,0.272376761,67668.875
McMinn County,Tennessee,47107,3016.25,5932.5,2.023241735,53922,47.99222952,39.51227699,0.20197693,21896.75
McNairy County,Tennessee,47109,1333.75,2651.25,2.061547812,25853,41.29292539,21.42687502,0.207558117,7891
Macon County,Tennessee,47111,1355,2763.75,2.116247956,25678,43.51612275,22.09895631,0.158540385,5508.875
Madison County,Tennessee,47113,5661.25,10578.75,1.922896772,98580,56.42404139,65.83417529,0.176181781,38673.75
Marion County,Tennessee,47115,1648.75,3142.5,1.925609938,28960,52.94416436,30.05421271,0.208218232,13444.625
Marshall County,Tennessee,47117,2096.25,4081.25,1.956305456,35057,54.90800696,38.20535129,0.163305474,11899
Maury County,Tennessee,47119,6492.5,12376.25,1.906603079,104965,60.98731006,51.9857381,0.167284333,50166.25
Meigs County,Tennessee,47121,720,1436.25,2.013585918,13022,43.31631086,19.90953771,0.211641837,6207.75
Monroe County,Tennessee,47123,2612.5,5123.75,1.965837161,46651,47.33761334,37.68635185,0.218966367,25646.25
Montgomery County,Tennessee,47125,12810,25607.5,2.030904287,227780,54.83251383,30.67597682,0.097638072,86774.5
Moore County,Tennessee,47127,381.25,752.5,1.973483713,6644,52.95243829,78.62597833,0.217489464,3594.25
Morgan County,Tennessee,47129,1065,2145,2.030250164,21120,41.42324811,16.54375,0.186079545,7098.875
Obion County,Tennessee,47131,1716.25,3270,1.982856594,30461,52.28679295,43.7265684,0.208397623,10510.625
Overton County,Tennessee,47133,1246.25,2475,2.078387012,22836,43.68908741,25.98112629,0.201655281,8059.875
Perry County,Tennessee,47135,420,851.25,2.091170977,8499,40.83009766,22.81550771,0.214731145,2741.5
Pickett County,Tennessee,47137,281.25,535,1.939665143,5071,45.02070598,28.76178269,0.281404062,2815.25
Polk County,Tennessee,47139,930,1802.5,1.964456698,17722,43.71775195,19.68812775,0.208272204,7324.375
Putnam County,Tennessee,47141,4486.25,8433.75,1.945901899,81262,53.65160838,49.37545224,0.161489995,33614.875
Rhea County,Tennessee,47143,1780,3532.5,2.021199746,33539,46.94373714,66.9871791,0.188646054,13662
Roane County,Tennessee,47145,3160,6040,1.89668249,54156,55.79440875,51.70559125,0.235486373,34492.25
Robertson County,Tennessee,47147,4587.5,8906.25,1.940604408,74054,59.61988549,36.91016015,0.148945364,26978.875
Rutherford County,Tennessee,47149,21172.5,40438.75,1.920327062,351241,58.42305426,59.91995809,0.109004928,118459.375
Scott County,Tennessee,47151,1058.75,2217.5,2.168393041,21895,39.77899064,23.38524777,0.173372916,4781.25
Sequatchie County,Tennessee,47153,888.75,1741.25,1.965820868,16448,50.36101654,21.07392996,0.209022374,7989
Sevier County,Tennessee,47155,6147.5,11062.5,1.890162865,99667,60.84574634,57.10969529,0.201350497,39844.875
Shelby County,Tennessee,47157,53211.25,98287.5,1.843339214,923255,62.53498438,73.52513119,0.143384006,356788.375
Smith County,Tennessee,47159,1145,2271.25,2.002655011,20166,51.52702569,35.60225131,0.168848557,6404.375
Stewart County,Tennessee,47161,748.75,1508.75,2.022282431,13813,52.60754362,60.58285673,0.207268515,7004
Sullivan County,Tennessee,47163,9218.75,17153.75,1.912419892,159228,56.08668701,56.17716105,0.220055518,77178.25
Sumner County,Tennessee,47165,12165,23558.75,1.89762968,200536,72.7453375,43.86829796,0.162913392,89836.5
Tipton County,Tennessee,47167,3456.25,6837.5,1.977062545,61071,53.09819718,22.0224984,0.154328568,25280.625
Trousdale County,Tennessee,47169,597.5,1113.75,1.922950239,11607,42.28456966,18.93460843,0.131817007,2725.375
Unicoi County,Tennessee,47171,977.5,1802.5,1.881673864,17617,46.73349605,34.21734688,0.236532894,8207
Union County,Tennessee,47173,1053.75,2125,2.018075807,20018,44.90653412,17.22764512,0.187531222,7048.875
Van Buren County,Tennessee,47175,335,688.75,2.088415366,6295,38.19301033,16.0548054,0.240031771,3001.25
Warren County,Tennessee,47177,2298.75,4532.5,2.049807638,41482,46.26042621,35.91700014,0.177884384,11591.25
Washington County,Tennessee,47179,7675,14030,1.87291547,133473,59.34196429,52.76752602,0.188330224,66439.625
Wayne County,Tennessee,47181,751.25,1482.5,2.009599589,16334,39.21097098,23.83402718,0.19248194,4382.375
Weakley County,Tennessee,47183,1666.25,3161.25,1.978205378,32880,48.01411192,34.15878954,0.183181265,10408.125
White County,Tennessee,47185,1532.5,3033.75,2.050118948,27544,45.19514232,30.63389486,0.205634621,10192.875
Williamson County,Tennessee,47187,14922.5,31987.5,1.829767649,256155,138.0449415,121.8954344,0.141277742,162832.25
Wilson County,Tennessee,47189,9837.5,19173.75,1.869050649,152044,74.46387888,48.14795059,0.159151298,77171.25
Anderson County,Texas,48001,2635,5142.5,1.978259938,58317,46.67066207,37.3050397,0.150470703,21887.375
Andrews County,Texas,48003,947.5,2137.5,2.140759765,18417,58.95688766,241.8404192,0.099364717,4782.625
Angelina County,Texas,48005,4675,9357.5,2.041212872,86852,52.39050339,40.4565698,0.166167734,31596.875
Aransas County,Texas,48007,1532.5,2768.75,1.818280892,24522,69.56361634,30.5608841,0.277791371,18175.875
Archer County,Texas,48009,518.75,1086.25,2.033534788,8703,69.99574859,38.45880731,0.208548776,4379.375
Armstrong County,Texas,48011,108.75,218.75,1.905208333,1839,71.22729744,34.14192496,0.229472539,956
Atascosa County,Texas,48013,2902.5,6033.75,2.112450381,49991,50.76075694,74.55642016,0.148826789,17137.75
Austin County,Texas,48015,1941.25,3777.5,1.930622449,30441,68.49324924,54.99937584,0.208008935,17523.875
Bailey County,Texas,48017,312.5,687.5,2.233366633,6805,59.49022777,64.67685525,0.147685525,1194.375
Bandera County,Texas,48019,1398.75,2596.25,1.853040816,21525,66.16046458,19.08933798,0.289616725,19919
Bastrop County,Texas,48021,5888.75,11892.5,1.999328148,102294,52.0147907,31.4923847,0.153567169,43715
Baylor County,Texas,48023,177.5,363.75,2.085759562,3456,64.65885417,50.73350694,0.242476852,1316.5
Bee County,Texas,48025,1365,2651.25,1.958724063,30842,37.0037611,26.41946048,0.126872447,9032
Bell County,Texas,48027,21140,42848.75,2.053373164,380611,54.34858688,51.18155545,0.115482737,164631.125
Bexar County,Texas,48029,118632.5,225522.5,1.938417917,2031319,60.86059354,60.67501362,0.126565547,818402.875
Blanco County,Texas,48031,831.25,1571.25,1.828477902,11887,86.15714646,43.79330361,0.264238243,12791.375
Borden County,Texas,48033,32.5,71.25,2.166666667,618,150.8381877,1444.430421,0.262135922,194.75
Bosque County,Texas,48035,1038.75,2043.75,1.96407756,18492,59.56700195,35.81938135,0.251784555,10351.25
Bowie County,Texas,48037,5020,9771.25,1.982079895,92290,51.39362878,42.25057969,0.171405353,41593.625
Brazoria County,Texas,48039,21721.25,44651.25,1.982127216,379174,62.47726374,45.61406109,0.125470101,166686.125
Brazos County,Texas,48041,11483.75,21587.5,1.910558075,237637,52.52074803,50.96819098,0.097383825,92834.5
Brewster County,Texas,48043,543.75,957.5,1.799694051,9481,59.83155785,46.77460184,0.235840101,5383.875
Briscoe County,Texas,48045,80,165,2.05842803,1403,65.67925873,75.23093371,0.235210264,517.75
Brooks County,Texas,48047,347.5,695,2.058734211,7023,44.65598747,41.00968247,0.174711662,1668.75
Brown County,Texas,48049,2058.75,4005,1.986736543,38155,51.10585769,39.05464552,0.205896999,17752
Burleson County,Texas,48051,1147.5,2191.25,1.915495657,18109,65.07747529,60.32685405,0.213705892,10151.875
Burnet County,Texas,48053,3292.5,6262.5,1.857586763,51145,70.70714635,40.34325936,0.231987487,43888.5
Caldwell County,Texas,48055,2705,5383.75,2.00703063,46939,47.93510727,24.5639873,0.152410575,14622.625
Calhoun County,Texas,48057,1167.5,2260,1.940626284,19801,57.46972375,191.2235241,0.194586132,8194.125
Callahan County,Texas,48059,792.5,1610,2.048367829,14106,56.02736424,28.82043102,0.213313484,6483.25
Cameron County,Texas,48061,22928.75,47570,2.129806117,422805,39.16996488,30.3746266,0.140499758,89137.75
Camp County,Texas,48063,721.25,1473.75,2.075900167,12607,52.83231538,32.42040136,0.189180614,5235.875
Carson County,Texas,48065,331.25,691.25,1.986218913,5716,63.04023793,174.890133,0.207312806,3177.5
Cass County,Texas,48067,1593.75,3217.5,2.055652821,28579,49.39403058,39.403758,0.222890934,13887.25
Castro County,Texas,48069,375,812.5,2.198100437,7369,109.774732,106.3661284,0.172750712,1118
Chambers County,Texas,48071,2975,6417.5,2.021864361,48714,72.10023812,61.56942563,0.117789547,26527.25
Cherokee County,Texas,48073,2776.25,5818.75,2.135146564,51278,48.11886189,29.90457896,0.180330746,19308.75
Childress County,Texas,48075,305,612.5,2.090006746,6786,45.15605659,42.4746537,0.164161509,2383.75
Clay County,Texas,48077,610,1218.75,1.996335978,10310,58.69456838,24.15480116,0.240931135,5405.125
Cochran County,Texas,48079,133.75,293.75,2.241016786,2483,52.34997986,99.3628675,0.159484495,568.875
Coke County,Texas,48081,190,377.5,1.980443409,3324,57.08754513,62.683213,0.275872443,1793.5
Coleman County,Texas,48083,455,878.75,1.990331171,7718,63.28984193,30.31666235,0.260948432,3876.75
Collin County,Texas,48085,67197.5,138625,1.879648076,1114687,94.13246768,80.80621556,0.113310732,474720.625
Collingsworth County,Texas,48087,141.25,288.75,2.087053571,2609,59.03832886,34.05174396,0.186661556,810.375
Colorado County,Texas,48089,1297.5,2511.25,1.94557027,20732,66.40058846,45.55397453,0.229644993,12000
Comal County,Texas,48091,11331.25,22182.5,1.85837977,174971,84.37217596,49.25359631,0.184693463,163590.875
Comanche County,Texas,48093,765,1542.5,2.080245144,13800,57.17217391,34.36289855,0.232463768,5764.125
Concho County,Texas,48095,132.5,251.25,1.914652398,3349,42.40609137,69.02209615,0.194386384,1206.875
Cooke County,Texas,48097,2517.5,5033.75,1.985455715,42399,64.8157032,62.93480978,0.187598764,20782
Coryell County,Texas,48099,3850,8100,2.069784321,84400,39.9303436,20.49271327,0.109123223,31290.75
Cottle County,Texas,48101,67.5,130,1.894047619,1353,103.2645972,80.39911308,0.244641537,480.75
Crane County,Texas,48103,252.5,566.25,2.259801747,4636,58.48986195,217.6503451,0.123597929,1192.75
Crockett County,Texas,48105,175,363.75,2.026833583,3015,65.50580431,228.8474295,0.190381426,987.75
Crosby County,Texas,48107,267.5,551.25,2.022313002,5082,54.6707989,49.21251476,0.187918142,1252.25
Culberson County,Texas,48109,133.75,251.25,1.991794154,2183,97.44525882,1473.213468,0.199725149,400.375
Dallam County,Texas,48111,421.25,885,2.174978508,7185,86.62059847,110.2595685,0.110647182,1024.75
Dallas County,Texas,48113,152861.25,283777.5,1.829685174,2589162,83.59302469,118.8734637,0.115355856,747800.5
Dawson County,Texas,48115,575,1203.75,2.067346425,12367,54.41408587,81.81555753,0.141101318,2414.25
Deaf Smith County,Texas,48117,988.75,2100,2.155094674,18383,78.255671,89.9914051,0.130881793,2938.5
Delta County,Texas,48119,281.25,595,2.1387656,5339,52.75763252,22.9625398,0.211462821,2525.375
Denton County,Texas,48121,57778.75,114467.5,1.854531443,944086,83.32559957,52.20475465,0.111435823,409085.875
DeWitt County,Texas,48123,1060,2102.5,1.964796745,19965,76.08239419,189.050839,0.197595793,8392.75
Dickens County,Texas,48125,92.5,186.25,2.074156746,1736,57.59735023,63.43894009,0.273617512,689.125
Dimmit County,Texas,48127,476.25,966.25,2.072317069,8481,56.78151161,418.2169555,0.169083834,1701.125
Donley County,Texas,48129,176.25,336.25,2.041285477,3360,52.01160714,42.0202381,0.252083333,1266.875
Duval County,Texas,48131,546.25,1096.25,2.002887825,9999,51.4440444,33.57425743,0.174717472,2558.125
Eastland County,Texas,48133,957.5,1918.75,2.053217304,17860,56.27284434,41.70587906,0.218756999,7246.625
Ector County,Texas,48135,8987.5,18648.75,2.064125971,160809,62.24225012,83.05974168,0.09936011,31649.875
Edwards County,Texas,48137,100,198.75,2.051690222,1430,77.43146853,54.07342657,0.291608392,1117.125
Ellis County,Texas,48139,12461.25,25666.25,2.005207161,203214,62.56765282,37.77639828,0.12938085,89748.125
El Paso County,Texas,48141,50795,100347.5,2.04171791,867700,47.30345742,44.96875879,0.127807998,228678.5
Erath County,Texas,48143,2191.25,4248.75,2.000281287,43387,54.52808445,40.62832185,0.145481365,16963.375
Falls County,Texas,48145,846.25,1675,2.004727084,17113,48.78431602,28.72401099,0.188044177,5902.5
Fannin County,Texas,48147,1926.25,3858.75,1.998076093,36902,51.06381768,29.4209257,0.180965801,14956.125
Fayette County,Texas,48149,1601.25,3020,1.850263725,24736,76.30485931,70.89869017,0.266575032,19967.375
Fisher County,Texas,48151,198.75,408.75,1.982902107,3675,61.74040816,116.9219048,0.241360544,1655.875
Floyd County,Texas,48153,285,591.25,2.060344867,5296,51.64709215,58.2864426,0.192409366,1445
Foard County,Texas,48155,57.5,116.25,2.078125,1058,66.92249527,98.5879017,0.262759924,396.5
Fort Bend County,Texas,48157,50222.5,106487.5,2.018240955,860626,79.00597821,42.67702695,0.121128109,383777.5
Franklin County,Texas,48159,582.5,1163.75,2.02548213,10500,58.93971429,45.696,0.221809524,5598
Freestone County,Texas,48161,1037.5,2073.75,1.999167765,19795,50.65708512,51.62727962,0.20207123,9486.75
Frio County,Texas,48163,826.25,1670,2.037974454,17944,42.57662728,72.41662951,0.121043246,3227.5
Gaines County,Texas,48165,1145,2745,2.484129834,21885,58.43066027,94.21288554,0.090015993,3335.875
Galveston County,Texas,48167,20425,39496.25,1.883614381,355616,66.8883571,52.60167428,0.152324417,196462.25
Garza County,Texas,48169,228.75,457.5,1.998344347,6265,36.27901038,40.58834796,0.101197127,1260.875
Gillespie County,Texas,48171,1832.5,3350,1.793664888,27313,95.82667594,48.45231209,0.301285102,28017.625
Glasscock County,Texas,48173,77.5,170,2.084981685,1138,133.0579965,3516.212654,0.145869947,298.625
Goliad County,Texas,48175,416.25,831.25,1.978430246,7134,62.22357724,40.62881974,0.240398094,4140.875
Gonzales County,Texas,48177,1196.25,2358.75,1.978251672,19641,66.76823991,156.2609338,0.175551143,6795.25
Gray County,Texas,48179,1067.5,2215,2.064873578,21128,54.53847974,53.24616622,0.166130254,7166.75
Grayson County,Texas,48181,8207.5,16217.5,1.978705333,139652,59.32757855,44.62207487,0.178393435,63802.25
Gregg County,Texas,48183,7148.75,13905,1.979325673,124205,61.77738416,67.64096453,0.157771426,45978.125
Grimes County,Texas,48185,1780,3552.5,1.996721968,30148,47.92218389,37.37670824,0.184324002,15535
Guadalupe County,Texas,48187,10836.25,21717.5,1.96168888,177328,62.95820175,67.12481954,0.146113417,99031.625
Hale County,Texas,48189,1600,3291.25,2.097906895,32212,44.81457221,41.58006333,0.140630821,7349.375
Hall County,Texas,48191,157.5,296.25,1.906703362,2845,48.89209139,32.58242531,0.240773286,821
Hamilton County,Texas,48193,493.75,975,1.983100584,8234,74.89701239,34.87660918,0.253582706,5237.25
Hansford County,Texas,48195,282.5,620,2.220499532,5121,106.9293107,142.9105643,0.152509276,1122.375
Hardeman County,Texas,48197,196.25,382.5,1.985710802,3549,59.89997182,62.06846999,0.220625528,1269.375
Hardin County,Texas,48199,3198.75,6655,2.050961616,57141,57.15815264,24.1630703,0.172783115,29483.125
Harris County,Texas,48201,268453.75,519306.25,1.924462687,4736633,80.69055656,93.30612652,0.1145151,1539615.75
Harrison County,Texas,48203,3755,7615,2.065961573,69550,51.99214953,66.37568656,0.173673616,25240.625
Hartley County,Texas,48205,256.25,526.25,2.034361744,5383,111.1660784,159.4133383,0.156418354,1018.125
Haskell County,Texas,48207,265,517.5,1.978131426,5379,53.78992378,68.18014501,0.226807957,2066
Hays County,Texas,48209,15285,29246.25,1.869636608,256002,70.8018492,42.69468989,0.118835009,127024
Hemphill County,Texas,48211,190,406.25,2.082707281,3325,86.81172932,124.1371429,0.177142857,1269.25
Henderson County,Texas,48213,4655,9173.75,1.979822758,83655,55.21146375,24.49656327,0.22255693,40286
Hidalgo County,Texas,48215,45533.75,97332.5,2.190018909,879929,35.27322545,26.85099593,0.114514921,131893.125
Hill County,Texas,48217,2145,4266.25,2.007074797,36379,55.33214217,33.68160202,0.204073779,16530.25
Hockley County,Texas,48219,1167.5,2438.75,2.10559806,21261,54.52556324,81.92117022,0.153896806,7183.625
Hood County,Texas,48221,3948.75,7662.5,1.887300249,64292,70.16969452,42.04840416,0.2519287,57937.875
Hopkins County,Texas,48223,2090,4221.25,2.068584605,37214,57.55849949,51.97345085,0.184070511,14440
Houston County,Texas,48225,1091.25,2133.75,1.978434995,21971,54.67989623,43.71712712,0.222019935,10411
Howard County,Texas,48227,1560,3152.5,1.983001241,34360,59.25058207,284.3802095,0.125698487,9458.25
Hudspeth County,Texas,48229,175,366.25,2.162980495,3278,44.20012203,55.1137889,0.107992678,631.75
Hunt County,Texas,48231,6017.5,12272.5,2.026413032,103596,54.76612997,48.30780146,0.156801421,42350.375
Hutchinson County,Texas,48233,1078.75,2186.25,2.016108161,20448,52.74633216,234.2000685,0.177816901,10698.5
Irion County,Texas,48235,87.5,183.75,1.987226942,1536,87.30078125,647.2285156,0.212890625,745
Jack County,Texas,48237,463.75,958.75,2.05827468,8549,54.61515967,47.78441923,0.169844426,3006
Jackson County,Texas,48239,851.25,1733.75,2.034045607,15121,54.80497322,39.68712387,0.198399577,6288.625
Jasper County,Texas,48241,1825,3680,2.02224807,32560,53.60113636,32.66799754,0.206941032,16011.375
Jeff Davis County,Texas,48243,113.75,202.5,1.82014652,1961,64.4773075,39.3809281,0.411014788,1679
Jefferson County,Texas,48245,13078.75,25508.75,1.958495336,253784,50.38047316,74.64802352,0.151136399,97094.375
Jim Hogg County,Texas,48247,256.25,522.5,2.077197413,4786,44.45215211,36.55077309,0.17551191,1304.5
Jim Wells County,Texas,48249,2111.25,4317.5,2.081882161,38909,51.64429823,42.55876532,0.158677941,10821
Johnson County,Texas,48251,11282.5,23122.5,2.024671586,187517,59.93960014,36.00818592,0.139992641,74105.5
Jones County,Texas,48253,852.5,1728.75,2.044117968,19903,42.85268552,23.89775411,0.152791037,5592.125
Karnes County,Texas,48255,713.75,1381.25,1.877647806,14800,81.35,448.0414189,0.146959459,4462.5
Kaufman County,Texas,48257,10118.75,21290,2.051734684,158355,61.1614537,31.12502289,0.109759717,54390.375
Kendall County,Texas,48259,3011.25,6080,1.860509106,46893,118.1816689,55.65173907,0.197385537,50407.875
Kenedy County,Texas,48261,17.5,31.25,1.833333333,341,49.2228739,707.085044,0.211143695,0
Kent County,Texas,48263,41.25,88.75,2.222619048,744,68.95698925,251.8400538,0.25,453.375
Kerr County,Texas,48265,3291.25,5966.25,1.816901539,53185,70.56252703,45.28555044,0.285945285,46116.25
Kimble County,Texas,48267,265,500,1.903275203,4348,61.13914443,37.15961362,0.306347746,2794.875
King County,Texas,48269,12.5,26.25,2.083333333,256,123.4335938,374.78125,0.203125,0
Kinney County,Texas,48271,165,322.5,2.064448856,3120,45.97628205,37.27339744,0.262179487,2061.625
Kleberg County,Texas,48273,1593.75,3083.75,1.973055239,30632,49.16028989,39.37340037,0.136295377,10542.75
Knox County,Texas,48275,175,371.25,2.144501443,3325,52.5524812,74.3687218,0.2,1130.5
Lamar County,Texas,48277,2676.25,5392.5,2.070623543,50357,52.86792303,55.46364954,0.188772167,19610.25
Lamb County,Texas,48279,642.5,1341.25,2.114448442,12905,62.94800465,60.51569159,0.168461836,2876.25
Lampasas County,Texas,48281,1332.5,2651.25,1.96874324,22227,65.63800783,24.83798983,0.203806182,16268.875
La Salle County,Texas,48283,303.75,593.75,1.94063607,6698,48.9826814,536.0582263,0.149596895,1131
Lavaca County,Texas,48285,1230,2415,1.955096153,20538,71.01670075,65.61817119,0.233323595,11668.5
Lee County,Texas,48287,1073.75,2125,1.979464795,17680,59.41408371,50.98320136,0.197850679,7974.75
Leon County,Texas,48289,990,2021.25,2.042579948,16056,65.25597907,53.33650972,0.244145491,10698.75
Liberty County,Texas,48291,5488.75,12222.5,2.205776691,97515,48.57974671,25.43428191,0.118607394,26277.375
Limestone County,Texas,48293,1182.5,2342.5,1.994514396,22069,53.96424849,69.52417418,0.210023109,9718.75
Lipscomb County,Texas,48295,156.25,327.5,2.028464591,2901,138.6004826,177.9027921,0.191658049,1069.25
Live Oak County,Texas,48297,607.5,1187.5,1.942036631,11385,50.78067633,204.3070707,0.20360123,6074.125
Llano County,Texas,48299,1320,2368.75,1.787907533,22091,75.20008148,39.34167761,0.366212485,21583
Loving County,Texas,48301,5,10,2,56,172.8035714,165251.8929,0.035714286,0
Lubbock County,Texas,48303,17193.75,32596.25,1.939279917,314677,55.84356658,48.12348217,0.130212885,107724.625
Lynn County,Texas,48305,313.75,700,2.191482159,5642,67.13399504,58.47022333,0.163239986,1962
McCulloch County,Texas,48307,430,828.75,1.978428593,7524,52.84516215,47.67597023,0.241360978,3258.25
McLennan County,Texas,48309,14368.75,27958.75,1.996545397,263751,55.25397439,53.07461962,0.150535922,100496.875
McMullen County,Texas,48311,48.75,100,2.087301587,593,109.4047218,2959.865093,0.242833052,323
Madison County,Texas,48313,700,1388.75,2.011895656,13514,46.93702827,43.1583543,0.154506438,4947.75
Marion County,Texas,48315,520,976.25,1.931246652,9740,52.65965092,30.52320329,0.274537988,4036
Martin County,Texas,48317,276.25,601.25,2.081537237,5224,106.2591884,2407.38304,0.113897397,1347.375
Mason County,Texas,48319,262.5,502.5,1.921733449,3931,63.74408547,33.21444925,0.3103536,3461.625
Matagorda County,Texas,48321,2028.75,4085,1.996810252,36353,54.00635436,63.7015377,0.17654664,16675.125
Maverick County,Texas,48323,3412.5,7528.75,2.299619499,57690,41.08108858,34.93220662,0.117195354,7383
Medina County,Texas,48325,2931.25,5957.5,2.021010485,52445,55.39012299,23.59521403,0.174163409,28371.125
Menard County,Texas,48327,111.25,213.75,1.926282051,1968,53.38871951,27.32215447,0.323170732,985.125
Midland County,Texas,48329,10207.5,21185,1.984846578,168629,152.3593214,203.9838462,0.107780987,50885.375
Milam County,Texas,48331,1446.25,2848.75,1.988238962,25215,52.83363078,29.09395201,0.213484037,12234.75
Mills County,Texas,48333,271.25,521.25,1.94460123,4490,60.17037862,66.39465479,0.282405345,3377.5
Mitchell County,Texas,48335,351.25,723.75,2.047663472,9047,41.0208909,39.60550459,0.14247817,2287.25
Montague County,Texas,48337,1181.25,2372.5,2.009027445,20483,53.40951033,31.66074306,0.221256652,10526.125
Montgomery County,Texas,48339,39310,81205,1.974423624,650960,86.59299343,58.12806624,0.134747143,381633.625
Moore County,Texas,48341,1195,2517.5,2.14587802,21143,62.98306768,157.5858204,0.117201911,4346.875
Morris County,Texas,48343,683.75,1328.75,1.973051018,12007,51.11776464,56.42233697,0.219705172,4966.625
Motley County,Texas,48345,60,117.5,1.964285714,1074,54.83054004,42.5,0.29981378,520.125
Nacogdoches County,Texas,48347,3252.5,6403.75,2.017542019,64809,51.3270842,43.42653027,0.153852088,24784.875
Navarro County,Texas,48349,2890,5970,2.076108535,53667,49.56865485,34.10647139,0.162856131,20070.75
Newton County,Texas,48351,616.25,1246.25,1.987196559,12222,44.58476518,38.19808542,0.228113238,5068.75
Nolan County,Texas,48353,756.25,1503.75,1.983139308,14618,55.28505952,69.15802435,0.187440142,4839
Nueces County,Texas,48355,19473.75,37058.75,1.932217634,353552,55.86597728,56.67913631,0.156489003,130340.75
Ochiltree County,Texas,48357,525,1123.75,2.140657065,9767,73.73502611,95.63386915,0.127879595,1925.25
Oldham County,Texas,48359,121.25,246.25,1.998032452,1736,93.41935484,188.0950461,0.160714286,676.25
Orange County,Texas,48361,4493.75,9221.25,2.034179314,84677,52.54853148,48.44379229,0.158201164,37090.5
Palo Pinto County,Texas,48363,1657.5,3262.5,1.984079407,28739,57.00814225,35.44740596,0.201503184,12509
Panola County,Texas,48365,1276.25,2605,2.02648465,22560,61.20593972,101.4547872,0.201950355,10265.25
Parker County,Texas,48367,9606.25,20088.75,1.977079676,157107,80.6501429,35.34716467,0.15776509,97056.375
Parmer County,Texas,48369,500,1081.25,2.185661334,9785,77.38415943,109.5353091,0.148185999,1757.125
Pecos County,Texas,48371,763.75,1546.25,2.028048705,15121,47.88552344,164.9271874,0.130943721,3130.875
Polk County,Texas,48373,3393.75,6573.75,1.904476433,51878,52.51644242,27.07477158,0.190331162,49144.125
Potter County,Texas,48375,6215,12002.5,1.997167496,116509,56.51077599,74.76299685,0.139439872,31611
Presidio County,Texas,48377,440,910,2.068921461,6113,63.86275151,42.29183707,0.233436938,1517.875
Rains County,Texas,48379,668.75,1313.75,1.977619356,12471,47.28121241,19.94018122,0.24793521,7326.75
Randall County,Texas,48381,8343.75,16220,1.908689799,144058,62.41402074,31.64238709,0.154854295,69105
Reagan County,Texas,48383,186.25,411.25,2.075971193,3261,70.96289482,1098.575897,0.129408157,579.625
Real County,Texas,48385,216.25,415,1.919883139,2817,62.53532126,28.78736244,0.310969116,2905.125
Red River County,Texas,48387,655,1280,2.033772246,11560,56.23416955,30.40077855,0.25467128,4891.875
Reeves County,Texas,48389,696.25,1385,2.00927829,12991,69.69540451,963.6867062,0.119852205,2430.75
Refugio County,Texas,48391,396.25,761.25,1.931764289,6698,57.83457749,62.10346372,0.220513586,2672.125
Roberts County,Texas,48393,50,96.25,1.948979592,802,68.25685786,232.9077307,0.224438903,271.625
Robertson County,Texas,48395,977.5,1983.75,2.04158159,16951,60.02908383,146.6018524,0.204530706,8185.25
Rockwall County,Texas,48397,7090,15086.25,1.962764713,116666,86.24943,48.93552535,0.123866422,64026.25
Runnels County,Texas,48399,572.5,1123.75,1.997730368,9893,56.60608511,33.43454968,0.209441019,3587.5
Rusk County,Texas,48401,2692.5,5516.25,2.056058092,52697,47.51522857,44.79053836,0.170313301,19171.625
Sabine County,Texas,48403,546.25,1068.75,1.948537921,10013,47.91610906,30.00019974,0.306102067,7085.5
San Augustine County,Texas,48405,408.75,798.75,1.946145295,7911,58.80659841,98.73922387,0.262798635,3635.5
San Jacinto County,Texas,48407,1505,3058.75,2.042587429,27818,49.36483572,13.4405421,0.221870731,14259
San Patricio County,Texas,48409,3985,7918.75,1.998928545,69776,53.39418998,44.32946859,0.152903577,24144.25
San Saba County,Texas,48411,315,611.25,1.964323471,5830,48.63859348,28.71114923,0.222813036,2983.375
Schleicher County,Texas,48413,137.5,281.25,2.008796296,2442,61.67362817,54.90704341,0.215397215,893
Scurry County,Texas,48415,808.75,1707.5,2.067175567,16817,53.82755545,101.0518523,0.150443004,5654
Shackelford County,Texas,48417,186.25,383.75,2.090859707,3191,96.59448449,96.05734879,0.204324663,1320.625
Shelby County,Texas,48419,1302.5,2722.5,2.125605653,24112,65.30034837,60.2915146,0.18152787,7378
Sherman County,Texas,48421,146.25,310,2.155339636,2792,174.7833095,188.4799427,0.155444126,655.25
Smith County,Texas,48423,13710,26995,1.995932154,237206,70.70594336,53.4118572,0.171403759,108192.875
Somervell County,Texas,48425,538.75,1132.5,2.02424765,9477,65.29408041,140.2920756,0.195103936,6422.5
Starr County,Texas,48427,3506.25,7660,2.22276048,65869,33.38508251,19.12581032,0.111190393,7353.25
Stephens County,Texas,48429,461.25,910,2.0120379,9434,50.20500318,41.90831037,0.199703201,3026.75
Sterling County,Texas,48431,65,148.75,2.242857143,1384,72.84393064,167.5317919,0.143786127,330.875
Stonewall County,Texas,48433,72.5,146.25,1.978125,1213,98.54987634,112.2629843,0.261335532,465.125
Sutton County,Texas,48435,208.75,411.25,1.90097408,3293,73.58305497,65.93744306,0.201032493,1313.875
Swisher County,Texas,48437,355,716.25,2.046685754,7009,86.26465972,72.44499929,0.17135112,1922.625
Tarrant County,Texas,48439,126016.25,243063.75,1.909636438,2130359,69.94660618,63.45982438,0.12000184,821584.5
Taylor County,Texas,48441,7947.5,15537.5,1.989538922,143909,60.45562821,51.45513484,0.14688449,59415.875
Terrell County,Texas,48443,38.75,75,1.911904762,721,62.14563107,79.18030513,0.330097087,292.125
Terry County,Texas,48445,573.75,1228.75,2.187508406,11709,49.94969681,46.78845333,0.152873858,2692.875
Throckmorton County,Texas,48447,85,165,1.930397727,1505,55.72093023,104.3601329,0.263122924,671
Titus County,Texas,48449,1803.75,3717.5,2.106848032,31280,52.63331202,66.6842711,0.148817136,10203.125
Tom Green County,Texas,48451,6686.25,12718.75,1.924555838,119242,64.13891917,56.32636152,0.16562956,48905.875
Travis County,Texas,48453,79928.75,139121.25,1.653631749,1309113,96.90464078,122.9173662,0.107103818,529362.25
Trinity County,Texas,48455,798.75,1546.25,1.933739793,13837,50.76772422,19.27166293,0.270506613,8164.875
Tyler County,Texas,48457,982.5,2003.75,2.033277895,19921,46.32302595,27.85352141,0.229506551,8553.5
Upshur County,Texas,48459,2275,4707.5,2.118553315,41828,48.75181696,21.65030602,0.1846849,15443
Upton County,Texas,48461,173.75,371.25,2.146179931,3238,85.99536751,1974.98672,0.157813465,918.5
Uvalde County,Texas,48463,1517.5,3021.25,2.03172234,24797,55.7100859,38.92458765,0.166350768,8324.75
Val Verde County,Texas,48465,2800,5912.5,2.146514077,47560,50.24676198,39.77870059,0.137405383,13675
Van Zandt County,Texas,48467,3213.75,6601.25,2.061934203,61246,50.66164321,23.66244326,0.202527512,26311.125
Victoria County,Texas,48469,5175,10151.25,1.969496728,90917,60.00828228,53.98552526,0.168681325,36960.125
Walker County,Texas,48471,3336.25,6082.5,1.848502798,78374,37.39911195,29.92455406,0.134866155,34064.5
Waller County,Texas,48473,3095,6376.25,2.052014746,59459,57.44881347,75.01333692,0.114414975,20212.625
Ward County,Texas,48475,636.25,1316.25,2.022992127,11084,69.34391916,375.6512992,0.133435583,2802
Washington County,Texas,48477,2181.25,4072.5,1.861688431,35955,73.69995828,71.93728271,0.224558476,24075.125
Webb County,Texas,48479,15502.5,32477.5,2.149025399,267465,43.10205074,49.18921354,0.100200026,46891
Wharton County,Texas,48481,2481.25,4887.5,2.004289076,41681,57.11400878,50.58191982,0.179602217,15933.25
Wheeler County,Texas,48483,266.25,537.5,2.018826503,4885,53.76745138,80.39160696,0.210030706,1647.625
Wichita County,Texas,48485,6850,13083.75,1.930842167,130105,55.6791822,45.76065486,0.150171016,51340.625
Wilbarger County,Texas,48487,675,1311.25,1.988864654,12707,65.50562682,62.72220036,0.188321398,5027.375
Willacy County,Texas,48489,955,1958.75,2.096272654,20292,36.25763848,27.71974177,0.148777843,3762.125
Williamson County,Texas,48491,40265,79982.5,1.840716118,644740,78.97093712,51.17273319,0.127842231,326566.375
Wilson County,Texas,48493,3027.5,6253.75,1.98612926,51311,62.28859309,25.80473972,0.166397069,32382.875
Winkler County,Texas,48495,396.25,852.5,2.136308235,7383,76.55072464,237.7996749,0.123662468,1445.25
Wise County,Texas,48497,4340,9016.25,2.023869458,71862,63.76296234,48.68577273,0.153252066,32546.75
Wood County,Texas,48499,2641.25,5170,1.963172321,46075,53.61870863,35.22465545,0.273423766,32258.875
Yoakum County,Texas,48501,430,971.25,2.195783258,7562,61.21713832,281.3637926,0.124305739,1982.75
Young County,Texas,48503,992.5,2021.25,2.051753785,17938,69.07854833,60.53010369,0.203868882,7231.5
Zapata County,Texas,48505,680,1498.75,2.154749039,13887,34.44948513,43.37495499,0.133866206,2518.375
Zavala County,Texas,48507,521.25,1098.75,2.132604454,9472,46.86549831,88.32453547,0.146959459,1713.875
Beaver County,Utah,49001,392.5,865,2.30336835,7216,41.10643016,53.98406319,0.144262749,2622.25
Box Elder County,Utah,49003,3333.75,7373.75,2.182060134,59694,53.03038831,48.16407009,0.128388113,25337.25
Cache County,Utah,49005,7198.75,15473.75,2.205950163,137470,53.77792246,50.18158871,0.099170728,43498
Carbon County,Utah,49007,1102.5,2205,2.071943639,20355,50.49093589,52.26804225,0.187030214,8740.5
Daggett County,Utah,49009,56.25,112.5,2.025974026,982,54.48574338,118.8747454,0.253564155,638.375
Davis County,Utah,49011,20308.75,43791.25,2.08233573,367529,63.64009915,47.25626277,0.107172495,155608.5
Duchesne County,Utah,49013,1018.75,2356.25,2.32471299,19800,54.52565657,75.66424242,0.128838384,5836.25
Emery County,Utah,49015,526.25,1166.25,2.166581383,9967,43.28152905,109.0619043,0.176181399,4318.75
Garfield County,Utah,49017,297.5,596.25,2.100371347,5122,50.99043342,62.31764936,0.226278797,2826.875
Grand County,Utah,49019,671.25,1133.75,1.728176227,9680,78.01146694,73.90051653,0.199896694,4339
Iron County,Utah,49021,3228.75,6810,2.224721586,60520,45.56759749,39.4696464,0.133889623,25350
Juab County,Utah,49023,658.75,1556.25,2.349675968,12214,53.35279188,59.81365646,0.118798101,3744.625
Kane County,Utah,49025,481.25,952.5,2.012796862,7981,56.61320637,54.90928455,0.237564215,4759.125
Millard County,Utah,49027,691.25,1592.5,2.311295542,13189,51.90818106,84.36196831,0.171051634,5697.5
Morgan County,Utah,49029,671.25,1615,2.206545258,12668,72.64911588,31.99242185,0.123697506,7192.25
Piute County,Utah,49031,77.5,172.5,2.310714286,1491,63.62642522,55.75855131,0.293091885,689.875
Rich County,Utah,49033,131.25,300,2.348639456,2599,56.41400539,69.38091574,0.192381685,1165.125
Salt Lake County,Utah,49035,70728.75,133210,1.889873633,1186513,73.24328263,98.3111976,0.115609353,399385.25
San Juan County,Utah,49037,655,1435,2.307422385,14494,38.7046364,39.88346902,0.149165172,3312.625
Sanpete County,Utah,49039,1452.5,3346.25,2.341082406,29128,45.65782065,38.05012359,0.144053831,10289.5
Sevier County,Utah,49041,1165,2561.25,2.242955816,21909,46.75945958,55.71094071,0.168195719,9270.75
Summit County,Utah,49043,3121.25,5711.25,1.703988746,43182,266.7155991,105.4902737,0.147468853,35218.5
Tooele County,Utah,49045,4327.5,9588.75,2.149001167,76777,52.63660992,29.54195918,0.092293265,24493
Uintah County,Utah,49047,1820,4127.5,2.283451171,36235,43.62881192,60.35910032,0.120049676,11114
Utah County,Utah,49049,36046.25,81196.25,2.269287613,686038,60.69989126,53.03177958,0.077393672,172672.375
Wasatch County,Utah,49051,2111.25,4452.5,2.009931962,36257,95.80434123,38.62368646,0.130650633,21017.5
Washington County,Utah,49053,11112.5,22831.25,2.097902588,191552,58.38140035,44.04636339,0.220488431,121804.75
Wayne County,Utah,49055,157.5,317.5,2.061770542,2563,57.29613734,46.77175185,0.227077643,1567.625
Weber County,Utah,49057,15763.75,31040,1.972448644,266613,57.28172295,51.66209825,0.121220646,122858.375
Addison County,Vermont,50001,2383.75,4082.5,1.720328597,37414,66.17672529,46.26805474,0.221708451,22053.125
Bennington County,Vermont,50003,2377.5,4082.5,1.778526123,37443,66.55118447,48.69700612,0.240018161,20486.5
Caledonia County,Vermont,50005,1946.25,3396.25,1.836517577,30462,54.67336353,40.17717156,0.22339308,13195
Chittenden County,Vermont,50007,10935,18111.25,1.617596574,169377,77.5178271,75.87451661,0.162082219,96651
Essex County,Vermont,50009,376.25,662.5,1.890750789,5970,49.18056951,23.43484087,0.271524288,2284.625
Franklin County,Vermont,50011,3272.5,5877.5,1.830416771,50441,58.55058385,42.25509011,0.173152792,21071.125
Grand Isle County,Vermont,50013,520,902.5,1.708684536,7428,76.45113086,26.044965,0.222940226,6237.25
Lamoille County,Vermont,50015,1770,2966.25,1.724733901,26156,68.68588469,48.54564918,0.182520263,12249.5
Orange County,Vermont,50017,1955,3385,1.770479378,29636,60.9023485,29.33216358,0.227088676,14834.25
Orleans County,Vermont,50019,1812.5,3122.5,1.817418906,27590,55.97267126,41.23153316,0.23403407,12130.875
Rutland County,Vermont,50021,3973.75,6603.75,1.726085309,60713,62.24956764,46.38459638,0.239322715,34563
Washington County,Vermont,50023,4005,6720,1.696064268,60050,74.98482931,66.96717735,0.211390508,33325.5
Windham County,Vermont,50025,2945,4871.25,1.711331228,46174,59.880907,51.93164985,0.24487807,22762.625
Windsor County,Vermont,50027,3837.5,6492.5,1.714733657,58356,73.47857975,49.74014669,0.247669477,36602.875
Accomack County,Virginia,51001,2002.5,3613.75,1.827447711,33422,53.20303991,47.32532464,0.251032254,18979.125
Albemarle County,Virginia,51003,6865,12693.75,1.713121734,113939,NA,NA,0.197754939,100905.5
Alleghany County,Virginia,51005,847.5,1558.75,1.898031689,15007,NA,NA,0.257813021,8346.75
Amelia County,Virginia,51007,802.5,1530,1.917101115,13311,55.32499437,21.71309443,0.206971678,7022.25
Amherst County,Virginia,51009,1796.25,3373.75,1.924426149,31391,47.47905451,25.63524577,0.217960562,15466.125
Appomattox County,Virginia,51011,956.25,1892.5,2.002525636,16405,48.81920146,21.11045413,0.207802499,7268.125
Arlington County,Virginia,51013,16051.25,25426.25,1.447414725,233478,127.0273902,174.7305142,0.116721918,172557.375
Augusta County,Virginia,51015,4677.5,8776.25,1.874486879,77787,NA,NA,0.220113901,44054.75
Bath County,Virginia,51017,266.25,472.5,1.769137604,4094,78.57230093,59.81191988,0.286516854,2469.25
Bedford County,Virginia,51019,4751.25,9217.5,1.920222174,80281,58.69589318,25.78174163,0.226105803,52544.375
Bland County,Virginia,51021,325,607.5,1.89413377,6179,47.96892701,33.05680531,0.246156336,2980.125
Botetourt County,Virginia,51023,2093.75,4001.25,1.859731003,34002,63.68625375,41.52679254,0.235750838,25205.25
Brunswick County,Virginia,51025,796.25,1431.25,1.842155127,15969,44.91878014,48.93330828,0.218423195,6398.75
Buchanan County,Virginia,51027,833.75,1678.75,2.009776838,19886,48.40304737,54.97324751,0.236447752,4141.375
Buckingham County,Virginia,51029,831.25,1561.25,1.950439168,16957,39.79742879,31.373651,0.200448192,5881.75
Campbell County,Virginia,51031,3250,6088.75,1.923620999,55323,NA,NA,0.209478879,24748.5
Caroline County,Virginia,51033,1948.75,3631.25,1.827321823,31418,56.74664205,28.35976192,0.168502133,15391
Carroll County,Virginia,51035,1587.5,2990,1.96525205,29100,NA,NA,0.25975945,10961.5
Charles City County,Virginia,51036,431.25,726.25,1.724262503,6611,63.92588111,37.71350779,0.266374225,4378.375
Charlotte County,Virginia,51037,621.25,1202.5,2.014218865,11500,47.25008696,24.96913043,0.224173913,4834.875
Chesterfield County,Virginia,51041,23252.5,44396.25,1.847758397,371022,68.84505231,48.0060266,0.157249435,246102.75
Clarke County,Virginia,51043,972.5,1796.25,1.750156276,14947,84.72623269,30.76343079,0.223255503,12577.875
Craig County,Virginia,51045,286.25,543.75,1.933139565,4891,49.68452259,21.53526886,0.243917399,2832.625
Culpeper County,Virginia,51047,3218.75,6225,1.891722436,53779,61.47883003,38.09077893,0.163744212,32264.125
Cumberland County,Virginia,51049,556.25,1046.25,1.897112174,9719,48.92396337,16.50571046,0.231402408,4380.875
Dickenson County,Virginia,51051,601.25,1226.25,2.087486494,13867,44.59457705,47.20357684,0.24057114,3518.75
Dinwiddie County,Virginia,51053,1675,3112.5,1.878575226,28000,NA,NA,0.186857143,14807
Essex County,Virginia,51057,685,1208.75,1.793753435,10572,56.8336171,39.38469542,0.24091941,6808.25
Fairfax County,Virginia,51059,72166.25,135865,1.708437585,1142381,NA,NA,0.14525014,972525.5
Fauquier County,Virginia,51061,4607.5,8902.5,1.77324747,74068,87.82567371,41.11482692,0.169749419,59288
Floyd County,Virginia,51063,900,1713.75,1.968719362,15514,52.9710584,26.18170685,0.241588243,7811.375
Fluvanna County,Virginia,51065,1688.75,3142.5,1.784264602,27804,58.90843044,33.77611135,0.20658898,20077.75
Franklin County,Virginia,51067,3131.25,5888.75,1.901006672,55020,55.92288259,29.52969829,0.242202835,35082.375
Frederick County,Virginia,51069,5932.5,11256.25,1.825292856,94009,NA,NA,0.18118478,65384.625
Giles County,Virginia,51071,943.75,1763.75,1.918647834,16574,52.75998552,43.56648968,0.221672499,7753.125
Gloucester County,Virginia,51073,2408.75,4502.5,1.810705186,39184,62.72830747,25.67872091,0.202404042,31382.25
Goochland County,Virginia,51075,1733.75,3217.5,1.672158357,25556,134.3281421,119.1368368,0.233917671,32340.75
Grayson County,Virginia,51077,803.75,1521.25,1.947951369,15347,41.0472405,19.8044569,0.25477292,5355.125
Greene County,Virginia,51079,1271.25,2421.25,1.880122923,21007,56.92835721,23.71571381,0.183224639,11819.625
Greensville County,Virginia,51081,460,815,1.837551223,11424,NA,NA,0.159926471,2750
Halifax County,Virginia,51083,1878.75,3482.5,1.950203313,33784,47.32056595,34.66839332,0.253995974,13943.125
Hanover County,Virginia,51085,7072.5,13476.25,1.767404355,111799,79.62172291,62.29871466,0.187184143,80251.75
Henrico County,Virginia,51087,21326.25,38286.25,1.773719164,334501,78.16212508,88.20909952,0.164929253,183394.125
Henry County,Virginia,51089,2720,5045,1.931197321,50268,NA,NA,0.244608896,15496.125
Highland County,Virginia,51091,135,260,1.976447164,2240,54.25625,34.45580357,0.367857143,1627.875
Isle of Wight County,Virginia,51093,2423.75,4707.5,1.848300831,39401,69.88424152,40.33009314,0.19854826,31904
James City County,Virginia,51095,5135,9601.25,1.738384246,80009,NA,NA,0.263670337,121343.625
King and Queen County,Virginia,51097,407.5,720,1.791875415,6672,60.73905875,22.11270983,0.237859712,3584.875
King George County,Virginia,51099,1628.75,3261.25,1.849891344,27548,68.87723247,82.55706403,0.138775955,21714.125
King William County,Virginia,51101,1158.75,2195,1.827942163,18249,61.0243849,32.19535317,0.166200888,8932.125
Lancaster County,Virginia,51103,733.75,1247.5,1.672066848,10943,82.68436443,48.47829663,0.375399799,15017
Lee County,Virginia,51105,951.25,1920,2.093423694,22009,41.54959335,19.23217775,0.226589123,5693.125
Loudoun County,Virginia,51107,26240,54655,1.780539223,428827,103.5991321,83.68416634,0.102533189,250827.875
Louisa County,Virginia,51109,2383.75,4505,1.841535606,39011,56.11319884,62.13132193,0.206223886,27406
Lunenburg County,Virginia,51111,612.5,1155,1.917786487,12007,41.56916799,20.68018656,0.232531024,5105.625
Madison County,Virginia,51113,828.75,1570,1.86394261,13959,61.19671896,27.04563364,0.228956229,8623.75
Mathews County,Virginia,51115,537.5,960,1.75741797,8545,73.58478642,23.28648332,0.319016969,8730.625
Mecklenburg County,Virginia,51117,1743.75,3152.5,1.840954958,30338,49.76560749,38.70967104,0.267420397,17355.125
Middlesex County,Virginia,51119,668.75,1190,1.734699646,10778,68.49638152,35.69094452,0.330302468,10380
Montgomery County,Virginia,51121,4502.5,7975,1.782340887,98808,NA,NA,0.136871508,40630.75
Nelson County,Virginia,51125,937.5,1677.5,1.760793312,14839,67.7584069,36.87007211,0.28714873,14102.625
New Kent County,Virginia,51127,1740,3346.25,1.744179849,23970,133.7030038,30.97113058,0.182144347,21070
Northampton County,Virginia,51131,755,1303.75,1.743954961,12070,67.35509528,42.35161558,0.288400994,9034.625
Northumberland County,Virginia,51133,792.5,1390,1.721973112,12053,68.18841782,31.38886584,0.372023563,16524.875
Nottoway County,Virginia,51135,757.5,1407.5,1.909466425,15576,46.68419363,34.57903184,0.18509245,6355.75
Orange County,Virginia,51137,2368.75,4448.75,1.835827526,37224,66.13308618,31.79913497,0.203390286,28902.75
Page County,Virginia,51139,1376.25,2535,1.886848077,23829,49.87939066,28.72063452,0.221033195,10461.125
Patrick County,Virginia,51141,926.25,1760,1.988074422,17654,42.77568823,22.67599411,0.270250368,6552.875
Pittsylvania County,Virginia,51143,3335,6262.5,1.919617721,60062,NA,NA,0.24086777,24354.5
Powhatan County,Virginia,51145,1887.5,3698.75,1.807800677,31238,74.10269544,28.7835969,0.194090531,24055.625
Prince Edward County,Virginia,51147,996.25,1811.25,1.859896648,21955,42.39467092,34.45994079,0.165292644,8438.125
Prince George County,Virginia,51149,2018.75,3983.75,1.908454844,42942,NA,NA,0.129476969,23007.875
Prince William County,Virginia,51153,29998.75,59073.75,1.887783255,485433,NA,NA,0.108179708,290043.375
Pulaski County,Virginia,51155,1820,3288.75,1.832831806,33809,51.44106599,45.24679819,0.229968352,14574.25
Rappahannock County,Virginia,51157,468.75,841.25,1.721020745,7435,90.71889711,43.15709482,0.282985878,8145.375
Richmond County,Virginia,51159,477.5,881.25,1.875491969,9079,45.74567684,32.4454235,0.212578478,4276.125
Roanoke County,Virginia,51161,5952.5,11010,1.825360683,96711,NA,NA,0.217534717,62353.875
Rockbridge County,Virginia,51163,1295,2385,1.859267099,22651,NA,NA,0.269083043,16545.625
Rockingham County,Virginia,51165,5106.25,9831.25,1.95371544,84528,NA,NA,0.198052716,42475.75
Russell County,Virginia,51167,1225,2450,2.059694813,25574,44.07128333,27.52549464,0.232697271,7370.25
Scott County,Virginia,51169,1017.5,1986.25,2.025008241,21479,43.76507286,20.71772429,0.250849667,7226.375
Shenandoah County,Virginia,51171,2761.25,5046.25,1.85372577,44837,58.05151995,38.91707741,0.217387426,24536
Smyth County,Virginia,51173,1553.75,2876.25,1.93629008,29605,47.80249958,36.41709171,0.228204695,9471
Southampton County,Virginia,51175,970,1817.5,1.873544775,18028,NA,NA,0.214832483,8295.875
Spotsylvania County,Virginia,51177,8932.5,17301.25,1.878128082,144027,NA,NA,0.148006971,101871.75
Stafford County,Virginia,51179,9482.5,19522.5,1.898954599,161588,68.78926034,40.83691239,0.110596084,118948.375
Surry County,Virginia,51181,400,721.25,1.803324999,6535,55.93328233,197.1848508,0.250038256,3866.25
Sussex County,Virginia,51183,538.75,945,1.828421844,10828,39.51431474,32.12310676,0.189139269,4179.25
Tazewell County,Virginia,51185,1920,3780,2.001444943,39960,48.07357357,33.05105105,0.231581582,13261.25
Warren County,Virginia,51187,2526.25,4713.75,1.84286771,40977,60.69058252,48.11831027,0.170193035,21867.25
Washington County,Virginia,51191,2873.75,5398.75,1.955379911,53753,NA,NA,0.242498093,23912.75
Westmoreland County,Virginia,51193,1158.75,2082.5,1.779442257,18768,54.94208227,26.82464834,0.265984655,14166.875
Wise County,Virginia,51195,1662.5,3277.5,2.02168965,35688,NA,NA,0.196116342,9785.875
Wythe County,Virginia,51197,1587.5,2951.25,1.934380572,28205,47.29859954,53.46910122,0.220315547,11022.5
York County,Virginia,51199,4211.25,8446.25,1.850380406,71123,NA,NA,0.170704273,67662.625
Alexandria city,Virginia,51510,11066.25,17621.25,1.503709228,155129,116.4780795,92.13054941,0.126417369,122143.375
Bristol city,Virginia,51520,911.25,1638.75,1.883703192,17074,NA,NA,0.222443481,5691
Buena Vista city,Virginia,51530,341.25,632.5,2.212161681,6624,NA,NA,0.189160628,1762.5
Charlottesville city,Virginia,51540,2450,4028.75,1.624035402,45713,NA,NA,0.132216219,19944.625
Chesapeake city,Virginia,51550,14763.75,28482.5,1.873851397,251732,63.18875232,46.36662403,0.140129185,158553.75
Colonial Heights city,Virginia,51570,1131.25,2005,1.794047435,18207,NA,NA,0.187345526,10841.875
Covington city,Virginia,51580,340,595,1.952422735,5715,NA,NA,0.191951006,2207
Danville city,Virginia,51590,2228.75,3936.25,1.819535702,42292,NA,NA,0.209566821,12890.5
Emporia city,Virginia,51595,315,575,1.941081193,5628,NA,NA,0.192608387,1357.75
Fairfax city,Virginia,51600,1692.5,2946.25,1.602996475,24361,NA,NA,0.143795411,22182.125
Falls Church city,Virginia,51610,910,1720,1.51607441,14515,NA,NA,0.153151912,15530.125
Franklin city,Virginia,51620,463.75,870,1.932751373,8156,NA,NA,0.190779794,3924.375
Fredericksburg city,Virginia,51630,1735,2973.75,1.685088249,28445,NA,NA,0.114712603,16228
Galax city,Virginia,51640,381.25,706.25,1.932813072,6657,NA,NA,0.177707676,2015.25
Hampton city,Virginia,51650,8151.25,14177.5,1.766091347,137780,52.18737117,50.34208884,0.162004645,70856.75
Harrisonburg city,Virginia,51660,2373.75,4151.25,1.864136892,51504,NA,NA,0.100341721,12247.5
Hopewell city,Virginia,51670,1338.75,2365,1.785234508,23081,NA,NA,0.153546207,7996.875
Lexington city,Virginia,51678,292.5,507.5,1.77009019,7443,NA,NA,0.142281338,4241
Lynchburg city,Virginia,51680,4046.25,7091.25,1.857832615,79137,NA,NA,0.143460076,30016.625
Manassas city,Virginia,51683,2827.5,5137.5,1.813079572,42770,NA,NA,0.103764321,18403
Manassas Park city,Virginia,51685,1158.75,2101.25,1.879317065,17094,NA,NA,0.086521587,3765.625
Martinsville city,Virginia,51690,740,1327.5,1.826752973,13539,NA,NA,0.170470493,3756.625
Newport News city,Virginia,51700,10536.25,18648.75,1.797776095,184717,50.45761895,84.40766686,0.136592734,79102.75
Norfolk city,Virginia,51710,12716.25,21775,1.763579062,234920,48.28361996,88.98446705,0.126021624,82251.375
Norton city,Virginia,51720,206.25,393.75,2.066599599,3631,NA,NA,0.18231892,1061.5
Petersburg city,Virginia,51730,1931.25,3223.75,1.664326217,33422,NA,NA,0.168152714,9778.875
Poquoson city,Virginia,51735,767.5,1535,1.810540039,12629,NA,NA,0.191384908,13719.75
Portsmouth city,Virginia,51740,5506.25,9722.5,1.798626878,97700,48.05301945,62.21918117,0.151197544,38022.375
Radford city,Virginia,51750,730,1208.75,1.817858359,16525,NA,NA,0.095370651,4483.25
Richmond city,Virginia,51760,13645,21070,1.576807581,227164,77.78931081,120.7284957,0.137534997,77088.75
Roanoke city,Virginia,51770,5867.5,9947.5,1.79350144,98717,55.49272162,78.50337834,0.174772329,34717
Salem city,Virginia,51775,1496.25,2661.25,1.814937023,25417,NA,NA,0.194751544,14072.5
Staunton city,Virginia,51790,1568.75,2652.5,1.725379226,25690,NA,NA,0.211249513,14192.75
Suffolk city,Virginia,51800,5773.75,11153.75,1.875321099,96400,67.71571577,44.92894191,0.150248963,61470.75
Virginia Beach city,Virginia,51810,27661.25,50125,1.78872612,458599,71.96868724,52.86670926,0.152900464,295859.375
Waynesboro city,Virginia,51820,1467.5,2560,1.773798618,22606,NA,NA,0.179996461,10908.875
Williamsburg city,Virginia,51830,778.75,1243.75,1.597952261,15615,NA,NA,0.168299712,12521.125
Winchester city,Virginia,51840,1777.5,3032.5,1.752631486,28088,NA,NA,0.166975221,13284.375
Adams County,Washington,53001,1123.75,2457.5,2.155540703,20653,54.93361739,42.94804629,0.118917349,4010.125
Asotin County,Washington,53003,1271.25,2327.5,1.849667298,22476,57.3439669,32.29462538,0.248531767,13903.125
Benton County,Washington,53005,12128.75,24318.75,1.932999947,210627,58.85366548,59.5589122,0.155654308,126174.625
Chelan County,Washington,53007,5182.5,9626.25,1.846980238,79854,70.41108774,70.54758685,0.205800586,47602.125
Clallam County,Washington,53009,4783.75,8391.25,1.735411617,78476,59.18014425,35.75982466,0.313739232,79908.75
Clark County,Washington,53011,31395,59007.5,1.814607757,512662,70.12208629,49.22524002,0.162608112,294994.75
Columbia County,Washington,53013,226.25,416.25,1.858039814,4019,62.54540931,91.94600647,0.286140831,2285.5
Cowlitz County,Washington,53015,6461.25,12428.75,1.901261892,111701,58.06118119,48.88544418,0.193722527,60494.25
Douglas County,Washington,53017,2675,5201.25,1.926280762,43847,53.6958971,45.55219285,0.179464958,22384
Ferry County,Washington,53019,376.25,727.5,1.96461751,7290,48.47050754,27.31207133,0.307544582,4085.875
Franklin County,Washington,53021,5438.75,11580,2.105323312,98107,49.54172485,42.33140347,0.100023444,28086.625
Garfield County,Washington,53023,115,231.25,2.112595248,2348,56.98594549,68.47529813,0.267035775,1027.125
Grant County,Washington,53025,5942.5,12291.25,2.07751704,100437,51.61941316,67.3140277,0.143244024,31111.25
Grays Harbor County,Washington,53027,4221.25,7797.5,1.856685858,76859,50.61927686,36.84570447,0.229758389,39801.875
Island County,Washington,53029,5397.5,9821.25,1.733929874,87581,69.22388418,40.43600781,0.260558797,92416.75
Jefferson County,Washington,53031,2225,3673.75,1.624757283,33558,68.97842541,41.45527147,0.39331903,46485
King County,Washington,53033,143755,252621.25,1.592558376,2253242,125.0389963,171.644522,0.138064176,1179717.75
Kitsap County,Washington,53035,16772.5,30972.5,1.7445025,276629,73.83152526,50.2907432,0.1911694,239026.5
Kittitas County,Washington,53037,2671.25,4773.75,1.77264498,45653,59.74347798,43.42879986,0.175432064,27825.5
Klickitat County,Washington,53039,1397.5,2607.5,1.831218455,23177,59.22483497,77.8503689,0.246968978,14986.625
Lewis County,Washington,53041,4818.75,9337.5,1.929005369,84590,57.0433621,42.76983095,0.21176262,41642
Lincoln County,Washington,53043,657.5,1296.25,1.953432434,11285,54.34178113,35.49410722,0.257687195,7429.75
Mason County,Washington,53045,3862.5,7175,1.818745556,67255,55.34271058,26.65705152,0.238301985,51636.375
Okanogan County,Washington,53047,2450,4745,1.967303968,42785,53.87310973,40.60642749,0.234334463,19561.625
Pacific County,Washington,53049,1392.5,2481.25,1.792276544,23995,50.22979787,31.25309439,0.331694103,17738.125
Pend Oreille County,Washington,53051,775,1507.5,1.94851575,13897,53.8763762,40.20313737,0.271785277,9359.375
Pierce County,Washington,53053,54513.75,102788.75,1.810710318,927738,65.34536475,52.55625834,0.144094561,489482.375
San Juan County,Washington,53055,1225,2031.25,1.617258446,18623,95.20002148,50.37684584,0.34972883,21419
Skagit County,Washington,53057,7925,14791.25,1.805057586,131018,67.90317361,50.19933902,0.220519318,91006.5
Skamania County,Washington,53059,695,1288.75,1.7899353,12214,68.18577043,26.38390372,0.241280498,8175.125
Snohomish County,Washington,53061,50495,95511.25,1.761006861,836235,75.91483614,58.66372013,0.143853103,400111.75
Spokane County,Washington,53063,31928.75,59038.75,1.857923537,545540,59.69909448,55.65496756,0.169771236,272985.5
Stevens County,Washington,53065,2568.75,5112.5,1.991691457,47620,50.50367493,26.30615288,0.24848803,28476.375
Thurston County,Washington,53067,18297.5,33710,1.777991095,298241,65.86664141,53.86213163,0.183090185,212282.75
Wahkiakum County,Washington,53069,265,492.5,1.848398984,4586,54.64805931,23.32228522,0.335150458,3929.75
Walla Walla County,Washington,53071,3441.25,6441.25,1.859889841,62232,56.26254981,55.58146934,0.195494279,33527.375
Whatcom County,Washington,53073,14015,24852.5,1.75500692,226725,64.56703936,64.53120741,0.185784541,131028.125
Whitman County,Washington,53075,2241.25,3897.5,1.785440683,43242,54.32038296,56.20850099,0.12450858,17992.875
Yakima County,Washington,53077,14553.75,29466.25,2.063193444,256743,52.77831139,40.03161917,0.142484897,77771.75
Barbour County,West Virginia,54001,806.25,1598.75,2.075248363,15447,42.83860944,35.08467664,0.207677866,5257.25
Berkeley County,West Virginia,54003,7957.5,14861.25,1.86495353,126194,56.95987923,35.20606368,0.150514288,57554.75
Boone County,West Virginia,54005,955,1940,2.069388559,21361,43.26258134,28.45217921,0.217499181,6825.375
Braxton County,West Virginia,54007,630,1226.25,1.994922575,12297,42.33211352,25.06928519,0.241603643,4583.625
Brooke County,West Virginia,54009,1292.5,2270,1.787791189,22080,50.97246377,43.46951993,0.247101449,10165.25
Cabell County,West Virginia,54011,4885,8788.75,1.885165138,93422,53.51058637,54.90929331,0.195863929,36835.875
Calhoun County,West Virginia,54013,292.5,588.75,2.102128081,6172,43.22602074,19.93033052,0.260693454,1951.5
Clay County,West Virginia,54015,373.75,793.75,2.259993957,7914,40.71354562,19.92279505,0.22163255,2233.875
Doddridge County,West Virginia,54017,353.75,693.75,1.9221426,7745,40.35261459,84.12085216,0.21626856,2677.875
Fayette County,West Virginia,54019,2052.5,3892.5,1.998065681,40059,47.07244315,28.88262313,0.225991662,12884.75
Gilmer County,West Virginia,54021,310,591.25,1.99106991,7396,37.48553272,24.27244456,0.181990265,2234.375
Grant County,West Virginia,54023,647.5,1212.5,1.969150704,10998,48.23322422,40.66402982,0.250136388,4740.125
Greenbrier County,West Virginia,54025,1872.5,3412.5,1.904730519,32705,49.56982113,35.05962391,0.24347959,15570.5
Hampshire County,West Virginia,54027,1288.75,2441.25,1.945576069,23351,47.14072202,17.32927926,0.238533682,10519.625
Hancock County,West Virginia,54029,1741.25,3052.5,1.827526974,28604,52.98832331,33.326318,0.239966438,14066.5
Hardy County,West Virginia,54031,836.25,1543.75,1.953573494,14150,43.93462898,54.3454417,0.230530035,5552.25
Harrison County,West Virginia,54033,3830,7107.5,1.89217119,65412,62.63746713,73.04538923,0.200987586,30700.875
Jackson County,West Virginia,54035,1512.5,2975,2.028308692,27789,48.70243622,34.2071683,0.209759257,12625.875
Jefferson County,West Virginia,54037,3577.5,6688.75,1.803595164,58550,68.02184458,36.11048676,0.171836038,37345.625
Kanawha County,West Virginia,54039,10056.25,18020,1.859501755,178071,59.79124057,62.97941271,0.21673939,87236.25
Lewis County,West Virginia,54041,921.25,1725,1.92739402,16877,45.38970196,33.13853173,0.208804882,6414.75
Lincoln County,West Virginia,54043,895,1877.5,2.194749706,20197,38.49408328,12.45422588,0.206565331,5706.875
Logan County,West Virginia,54045,1406.25,2897.5,2.09825899,31852,46.11679015,44.40977019,0.218855959,8072.625
McDowell County,West Virginia,54047,626.25,1303.75,2.122148391,18415,34.89731197,28.54379582,0.213304371,3032.375
Marion County,West Virginia,54049,3195,5855,1.895598741,56056,51.62125375,39.57899244,0.198801199,24653.375
Marshall County,West Virginia,54051,1725,3158.75,1.833946456,30204,50.2463581,85.88263144,0.234538472,14301
Mason County,West Virginia,54053,1305,2526.25,1.996579704,25281,43.60159804,30.89509909,0.219928009,9941.5
Mercer County,West Virginia,54055,3010,5731.25,1.976510549,59163,47.50605953,30.09974139,0.225664689,21238.375
Mineral County,West Virginia,54057,1593.75,2966.25,1.949718112,26913,49.59670048,31.54746777,0.224018133,13555.5
Mingo County,West Virginia,54059,953.75,2036.25,2.21905573,23055,39.29312514,28.96720885,0.207460421,4736.5
Monongalia County,West Virginia,54061,5453.75,9556.25,1.766042888,106537,59.46862592,68.58003323,0.132385932,45044.5
Monroe County,West Virginia,54063,685,1341.25,2.059624699,12394,42.75754397,18.75173471,0.253025658,5648.375
Morgan County,West Virginia,54065,1080,1970,1.855111206,17304,47.52005317,18.19527277,0.249653259,10005.25
Nicholas County,West Virginia,54067,1233.75,2406.25,2.044919054,24438,43.9522465,27.6020951,0.234389066,7989.125
Ohio County,West Virginia,54069,2456.25,4293.75,1.772084661,41817,66.60769543,88.47497429,0.224525911,20187.25
Pendleton County,West Virginia,54071,397.5,741.25,1.950635824,6093,52.3691121,26.35844412,0.286558346,3396.25
Pleasants County,West Virginia,54073,395,753.75,1.977121546,7610,52.82798949,72.90604468,0.188436268,3703.625
Pocahontas County,West Virginia,54075,472.5,843.75,1.890583362,7888,53.29208925,34.09089757,0.269650101,3511.75
Preston County,West Virginia,54077,1758.75,3345,1.94949186,34309,43.9143082,21.70168177,0.200647061,13284.625
Putnam County,West Virginia,54079,3252.5,6335,1.935142908,57365,57.62389959,50.53658154,0.19203347,28746.25
Raleigh County,West Virginia,54081,3760,7221.25,1.987913211,73800,52.28585366,44.71915989,0.216585366,27200.5
Randolph County,West Virginia,54083,1498.75,2756.25,1.901955737,27902,47.74428356,30.66590209,0.221561178,10870.625
Ritchie County,West Virginia,54085,482.5,935,1.951221292,8413,54.69261857,78.31807916,0.225603233,3485.375
Roane County,West Virginia,54087,643.75,1286.25,2.09384369,13933,40.88767674,21.27617886,0.230962463,4281.375
Summers County,West Virginia,54089,548.75,1056.25,2.011225594,11869,45.24323869,18.44317129,0.26910439,4701.625
Taylor County,West Virginia,54091,916.25,1728.75,1.886043078,16534,52.18858111,34.88423854,0.211261643,6917.375
Tucker County,West Virginia,54093,407.5,738.75,1.861261332,6700,58.52447761,42.44134328,0.276865672,3632.875
Tyler County,West Virginia,54095,456.25,875,1.932850499,8208,58.5244883,163.2386696,0.239887914,3695.75
Upshur County,West Virginia,54097,1243.75,2378.75,1.993359591,23812,45.55858391,32.86905762,0.213967747,9073.5
Wayne County,West Virginia,54099,1900,3758.75,2.052820922,38563,43.78007416,26.02079714,0.221092757,13594.875
Webster County,West Virginia,54101,358.75,715,2.150279788,8270,33.80943168,16.68137848,0.247279323,2019.75
Wetzel County,West Virginia,54103,826.25,1547.5,1.826529938,14211,46.60797973,71.2246851,0.2279924,6828.5
Wirt County,West Virginia,54105,282.5,571.25,2.022732426,5067,44.21018354,15.97414644,0.223406355,2329.375
Wood County,West Virginia,54107,4755,8767.5,1.903470417,83820,58.24847292,43.66877833,0.210248151,43826.125
Wyoming County,West Virginia,54109,852.5,1813.75,2.175725188,21031,37.17963958,34.27449955,0.227283534,5306.125
Adams County,Wisconsin,55001,1262.5,2175,1.763790039,20844,47.7138745,26.99870466,0.31265592,15232.375
Ashland County,Wisconsin,55003,922.5,1660,1.885010226,16044,49.99906507,43.30833957,0.210670656,7173.375
Barron County,Wisconsin,55005,2930,5338.75,1.89345778,46701,61.74713604,48.17744802,0.227896619,24767.125
Bayfield County,Wisconsin,55007,1045,1863.75,1.801807692,16327,57.61480982,27.19317695,0.303178784,14513.25
Brown County,Wisconsin,55009,17040,30916.25,1.815642673,268948,65.46099618,72.49354894,0.158792778,140049.5
Buffalo County,Wisconsin,55011,850,1538.75,1.864482144,13340,57.50292354,41.39355322,0.230734633,6833.875
Burnett County,Wisconsin,55013,1020,1830,1.812048944,16755,53.23772008,33.28570576,0.309519546,13089.25
Calumet County,Wisconsin,55015,3343.75,6405,1.853613872,52581,62.42241494,32.57722371,0.165687225,27722.25
Chippewa County,Wisconsin,55017,4101.25,7606.25,1.873822891,66601,57.75731596,43.28119698,0.190447591,33200.375
Clark County,Wisconsin,55019,1912.5,3963.75,2.202312081,34732,51.41359553,37.7368709,0.16889324,10633.375
Columbia County,Wisconsin,55021,3838.75,6893.75,1.800486907,58440,72.40301164,54.17530801,0.190982204,35368.125
Crawford County,Wisconsin,55023,976.25,1768.75,1.895072691,16097,50.55501025,42.69565758,0.246257067,8346
Dane County,Wisconsin,55025,35940,62148.75,1.652051698,561788,80.32844774,88.66614808,0.147374098,383209.75
Dodge County,Wisconsin,55027,5466.25,9716.25,1.782959838,88693,55.39283822,42.42362982,0.18455797,46094.625
Door County,Wisconsin,55029,2162.5,3651.25,1.679832075,30430,78.44778179,47.29375616,0.311501807,31150.875
Douglas County,Wisconsin,55031,2658.75,4637.5,1.773587818,44026,53.47431063,40.25930132,0.200858584,24569.75
Dunn County,Wisconsin,55033,2593.75,4741.25,1.883472043,44543,52.91989763,42.37399816,0.166558157,20784.625
Eau Claire County,Wisconsin,55035,6370,11280,1.829713717,105979,61.44362562,62.40666547,0.168269185,52955.25
Florence County,Wisconsin,55037,293.75,515,1.766010739,4590,68.14357298,28.03943355,0.286492375,3540.25
Fond du Lac County,Wisconsin,55039,6511.25,11723.75,1.812089935,104117,60.2378382,49.24982472,0.192706282,57416.125
Forest County,Wisconsin,55041,557.5,1025,1.819665364,9448,49.19210415,34.45088908,0.240685859,4617.625
Grant County,Wisconsin,55043,2853.75,5387.5,1.951795054,51309,53.53318131,44.85786119,0.181722505,21732.125
Green County,Wisconsin,55045,2406.25,4387.5,1.851816499,37069,66.66996682,53.43516146,0.198521676,19805.75
Green Lake County,Wisconsin,55047,1227.5,2242.5,1.872579661,19262,54.32286367,34.96012875,0.231284394,11269
Iowa County,Wisconsin,55049,1520,2827.5,1.855199347,23815,62.77551963,50.70976275,0.201385681,12851.375
Iron County,Wisconsin,55051,398.75,678.75,1.748403986,6176,57.93215674,27.96340674,0.322053109,4696.125
Jackson County,Wisconsin,55053,1160,2162.5,1.920058227,20913,51.9199541,38.29244967,0.200879836,9108.5
Jefferson County,Wisconsin,55055,5328.75,9617.5,1.797259466,85781,58.40503142,42.90307877,0.180401254,44711
Juneau County,Wisconsin,55057,1595,2826.25,1.840598548,26773,48.85690808,34.38964629,0.216113248,13275.5
Kenosha County,Wisconsin,55059,10553.75,18753.75,1.799448887,168446,59.93128955,46.24862567,0.15214965,86628.75
Kewaunee County,Wisconsin,55061,1293.75,2390,1.827926067,20593,58.54139756,32.93055893,0.213761958,10882.5
La Crosse County,Wisconsin,55063,7205,12673.75,1.800361734,119362,63.2721888,63.21356881,0.175968901,67781.875
Lafayette County,Wisconsin,55065,1032.5,2011.25,2.003169107,16817,56.19789499,40.1728608,0.195219124,6588.625
Langlade County,Wisconsin,55067,1225,2191.25,1.840016808,19486,54.59293852,38.00261726,0.251770502,10976.25
Lincoln County,Wisconsin,55069,1815,3235,1.820894747,28463,57.0501704,48.65421776,0.228401785,17980.75
Manitowoc County,Wisconsin,55071,5111.25,9170,1.829806208,81526,57.00777666,49.03342492,0.218188063,45147
Marathon County,Wisconsin,55073,8733.75,16091.25,1.868156874,137798,63.34953337,64.66112716,0.186250889,70366.875
Marinette County,Wisconsin,55075,2621.25,4646.25,1.854286161,41875,54.45860299,45.97619104,0.24678209,23830.125
Marquette County,Wisconsin,55077,1002.5,1790,1.830612047,15778,52.44080365,28.00671822,0.259475219,10495.625
Menominee County,Wisconsin,55078,221.25,457.5,2.100478225,4295,41.73410943,39.32549476,0.148777648,1549.25
Milwaukee County,Wisconsin,55079,55112.5,97068.75,1.80381008,924469,59.37216391,66.60295045,0.144334748,363757.625
Monroe County,Wisconsin,55081,2738.75,5215,1.981839712,46157,52.9156141,49.61763113,0.176462942,23587.625
Oconto County,Wisconsin,55083,2456.25,4557.5,1.853301195,39429,55.66435872,25.51484948,0.216287504,22731.625
Oneida County,Wisconsin,55085,2525,4397.5,1.763924371,38329,61.64937776,48.3419604,0.274778888,32476
Outagamie County,Wisconsin,55087,12271.25,22587.5,1.831034089,191380,65.02715017,67.79595047,0.159431498,100741.5
Ozaukee County,Wisconsin,55089,5975,11181.25,1.697873015,92610,105.5502753,59.84159378,0.209135083,82049.25
Pepin County,Wisconsin,55091,451.25,871.25,1.969739732,7376,64.68167028,38.31982104,0.231561822,3966.75
Pierce County,Wisconsin,55093,2531.25,4655,1.771178156,41609,62.60378764,28.07863683,0.163810714,24357.375
Polk County,Wisconsin,55095,2851.25,5220,1.840497348,45462,58.21140733,36.28467731,0.219677973,27396.25
Portage County,Wisconsin,55097,4402.5,7780,1.804145412,69447,59.02658142,64.23934799,0.181116535,44686.625
Price County,Wisconsin,55099,891.25,1572.5,1.837485653,14061,55.48616741,41.10283764,0.280136548,9060.125
Racine County,Wisconsin,55101,12373.75,22328.75,1.812812482,196829,63.31501456,45.29847736,0.176493301,113363.125
Richland County,Wisconsin,55103,995,1851.25,1.925956378,17205,54.31182796,45.38779425,0.244696309,7703.25
Rock County,Wisconsin,55105,10270,18547.5,1.838245692,164128,56.58453768,50.59186732,0.173194092,84880.125
Rusk County,Wisconsin,55107,832.5,1552.5,1.937140393,14115,55.99652852,37.70379029,0.259298618,7040.5
St. Croix County,Wisconsin,55109,5957.5,11357.5,1.764866934,95025,72.06053144,45.88193633,0.153612207,62482.125
Sauk County,Wisconsin,55111,4385,7801.25,1.847876954,65705,67.62567537,63.2536641,0.194277452,34201.875
Sawyer County,Wisconsin,55113,1118.75,1982.5,1.793140884,18230,56.0284147,39.24591333,0.278387274,13494.75
Shawano County,Wisconsin,55115,2516.25,4632.5,1.886896084,40861,52.50967916,31.07131495,0.215853748,19977.25
Sheboygan County,Wisconsin,55117,7517.5,13513.75,1.827462715,117710,64.0700875,59.46006287,0.190400136,66115.875
Taylor County,Wisconsin,55119,1191.25,2278.75,1.976364185,19946,51.13792239,40.00360975,0.202947959,8469.375
Trempealeau County,Wisconsin,55121,1876.25,3583.75,1.930476036,30722,52.74764013,43.41374259,0.184395547,12365.75
Vernon County,Wisconsin,55123,1737.5,3445,2.048183145,30932,52.44019139,38.78077719,0.205547653,14440.375
Vilas County,Wisconsin,55125,1541.25,2672.5,1.755417935,23516,69.29762715,43.02976697,0.310001701,23535.5
Walworth County,Wisconsin,55127,6605,11655,1.757176487,105231,68.31266452,45.43318984,0.192006158,63791.625
Washburn County,Wisconsin,55129,1076.25,1923.75,1.829255766,16755,59.12091913,36.75022381,0.27484333,12623.375
Washington County,Wisconsin,55131,9087.5,16688.75,1.758208331,137361,73.22411019,49.79551692,0.190993077,91434.25
Waukesha County,Wisconsin,55133,27017.5,50257.5,1.709046955,409191,91.78938686,79.4971297,0.197829376,331420.125
Waupaca County,Wisconsin,55135,3240,5842.5,1.819188514,51897,56.27200031,37.37770969,0.211611461,30460.625
Waushara County,Wisconsin,55137,1501.25,2717.5,1.844109536,24767,49.91129325,27.03290669,0.254249606,15765.125
Winnebago County,Wisconsin,55139,10781.25,18920,1.783854014,170590,60.33442171,63.60737441,0.170267894,96503.625
Wood County,Wisconsin,55141,4705,8442.5,1.846767995,74002,56.42947488,54.9423394,0.215318505,45352.125
Albany County,Wyoming,56001,2077.5,3482.5,1.734537974,37859,55.0304287,47.8325101,0.129691751,18342.75
Big Horn County,Wyoming,56003,657.5,1357.5,2.120093565,11641,54.11038571,46.45313976,0.217507087,5410.75
Campbell County,Wyoming,56005,2736.25,5396.25,1.89477722,46547,64.4424775,121.5659656,0.122628741,19832.75
Carbon County,Wyoming,56007,857.5,1620,1.877454499,14711,67.83508939,88.34307661,0.182312555,7831.625
Converse County,Wyoming,56009,800,1562.5,1.907193775,13670,70.79326993,120.839722,0.181419166,6482
Crook County,Wyoming,56011,446.25,908.75,1.972618495,7309,67.74278287,50.04706526,0.217266384,5420
Fremont County,Wyoming,56013,2201.25,4271.25,1.974318906,39408,57.59858404,41.10056334,0.198259237,19781.375
Goshen County,Wyoming,56015,695,1336.25,1.949130607,12571,55.858802,39.71394479,0.235303476,6218.75
Hot Springs County,Wyoming,56017,270,508.75,1.962279576,4595,68.5710555,53.26224157,0.286833515,2676.375
Johnson County,Wyoming,56019,550,1020,1.86588918,8629,71.92142774,50.94877738,0.267238382,6214.375
Laramie County,Wyoming,56021,6263.75,11496.25,1.814588324,100843,63.59301092,62.20143193,0.170076257,66562.5
Lincoln County,Wyoming,56023,1192.5,2467.5,1.954187604,20174,75.80474869,46.31401804,0.192673738,15060.125
Natrona County,Wyoming,56025,4808.75,8995,1.864926457,79642,77.43418046,65.57832551,0.16506366,37487.25
Niobrara County,Wyoming,56027,128.75,236.25,1.886442669,2413,58.85329465,50.25486946,0.25321177,869.5
Park County,Wyoming,56029,1966.25,3642.5,1.859827364,30146,80.15242487,53.995754,0.247760897,23687.625
Platte County,Wyoming,56031,528.75,981.25,1.852658226,8679,58.99734993,62.47666782,0.266044475,6650.875
Sheridan County,Wyoming,56033,2043.75,3727.5,1.812541563,31663,82.21334049,54.23421659,0.221236143,22259
Sublette County,Wyoming,56035,563.75,1076.25,1.832403837,8729,72.97914996,97.77420094,0.227975713,5680
Sweetwater County,Wyoming,56037,2391.25,4701.25,1.891471653,41630,61.45392746,79.31407639,0.14367043,23124.875
Teton County,Wyoming,56039,1901.25,3106.25,1.525020493,23613,495.362004,154.1784187,0.17062635,21159.375
Uinta County,Wyoming,56041,1163.75,2412.5,2.021477401,20690,48.88738521,40.96969551,0.161768971,10214.125
Washakie County,Wyoming,56043,468.75,900,1.949043886,7727,57.08308529,45.1885596,0.234890643,4126.625
Weston County,Wyoming,56045,391.25,755,1.927313139,6747,55.4323403,45.46702238,0.218615681,4231
