UNITID,INSTNM,ACTCM25,ACTCM50,ACTCM75,ACTEN25,ACTEN50,ACTEN75,ACTMT25,ACTMT50,ACTMT75,ACTPCT,ADMCON7,AGRNT_N,AGRNT_T,ALLONCAM,APPLFEEU,AVEDEBT,CHG2AT3,CHG3AT3,CLASIZ2049,CLASIZOVE50,CLASIZUND20,COAISGS2,COAIST42,CONTROL,DVADM01,DVADM04,EFFTMEN,EFFTWOM,EFNRALT,EFUG1ST,EFUGTRN,EFWHITT,ENRTOT,GBA4RTT,GBA6RTT,PROPBOR,RMBRDAMT,RMFRGNCP,RMINSTTP,RMOUSTTP,SATMT25,SATMT50,SATMT75,SATPCT,SATVR25,SATVR50,SATVR75,STUFACR,TRRTTOT,TUITION2,TUITION3,TUITPL1,TUITPL3,UAGRNTP,UDGPGRNTN,UFLOANN,CARNEGIEAPM,CARNEGIEIC,CARNEGIERSCH,CARNEGIESAEC,CARNEGIESIZE
100654,Alabama A & M University,14,17,19,13,16,19,14,16,17,67,"Not required for admission, but considered if submitted (Test Optional)",1698,21809164,No,30,NA,8610,17220,NA,NA,NA,27015,27153,Public,58,15,2655,3715,147,1968,225,129,7295,12,24,NA,NA,0,45,54,390,440,510,27,420,470,530,19,33,8610,17220,Implied no,Yes,80,3681,4357,Mixed,Mixed Undergraduate/Graduate-Master's Large/Medium,Research Colleges and Universities,"Higher Access, Medium Earnings",Medium
100663,University of Alabama at Birmingham,23,26,30,23,27,32,20,25,27,43,"Not required for admission, but considered if submitted (Test Optional)",1851,20406393,No,40,26074,9048,22512,0.38,0.12,0.5,28235,28145,Public,88,20,4417,7542,361,2014,1098,5537,20905,44,64,0.5,NA,3,81,16,610,680,740,4,600,660,710,18,19,9048,22512,Implied no,Yes,73,4211,4986,Professions-focused,Professions-focused Undergraduate/Graduate-Doctorate Large,Research 1: Very High Spending and Doctorate Production,"Higher Access, Medium Earnings",Large
100706,University of Alabama in Huntsville,24,28,31,24,28,33,23,26,30,56,"Not required for admission, but considered if submitted (Test Optional)",1107,10259147,No,30,NA,10374,24650,NA,NA,NA,27251,27392,Public,69,23,4133,2667,76,1212,584,4544,8564,42,64,NA,12428,1,67,31,610,660,720,5,600,650,690,17,19,10374,24650,Implied no,Yes,70,1688,2230,Mixed,Mixed Undergraduate/Graduate-Doctorate Medium,Research 2: High Spending and Doctorate Production,"Lower Access, Higher Earnings",Medium
100724,Alabama State University,15,18,20,14,18,22,15,17,19,34,"Not required for admission, but considered if submitted (Test Optional)",792,9173803,No,30,NA,8328,16656,NA,NA,NA,23571,23586,Public,98,15,1283,2238,87,1056,159,63,4081,15,30,NA,NA,5,43,52,350,406,462,1,399,452,505,15,35,8328,16656,Implied no,Yes,96,2370,2465,Special Focus: Arts and Sciences,Special Focus: Arts and Sciences,Research Colleges and Universities,"Higher Access, Medium Earnings",Medium
100751,The University of Alabama,24,27,31,23,27,33,21,25,29,43,"Not required for admission, but considered if submitted (Test Optional)",6566,114927794,No,40,39588,11380,33372,0.38,0.2,0.42,33382,33382,Public,77,18,14970,19419,341,8032,1212,24297,40846,57,73,0.43,NA,1,40,59,580,630,710,15,590,640,690,19,17,11380,33372,Implied no,Yes,69,6140,10829,Professions-focused,Professions-focused Undergraduate/Graduate-Doctorate Large,Research 1: Very High Spending and Doctorate Production,"Lower Access, Higher Earnings",Very Large
100812,Athens State University,NA,NA,NA,NA,NA,NA,NA,NA,NA,NA,NA,NA,NA,Not applicable,NA,NA,NA,NA,NA,NA,NA,NA,NA,Public,NA,NA,706,1829,6,0,697,1864,2986,NA,NA,NA,NA,NA,NA,NA,NA,NA,NA,NA,NA,NA,NA,14,NA,7680,15360,Implied no,Yes,58,1076,1034,Professions-focused,Professions-focused Baccalaureate Small,No research designation,Not Classified in SAEC,Small
100830,Auburn University at Montgomery,18,21,24,17,21,24,16,18,23,65,"Not required for admission, but considered if submitted (Test Optional)",397,3092560,No,NA,NA,8832,19800,NA,NA,NA,21020,21353,Public,92,15,1153,2172,129,364,274,1442,5217,22,33,NA,NA,0,81,11,498,560,600,6,538,570,603,13,32,8832,19800,Implied no,Yes,71,1236,1447,Mixed,Mixed Undergraduate/Graduate-Master's Large/Medium,No research designation,"Higher Access, Medium Earnings",Medium
100858,Auburn University,26,29,31,25,29,33,24,26,29,75,"Not required for admission, but considered if submitted (Test Optional)",4737,51498670,No,50,34342,11016,33048,0.5,0.16,0.34,34950,34919,Public,46,24,13718,14189,460,6103,1201,23114,34145,61,82,0.35,NA,0,53,46,630,660,700,15,630,660,690,21,12,11016,33048,Implied no,Yes,63,3359,7029,Professions-focused,Professions-focused Undergraduate/Graduate-Doctorate Large,Research 1: Very High Spending and Doctorate Production,"Lower Access, Higher Earnings",Large
101189,Faulkner University,18,19,21,15,19,20,16,17,20,14,"Not required for admission, but considered if submitted (Test Optional)",201,3574091,No,25,NA,21930,21930,NA,NA,NA,NA,NA,Private not-for-profit,73,34,789,969,76,250,246,828,3086,26,38,NA,NA,6,74,20,NA,NA,NA,2,NA,NA,NA,14,37,21930,21930,Implied no,Yes,56,715,1001,Special Focus: Business,Special Focus: Business,No research designation,"Opportunity Colleges and Universities – Higher Access, Higher Earnings",Small
101480,Jacksonville State University,17,20,24,16,21,25,16,18,22,45,"Not required for admission, but considered if submitted (Test Optional)",1794,17805632,No,35,NA,10440,20880,NA,NA,NA,24146,24257,Public,78,20,3530,5133,278,1737,526,5241,9955,36,55,NA,NA,5,74,21,500,560,660,6,500,570,630,19,26,10440,20880,Implied no,Yes,80,3564,3705,Professions-focused,Professions-focused Undergraduate/Graduate-Doctorate Medium,No research designation,"Opportunity Colleges and Universities – Higher Access, Higher Earnings",Medium
101587,University of West Alabama,16,19,21,15,18,21,15,17,19,61,"Not required for admission, but considered if submitted (Test Optional)",289,2611621,No,30,NA,9100,18200,NA,NA,NA,23099,22758,Public,43,33,853,2130,63,383,636,1483,6820,14,28,NA,NA,0,82,13,420,470,560,3,440,460,560,19,34,9100,18200,Implied no,Yes,77,1555,1757,Professions-focused,Professions-focused Undergraduate/Graduate-Master's Large/Medium,No research designation,"Opportunity Colleges and Universities – Higher Access, Higher Earnings",Medium
101675,Miles College,NA,NA,NA,NA,NA,NA,NA,NA,NA,NA,NA,153,1740165,No,NA,NA,11764,11764,NA,NA,NA,NA,NA,Private not-for-profit,NA,NA,605,575,0,178,130,39,1180,10,16,NA,NA,0,42,47,NA,NA,NA,NA,NA,NA,NA,12,NA,11764,11764,Implied no,Implied no,88,828,839,Professions-focused,Professions-focused Baccalaureate Small,No research designation,"Higher Access, Medium Earnings",Small
101693,University of Mobile,22,25,28,20,25,29,19,23,25,27,"Not required for admission, but considered if submitted (Test Optional)",192,3596765,No,25,NA,25320,25320,NA,NA,NA,NA,NA,Private not-for-profit,78,19,513,795,29,273,75,702,1545,43,57,NA,NA,3,79,17,NA,NA,NA,3,NA,NA,NA,14,NA,25320,25320,Implied no,Yes,65,433,621,Professions-focused,Professions-focused Undergraduate/Graduate-Master's Small,No research designation,"Lower Access, Medium Earnings",Small
101709,University of Montevallo,NA,NA,NA,NA,NA,NA,NA,NA,NA,NA,"Not considered for admission, even if submitted (Test Blind)",493,6321899,No,35,NA,12090,25110,NA,NA,NA,27314,27398,Public,54,17,1096,1546,84,559,145,1416,3088,38,54,NA,NA,0,79,18,NA,NA,NA,NA,NA,NA,NA,13,27,12090,25110,Implied no,Yes,76,824,1055,Mixed,Mixed Baccalaureate,No research designation,"Higher Access, Medium Earnings",Small
101879,University of North Alabama,NA,NA,NA,NA,NA,NA,NA,NA,NA,NA,"Not considered for admission, even if submitted (Test Blind)",1033,12312799,No,NA,NA,10200,20400,NA,NA,NA,23698,23786,Public,87,22,2905,4757,365,1082,854,5216,10204,35,55,NA,NA,5,74,20,NA,NA,NA,NA,NA,NA,NA,18,26,10200,20400,Implied no,Yes,57,1813,2407,Professions-focused,Professions-focused Undergraduate/Graduate-Master's Large/Medium,No research designation,"Opportunity Colleges and Universities – Higher Access, Higher Earnings",Medium
101912,Oakwood University,NA,NA,NA,NA,NA,NA,NA,NA,NA,NA,"Not considered for admission, even if submitted (Test Blind)",284,3793076,No,0,NA,21344,21344,NA,NA,NA,NA,NA,Private not-for-profit,45,30,512,665,0,255,45,16,1226,30,45,NA,NA,11,16,71,NA,NA,NA,NA,NA,NA,NA,14,NA,21344,21344,Implied no,Yes,93,590,758,Mixed,Mixed Baccalaureate,No research designation,"Higher Access, Medium Earnings",Small
102049,Samford University,22,25,28,22,25,30,19,24,26,66,"Not required for admission, but considered if submitted (Test Optional)",1079,24309840,No,40,NA,39000,39000,NA,NA,NA,NA,NA,Private not-for-profit,82,29,1470,2740,45,1087,245,3554,6097,68,77,NA,NA,1,23,76,520,560,610,25,550,590,640,14,NA,39000,39000,Implied no,Yes,99,425,1030,Professions-focused,Professions-focused Undergraduate/Graduate-Doctorate Medium,No research designation,"Lower Access, Higher Earnings",Medium
102094,University of South Alabama,20,23,26,19,22,26,17,20,25,84,"Not required for admission, but considered if submitted (Test Optional)",1817,16951510,No,35,NA,8976,17952,NA,NA,NA,25397,25476,Public,71,21,3507,5734,114,1939,842,5523,14003,37,52,NA,NA,2,72,26,470,550,580,6,500,560,610,19,26,8976,17952,Implied no,Yes,78,3370,4219,Professions-focused,Professions-focused Undergraduate/Graduate-Doctorate Medium,Research 2: High Spending and Doctorate Production,"Lower Access, Medium Earnings",Medium
102368,Troy University,18,21,25,18,22,26,16,19,24,56,"Not required for admission, but considered if submitted (Test Optional)",1267,13130045,No,30,NA,10176,20352,NA,NA,NA,23205,23165,Public,96,21,3709,6513,384,1879,952,5334,13658,28,49,NA,NA,5,74,21,450,520,590,6,490,550,620,16,26,10176,20352,Implied no,Yes,76,4478,6992,Mixed,Mixed Undergraduate/Graduate-Doctorate Medium,Research Colleges and Universities,"Higher Access, Medium Earnings",Medium
102377,Tuskegee University,18,22,25,17,21,25,18,20,23,25,"Not required for admission, but considered if submitted (Test Optional)",614,12224532,No,25,NA,21064,21064,NA,NA,NA,NA,NA,Private not-for-profit,49,14,999,1660,0,787,96,15,3121,26,55,NA,NA,0,21,79,NA,NA,NA,1,NA,NA,NA,14,NA,21064,21064,Implied no,Yes,90,1384,1419,Professions-focused,Professions-focused Baccalaureate Small,Research Colleges and Universities,"Opportunity Colleges and Universities – Higher Access, Higher Earnings",Small
102553,University of Alaska Anchorage,NA,NA,NA,NA,NA,NA,NA,NA,NA,NA,NA,644,4650375,No,NA,NA,6192,19776,NA,NA,NA,23275,24096,Public,NA,NA,3970,5883,145,1424,3,4357,10493,14,28,NA,NA,1,91,7,NA,NA,NA,NA,NA,NA,NA,11,21,6192,19776,Implied no,Yes,44,1866,1406,Professions-focused,Professions-focused Baccalaureate Medium,Research Colleges and Universities,"Higher Access, Medium Earnings",Medium
102614,University of Alaska Fairbanks,NA,NA,NA,NA,NA,NA,NA,NA,NA,NA,NA,522,5441115,No,50,NA,6936,20520,NA,NA,NA,21854,22407,Public,NA,NA,2285,3542,70,881,367,3068,6893,25,39,NA,NA,2,78,20,NA,NA,NA,NA,NA,NA,NA,11,22,8072,23881,Implied no,Yes,50,1256,934,Mixed,Mixed Undergraduate/Graduate-Master's Large/Medium,Research 2: High Spending and Doctorate Production,"Higher Access, Medium Earnings",Medium
102632,University of Alaska Southeast,NA,NA,NA,NA,NA,NA,NA,NA,NA,NA,"Not considered for admission, even if submitted (Test Blind)",73,528095,No,50,NA,5616,19200,NA,NA,NA,21804,21043,Public,63,75,667,1101,22,165,111,936,2000,7,21,NA,NA,0,85,14,NA,NA,NA,NA,NA,NA,NA,9,26,7250,23154,Implied no,Yes,38,237,192,Professions-focused,Professions-focused Undergraduate/Graduate-Master's Small,No research designation,"Higher Access, Medium Earnings",Small
102845,Charter College,NA,NA,NA,NA,NA,NA,NA,NA,NA,NA,NA,483,3729837,No,NA,NA,18375,18375,NA,NA,NA,NA,NA,Private for-profit,NA,NA,672,1485,10,397,20,747,2157,NA,NA,NA,NA,0,9,91,NA,NA,NA,NA,NA,NA,NA,25,0,18341,18341,Implied no,Yes,65,1307,1532,Special Focus: Other Health Professions,Special Focus: Other Health Professions,No research designation,"Higher Access, Lower Earnings",Small
104151,Arizona State University Campus Immersion,NA,NA,NA,NA,NA,NA,NA,NA,NA,NA,"Not considered for admission, even if submitted (Test Blind)",12441,151428432,No,50,NA,11478,32394,NA,NA,NA,30178,30111,Public,90,22,33637,31813,5273,14099,3929,26725,79818,56,68,NA,NA,7,63,30,NA,NA,NA,NA,NA,NA,NA,18,18,11478,32394,Implied no,Yes,77,18892,17434,Mixed,Mixed Undergraduate/Graduate-Doctorate Large,Research 1: Very High Spending and Doctorate Production,"Opportunity Colleges and Universities – Higher Access, Higher Earnings",Very Large
104179,University of Arizona,21,25,29,20,24,30,19,25,28,18,"Not required for admission, but considered if submitted (Test Optional)",8217,113196677,No,50,25000,12168,40520,0.54,0.18,0.28,30033,29423,Public,86,18,20115,24733,1718,9287,2584,19816,56365,50,68,0.35,NA,6,50,45,570,650,720,11,580,640,700,20,17,11835,38165,Yes,Yes,78,10765,10691,Mixed,Mixed Undergraduate/Graduate-Doctorate Large,Research 1: Very High Spending and Doctorate Production,"Lower Access, Medium Earnings",Very Large
104425,Cochise County Community College District,NA,NA,NA,NA,NA,NA,NA,NA,NA,NA,NA,348,2344631,No,NA,NA,2280,6120,NA,NA,NA,14778,14342,Public,NA,NA,1788,2117,105,774,173,1430,3905,NA,NA,NA,NA,5,91,3,NA,NA,NA,NA,NA,NA,NA,15,18,2280,6120,Implied no,Yes,49,1434,227,Professions-focused,Professions-focused Associate Large/Medium,No research designation,"Opportunity Colleges and Universities – Higher Access, Higher Earnings",Medium
104577,Eastern Arizona College,NA,NA,NA,NA,NA,NA,NA,NA,NA,NA,NA,402,3856569,No,NA,NA,2352,9552,NA,NA,NA,16620,16696,Public,NA,NA,2131,3082,65,865,182,3244,5213,NA,NA,NA,NA,3,83,5,NA,NA,NA,NA,NA,NA,NA,16,16,2352,9552,Implied no,Yes,31,809,0,Mixed,Mixed Associate Medium,No research designation,"Lower Access, Lower Earnings",Medium
104586,Embry-Riddle Aeronautical University-Prescott,24,26,29,22,25,29,22,26,30,24,"Not required for admission, but considered if submitted (Test Optional)",789,16611927,No,50,NA,42408,42408,0.82,0.03,0.15,NA,NA,Private not-for-profit,77,24,2337,892,266,748,77,1743,3264,46,68,NA,NA,4,24,71,560,620,690,30,580,630,680,17,NA,42408,42408,Implied no,Yes,90,593,1151,Mixed,Mixed Baccalaureate,No research designation,"Lower Access, Higher Earnings",Small
104708,Glendale Community College,NA,NA,NA,NA,NA,NA,NA,NA,NA,NA,NA,919,4881072,No,NA,NA,2328,8928,NA,NA,NA,17908,18037,Public,NA,NA,5896,8018,160,2404,933,4945,13914,NA,NA,NA,NA,0,99,0,NA,NA,NA,NA,NA,NA,NA,18,20,2328,8929,Implied no,Yes,39,3596,971,Mixed,Mixed Associate Large,No research designation,"Higher Access, Medium Earnings",Large
104717,Grand Canyon University,20,21,22,18,20,22,17,19,22,1,"Not required for admission, but considered if submitted (Test Optional)",6685,65922773,No,NA,NA,16500,16500,NA,NA,NA,NA,NA,Private for-profit,79,18,22478,53458,683,7379,14033,34470,113257,37,43,NA,NA,1,28,72,488,510,533,1,518,545,580,20,NA,16473,16473,Implied no,Yes,74,32588,37603,Professions-focused,Professions-focused Undergraduate/Graduate-Doctorate Large,No research designation,"Higher Access, Medium Earnings",Very Large
105145,GateWay Community College,NA,NA,NA,NA,NA,NA,NA,NA,NA,NA,NA,169,912280,No,NA,NA,2328,8928,NA,NA,NA,19194,19314,Public,NA,NA,1811,3742,10,800,927,1218,5553,NA,NA,NA,NA,0,98,1,NA,NA,NA,NA,NA,NA,NA,15,24,2328,8929,Implied no,Yes,54,1402,610,Special Focus: Other Health Professions,Special Focus: Other Health Professions,No research designation,"Higher Access, Medium Earnings",Medium
105154,Mesa Community College,NA,NA,NA,NA,NA,NA,NA,NA,NA,NA,NA,795,3959126,No,NA,NA,2328,8928,NA,NA,NA,17953,18194,Public,NA,NA,7668,9409,248,2559,1366,7339,17077,NA,NA,NA,NA,0,96,2,NA,NA,NA,NA,NA,NA,NA,18,21,2328,8929,Implied no,Yes,32,3444,1178,Mixed,Mixed Associate Large,No research designation,"Higher Access, Medium Earnings",Large
105297,Dine College,NA,NA,NA,NA,NA,NA,NA,NA,NA,NA,NA,88,815186,No,20,NA,1320,1320,NA,NA,NA,11889,11923,Public,NA,NA,375,1048,2,98,74,11,1434,0,13,NA,NA,0,89,11,NA,NA,NA,NA,NA,NA,NA,16,18,1320,1320,Implied no,Yes,51,779,0,Professions-focused,Professions-focused Associate/Baccalaureate,Research Colleges and Universities,"Opportunity Colleges and Universities – Higher Access, Higher Earnings",Small
105330,Northern Arizona University,NA,NA,NA,NA,NA,NA,NA,NA,NA,NA,"Not considered for admission, even if submitted (Test Blind)",5300,69348544,No,40,NA,11688,28560,NA,NA,NA,29900,29933,Public,90,16,8500,14490,486,4975,1582,12028,28467,48,61,NA,NA,1,80,19,NA,NA,NA,NA,NA,NA,NA,19,NA,11378,18795,Implied no,Yes,83,7230,7304,Professions-focused,Professions-focused Undergraduate/Graduate-Doctorate Large,Research 1: Very High Spending and Doctorate Production,"Lower Access, Higher Earnings",Large
105349,Northland Pioneer College,NA,NA,NA,NA,NA,NA,NA,NA,NA,NA,NA,26,129891,No,NA,NA,2184,9840,NA,NA,NA,14554,14263,Public,NA,NA,1256,1902,0,97,284,1226,3158,NA,NA,NA,NA,0,100,0,NA,NA,NA,NA,NA,NA,NA,12,9,2184,9840,Implied no,Yes,27,355,0,Professions-focused,Professions-focused Associate Large/Medium,No research designation,"Lower Access, Medium Earnings",Medium
105428,Phoenix College,NA,NA,NA,NA,NA,NA,NA,NA,NA,NA,NA,455,2637350,No,NA,NA,2328,8928,NA,NA,NA,18500,18594,Public,NA,NA,3847,6813,100,1326,991,2262,10660,NA,NA,NA,NA,0,99,0,NA,NA,NA,NA,NA,NA,NA,16,23,2328,8929,Implied no,Yes,50,2794,789,Professions-focused,Professions-focused Associate Large/Medium,No research designation,"Higher Access, Medium Earnings",Medium
105534,Pima Medical Institute-Tucson,NA,NA,NA,NA,NA,NA,NA,NA,NA,NA,NA,354,2044113,No,50,NA,NA,NA,NA,NA,NA,NA,NA,Private for-profit,NA,NA,575,1992,0,150,437,865,2676,NA,NA,NA,NA,0,99,1,NA,NA,NA,NA,NA,NA,NA,35,NA,NA,NA,Implied no,Yes,54,1952,2345,Special Focus: Other Health Professions,Special Focus: Other Health Professions,No research designation,"Higher Access, Medium Earnings",Small
105668,Rio Salado College,NA,NA,NA,NA,NA,NA,NA,NA,NA,NA,NA,54,265282,No,NA,NA,2328,8928,NA,NA,NA,13512,13425,Public,NA,NA,7423,11418,112,794,965,8689,18841,NA,NA,NA,NA,0,55,42,NA,NA,NA,NA,NA,NA,NA,31,16,2338,8928,Implied no,Yes,15,1242,737,Mixed,Mixed Associate Large,No research designation,"Higher Access, Lower Earnings",Large
105747,Scottsdale Community College,NA,NA,NA,NA,NA,NA,NA,NA,NA,NA,NA,214,925570,No,NA,NA,2328,8928,NA,NA,NA,19098,19281,Public,NA,NA,3034,4031,53,774,613,3574,7065,NA,NA,NA,NA,0,99,0,NA,NA,NA,NA,NA,NA,NA,16,31,2328,8929,Implied no,Yes,23,969,468,Mixed,Mixed Associate Medium,No research designation,"Lower Access, Medium Earnings",Medium
105792,South Mountain Community College,NA,NA,NA,NA,NA,NA,NA,NA,NA,NA,NA,286,1558949,No,NA,NA,2328,8928,NA,NA,NA,18662,18898,Public,NA,NA,1725,2791,11,746,493,731,4516,NA,NA,NA,NA,0,99,0,NA,NA,NA,NA,NA,NA,NA,20,18,2328,8928,Implied no,Yes,49,1220,353,Mixed,Mixed Associate Medium,No research designation,"Higher Access, Medium Earnings",Medium
105899,Arizona Christian University,NA,NA,NA,NA,NA,NA,NA,NA,NA,NA,"Not considered for admission, even if submitted (Test Blind)",361,8107655,No,NA,NA,32898,32898,NA,NA,NA,NA,NA,Private not-for-profit,71,36,785,596,48,327,139,684,1421,31,40,NA,NA,3,44,53,NA,NA,NA,NA,NA,NA,NA,16,29,32898,32898,Implied no,Yes,89,410,848,Professions-focused,Professions-focused Baccalaureate Small,No research designation,"Higher Access, Medium Earnings",Small
106148,Yavapai College,NA,NA,NA,NA,NA,NA,NA,NA,NA,NA,NA,264,1676856,No,NA,NA,2948,9486,NA,NA,NA,14893,14988,Public,NA,NA,3176,4252,28,1013,402,4666,7428,NA,NA,NA,11180,0,97,3,NA,NA,NA,NA,NA,NA,NA,19,20,2948,9486,Implied no,Yes,26,1500,313,Mixed,Mixed Associate Medium,No research designation,"Higher Access, Medium Earnings",Medium
106245,University of Arkansas at Little Rock,17,20,24,17,21,24,16,18,23,84,Required to be considered for admission,415,4570431,No,40,NA,6714,19124,NA,NA,NA,22347,22519,Public,59,22,2286,3653,161,556,954,2930,8216,25,37,NA,NA,0,91,8,470,510,580,5,490,520,630,13,23,6810,19620,Implied no,Yes,60,2382,2095,Professions-focused,Professions-focused Undergraduate/Graduate-Doctorate Medium,Research 2: High Spending and Doctorate Production,"Higher Access, Medium Earnings",Medium
106263,University of Arkansas for Medical Sciences,NA,NA,NA,NA,NA,NA,NA,NA,NA,NA,NA,NA,NA,Not applicable,50,NA,NA,NA,NA,NA,NA,NA,NA,Public,NA,NA,244,1345,9,0,584,897,3485,NA,NA,NA,NA,NA,NA,NA,NA,NA,NA,NA,NA,NA,NA,16,NA,7362,12990,Implied no,Yes,48,383,451,Special Focus: Medical Schools and Centers,Special Focus: Medical Schools and Centers,Research 2: High Spending and Doctorate Production,Not Classified in SAEC,Small
106397,University of Arkansas,21,24,28,20,23,28,18,23,26,73,"Not required for admission, but considered if submitted (Test Optional)",3431,30207055,No,40,29394,7896,27758,0.42,0.2,0.39,27847,27767,Public,74,29,12738,16121,363,6618,1345,21322,33610,56,71,0.45,NA,1,43,56,510,550,600,31,520,570,620,20,NA,7896,27758,Implied no,Yes,52,4888,9146,Professions-focused,Professions-focused Undergraduate/Graduate-Doctorate Large,Research 1: Very High Spending and Doctorate Production,"Lower Access, Higher Earnings",Large
106412,University of Arkansas at Pine Bluff,14,16,18,12,15,19,14,16,17,67,Required to be considered for admission,369,4015764,No,30,NA,6330,14910,NA,NA,NA,21181,21129,Public,41,15,798,1019,50,411,143,45,2005,23,40,NA,NA,2,66,32,420,485,538,13,425,500,570,12,24,6330,14910,Implied no,Implied no,89,1324,1096,Mixed,Mixed Baccalaureate,Research Colleges and Universities,"Higher Access, Medium Earnings",Small
106458,Arkansas State University,18,21,24,17,21,25,16,19,23,78,"Not required for admission, but considered if submitted (Test Optional)",1461,19569479,No,30,NA,7488,13920,NA,NA,NA,24832,25082,Public,82,20,3717,6268,954,1969,1038,6384,15726,41,53,NA,11550,16,70,14,480,570,620,3,490,530,570,17,23,7488,13920,Implied no,Yes,80,3361,3718,Professions-focused,Professions-focused Undergraduate/Graduate-Doctorate Medium,Research 2: High Spending and Doctorate Production,"Higher Access, Medium Earnings",Medium
106467,Arkansas Tech University,17,20,23,17,21,24,16,19,23,88,Required to be considered for admission,1273,12603403,No,NA,NA,5995,11989,NA,NA,NA,22545,22808,Public,96,34,3459,4686,107,1179,284,5953,8746,32,44,NA,NA,1,94,5,430,490,550,2,450,510,550,17,19,5995,11989,Implied no,Yes,66,2985,2323,Mixed,Mixed Undergraduate/Graduate-Master's Large/Medium,No research designation,"Opportunity Colleges and Universities – Higher Access, Higher Earnings",Medium
106485,University of Arkansas at Monticello,NA,NA,NA,NA,NA,NA,NA,NA,NA,NA,NA,443,3460899,No,NA,NA,5685,11250,NA,NA,NA,22416,22519,Public,NA,NA,989,1468,14,494,140,1311,2856,28,38,NA,NA,0,87,13,NA,NA,NA,NA,NA,NA,NA,12,10,5685,11250,Implied no,Yes,73,1178,914,Mixed,Mixed Associate/Baccalaureate,No research designation,"Opportunity Colleges and Universities – Higher Access, Higher Earnings",Small
106704,University of Central Arkansas,19,22,25,18,22,26,17,20,24,95,"Not required for admission, but considered if submitted (Test Optional)",1636,14561872,No,25,NA,7500,15000,NA,NA,NA,24923,25029,Public,89,35,3137,5131,278,2182,452,5311,10112,42,53,NA,NA,3,91,7,430,520,580,2,480,520,590,15,25,7500,15000,Implied no,Yes,84,2994,3148,Professions-focused,Professions-focused Undergraduate/Graduate-Doctorate Medium,Research Colleges and Universities,"Higher Access, Medium Earnings",Medium
107044,Harding University,20,24,29,20,24,31,18,23,26,75,Required to be considered for admission,844,14147782,No,50,NA,25290,25290,NA,NA,NA,NA,NA,Private not-for-profit,71,45,1631,1905,169,854,150,2835,4696,52,69,NA,NA,3,28,68,520,560,630,18,530,590,660,13,21,25290,25290,Implied no,Yes,94,802,1476,Professions-focused,Professions-focused Undergraduate/Graduate-Doctorate Medium,No research designation,"Lower Access, Medium Earnings",Medium
107071,Henderson State University,NA,NA,NA,NA,NA,NA,NA,NA,NA,NA,NA,282,2218412,No,NA,NA,6408,8784,NA,NA,NA,27060,27385,Public,NA,NA,701,760,34,376,141,789,2055,27,37,NA,NA,2,74,23,NA,NA,NA,NA,NA,NA,NA,14,9,6408,8784,Implied no,Yes,87,689,664,Professions-focused,Professions-focused Baccalaureate Small,No research designation,"Higher Access, Medium Earnings",Small
107080,Hendrix College,23,27,31,22,27,34,20,25,28,50,"Not required for admission, but considered if submitted (Test Optional)",275,8230745,No,NA,26280,37850,37850,0.33,0,0.68,NA,NA,Private not-for-profit,56,18,541,559,23,318,25,763,1110,63,72,0.52,NA,0,54,45,563,630,680,10,560,610,668,11,28,37850,37850,Implied no,Yes,100,253,494,Special Focus: Arts and Sciences,Special Focus: Arts and Sciences,No research designation,"Lower Access, Medium Earnings",Small
107141,John Brown University,21,24,28,21,24,28,19,23,26,50,"Not required for admission, but considered if submitted (Test Optional)",376,8713075,No,25,NA,30374,30374,NA,NA,NA,NA,NA,Private not-for-profit,76,31,882,1066,149,388,85,1297,2350,67,72,NA,10640,10,41,49,520,590,650,11,550,630,690,15,19,30374,30374,Implied no,Yes,72,446,625,Professions-focused,Professions-focused Undergraduate/Graduate-Master's Small,No research designation,"Lower Access, Medium Earnings",Small
107512,Ouachita Baptist University,22,25,28,21,25,29,19,23,26,74,"Not required for admission, but considered if submitted (Test Optional)",464,10593332,No,NA,NA,33780,33780,NA,NA,NA,NA,NA,Private not-for-profit,68,29,773,956,35,421,38,1406,1858,57,64,NA,NA,3,62,35,530,580,630,15,540,590,650,14,NA,33780,33780,Implied no,Yes,89,406,796,Professions-focused,Professions-focused Baccalaureate Small,No research designation,"Lower Access, Medium Earnings",Small
107983,Southern Arkansas University Main Campus,17,20,24,16,20,23,16,18,22,100,Required to be considered for admission,775,8952864,No,NA,NA,7380,13110,NA,NA,NA,24932,24951,Public,75,35,1271,1813,39,709,183,2001,4732,34,44,NA,NA,0,71,29,425,500,540,7,450,500,565,16,28,7380,13110,Implied no,Yes,85,1552,2024,Mixed,Mixed Undergraduate/Graduate-Master's Large/Medium,No research designation,"Lower Access, Medium Earnings",Medium
108092,University of Arkansas-Fort Smith,18,20,23,18,21,24,16,19,23,77,Required to be considered for admission,769,5932872,No,NA,NA,4752,9600,NA,NA,NA,18891,19048,Public,80,40,2189,3270,56,895,237,3116,5496,25,38,NA,NA,1,86,13,NA,NA,NA,0,NA,NA,NA,18,9,4752,9600,Implied no,Yes,80,2134,1401,Professions-focused,Professions-focused Baccalaureate Medium,No research designation,"Higher Access, Medium Earnings",Medium
108232,Academy of Art University,NA,NA,NA,NA,NA,NA,NA,NA,NA,NA,NA,115,1467732,No,50,NA,29736,29736,NA,NA,NA,NA,NA,Private for-profit,NA,NA,1590,2054,421,208,334,1020,5498,6,34,NA,NA,10,30,59,NA,NA,NA,NA,NA,NA,NA,14,22,29736,29736,Implied no,Yes,57,1720,2074,"Special Focus: Arts, Music, and Design","Special Focus: Arts, Music, and Design",No research designation,"Higher Access, Medium Earnings",Medium
109350,Antelope Valley Community College District,NA,NA,NA,NA,NA,NA,NA,NA,NA,NA,NA,1161,7534400,No,NA,NA,1104,9528,NA,NA,NA,12604,12931,Public,NA,NA,5948,7584,17,2770,544,1658,13532,NA,NA,NA,NA,1,99,1,NA,NA,NA,NA,NA,NA,NA,23,6,1104,9528,Implied no,Yes,74,5144,473,Mixed,Mixed Associate Medium,No research designation,"Higher Access, Lower Earnings",Medium
109651,Art Center College of Design,NA,NA,NA,NA,NA,NA,NA,NA,NA,NA,"Not considered for admission, even if submitted (Test Blind)",191,4280656,No,50,NA,53086,53086,NA,NA,NA,NA,NA,Private not-for-profit,75,31,826,1212,906,343,106,207,2308,35,79,NA,NA,45,46,9,NA,NA,NA,NA,NA,NA,NA,9,NA,53086,53086,Implied no,Yes,64,449,685,"Special Focus: Arts, Music, and Design","Special Focus: Arts, Music, and Design",No research designation,"Lower Access, Higher Earnings",Small
109785,Azusa Pacific University,25,29,30,25,32,34,23,26,28,2,"Not required for admission, but considered if submitted (Test Optional)",411,12537144,No,45,NA,43758,43758,NA,NA,NA,NA,NA,Private not-for-profit,88,14,893,1866,120,412,125,677,6272,49,62,NA,NA,0,76,14,468,520,623,3,515,585,615,9,NA,43758,43758,Implied no,Yes,91,1053,1431,Professions-focused,Professions-focused Undergraduate/Graduate-Doctorate Medium,Research 2: High Spending and Doctorate Production,"Opportunity Colleges and Universities – Higher Access, Higher Earnings",Medium
109819,Bakersfield College,NA,NA,NA,NA,NA,NA,NA,NA,NA,NA,NA,506,3005598,No,NA,NA,1380,11250,NA,NA,NA,22577,22018,Public,NA,NA,13340,17406,63,3186,835,4154,30746,50,50,NA,NA,0,100,0,NA,NA,NA,NA,NA,NA,NA,31,8,1380,11250,Implied no,Implied no,53,6277,254,Mixed,Mixed Associate Large,No research designation,"Higher Access, Medium Earnings",Large
110097,Biola University,24,26,29,23,26,32,20,25,27,8,"Not required for admission, but considered if submitted (Test Optional)",741,21353269,No,45,NA,48984,48984,NA,NA,NA,NA,NA,Private not-for-profit,74,30,1454,2027,238,836,261,1371,5434,54,68,NA,NA,6,64,30,560,615,670,21,600,650,700,15,NA,48984,48984,Implied no,Yes,95,884,1479,Mixed,Mixed Undergraduate/Graduate-Doctorate Medium,Research Colleges and Universities,"Lower Access, Medium Earnings",Medium
110219,Bryan University,NA,NA,NA,NA,NA,NA,NA,NA,NA,NA,NA,448,2872332,No,NA,NA,12194,12194,NA,NA,NA,NA,NA,Private for-profit,NA,NA,284,2228,0,839,118,1070,2519,NA,NA,NA,NA,0,3,97,NA,NA,NA,NA,NA,NA,NA,26,2,12194,12194,Implied no,Yes,75,1560,1705,Professions-focused,Professions-focused Associate/Baccalaureate,No research designation,"Higher Access, Medium Earnings",Small
110316,California Institute of Integral Studies,NA,NA,NA,NA,NA,NA,NA,NA,NA,NA,NA,NA,NA,Not applicable,68,NA,NA,NA,NA,NA,NA,NA,NA,Private not-for-profit,NA,NA,7,31,0,0,26,20,1874,NA,NA,NA,NA,NA,NA,NA,NA,NA,NA,NA,NA,NA,NA,15,NA,22618,22618,Yes,Yes,58,26,36,Mixed,Mixed Undergraduate/Graduate-Doctorate Small,No research designation,Not Classified in SAEC,Small
110361,California Baptist University,NA,NA,NA,NA,NA,NA,NA,NA,NA,NA,"Not considered for admission, even if submitted (Test Blind)",1245,33294786,No,45,NA,39078,39078,NA,NA,NA,NA,NA,Private not-for-profit,85,24,3187,5230,155,1612,966,2524,11902,44,62,NA,NA,2,89,9,NA,NA,NA,NA,NA,NA,NA,21,25,39078,39078,Implied no,Yes,95,3411,4907,Professions-focused,Professions-focused Undergraduate/Graduate-Doctorate Medium,No research designation,"Opportunity Colleges and Universities – Higher Access, Higher Earnings",Medium
110370,California College of the Arts,NA,NA,NA,NA,NA,NA,NA,NA,NA,NA,"Not considered for admission, even if submitted (Test Blind)",175,5766815,No,70,NA,59376,59376,NA,NA,NA,NA,NA,Private not-for-profit,91,8,327,677,318,172,75,210,1308,48,61,NA,NA,39,34,27,NA,NA,NA,NA,NA,NA,NA,8,NA,59376,59376,Implied no,Yes,84,267,511,"Special Focus: Arts, Music, and Design","Special Focus: Arts, Music, and Design",No research designation,"Lower Access, Medium Earnings",Small
110404,California Institute of Technology,NA,NA,NA,NA,NA,NA,NA,NA,NA,NA,"Not considered for admission, even if submitted (Test Blind)",141,10204663,No,75,16168,63402,63402,0.22,0.07,0.71,NA,NA,Private not-for-profit,3,61,541,446,139,218,10,185,2430,77,94,0.24,NA,17,32,52,NA,NA,NA,NA,NA,NA,NA,3,3,63402,63402,Implied no,Yes,59,184,44,"Special Focus: Technology, Engineering, and Sciences","Special Focus: Technology, Engineering, and Sciences",Research 1: Very High Spending and Doctorate Production,"Lower Access, Higher Earnings",Small
110413,California Lutheran University,24,26,31,24,26,30,22,26,26,3,"Not required for admission, but considered if submitted (Test Optional)",572,20508841,No,25,NA,51750,51750,NA,NA,NA,NA,NA,Private not-for-profit,76,11,1039,1258,84,502,191,825,3351,62,70,NA,NA,3,82,15,560,620,660,13,590,650,670,13,27,51750,51750,Implied no,Yes,97,739,1185,Mixed,Mixed Undergraduate/Graduate-Doctorate Medium,No research designation,"Opportunity Colleges and Universities – Higher Access, Higher Earnings",Medium
110422,California Polytechnic State University-San Luis Obispo,NA,NA,NA,NA,NA,NA,NA,NA,NA,NA,"Not considered for admission, even if submitted (Test Blind)",2504,35901465,No,70,21999,6084,18684,0.71,0.12,0.18,32304,32265,Public,31,25,10838,11195,187,5271,952,10473,23069,61,86,0.31,NA,1,83,17,NA,NA,NA,NA,NA,NA,NA,19,1,6084,18684,Implied no,Implied no,52,4149,5361,Mixed,Mixed Undergraduate/Graduate-Master's Large/Medium,Research Colleges and Universities,"Lower Access, Higher Earnings",Large
110468,Alliant International University-San Diego,NA,NA,NA,NA,NA,NA,NA,NA,NA,NA,"Not considered for admission, even if submitted (Test Blind)",NA,NA,No,65,NA,13944,13944,NA,NA,NA,NA,NA,Private for-profit,0,NA,160,231,0,0,53,148,4530,NA,NA,NA,NA,NA,NA,NA,NA,NA,NA,NA,NA,NA,NA,9,NA,13944,13944,Implied no,Yes,25,6,55,Mixed,Special Focus: Graduate Studies,No research designation,Not Classified in SAEC,Medium
110486,California State University-Bakersfield,NA,NA,NA,NA,NA,NA,NA,NA,NA,NA,"Not considered for admission, even if submitted (Test Blind)",1064,13795405,No,70,NA,6084,18684,NA,NA,NA,19385,19522,Public,94,10,3136,5729,112,1294,1234,1068,10419,29,50,NA,NA,1,97,1,NA,NA,NA,NA,NA,NA,NA,20,3,6084,18684,Implied no,Implied no,81,5056,1939,Mixed,Mixed Undergraduate/Graduate-Master's Large/Medium,Research Colleges and Universities,"Opportunity Colleges and Universities – Higher Access, Higher Earnings",Medium
110495,California State University-Stanislaus,NA,NA,NA,NA,NA,NA,NA,NA,NA,NA,"Not considered for admission, even if submitted (Test Blind)",856,10693299,No,70,NA,6084,18684,NA,NA,NA,19829,19739,Public,98,19,2939,5516,55,1018,1392,1427,9724,25,53,NA,NA,0,99,1,NA,NA,NA,NA,NA,NA,NA,18,2,6084,18684,Implied no,Implied no,76,4784,1808,Mixed,Mixed Undergraduate/Graduate-Master's Large/Medium,No research designation,"Opportunity Colleges and Universities – Higher Access, Higher Earnings",Medium
110510,California State University-San Bernardino,NA,NA,NA,NA,NA,NA,NA,NA,NA,NA,"Not considered for admission, even if submitted (Test Blind)",1917,23324500,No,70,NA,6084,18684,NA,NA,NA,17401,17427,Public,94,15,6023,9342,180,2090,2243,1426,18492,25,55,NA,NA,1,99,0,NA,NA,NA,NA,NA,NA,NA,22,1,6084,18684,Implied no,Implied no,78,9257,3905,Mixed,Mixed Undergraduate/Graduate-Master's Large/Medium,Research Colleges and Universities,"Opportunity Colleges and Universities – Higher Access, Higher Earnings",Large
110529,California State Polytechnic University-Pomona,NA,NA,NA,NA,NA,NA,NA,NA,NA,NA,"Not considered for admission, even if submitted (Test Blind)",3125,36978872,No,70,19053,6084,18684,0.6,0.16,0.24,23797,23955,Public,75,12,14168,11087,293,4679,2755,3218,27636,34,68,0.37,NA,0,99,1,NA,NA,NA,NA,NA,NA,NA,25,2,6084,18684,Implied no,Implied no,70,11331,6011,Mixed,Mixed Undergraduate/Graduate-Master's Large/Medium,Research 2: High Spending and Doctorate Production,"Opportunity Colleges and Universities – Higher Access, Higher Earnings",Large
110538,California State University-Chico,NA,NA,NA,NA,NA,NA,NA,NA,NA,NA,"Not considered for admission, even if submitted (Test Blind)",1407,16193569,No,70,NA,6084,18684,NA,NA,NA,26188,26283,Public,93,10,6006,7786,181,2197,2059,5621,15257,36,63,NA,NA,1,98,1,NA,NA,NA,NA,NA,NA,NA,23,4,6084,18684,Implied no,Implied no,63,5595,4265,Mixed,Mixed Undergraduate/Graduate-Master's Large/Medium,Research Colleges and Universities,"Opportunity Colleges and Universities – Higher Access, Higher Earnings",Medium
110547,California State University-Dominguez Hills,NA,NA,NA,NA,NA,NA,NA,NA,NA,NA,"Not considered for admission, even if submitted (Test Blind)",1431,19964281,No,70,NA,6084,18684,NA,NA,NA,23158,23191,Public,93,9,5073,7559,126,1732,1890,515,15182,20,43,NA,NA,0,99,0,NA,NA,NA,NA,NA,NA,NA,21,3,6084,18684,Implied no,Implied no,80,8060,2501,Mixed,Mixed Undergraduate/Graduate-Master's Large/Medium,Research Colleges and Universities,"Opportunity Colleges and Universities – Higher Access, Higher Earnings",Medium
110556,California State University-Fresno,NA,NA,NA,NA,NA,NA,NA,NA,NA,NA,"Not considered for admission, even if submitted (Test Blind)",2885,35561858,No,70,5579,6084,18684,0.78,0.06,0.16,20016,20095,Public,95,18,9123,12831,491,3591,2884,3223,24427,28,57,0.18,NA,4,96,1,NA,NA,NA,NA,NA,NA,NA,22,2,6084,18684,Implied no,Implied no,76,12209,4091,Mixed,Mixed Undergraduate/Graduate-Master's Large/Medium,Research 2: High Spending and Doctorate Production,"Opportunity Colleges and Universities – Higher Access, Higher Earnings",Large
110565,California State University-Fullerton,NA,NA,NA,NA,NA,NA,NA,NA,NA,NA,"Not considered for admission, even if submitted (Test Blind)",5153,57886364,No,70,6967,6084,18684,0.72,0.06,0.22,18246,18269,Public,91,14,17086,21674,408,6887,5003,5148,43662,39,70,0.2,NA,0,99,1,NA,NA,NA,NA,NA,NA,NA,26,2,6084,18684,Implied no,Yes,70,17846,8160,Mixed,Mixed Undergraduate/Graduate-Master's Large/Medium,Research 2: High Spending and Doctorate Production,"Higher Access, Medium Earnings",Very Large
110574,California State University-East Bay,NA,NA,NA,NA,NA,NA,NA,NA,NA,NA,"Not considered for admission, even if submitted (Test Blind)",766,9474535,No,70,NA,6084,18684,NA,NA,NA,22376,22850,Public,97,7,4113,5796,255,792,2011,1515,12326,22,48,NA,NA,4,95,1,NA,NA,NA,NA,NA,NA,NA,22,5,6084,18684,Implied no,Implied no,65,4689,2757,Mixed,Mixed Undergraduate/Graduate-Master's Large/Medium,Research Colleges and Universities,"Higher Access, Medium Earnings",Medium
110583,California State University-Long Beach,NA,NA,NA,NA,NA,NA,NA,NA,NA,NA,"Not considered for admission, even if submitted (Test Blind)",4282,50507067,No,70,17498,6084,18684,0.71,0.08,0.21,22395,22679,Public,46,17,14950,21132,878,6482,4597,5185,42003,38,69,0.44,NA,2,97,1,NA,NA,NA,NA,NA,NA,NA,23,2,6084,18684,Implied no,Implied no,72,17184,8150,Mixed,Mixed Undergraduate/Graduate-Master's Large/Medium,Research 2: High Spending and Doctorate Production,"Opportunity Colleges and Universities – Higher Access, Higher Earnings",Very Large
110592,California State University-Los Angeles,NA,NA,NA,NA,NA,NA,NA,NA,NA,NA,"Not considered for admission, even if submitted (Test Blind)",3251,44942929,No,70,14595,6084,18684,0.69,0.06,0.25,18182,18403,Public,91,9,8686,10900,214,2814,2226,731,23163,25,53,0.81,NA,1,99,0,NA,NA,NA,NA,NA,NA,NA,21,2,6084,18684,Implied no,Implied no,85,14272,3861,Mixed,Mixed Undergraduate/Graduate-Master's Large/Medium,Research 2: High Spending and Doctorate Production,"Opportunity Colleges and Universities – Higher Access, Higher Earnings",Large
110608,California State University-Northridge,NA,NA,NA,NA,NA,NA,NA,NA,NA,NA,"Not considered for admission, even if submitted (Test Blind)",4550,58354684,No,70,NA,6084,18684,NA,NA,NA,20370,20485,Public,93,18,15429,17327,952,5543,4338,5896,38313,28,57,NA,NA,2,97,1,NA,NA,NA,NA,NA,NA,NA,25,6,6084,18684,Implied no,Implied no,73,18182,6938,Mixed,Mixed Undergraduate/Graduate-Master's Large/Medium,Research Colleges and Universities,"Higher Access, Medium Earnings",Very Large
110617,California State University-Sacramento,NA,NA,NA,NA,NA,NA,NA,NA,NA,NA,"Not considered for admission, even if submitted (Test Blind)",3088,39425315,No,70,NA,6084,18684,NA,NA,NA,22755,22945,Public,94,15,12977,15843,473,3989,4386,6550,31943,28,56,NA,NA,2,96,2,NA,NA,NA,NA,NA,NA,NA,24,2,6084,18684,Implied no,Implied no,71,13889,6450,Mixed,Mixed Undergraduate/Graduate-Master's Large/Medium,Research 2: High Spending and Doctorate Production,"Opportunity Colleges and Universities – Higher Access, Higher Earnings",Large
110635,University of California-Berkeley,NA,NA,NA,NA,NA,NA,NA,NA,NA,NA,"Not considered for admission, even if submitted (Test Blind)",3528,104456026,No,80,18728,13146,47346,0.3,0.21,0.5,45565,45619,Public,11,46,14622,18448,3255,6272,2725,6544,45882,80,93,0.25,23750,7,84,9,NA,NA,NA,NA,NA,NA,NA,18,NA,12260,44148,Implied no,Implied no,60,9472,5567,Mixed,Mixed Undergraduate/Graduate-Doctorate Large,Research 1: Very High Spending and Doctorate Production,"Lower Access, Higher Earnings",Very Large
110644,University of California-Davis,NA,NA,NA,NA,NA,NA,NA,NA,NA,NA,"Not considered for admission, even if submitted (Test Blind)",3851,94698386,No,80,17472,13146,47346,0.35,0.34,0.31,41206,41238,Public,42,16,13355,18918,4146,6767,2656,6412,40065,71,86,0.31,19426,16,78,5,NA,NA,NA,NA,NA,NA,NA,22,5,12260,44148,Implied no,Implied no,59,9967,6263,Mixed,Mixed Undergraduate/Graduate-Doctorate Large,Research 1: Very High Spending and Doctorate Production,"Lower Access, Higher Earnings",Very Large
110653,University of California-Irvine,NA,NA,NA,NA,NA,NA,NA,NA,NA,NA,"Not considered for admission, even if submitted (Test Blind)",3696,85413496,No,80,17374,13146,47346,0.33,0.22,0.46,38553,38632,Public,29,19,13258,16946,3713,6736,2728,3856,37297,73,87,0.31,18991,19,74,7,NA,NA,NA,NA,NA,NA,NA,19,5,12260,44148,Implied no,Implied no,62,10650,5997,Mixed,Mixed Undergraduate/Graduate-Doctorate Large,Research 1: Very High Spending and Doctorate Production,"Opportunity Colleges and Universities – Higher Access, Higher Earnings",Large
110662,University of California-Los Angeles,NA,NA,NA,NA,NA,NA,NA,NA,NA,NA,"Not considered for admission, even if submitted (Test Blind)",3235,82903092,No,80,19209,13146,47346,0.29,0.24,0.47,38634,38614,Public,9,50,13269,20206,2574,6610,3834,8004,47335,85,93,0.25,18369,9,79,12,NA,NA,NA,NA,NA,NA,NA,20,3,12260,44148,Implied no,Implied no,55,9330,6202,Mixed,Mixed Undergraduate/Graduate-Doctorate Large,Research 1: Very High Spending and Doctorate Production,"Lower Access, Higher Earnings",Very Large
110671,University of California-Riverside,NA,NA,NA,NA,NA,NA,NA,NA,NA,NA,"Not considered for admission, even if submitted (Test Blind)",4163,101390656,No,80,18559,13146,47346,0.41,0.32,0.27,38749,38942,Public,76,12,10713,11887,836,5422,1269,2333,26384,65,76,0.45,20691,3,96,1,NA,NA,NA,NA,NA,NA,NA,22,9,12260,44148,Implied no,Implied no,74,10632,7028,Mixed,Mixed Undergraduate/Graduate-Doctorate Large,Research 1: Very High Spending and Doctorate Production,"Higher Access, Medium Earnings",Large
110680,University of California-San Diego,NA,NA,NA,NA,NA,NA,NA,NA,NA,NA,"Not considered for admission, even if submitted (Test Blind)",4144,106739009,No,80,18825,13146,47346,0.34,0.27,0.39,38617,38701,Public,27,20,15782,19173,3891,7330,3751,6005,44256,74,86,0.31,18970,13,78,9,NA,NA,NA,NA,NA,NA,NA,19,4,12260,44148,Implied no,Implied no,59,11558,7229,Mixed,Mixed Undergraduate/Graduate-Doctorate Large,Research 1: Very High Spending and Doctorate Production,"Lower Access, Higher Earnings",Very Large
110705,University of California-Santa Barbara,NA,NA,NA,NA,NA,NA,NA,NA,NA,NA,"Not considered for admission, even if submitted (Test Blind)",2657,65614042,No,80,17286,13146,47346,0.25,0.19,0.57,41526,41573,Public,33,14,9830,13351,2091,5008,2109,7339,26133,70,83,0.28,20279,9,82,9,NA,NA,NA,NA,NA,NA,NA,17,NA,12260,44148,Implied no,Implied no,57,6469,4208,Mixed,Mixed Undergraduate/Graduate-Doctorate Large,Research 1: Very High Spending and Doctorate Production,"Lower Access, Higher Earnings",Large
110714,University of California-Santa Cruz,NA,NA,NA,NA,NA,NA,NA,NA,NA,NA,"Not considered for admission, even if submitted (Test Blind)",2508,57116998,No,80,19640,13146,47346,0.47,0.27,0.27,41144,41179,Public,66,9,8473,9467,544,4383,1277,5482,19938,61,75,0.37,19948,3,92,5,NA,NA,NA,NA,NA,NA,NA,22,10,12260,44148,Implied no,Implied no,61,5624,5052,Mixed,Mixed Undergraduate/Graduate-Doctorate Large,Research 1: Very High Spending and Doctorate Production,"Lower Access, Medium Earnings",Large
110778,Sofia University,NA,NA,NA,NA,NA,NA,NA,NA,NA,NA,NA,NA,NA,Not applicable,75,26739,NA,NA,0.57,0.16,0.27,NA,NA,Private for-profit,NA,NA,1,4,0,0,0,3,1145,NA,NA,0.57,NA,NA,NA,NA,NA,NA,NA,NA,NA,NA,NA,11,NA,18000,18000,Implied no,Yes,100,4,4,Mixed,Special Focus: Business,No research designation,Not Classified in SAEC,Small
111081,California Institute of the Arts,NA,NA,NA,NA,NA,NA,NA,NA,NA,NA,"Not considered for admission, even if submitted (Test Blind)",167,3576521,No,65,31293,58318,58318,NA,NA,NA,NA,NA,Private not-for-profit,32,28,343,525,229,181,74,276,1277,41,67,0.93,NA,0,36,39,NA,NA,NA,NA,NA,NA,NA,7,17,58318,58318,Implied no,Yes,91,221,332,"Special Focus: Arts, Music, and Design","Special Focus: Arts, Music, and Design",No research designation,"Lower Access, Lower Earnings",Small
111948,Chapman University,28,30,31,28,32,35,25,27,29,5,"Not required for admission, but considered if submitted (Test Optional)",1574,55772654,No,70,28613,64580,64580,0.58,0.02,0.4,NA,NA,Private not-for-profit,65,16,3003,4710,232,1631,293,3512,9760,71,82,0.43,NA,4,61,35,630,670,720,14,630,680,720,12,NA,64580,64580,Implied no,Yes,81,1527,4751,Mixed,Mixed Undergraduate/Graduate-Doctorate Medium,Research 2: High Spending and Doctorate Production,"Lower Access, Higher Earnings",Medium
112075,Concordia University-Irvine,NA,NA,NA,NA,NA,NA,NA,NA,NA,NA,"Not considered for admission, even if submitted (Test Blind)",290,8400067,No,50,NA,42500,42500,NA,NA,NA,NA,NA,Private not-for-profit,66,12,609,935,58,338,225,674,3658,50,58,NA,NA,2,74,23,NA,NA,NA,NA,NA,NA,NA,13,NA,42500,42500,Yes,Yes,87,355,767,Professions-focused,Professions-focused Undergraduate/Graduate-Doctorate Medium,No research designation,"Lower Access, Medium Earnings",Medium
112260,Claremont McKenna College,33,34,35,34,35,35,31,33,35,13,"Not required for admission, but considered if submitted (Test Optional)",138,7259503,No,70,26120,67630,67630,0.21,0.01,0.78,NA,NA,Private not-for-profit,10,54,696,694,208,337,13,496,1393,75,91,0.37,NA,18,41,42,750,780,790,26,720,750,770,8,NA,67630,67630,Implied no,Yes,51,250,289,Special Focus: Arts and Sciences,Special Focus: Arts and Sciences,Research Colleges and Universities,"Lower Access, Higher Earnings",Small
113111,Crafton Hills College,NA,NA,NA,NA,NA,NA,NA,NA,NA,NA,NA,295,1751694,No,NA,NA,1104,14472,NA,NA,NA,21050,20282,Public,NA,NA,2980,3788,4,1577,770,1878,6768,NA,NA,NA,NA,0,94,0,NA,NA,NA,NA,NA,NA,NA,19,9,1104,14472,Implied no,Implied no,44,810,0,Mixed,Mixed Associate Medium,No research designation,"Lower Access, Medium Earnings",Medium
113236,Cypress College,NA,NA,NA,NA,NA,NA,NA,NA,NA,NA,NA,1629,10336260,No,NA,NA,1104,12292,NA,NA,NA,13602,14290,Public,NA,NA,6680,9244,115,3293,1692,1614,15924,NA,NA,NA,NA,2,98,0,NA,NA,NA,NA,NA,NA,NA,25,10,1104,12292,Implied no,Yes,63,4284,197,Mixed,Mixed Associate Medium,No research designation,"Higher Access, Medium Earnings",Medium
113698,Dominican University of California,NA,NA,NA,NA,NA,NA,NA,NA,NA,1,"Not required for admission, but considered if submitted (Test Optional)",248,8487617,No,250,NA,51316,51316,NA,NA,NA,NA,NA,Private not-for-profit,83,13,314,800,30,213,72,230,1900,65,78,NA,NA,1,82,16,590,640,640,2,620,650,660,8,18,51316,51316,Implied no,Yes,94,378,682,Professions-focused,Professions-focused Undergraduate/Graduate-Master's Small,No research designation,"Lower Access, Higher Earnings",Small
114433,Feather River Community College District,NA,NA,NA,NA,NA,NA,NA,NA,NA,NA,NA,104,668087,No,NA,NA,1380,10350,NA,NA,NA,20715,20385,Public,NA,NA,897,1158,24,318,456,706,2055,17,25,NA,NA,0,71,25,NA,NA,NA,NA,NA,NA,NA,17,21,1380,10350,Implied no,Implied no,83,284,110,Mixed,Mixed Associate Small,No research designation,"Higher Access, Medium Earnings",Small
114716,Foothill College,NA,NA,NA,NA,NA,NA,NA,NA,NA,NA,NA,633,2673433,No,NA,NA,1395,12420,NA,NA,NA,15109,16361,Public,NA,NA,6762,6187,454,2288,2478,3202,12949,NA,NA,NA,NA,10,83,2,NA,NA,NA,NA,NA,NA,NA,26,11,1395,12420,Implied no,Yes,28,1129,298,Mixed,Mixed Associate Large,No research designation,"Lower Access, Lower Earnings",Large
114789,Fresno City College,NA,NA,NA,NA,NA,NA,NA,NA,NA,NA,NA,1613,11629797,No,NA,NA,1288,10108,NA,NA,NA,16791,17198,Public,NA,NA,12983,15088,30,4373,2159,3835,28071,NA,NA,NA,NA,1,96,0,NA,NA,NA,NA,NA,NA,NA,29,6,1332,8592,Implied no,Yes,61,6387,74,Professions-focused,Professions-focused Associate Large/Medium,No research designation,"Lower Access, Medium Earnings",Large
114813,Fresno Pacific University,NA,NA,NA,NA,NA,NA,NA,NA,NA,NA,"Not considered for admission, even if submitted (Test Blind)",211,6249021,No,0,NA,35990,35990,NA,NA,NA,NA,NA,Private not-for-profit,64,17,420,1125,53,196,258,309,2879,44,50,NA,NA,0,87,10,NA,NA,NA,NA,NA,NA,NA,10,29,35990,35990,Implied no,Yes,87,943,1071,Professions-focused,Professions-focused Undergraduate/Graduate-Master's Large/Medium,No research designation,"Higher Access, Medium Earnings",Medium
115083,Golden Gate University,NA,NA,NA,NA,NA,NA,NA,NA,NA,NA,NA,NA,NA,Not applicable,40,NA,NA,NA,NA,NA,NA,NA,NA,Private not-for-profit,NA,NA,173,98,8,0,74,69,3098,NA,NA,NA,NA,NA,NA,NA,NA,NA,NA,NA,NA,NA,NA,7,NA,11088,11088,Implied no,Yes,46,210,166,Special Focus: Business,Special Focus: Business,No research designation,Not Classified in SAEC,Small
115755,California State Polytechnic University-Humboldt,NA,NA,NA,NA,NA,NA,NA,NA,NA,NA,"Not considered for admission, even if submitted (Test Blind)",622,6685559,No,70,NA,6084,18684,NA,NA,NA,24997,25170,Public,98,6,2576,3085,18,909,848,2903,6237,26,49,NA,NA,0,90,9,NA,NA,NA,NA,NA,NA,NA,16,6,6084,18684,Implied no,Implied no,65,2398,1891,Special Focus: Arts and Sciences,Special Focus: Arts and Sciences,Research Colleges and Universities,"Opportunity Colleges and Universities – Higher Access, Higher Earnings",Medium
117140,University of La Verne,18,20,25,17,20,25,16,21,27,2,"Not required for admission, but considered if submitted (Test Optional)",734,29865308,No,50,NA,48550,48550,NA,NA,NA,NA,NA,Private not-for-profit,71,10,1218,1832,42,497,252,497,5021,61,63,NA,NA,0,94,5,488,530,573,5,498,565,663,10,35,48550,48550,Implied no,Yes,85,1723,2149,Professions-focused,Professions-focused Undergraduate/Graduate-Doctorate Medium,No research designation,"Opportunity Colleges and Universities – Higher Access, Higher Earnings",Medium
117627,La Sierra University,NA,NA,NA,NA,NA,NA,NA,NA,NA,NA,"Not considered for admission, even if submitted (Test Blind)",256,7077358,No,NA,NA,36720,36720,NA,NA,NA,NA,NA,Private not-for-profit,91,13,514,712,80,233,149,129,1574,43,58,NA,NA,3,85,12,NA,NA,NA,NA,NA,NA,NA,12,16,36720,36720,Implied no,Yes,93,576,714,Professions-focused,Professions-focused Undergraduate/Graduate-Master's Small,No research designation,"Higher Access, Medium Earnings",Small
117636,Loma Linda University,NA,NA,NA,NA,NA,NA,NA,NA,NA,NA,NA,NA,NA,Not applicable,60,NA,NA,NA,NA,NA,NA,NA,NA,Private not-for-profit,NA,NA,250,774,26,9,279,183,4210,NA,NA,NA,NA,0,100,0,NA,NA,NA,NA,NA,NA,NA,3,NA,25500,25500,Implied no,Implied no,63,343,629,Special Focus: Medical Schools and Centers,Special Focus: Medical Schools and Centers,Research 2: High Spending and Doctorate Production,Not Classified in SAEC,Medium
117672,Southern California University of Health Sciences,NA,NA,NA,NA,NA,NA,NA,NA,NA,NA,NA,4,26264,No,NA,NA,9900,9900,NA,NA,NA,NA,NA,Private not-for-profit,NA,NA,174,555,20,2,13,257,2008,NA,NA,NA,NA,0,100,0,NA,NA,NA,NA,NA,NA,NA,14,NA,13890,13890,Yes,Yes,10,50,78,Mixed,Special Focus: Other Health Professions,No research designation,Not Classified in SAEC,Small
117733,Los Angeles Valley College,NA,NA,NA,NA,NA,NA,NA,NA,NA,NA,NA,791,4937894,No,NA,NA,1196,10530,NA,NA,NA,19812,20546,Public,NA,NA,7076,8923,65,2639,1962,5443,15999,NA,NA,NA,NA,2,97,0,NA,NA,NA,NA,NA,NA,NA,28,9,1196,10530,Implied no,Implied no,58,3858,257,Mixed,Mixed Associate Large,No research designation,"Higher Access, Medium Earnings",Large
117751,The Master's University and Seminary,NA,NA,NA,NA,NA,NA,NA,NA,NA,NA,"Not considered for admission, even if submitted (Test Blind)",269,4570399,No,40,NA,38000,38000,NA,NA,NA,NA,NA,Private not-for-profit,84,46,1005,903,37,404,207,1113,2860,55,67,NA,NA,3,59,30,NA,NA,NA,NA,NA,NA,NA,13,12,38000,38000,Implied no,Yes,72,404,725,Professions-focused,Professions-focused Undergraduate/Graduate-Doctorate Small,No research designation,"Lower Access, Medium Earnings",Small
117867,Los Angeles Mission College,NA,NA,NA,NA,NA,NA,NA,NA,NA,NA,NA,468,2872795,No,NA,NA,1196,10530,NA,NA,NA,21521,21717,Public,NA,NA,4489,6201,35,1598,1862,1477,10690,NA,NA,NA,NA,1,98,0,NA,NA,NA,NA,NA,NA,NA,32,8,1196,10530,Implied no,Implied no,58,2047,89,Mixed,Mixed Associate Medium,No research designation,"Higher Access, Medium Earnings",Medium
117946,Loyola Marymount University,28,30,32,29,32,34,25,27,30,8,"Not required for admission, but considered if submitted (Test Optional)",1533,37279199,No,75,31059,60970,60970,0.45,0.01,0.54,NA,NA,Private not-for-profit,45,15,3497,3776,670,1541,443,2776,10179,68,79,0.35,22026,7,63,30,620,670,710,18,640,680,720,10,NA,60970,60970,Implied no,Yes,88,969,2162,Mixed,Mixed Undergraduate/Graduate-Doctorate Medium,Research 2: High Spending and Doctorate Production,"Lower Access, Higher Earnings",Medium
118912,MiraCosta College,NA,NA,NA,NA,NA,NA,NA,NA,NA,NA,NA,1070,5363404,No,NA,NA,1104,9696,NA,NA,NA,14038,15531,Public,NA,NA,4771,6707,83,2104,914,3914,11478,91,96,NA,NA,2,94,0,NA,NA,NA,NA,NA,NA,NA,18,10,1104,9696,Implied no,Yes,56,3123,274,Mixed,Mixed Associate Medium,No research designation,"Higher Access, Lower Earnings",Medium
118976,Modesto Junior College,NA,NA,NA,NA,NA,NA,NA,NA,NA,NA,NA,1429,8550770,No,NA,NA,1196,9178,NA,NA,NA,11583,11487,Public,NA,NA,7349,10909,171,3555,649,4975,18258,0,0,NA,NA,1,98,0,NA,NA,NA,NA,NA,NA,NA,32,9,1196,9178,Implied no,Yes,61,5238,51,Mixed,Mixed Associate Large,No research designation,"Lower Access, Medium Earnings",Large
119137,Moorpark College,NA,NA,NA,NA,NA,NA,NA,NA,NA,NA,NA,1377,6406659,No,NA,NA,1354,9528,NA,NA,NA,7380,8015,Public,NA,NA,6866,7717,87,2718,1290,5035,14583,NA,NA,NA,NA,0,99,0,NA,NA,NA,NA,NA,NA,NA,31,14,1354,9528,Implied no,Yes,54,2498,127,Mixed,Mixed Associate Large,No research designation,"Higher Access, Medium Earnings",Large
119173,Mount Saint Mary's University,NA,NA,NA,NA,NA,NA,NA,NA,NA,NA,"Not considered for admission, even if submitted (Test Blind)",447,17530647,No,NA,NA,48104,48104,NA,NA,NA,NA,NA,Private not-for-profit,73,12,138,1593,9,429,82,145,2312,33,48,NA,15518,0,85,7,NA,NA,NA,NA,NA,NA,NA,8,46,48104,48104,Implied no,Yes,90,1009,1197,Professions-focused,Professions-focused Undergraduate/Graduate-Doctorate Small,No research designation,"Opportunity Colleges and Universities – Higher Access, Higher Earnings",Small
119605,National University,NA,NA,NA,NA,NA,NA,NA,NA,NA,NA,NA,15,152998,No,NA,NA,13284,13284,NA,NA,NA,NA,NA,Private not-for-profit,NA,NA,5235,6002,0,84,2370,3225,22115,17,50,NA,NA,0,36,64,NA,NA,NA,NA,NA,NA,NA,16,NA,13284,13284,Implied no,Yes,48,2923,2504,Professions-focused,Professions-focused Undergraduate/Graduate-Doctorate Large,No research designation,"Opportunity Colleges and Universities – Higher Access, Higher Earnings",Large
120254,Occidental College,31,33,34,33,34,35,28,30,33,8,"Not required for admission, but considered if submitted (Test Optional)",400,14560090,Yes,70,30746,65678,65678,0.31,0.002,0.69,NA,NA,Private not-for-profit,44,18,777,1104,97,509,43,856,1881,68,81,0.52,NA,8,43,49,690,720,770,20,690,720,750,9,11,65678,65678,Implied no,Yes,76,321,720,Special Focus: Arts and Sciences,Special Focus: Arts and Sciences,Research Colleges and Universities,"Lower Access, Higher Earnings",Small
120403,Otis College of Art and Design,NA,NA,NA,NA,NA,NA,NA,NA,NA,0,"Not required for admission, but considered if submitted (Test Optional)",233,5080040,No,50,NA,52740,52740,NA,NA,NA,NA,NA,Private not-for-profit,82,10,356,868,229,218,144,305,1267,50,66,NA,NA,11,69,19,600,625,675,4,665,685,720,9,NA,52740,52740,Implied no,Yes,97,418,553,"Special Focus: Arts, Music, and Design","Special Focus: Arts, Music, and Design",No research designation,"Opportunity Colleges and Universities – Higher Access, Higher Earnings",Small
120537,Hope International University,NA,NA,NA,NA,NA,NA,NA,NA,NA,3,"Not required for admission, but considered if submitted (Test Optional)",82,1842847,No,50,NA,36750,36750,NA,NA,NA,NA,NA,Private not-for-profit,33,38,259,305,11,118,117,162,1025,36,49,NA,NA,0,89,9,420,510,650,11,420,510,570,13,NA,36750,36750,Implied no,Implied no,91,243,312,Professions-focused,Professions-focused Undergraduate/Graduate-Master's Small,No research designation,"Higher Access, Medium Earnings",Small
120698,Palo Alto University,NA,NA,NA,NA,NA,NA,NA,NA,NA,NA,NA,NA,NA,Not applicable,NA,NA,NA,NA,NA,NA,NA,NA,NA,Private not-for-profit,NA,NA,2,12,0,0,7,5,1065,NA,NA,NA,NA,NA,NA,NA,NA,NA,NA,NA,NA,NA,NA,15,NA,18871,18871,Implied no,Yes,50,11,9,Mixed,Special Focus: Graduate Studies,No research designation,Not Classified in SAEC,Small
120768,Pacific Oaks College,NA,NA,NA,NA,NA,NA,NA,NA,NA,0,"Not required for admission, but considered if submitted (Test Optional)",NA,NA,No,55,NA,32040,32040,NA,NA,NA,NA,NA,Private not-for-profit,34,23,33,279,3,5,54,65,1068,NA,NA,NA,NA,20,80,0,NA,NA,NA,0,NA,NA,NA,11,NA,32040,32040,Implied no,Yes,67,196,257,Mixed,Mixed Undergraduate/Graduate-Master's Small,No research designation,Not Classified in SAEC,Small
120883,University of the Pacific,23,29,32,23,28,33,24,27,31,5,"Not required for admission, but considered if submitted (Test Optional)",754,30997600,No,55,NA,56140,56140,NA,NA,NA,NA,NA,Private not-for-profit,71,14,1451,1798,235,766,185,458,6944,44,68,NA,NA,7,82,10,593,690,770,21,590,655,710,13,NA,56140,56140,Implied no,Yes,95,1190,1327,Mixed,Mixed Undergraduate/Graduate-Doctorate Medium,No research designation,"Opportunity Colleges and Universities – Higher Access, Higher Earnings",Medium
121150,Pepperdine University,29,31,32,30,33,35,27,28,32,10,"Not required for admission, but considered if submitted (Test Optional)",666,17933588,No,65,16500,69130,69130,0.29,0.02,0.69,NA,NA,Private not-for-profit,63,12,1436,2117,277,843,85,1556,8976,75,83,0.36,NA,10,51,38,640,690,740,18,650,680,710,12,NA,69130,69130,Implied no,Yes,90,735,1354,Professions-focused,Professions-focused Undergraduate/Graduate-Doctorate Medium,Research 2: High Spending and Doctorate Production,"Lower Access, Higher Earnings",Medium
121257,Pitzer College,NA,NA,NA,NA,NA,NA,NA,NA,NA,NA,"Not considered for admission, even if submitted (Test Blind)",107,5509098,No,70,22896,64888,64888,0.23,0,0.77,NA,NA,Private not-for-profit,25,36,506,736,119,310,34,580,1242,58,83,0.3,NA,10,44,46,NA,NA,NA,NA,NA,NA,NA,10,8,64888,64888,Implied no,Yes,41,127,241,Special Focus: Arts and Sciences,Special Focus: Arts and Sciences,No research designation,"Lower Access, Medium Earnings",Small
121309,Point Loma Nazarene University,25,28,32,23,29,34,23,26,28,6,"Not required for admission, but considered if submitted (Test Optional)",620,12835131,No,55,NA,45300,45300,NA,NA,NA,NA,NA,Private not-for-profit,84,21,1134,2112,37,585,350,1672,4757,68,77,NA,13650,1,72,26,565,615,670,8,610,645,695,13,18,45300,45300,Implied no,Yes,85,677,1575,Professions-focused,Professions-focused Undergraduate/Graduate-Master's Large/Medium,No research designation,"Lower Access, Medium Earnings",Medium
121345,Pomona College,33,34,35,35,35,36,31,33,35,14,"Not required for admission, but considered if submitted (Test Optional)",239,15621449,No,80,24495,65000,65000,0.27,0.01,0.72,NA,NA,Private not-for-profit,7,50,764,936,235,436,22,482,1700,61,93,0.19,NA,21,25,50,750,780,790,36,740,760,770,7,2,65000,65000,Implied no,Yes,60,325,156,Special Focus: Arts and Sciences,Special Focus: Arts and Sciences,Research Colleges and Universities,"Lower Access, Higher Earnings",Small
121619,Santa Ana College,NA,NA,NA,NA,NA,NA,NA,NA,NA,NA,NA,1112,7526420,No,NA,NA,1104,10680,NA,NA,NA,12679,12375,Public,NA,NA,15931,11317,167,3947,2302,5007,27248,NA,NA,NA,NA,2,96,0,NA,NA,NA,NA,NA,NA,NA,33,7,1104,10680,Implied no,Implied no,38,4009,176,Mixed,Mixed Associate Large,No research designation,"Lower Access, Medium Earnings",Large
121691,University of Redlands,21,26,28,20,24,32,23,27,28,3,"Not required for admission, but considered if submitted (Test Optional)",471,22671129,No,50,25339,60128,60128,0.35,0.004,0.65,NA,NA,Private not-for-profit,83,16,894,1155,18,494,119,707,3087,56,67,0.96,NA,0,76,23,547,600,670,16,560,640,680,10,23,60128,60128,Implied no,Yes,90,765,1163,Mixed,Mixed Undergraduate/Graduate-Master's Large/Medium,No research designation,"Opportunity Colleges and Universities – Higher Access, Higher Earnings",Medium
121886,Rio Hondo College,NA,NA,NA,NA,NA,NA,NA,NA,NA,NA,NA,1437,7254794,No,NA,NA,1306,9802,NA,NA,NA,21507,21391,Public,NA,NA,10345,7096,24,4269,1309,2060,17441,NA,NA,NA,NA,0,100,0,NA,NA,NA,NA,NA,NA,NA,31,4,1306,9802,Implied no,Yes,46,4306,98,Mixed,Mixed Associate Large,No research designation,"Higher Access, Medium Earnings",Large
122296,Samuel Merritt University,NA,NA,NA,NA,NA,NA,NA,NA,NA,NA,NA,NA,NA,Not applicable,60,NA,NA,NA,NA,NA,NA,NA,NA,Private not-for-profit,NA,NA,130,605,4,0,221,174,1926,NA,NA,NA,NA,NA,NA,NA,NA,NA,NA,NA,NA,NA,NA,5,NA,50138,50138,Yes,Yes,74,136,677,Special Focus: Nursing,Special Focus: Nursing,No research designation,Not Classified in SAEC,Small
122375,San Diego Mesa College,NA,NA,NA,NA,NA,NA,NA,NA,NA,NA,NA,922,7608637,No,NA,NA,1104,9960,NA,NA,NA,18581,19371,Public,NA,NA,8766,10446,64,3166,2204,5401,19212,92,92,NA,NA,1,97,2,NA,NA,NA,NA,NA,NA,NA,23,16,1104,9960,Implied no,Yes,54,2834,342,Mixed,Mixed Associate Large,No research designation,"Higher Access, Medium Earnings",Large
122409,San Diego State University,NA,NA,NA,NA,NA,NA,NA,NA,NA,NA,"Not considered for admission, even if submitted (Test Blind)",2894,34880052,No,70,19355,6084,18684,0.52,0.19,0.29,27044,27780,Public,36,20,15537,20245,865,6629,4620,11972,41137,56,76,0.29,NA,2,74,23,NA,NA,NA,NA,NA,NA,NA,27,2,6084,18684,Implied no,Implied no,53,10784,7916,Mixed,Mixed Undergraduate/Graduate-Doctorate Large,Research 1: Very High Spending and Doctorate Production,"Opportunity Colleges and Universities – Higher Access, Higher Earnings",Large
122436,University of San Diego,NA,NA,NA,NA,NA,NA,NA,NA,NA,NA,"Not considered for admission, even if submitted (Test Blind)",1048,42931452,No,55,27398,58420,58420,0.59,0.002,0.41,NA,NA,Private not-for-profit,52,12,2565,3286,423,1104,345,2466,9714,69,84,0.4,19918,4,51,44,NA,NA,NA,NA,NA,NA,NA,13,NA,58420,58420,Implied no,Yes,75,1198,1855,Mixed,Mixed Undergraduate/Graduate-Doctorate Medium,Research 2: High Spending and Doctorate Production,"Lower Access, Higher Earnings",Medium
122597,San Francisco State University,NA,NA,NA,NA,NA,NA,NA,NA,NA,NA,"Not considered for admission, even if submitted (Test Blind)",2181,28344919,No,70,NA,6084,18684,NA,NA,NA,26234,26488,Public,96,9,8956,10488,835,2340,2318,2820,22563,28,50,NA,NA,3,96,1,NA,NA,NA,NA,NA,NA,NA,19,6,6084,18684,Implied no,Implied no,63,8764,4805,Mixed,Mixed Undergraduate/Graduate-Master's Large/Medium,Research 2: High Spending and Doctorate Production,"Higher Access, Medium Earnings",Large
122612,University of San Francisco,25,28,30,26,28,33,24,26,28,3,"Not required for admission, but considered if submitted (Test Optional)",1065,36980121,No,70,38127,59920,59920,0.57,0.004,0.43,NA,NA,Private not-for-profit,62,6,1863,3458,491,920,251,1200,8913,63,70,0.48,NA,0,63,27,580,640,690,12,610,650,700,11,20,59950,59950,Implied no,Yes,90,1602,2689,Professions-focused,Professions-focused Undergraduate/Graduate-Doctorate Medium,Research 2: High Spending and Doctorate Production,"Opportunity Colleges and Universities – Higher Access, Higher Earnings",Medium
122685,San Joaquin Valley College-Visalia,NA,NA,NA,NA,NA,NA,NA,NA,NA,NA,NA,791,4295024,No,NA,NA,NA,NA,NA,NA,NA,NA,NA,Private for-profit,NA,NA,609,1709,3,337,318,407,2318,NA,NA,NA,NA,0,99,1,NA,NA,NA,NA,NA,NA,NA,28,1,NA,NA,Implied no,Yes,54,2019,2209,Special Focus: Applied and Career Studies,Special Focus: Applied and Career Studies,No research designation,"Higher Access, Medium Earnings",Small
122728,William Jessup University,NA,NA,NA,NA,NA,NA,NA,NA,NA,0,"Not required for admission, but considered if submitted (Test Optional)",182,4378684,No,60,NA,36000,36000,NA,NA,NA,NA,NA,Private not-for-profit,93,20,593,724,48,236,297,554,1865,44,56,NA,NA,0,74,26,488,555,590,6,553,595,638,10,25,36000,36000,Implied no,Yes,90,335,434,Professions-focused,Professions-focused Undergraduate/Graduate-Master's Small,No research designation,"Higher Access, Medium Earnings",Small
122755,San Jose State University,NA,NA,NA,NA,NA,NA,NA,NA,NA,NA,"Not considered for admission, even if submitted (Test Blind)",2743,33884422,No,70,17110,6084,18684,0.71,0.12,0.18,26019,26593,Public,85,15,14636,13372,1063,4604,3353,3419,37661,37,69,0.32,NA,2,97,1,NA,NA,NA,NA,NA,NA,NA,25,4,6084,18684,Implied no,Implied no,56,9554,5293,Mixed,Mixed Undergraduate/Graduate-Doctorate Large,Research 2: High Spending and Doctorate Production,"Higher Access, Medium Earnings",Very Large
122931,Santa Clara University,31,32,33,NA,NA,NA,29,31,33,10,"Not required for admission, but considered if submitted (Test Optional)",1106,31374593,No,70,28479,60639,60639,0.56,0.01,0.43,NA,NA,Private not-for-profit,48,18,3322,3255,499,1612,205,2400,9728,81,88,0.31,NA,7,55,36,680,720,760,24,670,700,730,11,NA,60639,60639,Implied no,Yes,72,704,2338,Mixed,Mixed Undergraduate/Graduate-Doctorate Medium,Research Colleges and Universities,"Lower Access, Higher Earnings",Medium
122977,Santa Monica College,NA,NA,NA,NA,NA,NA,NA,NA,NA,NA,NA,2083,11539321,No,NA,NA,1104,10656,NA,NA,NA,11286,11162,Public,NA,NA,10537,12916,1739,5291,1534,6321,23453,5,81,NA,NA,12,78,0,NA,NA,NA,NA,NA,NA,NA,27,15,1104,10656,Implied no,Implied no,52,5742,759,Mixed,Mixed Associate Large,No research designation,"Higher Access, Lower Earnings",Large
123165,Scripps College,31,33,34,34,35,35,27,30,32,16,"Not required for admission, but considered if submitted (Test Optional)",154,6647922,No,60,23082,65650,65650,0.25,0,0.75,NA,NA,Private not-for-profit,38,26,1,1116,51,313,5,601,1137,61,83,0.22,NA,8,39,54,720,750,770,24,720,750,770,10,NA,65650,65650,Implied no,Yes,58,119,186,Special Focus: Arts and Sciences,Special Focus: Arts and Sciences,No research designation,"Lower Access, Higher Earnings",Small
123299,Shasta College,NA,NA,NA,NA,NA,NA,NA,NA,NA,NA,NA,426,3207102,No,NA,30976,1104,8760,0.29,0.004,0.71,14952,13915,Public,NA,NA,3880,5193,0,969,469,5342,9073,NA,NA,0.63,NA,1,85,0,NA,NA,NA,NA,NA,NA,NA,28,15,1104,8760,Implied no,Yes,59,2642,282,Mixed,Mixed Associate Medium,No research designation,"Higher Access, Medium Earnings",Medium
123509,Skyline College,NA,NA,NA,NA,NA,NA,NA,NA,NA,NA,NA,422,1831863,No,NA,NA,1228,9912,NA,NA,NA,11123,11880,Public,NA,NA,4302,5270,261,1300,1137,1685,9572,NA,NA,NA,NA,12,88,0,NA,NA,NA,NA,NA,NA,NA,29,8,1288,9912,Implied no,Implied no,54,902,36,Mixed,Mixed Associate Medium,No research designation,"Higher Access, Lower Earnings",Medium
123554,Saint Mary's College of California,NA,NA,NA,NA,NA,NA,NA,NA,NA,NA,"Not considered for admission, even if submitted (Test Blind)",498,21118635,No,60,NA,57303,57303,NA,NA,NA,NA,NA,Private not-for-profit,87,9,890,1064,50,424,123,727,2734,62,70,NA,NA,2,84,14,NA,NA,NA,NA,NA,NA,NA,10,7,57303,57303,Implied no,Yes,96,546,852,Mixed,Mixed Undergraduate/Graduate-Master's Small,No research designation,"Lower Access, Higher Earnings",Small
123563,Solano Community College,NA,NA,NA,NA,NA,NA,NA,NA,NA,NA,NA,712,3260198,No,NA,NA,1104,9744,NA,NA,NA,11683,13143,Public,NA,NA,4278,5004,9,1628,595,1977,9282,NA,NA,NA,NA,0,100,0,NA,NA,NA,NA,NA,NA,NA,27,9,1104,9704,Implied no,Implied no,56,1971,147,Mixed,Mixed Associate Medium,No research designation,"Higher Access, Medium Earnings",Medium
123572,Sonoma State University,NA,NA,NA,NA,NA,NA,NA,NA,NA,NA,"Not considered for admission, even if submitted (Test Blind)",743,6757056,No,70,NA,6084,18684,NA,NA,NA,23833,24648,Public,93,8,2127,3145,25,873,799,2106,5891,39,58,NA,NA,0,98,2,NA,NA,NA,NA,NA,NA,NA,17,7,6084,18684,Implied no,Implied no,67,1944,1452,Mixed,Mixed Undergraduate/Graduate-Master's Large/Medium,Research Colleges and Universities,"Higher Access, Medium Earnings",Medium
123651,Vanguard University of Southern California,NA,NA,NA,NA,NA,NA,NA,NA,NA,NA,"Not considered for admission, even if submitted (Test Blind)",489,14595170,No,45,NA,40800,40800,NA,NA,NA,NA,NA,Private not-for-profit,62,20,650,1310,6,485,148,595,2246,52,57,NA,NA,0,88,11,NA,NA,NA,NA,NA,NA,NA,13,NA,40800,40800,Implied no,Yes,93,870,1129,Professions-focused,Professions-focused Baccalaureate Small,No research designation,"Higher Access, Medium Earnings",Small
123961,University of Southern California,32,33,35,33,35,35,29,33,35,12,"Not required for admission, but considered if submitted (Test Optional)",2528,118555607,No,85,27678,69904,69904,0.27,0.12,0.61,NA,NA,Private not-for-profit,10,43,9882,10748,2817,3489,1339,5224,46566,74,92,0.32,NA,18,42,39,740,770,790,34,710,730,760,9,NA,69904,69904,Implied no,Yes,69,4675,4956,Mixed,Mixed Undergraduate/Graduate-Doctorate Large,Research 1: Very High Spending and Doctorate Production,"Lower Access, Higher Earnings",Very Large
124113,Taft College,NA,NA,NA,NA,NA,NA,NA,NA,NA,NA,NA,229,2175963,No,NA,NA,1104,10848,NA,NA,NA,14275,14074,Public,NA,NA,2251,2213,5,1070,529,766,4464,NA,NA,NA,8095,0,97,2,NA,NA,NA,NA,NA,NA,NA,28,7,1104,10848,Implied no,Yes,42,907,14,Mixed,Mixed Associate Medium,No research designation,"Lower Access, Higher Earnings",Medium
125231,Walden University,NA,NA,NA,NA,NA,NA,NA,NA,NA,NA,NA,3,3228,No,NA,NA,12240,12240,NA,NA,NA,NA,NA,Private for-profit,NA,NA,1299,7845,13,179,2591,3578,49441,NA,NA,NA,NA,0,2,98,NA,NA,NA,NA,NA,NA,NA,31,NA,10542,10542,Implied no,Yes,85,4062,5065,Special Focus: Other Health Professions,Special Focus: Other Health Professions,No research designation,"Opportunity Colleges and Universities – Higher Access, Higher Earnings",Very Large
125471,West Los Angeles College,NA,NA,NA,NA,NA,NA,NA,NA,NA,NA,NA,301,1762937,No,NA,NA,1196,10530,NA,NA,NA,17097,17336,Public,NA,NA,3689,5566,43,1320,1864,1664,9255,NA,NA,NA,NA,3,94,0,NA,NA,NA,NA,NA,NA,NA,26,12,1196,10530,Implied no,Yes,59,1844,198,Mixed,Mixed Associate Medium,No research designation,"Higher Access, Medium Earnings",Medium
125532,Carrington College-Sacramento,NA,NA,NA,NA,NA,NA,NA,NA,NA,NA,NA,858,4060223,No,NA,NA,NA,NA,NA,NA,NA,NA,NA,Private for-profit,NA,NA,709,1498,16,331,191,400,2207,NA,NA,NA,NA,0,59,41,NA,NA,NA,NA,NA,NA,NA,28,0,NA,NA,Implied no,Yes,59,2122,2333,Special Focus: Other Health Professions,Special Focus: Other Health Professions,No research designation,"Higher Access, Medium Earnings",Small
125727,Westmont College,25,28,32,23,28,34,21,27,29,7,"Not required for admission, but considered if submitted (Test Optional)",319,12426965,No,NA,30527,52320,52320,0.4,0.01,0.59,NA,NA,Private not-for-profit,77,16,508,794,23,303,70,671,1310,64,70,0.59,NA,2,69,29,610,650,700,20,630,680,750,10,NA,52320,52320,Implied no,Yes,97,264,674,Special Focus: Arts and Sciences,Special Focus: Arts and Sciences,No research designation,"Lower Access, Medium Earnings",Small
126182,Adams State University,NA,NA,NA,NA,NA,NA,NA,NA,NA,NA,NA,289,3105819,No,NA,NA,6120,18240,NA,NA,NA,24170,24352,Public,NA,NA,873,732,7,303,140,667,2901,20,32,NA,NA,2,64,28,NA,NA,NA,NA,NA,NA,NA,14,37,6120,18240,Implied no,Implied no,64,595,525,Mixed,Mixed Undergraduate/Graduate-Master's Small,No research designation,"Higher Access, Medium Earnings",Small
126207,Aims Community College,NA,NA,NA,NA,NA,NA,NA,NA,NA,NA,NA,291,2726356,No,NA,NA,3120,11496,NA,NA,NA,16994,16657,Public,NA,NA,4130,4412,8,1354,81,3464,8542,NA,NA,NA,NA,0,99,1,NA,NA,NA,NA,NA,NA,NA,17,6,3120,11496,Implied no,Yes,25,897,249,Mixed,Mixed Associate Medium,No research designation,"Higher Access, Lower Earnings",Medium
126289,Arapahoe Community College,NA,NA,NA,NA,NA,NA,NA,NA,NA,NA,NA,171,1387982,No,NA,NA,4058,16658,NA,NA,NA,18549,18332,Public,NA,NA,6979,8033,271,1059,995,9244,15012,NA,NA,NA,NA,0,99,1,NA,NA,NA,NA,NA,NA,NA,26,40,4058,16658,Implied no,Yes,14,1362,1089,Mixed,Mixed Associate Medium,No research designation,"Higher Access, Lower Earnings",Medium
126562,University of Colorado Denver/Anschutz Medical Campus,23,27,32,22,26,34,21,25,29,2,"Not required for admission, but considered if submitted (Test Optional)",1270,12060528,No,50,NA,9360,28368,NA,NA,NA,24884,24902,Public,75,13,6046,7875,1123,1440,1495,5870,23124,29,46,NA,NA,4,89,8,490,540,600,23,490,560,620,17,32,9360,28368,Implied no,Yes,44,3663,3411,Mixed,Mixed Undergraduate/Graduate-Doctorate Large,Research 1: Very High Spending and Doctorate Production,"Higher Access, Medium Earnings",Large
126580,University of Colorado Colorado Springs,20,23,26,18,23,27,18,22,25,6,"Not required for admission, but considered if submitted (Test Optional)",1309,9713016,No,50,NA,8253,22440,NA,NA,NA,24309,24595,Public,97,13,4395,4907,79,1645,829,5543,11354,28,47,NA,12918,0,83,16,500,550,600,34,510,580,620,15,30,9022,23155,Implied no,Implied no,58,2559,3165,Mixed,Mixed Undergraduate/Graduate-Master's Large/Medium,Research 2: High Spending and Doctorate Production,"Higher Access, Medium Earnings",Medium
126614,University of Colorado Boulder,29,31,33,27,32,34,26,28,32,6,"Not required for admission, but considered if submitted (Test Optional)",3973,44595603,No,65,26355,13744,42996,0.41,0.2,0.4,37684,37684,Public,78,14,17002,15242,833,7432,1608,21689,38799,57,74,0.32,18468,2,54,45,610,670,720,18,630,670,710,19,16,13510,41212,Yes,Yes,49,4649,7961,Mixed,Mixed Undergraduate/Graduate-Doctorate Large,Research 1: Very High Spending and Doctorate Production,"Lower Access, Higher Earnings",Very Large
126669,Colorado Christian University,NA,NA,NA,NA,NA,NA,NA,NA,NA,NA,NA,371,8645037,No,30,NA,40442,40442,NA,NA,NA,NA,NA,Private not-for-profit,NA,NA,2857,5343,0,696,773,4787,9951,58,63,NA,NA,0,28,72,NA,NA,NA,NA,NA,NA,NA,17,NA,27631,27631,Yes,Yes,64,2522,3049,Professions-focused,Professions-focused Undergraduate/Graduate-Master's Large/Medium,No research designation,"Higher Access, Medium Earnings",Medium
126678,Colorado College,29,31,33,29,32,35,25,27,31,16,"Not required for admission, but considered if submitted (Test Optional)",289,14691055,No,NA,23140,70224,70224,0.28,0,0.72,NA,NA,Private not-for-profit,18,30,890,1141,106,476,19,1369,2056,71,88,0.33,NA,7,21,72,590,660,730,29,640,680,730,9,9,70224,70224,Implied no,Yes,63,310,552,Special Focus: Arts and Sciences,Special Focus: Arts and Sciences,Research Colleges and Universities,"Lower Access, Medium Earnings",Small
126711,Colorado Mountain College,NA,NA,NA,NA,NA,NA,NA,NA,NA,NA,NA,121,846690,No,NA,NA,4992,12720,NA,NA,NA,14769,14799,Public,NA,NA,2298,3196,0,340,178,3336,5494,3,14,NA,NA,0,84,15,NA,NA,NA,NA,NA,NA,NA,10,27,4992,12720,Implied no,Yes,31,681,471,Mixed,Mixed Associate/Baccalaureate,No research designation,"Higher Access, Medium Earnings",Medium
126748,Colorado Northwestern Community College,NA,NA,NA,NA,NA,NA,NA,NA,NA,NA,NA,103,758930,No,NA,NA,4058,6768,NA,NA,NA,20706,20923,Public,NA,NA,543,728,20,170,83,881,1271,NA,NA,NA,NA,2,58,39,NA,NA,NA,NA,NA,NA,NA,9,32,4058,6768,Implied no,Implied no,33,181,173,Professions-focused,Professions-focused Associate Small,No research designation,"Higher Access, Medium Earnings",Small
126775,Colorado School of Mines,29,32,33,28,33,35,28,31,34,18,"Not required for admission, but considered if submitted (Test Optional)",1391,17034603,No,50,33060,18930,42840,0.58,0.26,0.16,40590,40560,Public,61,23,4221,1974,187,1600,153,4160,8044,67,82,0.54,NA,0,51,46,670,710,750,42,650,690,730,18,13,18930,42840,Implied no,Yes,88,791,1846,"Special Focus: Technology, Engineering, and Sciences","Special Focus: Technology, Engineering, and Sciences",Research 1: Very High Spending and Doctorate Production,"Lower Access, Higher Earnings",Medium
126818,Colorado State University-Fort Collins,NA,NA,NA,NA,NA,NA,NA,NA,NA,NA,"Not considered for admission, even if submitted (Test Blind)",3626,36838622,No,50,NA,10610,32020,NA,NA,NA,31560,31642,Public,89,16,11769,14452,625,5485,1513,18170,34096,47,67,NA,NA,0,69,30,NA,NA,NA,NA,NA,NA,NA,17,16,10610,32298,Implied no,Yes,57,5449,8152,Mixed,Mixed Undergraduate/Graduate-Doctorate Large,Research 1: Very High Spending and Doctorate Production,"Lower Access, Medium Earnings",Large
126827,Colorado Technical University-Colorado Springs,NA,NA,NA,NA,NA,NA,NA,NA,NA,NA,NA,819,6011767,No,NA,NA,12090,12090,NA,NA,NA,NA,NA,Private for-profit,NA,NA,10052,18194,0,1302,4500,7582,31830,12,14,NA,NA,0,6,94,NA,NA,NA,NA,NA,NA,NA,31,NA,12090,12090,Implied no,Implied no,88,16086,16573,Special Focus: Business,Special Focus: Business,No research designation,"Higher Access, Medium Earnings",Very Large
126942,Community College of Denver,NA,NA,NA,NA,NA,NA,NA,NA,NA,NA,NA,332,3131579,No,NA,NA,3941,16175,NA,NA,NA,19553,19550,Public,NA,NA,2995,4970,346,1273,807,2363,7965,NA,NA,NA,NA,0,99,1,NA,NA,NA,NA,NA,NA,NA,22,2,4058,16658,Implied no,Yes,39,2370,1342,Mixed,Mixed Associate Medium,No research designation,"Higher Access, Lower Earnings",Medium
127060,University of Denver,28,31,33,26,31,34,25,28,31,13,"Not required for admission, but considered if submitted (Test Optional)",1417,48114157,No,65,27786,60048,60048,0.39,0.07,0.54,NA,NA,Private not-for-profit,78,9,2942,3672,180,1337,201,4288,12813,66,76,0.41,NA,3,30,67,600,650,700,20,640,670,710,9,NA,60048,60048,Implied no,Yes,90,914,1790,Mixed,Mixed Undergraduate/Graduate-Doctorate Medium,Research 1: Very High Spending and Doctorate Production,"Lower Access, Higher Earnings",Medium
127185,Fort Lewis College,18,22,26,18,22,26,18,22,26,11,"Not required for admission, but considered if submitted (Test Optional)",773,5109540,No,40,NA,7776,19344,NA,NA,NA,27144,27030,Public,77,19,1578,1814,33,721,174,1564,3544,21,36,NA,NA,1,38,62,505,550,605,9,505,550,605,14,NA,7776,19344,Implied no,Implied no,88,1161,996,Special Focus: Arts and Sciences,Special Focus: Arts and Sciences,Research Colleges and Universities,"Higher Access, Medium Earnings",Small
127200,Front Range Community College,NA,NA,NA,NA,NA,NA,NA,NA,NA,NA,NA,390,3645923,No,NA,NA,4058,16658,NA,NA,NA,21379,21526,Public,NA,NA,9604,12366,407,2302,1410,12378,21970,NA,NA,NA,NA,0,98,2,NA,NA,NA,NA,NA,NA,NA,22,26,4058,16658,Implied no,Yes,21,3557,2402,Mixed,Mixed Associate Large,No research designation,"Higher Access, Lower Earnings",Large
127556,Colorado Mesa University,18,21,24,17,21,24,17,21,25,8,"Not required for admission, but considered if submitted (Test Optional)",1397,11573869,No,40,NA,8807,24004,NA,NA,NA,24027,24046,Public,82,23,4342,5131,125,2357,456,6038,9785,28,47,NA,NA,1,85,14,450,520,570,53,480,530,590,18,27,8807,24004,Implied no,Yes,67,2440,2688,Professions-focused,Professions-focused Baccalaureate Medium,No research designation,"Higher Access, Medium Earnings",Medium
127565,Metropolitan State University of Denver,17,22,26,19,22,25,17,22,25,2,"Not required for admission, but considered if submitted (Test Optional)",1050,10303711,No,NA,NA,9135,28695,NA,NA,NA,24492,24622,Public,99,19,7887,9387,105,2195,1926,7310,18453,12,31,NA,NA,0,97,3,430,500,560,20,450,510,570,14,29,9135,28695,Yes,Implied no,53,5835,4551,Professions-focused,Professions-focused Undergraduate/Graduate-Master's Large/Medium,No research designation,"Higher Access, Medium Earnings",Large
127617,Morgan Community College,NA,NA,NA,NA,NA,NA,NA,NA,NA,NA,NA,48,337687,No,NA,NA,4058,16658,NA,NA,NA,17249,17497,Public,NA,NA,577,1049,5,177,75,828,1626,NA,NA,NA,NA,0,100,0,NA,NA,NA,NA,NA,NA,NA,11,16,4058,16658,Implied no,Yes,26,279,122,Professions-focused,Professions-focused Associate Small,No research designation,"Higher Access, Lower Earnings",Small
127653,Naropa University,NA,NA,NA,NA,NA,NA,NA,NA,NA,NA,"Not considered for admission, even if submitted (Test Blind)",20,508585,No,25,NA,36120,36120,NA,NA,NA,NA,NA,Private not-for-profit,100,27,101,238,7,21,64,211,1094,27,37,NA,NA,0,57,43,NA,NA,NA,NA,NA,NA,NA,10,17,36120,36120,Implied no,Yes,85,189,200,Mixed,Mixed Undergraduate/Graduate-Master's Small,No research designation,"Higher Access, Lower Earnings",Small
127741,University of Northern Colorado,21,24,26,20,23,26,17,22,25,3,"Not required for admission, but considered if submitted (Test Optional)",1152,11510618,No,50,NA,9388,24238,NA,NA,NA,28968,29254,Public,86,13,2197,4283,81,1243,504,3737,8869,38,51,NA,NA,1,86,12,460,520,580,22,490,550,610,14,32,9047,24125,Implied no,Yes,88,1725,2416,Mixed,Mixed Undergraduate/Graduate-Doctorate Medium,Research 2: High Spending and Doctorate Production,"Higher Access, Medium Earnings",Medium
127820,Pikes Peak State College,NA,NA,NA,NA,NA,NA,NA,NA,NA,NA,NA,567,7219081,No,NA,NA,4058,16658,NA,NA,NA,18621,18473,Public,NA,NA,5194,7362,54,2436,1374,6657,12556,NA,NA,NA,NA,0,99,1,NA,NA,NA,NA,NA,NA,NA,22,27,4058,16658,Implied no,Yes,36,3665,1790,Mixed,Mixed Associate Medium,No research designation,"Higher Access, Medium Earnings",Medium
127884,Pueblo Community College,NA,NA,NA,NA,NA,NA,NA,NA,NA,NA,NA,192,1604111,No,NA,NA,4058,16658,NA,NA,NA,21413,22002,Public,NA,NA,2946,4338,41,561,471,3470,7284,NA,NA,NA,NA,0,98,2,NA,NA,NA,NA,NA,NA,NA,20,17,4058,16658,Implied no,Yes,46,1886,1116,Professions-focused,Professions-focused Associate Large/Medium,No research designation,"Higher Access, Medium Earnings",Medium
127909,Red Rocks Community College,NA,NA,NA,NA,NA,NA,NA,NA,NA,NA,NA,232,3325268,No,NA,NA,4058,16658,NA,NA,NA,18375,18143,Public,NA,NA,4009,4313,150,1211,1008,5014,8419,NA,NA,NA,NA,0,98,2,NA,NA,NA,NA,NA,NA,NA,28,14,4058,16658,Implied no,Yes,23,1239,667,Mixed,Mixed Associate Medium,No research designation,"Higher Access, Lower Earnings",Medium
127918,Regis University,22,25,29,21,24,29,22,25,31,3,"Not required for admission, but considered if submitted (Test Optional)",488,16651443,No,NA,NA,45990,45990,NA,NA,NA,NA,NA,Private not-for-profit,86,12,849,1840,62,585,151,1099,4605,55,62,NA,NA,1,76,20,NA,NA,NA,0,NA,NA,NA,11,NA,23700,23700,Implied no,Yes,80,853,1095,Professions-focused,Professions-focused Undergraduate/Graduate-Doctorate Medium,No research designation,"Opportunity Colleges and Universities – Higher Access, Higher Earnings",Medium
127945,Rocky Mountain College of Art and Design,NA,NA,NA,NA,NA,NA,NA,NA,NA,NA,NA,89,483220,No,NA,NA,17760,17760,NA,NA,NA,NA,NA,Private for-profit,NA,NA,488,1573,2,234,402,1107,2061,24,32,NA,NA,0,27,73,NA,NA,NA,NA,NA,NA,NA,13,NA,17760,17760,Yes,Yes,67,913,1132,"Special Focus: Arts, Music, and Design","Special Focus: Arts, Music, and Design",No research designation,"Higher Access, Lower Earnings",Small
128106,Colorado State University Pueblo,19,22,26,17,20,25,16,21,27,3,"Not required for admission, but considered if submitted (Test Optional)",589,6555279,No,25,30309,7076,15300,0.45,0.23,0.32,23470,23937,Public,95,22,2342,2744,63,618,328,2168,6851,24,40,0.47,NA,0,87,11,NA,NA,NA,1,NA,NA,NA,16,34,7076,15300,Implied no,Yes,52,1375,1119,Professions-focused,Professions-focused Baccalaureate Medium,Research Colleges and Universities,"Opportunity Colleges and Universities – Higher Access, Higher Earnings",Medium
128258,Trinidad State College,NA,NA,NA,NA,NA,NA,NA,NA,NA,NA,NA,227,2221482,No,NA,NA,4058,6768,NA,NA,NA,21546,21458,Public,NA,NA,740,873,40,359,91,566,1613,NA,NA,NA,9693,5,81,15,NA,NA,NA,NA,NA,NA,NA,16,15,4058,6768,Implied no,Yes,58,736,202,Mixed,Mixed Associate Small,No research designation,"Higher Access, Medium Earnings",Small
128328,United States Air Force Academy,26,30,33,25,29,34,26,29,32,40,Required to be considered for admission,NA,NA,Yes,NA,NA,NA,NA,0.4,0,0.6,NA,NA,Public,14,78,2900,1214,59,1120,0,2590,4114,84,88,NA,NA,1,6,91,610,670,730,60,620,660,710,7,NA,NA,NA,Implied no,Implied no,NA,NA,NA,Mixed,Mixed Baccalaureate,Research Colleges and Universities,Not Classified in SAEC,Medium
128391,Western Colorado University,22,24,26,21,24,27,20,24,24,8,"Not required for admission, but considered if submitted (Test Optional)",390,3285615,No,30,NA,7308,20424,NA,NA,NA,25905,25736,Public,100,11,1560,1588,24,357,97,1793,3568,35,50,NA,NA,0,62,38,555,620,670,11,608,640,683,17,NA,7308,20424,Implied no,Yes,43,429,702,Mixed,Mixed Undergraduate/Graduate-Master's Large/Medium,No research designation,"Lower Access, Medium Earnings",Medium
128498,Albertus Magnus College,NA,NA,NA,NA,NA,NA,NA,NA,NA,NA,"Not considered for admission, even if submitted (Test Blind)",171,4941500,No,0,NA,40308,40308,NA,NA,NA,NA,NA,Private not-for-profit,59,11,383,623,45,226,79,331,1239,42,50,NA,NA,4,85,10,NA,NA,NA,NA,NA,NA,NA,17,NA,40308,40308,Implied no,Yes,86,451,659,Professions-focused,Professions-focused Undergraduate/Graduate-Master's Small,No research designation,"Higher Access, Medium Earnings",Small
128744,University of Bridgeport,NA,NA,NA,NA,NA,NA,NA,NA,NA,0,"Not required for admission, but considered if submitted (Test Optional)",209,5206973,No,NA,NA,32860,32860,NA,NA,NA,NA,NA,Private not-for-profit,83,5,463,1107,76,372,190,338,3838,29,41,NA,16350,6,66,28,NA,NA,NA,1,NA,NA,NA,15,36,32860,32860,Yes,Yes,85,791,1119,Professions-focused,Professions-focused Undergraduate/Graduate-Doctorate Medium,No research designation,"Higher Access, Medium Earnings",Medium
128771,Central Connecticut State University,NA,NA,NA,NA,NA,NA,NA,NA,NA,0,"Not required for admission, but considered if submitted (Test Optional)",1332,11777045,No,50,NA,6998,10498,NA,NA,NA,24661,24870,Public,73,21,4377,3793,155,1349,835,4211,9997,25,48,NA,NA,0,92,8,470,530,590,21,490,550,600,14,27,6998,10498,Implied no,Yes,73,3032,3892,Professions-focused,Professions-focused Undergraduate/Graduate-Master's Large/Medium,No research designation,"Higher Access, Medium Earnings",Medium
128780,Charter Oak State College,NA,NA,NA,NA,NA,NA,NA,NA,NA,NA,NA,1,7395,No,50,NA,7896,7896,NA,NA,NA,23210,23210,Public,NA,NA,400,1527,18,54,593,907,2012,100,100,NA,NA,0,89,11,NA,NA,NA,NA,NA,NA,NA,15,NA,7896,7896,Implied no,Yes,61,740,760,Special Focus: Arts and Sciences,Special Focus: Arts and Sciences,No research designation,Not Classified in SAEC,Small
128902,Connecticut College,30,32,33,30,33,35,26,28,32,6,"Not required for admission, but considered if submitted (Test Optional)",553,21529227,No,NA,37972,66830,66830,0.32,0.01,0.67,NA,NA,Private not-for-profit,37,15,784,1206,117,451,10,1345,1990,76,82,0.46,NA,5,13,82,660,710,740,18,690,720,760,9,17,66830,66830,Implied no,Yes,98,283,707,Special Focus: Arts and Sciences,Special Focus: Arts and Sciences,No research designation,"Lower Access, Higher Earnings",Small
129020,University of Connecticut,28,31,33,29,32,35,26,28,32,5,Required to be considered for admission,3391,55960518,No,80,28506,17010,39678,0.3,0.17,0.53,39349,39426,Public,52,15,9026,11030,1487,4478,757,10109,28306,73,83,0.49,NA,5,53,42,600,670,730,36,610,670,710,17,7,17010,39678,Implied no,Yes,71,4920,8057,Mixed,Mixed Undergraduate/Graduate-Doctorate Large,Research 1: Very High Spending and Doctorate Production,"Lower Access, Higher Earnings",Large
129154,Goodwin University,NA,NA,NA,NA,NA,NA,NA,NA,NA,NA,NA,91,1000996,No,50,NA,19998,19998,NA,NA,NA,NA,NA,Private not-for-profit,NA,NA,454,2401,1,353,570,924,2970,NA,NA,NA,NA,0,96,4,NA,NA,NA,NA,NA,NA,NA,13,NA,19988,19988,Implied no,Yes,88,1584,2240,Special Focus: Other Health Professions,Special Focus: Other Health Professions,No research designation,"Higher Access, Medium Earnings",Medium
129215,Eastern Connecticut State University,NA,NA,NA,NA,NA,NA,NA,NA,NA,0,"Not required for admission, but considered if submitted (Test Optional)",576,6036563,No,50,NA,6998,10498,NA,NA,NA,31959,31983,Public,83,15,1710,2464,9,808,277,2650,4355,46,57,NA,NA,0,89,11,530,570,610,18,540,590,650,15,27,6998,10496,Implied no,Implied no,75,1101,1849,Special Focus: Arts and Sciences,Special Focus: Arts and Sciences,No research designation,"Higher Access, Medium Earnings",Medium
129242,Fairfield University,29,30,32,NA,NA,NA,NA,NA,NA,5,"Not required for admission, but considered if submitted (Test Optional)",1377,36179085,No,60,41207,57450,57450,0.59,0.01,0.4,NA,NA,Private not-for-profit,33,24,2274,3117,104,1461,41,4264,6864,82,84,0.64,NA,1,13,86,630,660,690,14,630,660,700,12,12,57450,57450,Implied no,Yes,93,343,2147,Professions-focused,Professions-focused Undergraduate/Graduate-Doctorate Medium,No research designation,"Lower Access, Higher Earnings",Medium
129525,University of Hartford,24,28,30,NA,NA,NA,NA,NA,NA,2,"Not required for admission, but considered if submitted (Test Optional)",1306,43680364,No,35,NA,45682,45682,NA,NA,NA,NA,NA,Private not-for-profit,96,10,1771,2452,114,1174,166,2119,6015,44,57,NA,NA,1,52,46,550,600,650,22,570,610,660,11,31,45682,45682,Implied no,Yes,93,1364,2722,Mixed,Mixed Undergraduate/Graduate-Doctorate Medium,No research designation,"Higher Access, Medium Earnings",Medium
129941,University of New Haven,NA,NA,NA,NA,NA,NA,NA,NA,NA,0,"Not required for admission, but considered if submitted (Test Optional)",1287,41691428,No,50,NA,45644,45644,NA,NA,NA,NA,NA,Private not-for-profit,60,10,1948,2955,181,1305,249,2536,9229,56,63,NA,NA,2,43,55,520,570,620,26,540,590,645,17,NA,45644,45644,Implied no,Yes,94,1578,3525,Professions-focused,Professions-focused Undergraduate/Graduate-Master's Large/Medium,Research Colleges and Universities,"Higher Access, Medium Earnings",Medium
130183,Post University,NA,NA,NA,NA,NA,NA,NA,NA,NA,NA,NA,799,6195707,No,NA,NA,16026,16026,NA,NA,NA,NA,NA,Private for-profit,NA,NA,3931,10185,109,1327,3112,5334,16178,22,24,NA,NA,3,6,91,NA,NA,NA,NA,NA,NA,NA,20,NA,15616,15616,Implied no,Yes,80,15341,15931,Professions-focused,Professions-focused Undergraduate/Graduate-Doctorate Large,No research designation,"Higher Access, Medium Earnings",Large
130226,Quinnipiac University,25,28,30,23,28,32,24,27,29,3,"Not required for admission, but considered if submitted (Test Optional)",1796,56696363,No,65,NA,52670,52670,0.48,0.02,0.5,NA,NA,Private not-for-profit,72,11,2627,3930,101,1917,227,4845,9424,71,76,NA,NA,2,32,66,570,610,660,22,580,620,660,12,18,52670,52670,Implied no,Yes,97,1010,3714,Professions-focused,Professions-focused Undergraduate/Graduate-Doctorate Medium,No research designation,"Lower Access, Higher Earnings",Medium
130253,Sacred Heart University,NA,NA,NA,NA,NA,NA,NA,NA,NA,NA,"Not considered for admission, even if submitted (Test Blind)",1885,40763241,No,50,NA,50084,50084,NA,NA,NA,NA,NA,Private not-for-profit,65,17,2597,4607,88,1885,134,5344,11022,68,73,NA,NA,1,23,76,NA,NA,NA,NA,NA,NA,NA,15,NA,50084,50084,Implied no,Yes,95,1100,3979,Professions-focused,Professions-focused Undergraduate/Graduate-Doctorate Medium,Research Colleges and Universities,"Lower Access, Higher Earnings",Medium
130314,University of Saint Joseph,NA,NA,NA,NA,NA,NA,NA,NA,NA,0,"Not required for admission, but considered if submitted (Test Optional)",173,5319165,No,NA,NA,46978,46978,NA,NA,NA,NA,NA,Private not-for-profit,79,12,301,692,13,196,48,517,1952,50,64,NA,NA,1,82,17,410,470,560,13,440,480,610,10,25,46978,46978,Implied no,Yes,88,287,621,Professions-focused,Professions-focused Undergraduate/Graduate-Doctorate Small,No research designation,"Opportunity Colleges and Universities – Higher Access, Higher Earnings",Small
130493,Southern Connecticut State University,NA,NA,NA,NA,NA,NA,NA,NA,NA,NA,"Not considered for admission, even if submitted (Test Blind)",941,9388740,No,50,NA,6998,20938,NA,NA,NA,29572,29673,Public,91,14,2874,4378,52,1096,817,3090,9377,31,50,NA,NA,1,91,9,NA,NA,NA,NA,NA,NA,NA,11,25,6998,10498,Implied no,Yes,65,2766,3541,Mixed,Mixed Undergraduate/Graduate-Doctorate Medium,Research 2: High Spending and Doctorate Production,"Higher Access, Medium Earnings",Medium
130590,Trinity College,30,32,34,29,34,35,27,30,33,3,"Not required for admission, but considered if submitted (Test Optional)",421,21788588,No,65,40969,67650,67650,0.33,0.004,0.67,NA,NA,Private not-for-profit,29,25,1034,1170,295,542,18,1260,2238,78,84,0.55,NA,12,15,73,640,690,730,7,658,715,740,9,9,67650,67650,Implied no,Yes,69,307,845,Special Focus: Arts and Sciences,Special Focus: Arts and Sciences,Research Colleges and Universities,"Lower Access, Higher Earnings",Small
130624,United States Coast Guard Academy,27,30,32,26,30,33,26,28,31,27,"Not required for admission, but considered if submitted (Test Optional)",NA,NA,Yes,NA,NA,NA,NA,NA,NA,NA,NA,NA,Public,22,66,701,407,32,288,0,707,1108,90,93,NA,NA,1,4,94,620,660,700,56,620,660,700,7,NA,NA,NA,Implied no,Implied no,NA,NA,NA,"Special Focus: Technology, Engineering, and Sciences","Special Focus: Technology, Engineering, and Sciences",No research designation,Not Classified in SAEC,Small
130697,Wesleyan University,33,34,35,34,35,35,30,31,34,16,"Not required for admission, but considered if submitted (Test Optional)",328,21646374,No,65,29138,69652,69652,0.24,0.01,0.74,NA,NA,Private not-for-profit,16,35,1810,1995,304,825,48,1717,4011,81,93,0.27,19872,13,8,78,710,750,780,29,705,740,760,8,5,69652,69652,Implied no,Yes,42,435,501,Special Focus: Arts and Sciences,Special Focus: Arts and Sciences,Research Colleges and Universities,"Lower Access, Higher Earnings",Small
130776,Western Connecticut State University,NA,NA,NA,NA,NA,NA,NA,NA,NA,1,"Not required for admission, but considered if submitted (Test Optional)",592,7619083,No,50,NA,6998,10498,NA,NA,NA,24954,24877,Public,87,17,1779,1788,21,861,233,1686,4169,33,52,NA,NA,0,74,26,530,550,590,2,510,560,580,11,26,6998,10498,Implied no,Yes,62,1244,1721,Professions-focused,Professions-focused Baccalaureate Medium,No research designation,"Higher Access, Medium Earnings",Medium
130794,Yale University,33,34,35,34,35,36,31,34,35,25,"Not required for admission, but considered if submitted (Test Optional)",918,60489064,Yes,80,7265,67250,67250,0.18,0.09,0.73,NA,NA,Private not-for-profit,4,70,3309,3505,756,1554,23,2111,15564,58,96,0.12,NA,12,6,81,740,780,790,61,730,760,780,5,NA,67250,67250,Implied no,Yes,57,1388,368,Mixed,Mixed Undergraduate/Graduate-Doctorate Medium,Research 1: Very High Spending and Doctorate Production,"Lower Access, Higher Earnings",Medium
130907,Delaware Technical Community College-Terry,NA,NA,NA,NA,NA,NA,NA,NA,NA,NA,NA,1377,7338755,No,NA,NA,4575,11438,NA,NA,NA,16468,17232,Public,NA,NA,4423,8914,90,2731,791,5566,13337,NA,NA,NA,NA,0,97,3,NA,NA,NA,NA,NA,NA,NA,13,7,2287,5718,Implied no,Yes,54,5146,1855,Professions-focused,Professions-focused Associate Large/Medium,No research designation,"Higher Access, Medium Earnings",Medium
130934,Delaware State University,20,23,24,21,25,28,17,18,23,2,"Not required for admission, but considered if submitted (Test Optional)",1150,15305305,No,35,NA,9050,19014,NA,NA,NA,27415,27939,Public,47,34,1599,2982,94,1325,189,291,5327,28,39,NA,NA,1,49,46,380,440,500,26,420,480,520,17,8,9050,19014,Implied no,Yes,74,2397,2580,Professions-focused,Professions-focused Undergraduate/Graduate-Master's Large/Medium,Research 2: High Spending and Doctorate Production,"Higher Access, Medium Earnings",Medium
130943,University of Delaware,28,30,32,26,30,35,26,28,32,3,"Not required for admission, but considered if submitted (Test Optional)",4122,54829803,No,75,38652,14600,39190,0.5,0.19,0.32,30230,30952,Public,71,16,8010,12016,1121,4420,654,12947,24412,74,83,0.59,NA,1,39,59,590,630,680,19,600,650,690,16,NA,14600,39190,Implied no,Yes,73,3178,9792,Mixed,Mixed Undergraduate/Graduate-Doctorate Large,Research 1: Very High Spending and Doctorate Production,"Lower Access, Higher Earnings",Large
130989,Goldey-Beacom College,NA,NA,NA,NA,NA,NA,NA,NA,NA,NA,"Not considered for admission, even if submitted (Test Blind)",148,1575683,No,NA,NA,14790,14790,NA,NA,NA,NA,NA,Private not-for-profit,85,20,340,357,65,168,87,260,1001,49,57,NA,NA,0,48,43,NA,NA,NA,NA,NA,NA,NA,18,11,14790,14790,Implied no,Yes,84,266,242,Special Focus: Business,Special Focus: Business,No research designation,"Higher Access, Medium Earnings",Small
131113,Wilmington University,NA,NA,NA,NA,NA,NA,NA,NA,NA,NA,NA,97,563862,No,35,NA,12570,12570,NA,NA,NA,NA,NA,Private not-for-profit,NA,NA,3472,5386,285,607,1157,4040,13746,12,22,NA,NA,0,38,61,NA,NA,NA,NA,NA,NA,NA,12,29,12570,12570,Implied no,Yes,28,2444,4270,Professions-focused,Professions-focused Undergraduate/Graduate-Doctorate Medium,No research designation,"Opportunity Colleges and Universities – Higher Access, Higher Earnings",Medium
131159,American University,29,31,32,28,33,35,25,27,29,8,"Not required for admission, but considered if submitted (Test Optional)",1243,45182299,No,75,33831,57952,57952,0.42,0.004,0.58,NA,NA,Private not-for-profit,62,16,2823,4653,486,1662,119,4115,12321,68,75,0.51,NA,3,3,94,620,670,720,22,660,700,740,10,NA,57952,57952,Implied no,Yes,51,1085,2970,Mixed,Mixed Undergraduate/Graduate-Doctorate Medium,Research 1: Very High Spending and Doctorate Production,"Lower Access, Higher Earnings",Medium
131283,The Catholic University of America,NA,NA,NA,NA,NA,NA,NA,NA,NA,NA,"Not considered for admission, even if submitted (Test Blind)",851,36301113,No,NA,NA,56930,56930,NA,NA,NA,NA,NA,Private not-for-profit,83,13,1469,1708,92,742,74,1699,5243,73,79,NA,NA,7,8,84,NA,NA,NA,NA,NA,NA,NA,11,NA,56930,56930,Implied no,Yes,94,638,1500,Mixed,Mixed Undergraduate/Graduate-Doctorate Medium,Research 1: Very High Spending and Doctorate Production,"Lower Access, Higher Earnings",Medium
131399,University of the District of Columbia,NA,NA,NA,NA,NA,NA,NA,NA,NA,NA,NA,226,1781569,No,NA,NA,5292,12144,NA,NA,NA,20110,20437,Public,NA,NA,1222,2388,114,668,328,154,4202,29,44,NA,NA,1,82,13,NA,NA,NA,NA,NA,NA,NA,8,19,5292,12144,Implied no,Yes,92,1179,627,Professions-focused,Professions-focused Associate/Baccalaureate,Research Colleges and Universities,"Higher Access, Medium Earnings",Medium
131450,Gallaudet University,14,14,17,10,12,15,14,15,17,31,Required to be considered for admission,149,3654795,No,NA,NA,18288,18288,NA,NA,NA,NA,NA,Private not-for-profit,58,61,412,463,30,142,60,345,1335,20,47,NA,NA,2,2,96,400,460,520,70,380,430,502,6,17,18288,18288,Implied no,Yes,95,532,351,Mixed,Mixed Undergraduate/Graduate-Doctorate Small,Research Colleges and Universities,"Higher Access, Medium Earnings",Small
131469,George Washington University,31,32,34,32,34,35,27,30,32,11,"Not required for admission, but considered if submitted (Test Optional)",1976,74099522,No,80,34685,67420,67420,0.37,0.11,0.52,NA,NA,Private not-for-profit,47,19,4203,7474,918,2459,569,5469,25374,76,84,0.32,NA,7,2,89,670,710,750,26,680,720,750,13,NA,67420,67420,Implied no,Yes,67,1801,3596,Mixed,Mixed Undergraduate/Graduate-Doctorate Large,Research 1: Very High Spending and Doctorate Production,"Lower Access, Higher Earnings",Large
131496,Georgetown University,31,33,35,34,35,36,29,32,34,30,Required to be considered for admission,535,26567148,Yes,75,30904,67824,67824,0.29,0.06,0.65,NA,NA,Private not-for-profit,13,47,3235,4598,1121,1575,84,3533,20031,87,95,0.34,NA,11,2,87,690,750,780,78,700,740,770,11,NA,67896,67896,Implied no,Yes,34,800,1425,Mixed,Mixed Undergraduate/Graduate-Doctorate Large,Research 1: Very High Spending and Doctorate Production,"Lower Access, Higher Earnings",Large
131520,Howard University,22,25,28,21,25,29,18,23,26,9,"Not required for admission, but considered if submitted (Test Optional)",2235,47521543,No,45,56408,35344,35344,0.52,0.09,0.4,NA,NA,Private not-for-profit,41,19,3262,8257,453,2738,190,20,14890,60,70,0.72,NA,3,2,94,530,590,650,23,560,620,670,13,19,35344,35344,Implied no,Yes,87,4076,5991,Mixed,Mixed Undergraduate/Graduate-Doctorate Medium,Research 1: Very High Spending and Doctorate Production,"Opportunity Colleges and Universities – Higher Access, Higher Earnings",Medium
131876,Trinity Washington University,NA,NA,NA,NA,NA,NA,NA,NA,NA,NA,"Not considered for admission, even if submitted (Test Blind)",204,4566655,No,NA,NA,26360,26360,NA,NA,NA,NA,NA,Private not-for-profit,100,20,73,1585,12,247,140,14,1948,27,49,NA,NA,0,71,28,NA,NA,NA,NA,NA,NA,NA,9,22,26360,26360,Implied no,Yes,83,874,653,Professions-focused,Professions-focused Undergraduate/Graduate-Master's Small,No research designation,"Higher Access, Medium Earnings",Small
132471,Barry University,NA,NA,NA,NA,NA,NA,NA,NA,NA,NA,"Not considered for admission, even if submitted (Test Blind)",576,15478152,No,NA,NA,33600,33600,NA,NA,NA,NA,NA,Private not-for-profit,77,7,1324,1908,348,627,161,664,6825,19,37,NA,18650,13,64,22,NA,NA,NA,NA,NA,NA,NA,7,25,33600,33600,Implied no,Implied no,67,1231,1399,Professions-focused,Professions-focused Undergraduate/Graduate-Doctorate Medium,No research designation,"Opportunity Colleges and Universities – Higher Access, Higher Earnings",Medium
132602,Bethune-Cookman University,NA,NA,NA,NA,NA,NA,NA,NA,NA,0,"Not required for admission, but considered if submitted (Test Optional)",687,11803642,No,NA,NA,13844,13844,NA,NA,NA,NA,NA,Private not-for-profit,88,10,1023,1715,51,1012,103,5,2853,16,31,NA,NA,1,84,15,400,420,480,46,430,460,510,17,38,13844,13844,Implied no,Yes,92,1891,1981,Special Focus: Arts and Sciences,Special Focus: Arts and Sciences,No research designation,"Higher Access, Medium Earnings",Small
132657,Lynn University,21,23,26,20,24,26,17,21,26,4,"Not required for admission, but considered if submitted (Test Optional)",733,16311894,No,NA,NA,42730,42730,NA,NA,NA,NA,NA,Private not-for-profit,73,13,1454,1407,422,715,183,1236,3514,44,52,NA,14330,17,29,52,510,550,590,16,530,580,610,16,NA,42730,42730,Implied no,Yes,92,661,1025,Professions-focused,Professions-focused Undergraduate/Graduate-Doctorate Small,No research designation,"Lower Access, Medium Earnings",Small
132693,Eastern Florida State College,NA,NA,NA,NA,NA,NA,NA,NA,NA,NA,NA,773,4007535,No,30,NA,1892,7573,NA,NA,NA,11945,11966,Public,NA,NA,5673,8380,194,1985,528,7993,14053,NA,NA,NA,NA,0,97,2,NA,NA,NA,NA,NA,NA,NA,22,13,2048,8399,Implied no,Yes,41,3998,2076,Mixed,Mixed Associate/Baccalaureate,No research designation,"Higher Access, Medium Earnings",Medium
132709,Broward College,NA,NA,NA,NA,NA,NA,NA,NA,NA,NA,NA,2098,15231559,No,35,NA,1968,7402,NA,NA,NA,21652,21947,Public,NA,NA,12426,18302,5374,5622,984,3322,30728,NA,NA,NA,NA,1,97,0,NA,NA,NA,NA,NA,NA,NA,31,20,1968,7402,Implied no,Yes,50,11579,2785,Mixed,Mixed Associate/Baccalaureate,No research designation,"Higher Access, Medium Earnings",Very Large
132851,College of Central Florida,NA,NA,NA,NA,NA,NA,NA,NA,NA,NA,NA,589,4271371,No,30,NA,1987,7947,NA,NA,NA,18645,18424,Public,NA,NA,2146,3782,129,1272,318,3295,5928,NA,NA,NA,NA,0,98,1,NA,NA,NA,NA,NA,NA,NA,19,16,1987,7947,Implied no,Yes,56,2321,1015,Mixed,Mixed Associate/Baccalaureate,No research designation,"Higher Access, Medium Earnings",Medium
132903,University of Central Florida,25,27,29,24,26,30,23,25,27,28,Required to be considered for admission,6186,60026485,No,30,20529,4478,19810,0.47,0.25,0.28,23146,23133,Public,40,34,27774,31778,1968,8259,6683,25293,69713,55,78,0.3,NA,0,93,6,590,620,670,71,610,640,680,28,9,4478,19810,Implied no,Yes,69,19222,13429,Mixed,Mixed Undergraduate/Graduate-Doctorate Large,Research 1: Very High Spending and Doctorate Production,"Opportunity Colleges and Universities – Higher Access, Higher Earnings",Very Large
133021,Chipola College,NA,NA,NA,NA,NA,NA,NA,NA,NA,NA,NA,186,1276986,No,20,NA,2365,8195,NA,NA,NA,9255,9262,Public,NA,NA,791,1143,21,447,82,1293,1934,NA,NA,NA,NA,1,89,9,NA,NA,NA,NA,NA,NA,NA,17,16,2365,8195,Implied no,Implied no,50,484,0,Mixed,Mixed Associate/Baccalaureate,No research designation,"Opportunity Colleges and Universities – Higher Access, Higher Earnings",Small
133386,Daytona State College,NA,NA,NA,NA,NA,NA,NA,NA,NA,NA,NA,672,3977175,No,15,NA,3072,11960,NA,NA,NA,11994,12050,Public,NA,NA,4983,7837,88,1678,707,6677,12820,NA,NA,NA,NA,1,97,2,NA,NA,NA,NA,NA,NA,NA,19,14,3072,11960,Implied no,Yes,41,4036,2006,Mixed,Mixed Associate/Baccalaureate,No research designation,"Higher Access, Medium Earnings",Medium
133492,Eckerd College,24,26,29,23,26,31,21,24,27,17,"Not required for admission, but considered if submitted (Test Optional)",526,13051762,No,50,44017,51158,51158,0.44,0.002,0.55,NA,NA,Private not-for-profit,76,12,566,1327,74,474,74,1419,1893,59,66,0.55,NA,4,21,74,560,600,640,27,600,650,690,11,NA,51158,51158,Implied no,Yes,98,414,867,Special Focus: Arts and Sciences,Special Focus: Arts and Sciences,No research designation,"Lower Access, Medium Earnings",Small
133508,Florida SouthWestern State College,NA,NA,NA,NA,NA,NA,NA,NA,NA,NA,NA,1427,8473196,No,30,NA,2436,9750,NA,NA,NA,14251,14254,Public,NA,NA,5185,9116,440,2897,508,4671,14301,NA,NA,NA,NA,1,93,0,NA,NA,NA,NA,NA,NA,NA,27,20,2436,9750,Implied no,Yes,62,4779,1476,Mixed,Mixed Associate/Baccalaureate,No research designation,"Higher Access, Medium Earnings",Medium
133526,Edward Waters University,NA,NA,NA,NA,NA,NA,NA,NA,NA,NA,"Not considered for admission, even if submitted (Test Blind)",300,4376262,No,25,NA,16124,16124,NA,NA,NA,NA,NA,Private not-for-profit,85,3,576,511,1,263,165,57,1177,16,28,NA,NA,2,84,14,NA,NA,NA,NA,NA,NA,NA,14,19,16124,16124,Implied no,Yes,95,839,760,Special Focus: Arts and Sciences,Special Focus: Arts and Sciences,No research designation,"Higher Access, Medium Earnings",Small
133553,Embry-Riddle Aeronautical University-Daytona Beach,24,26,30,22,25,29,23,26,28,25,"Not required for admission, but considered if submitted (Test Optional)",1879,40751818,No,50,NA,42408,42408,NA,NA,NA,NA,NA,Private not-for-profit,65,26,7605,3024,823,1875,226,5517,11426,42,67,NA,NA,7,28,64,580,630,690,52,580,630,670,18,NA,42408,42408,Implied no,Yes,66,1519,2967,Professions-focused,Professions-focused Undergraduate/Graduate-Master's Large/Medium,Research 2: High Spending and Doctorate Production,"Lower Access, Higher Earnings",Medium
133650,Florida Agricultural and Mechanical University,20,22,24,19,21,24,17,20,23,45,Required to be considered for admission,1102,11173457,No,35,NA,3152,14524,NA,NA,NA,24003,23970,Public,21,31,2726,5164,13,1408,601,406,9313,29,53,NA,NA,2,68,30,510,540,570,83,520,560,610,14,22,3152,14524,Implied no,Implied no,74,4232,3896,Professions-focused,Professions-focused Undergraduate/Graduate-Doctorate Medium,Research 2: High Spending and Doctorate Production,"Opportunity Colleges and Universities – Higher Access, Higher Earnings",Medium
133669,Florida Atlantic University,21,23,26,20,22,25,17,21,24,23,Required to be considered for admission,3056,33179393,No,30,23040,2522,14374,0.49,0.12,0.39,21461,21522,Public,66,20,10648,14228,775,4232,2529,10488,31607,50,63,0.39,NA,2,78,19,510,550,590,76,530,570,610,24,24,2522,14374,Implied no,Yes,65,8327,6483,Mixed,Mixed Undergraduate/Graduate-Doctorate Large,Research 1: Very High Spending and Doctorate Production,"Opportunity Colleges and Universities – Higher Access, Higher Earnings",Large
133702,Florida State College at Jacksonville,NA,NA,NA,NA,NA,NA,NA,NA,NA,NA,NA,832,5091572,No,25,NA,2518,9632,NA,NA,NA,9100,9323,Public,NA,NA,8731,14825,817,3041,1994,9646,23556,NA,NA,NA,NA,1,93,0,NA,NA,NA,NA,NA,NA,NA,27,16,2095,7947,Implied no,Yes,46,7546,3870,Mixed,Mixed Associate/Baccalaureate,No research designation,"Higher Access, Medium Earnings",Large
133711,Flagler College,19,21,25,18,21,25,16,18,22,21,"Not required for admission, but considered if submitted (Test Optional)",650,8689100,No,50,NA,28800,28800,NA,NA,NA,NA,NA,Private not-for-profit,81,16,766,1643,84,653,140,1669,2425,45,56,NA,NA,0,47,51,450,510,570,35,510,570,620,15,NA,28800,28800,Implied no,Yes,98,707,1343,Professions-focused,Professions-focused Baccalaureate Small,No research designation,"Lower Access, Medium Earnings",Small
133872,AdventHealth University,NA,NA,NA,NA,NA,NA,NA,NA,NA,NA,NA,61,521836,No,20,NA,20520,20520,NA,NA,NA,NA,NA,Private not-for-profit,NA,NA,199,1208,59,141,294,456,1861,25,37,NA,NA,1,91,9,NA,NA,NA,NA,NA,NA,NA,6,47,20520,20520,Implied no,Yes,53,422,594,Special Focus: Nursing,Special Focus: Nursing,No research designation,"Opportunity Colleges and Universities – Higher Access, Higher Earnings",Small
133881,Florida Institute of Technology,23,26,28,22,24,28,22,25,27,31,Required to be considered for admission,873,22015466,No,NA,41830,44620,44620,0.46,0.06,0.48,NA,NA,Private not-for-profit,58,9,2430,1236,585,940,156,1954,8992,48,62,0.51,NA,6,39,54,560,600,660,72,560,615,660,13,24,44620,44620,Implied no,Yes,85,730,1386,"Special Focus: Technology, Engineering, and Sciences","Special Focus: Technology, Engineering, and Sciences",Research 2: High Spending and Doctorate Production,"Lower Access, Medium Earnings",Medium
133951,Florida International University,21,24,27,21,24,27,18,21,25,10,Required to be considered for admission,2849,29486601,No,30,18086,4721,16529,0.51,0.14,0.35,21046,21462,Public,55,29,20242,24951,3203,5238,4600,3876,54723,59,74,0.24,NA,0,94,3,520,560,620,90,550,600,640,24,14,4721,16529,Implied no,Yes,61,18112,7481,Mixed,Mixed Undergraduate/Graduate-Doctorate Large,Research 1: Very High Spending and Doctorate Production,"Opportunity Colleges and Universities – Higher Access, Higher Earnings",Very Large
133960,The College of the Florida Keys,NA,NA,NA,NA,NA,NA,NA,NA,NA,NA,NA,47,313615,No,30,12449,2483,9933,0.18,0,0.82,19206,19667,Public,NA,NA,461,564,20,210,127,435,1025,NA,NA,0.17,NA,0,80,11,NA,NA,NA,NA,NA,NA,NA,12,23,2483,9933,Implied no,Yes,42,232,280,Professions-focused,Professions-focused Associate Small,No research designation,"Higher Access, Medium Earnings",Small
133979,Florida Memorial University,NA,NA,NA,NA,NA,NA,NA,NA,NA,NA,"Not considered for admission, even if submitted (Test Blind)",420,5934803,No,45,NA,14274,14274,NA,NA,NA,NA,NA,Private not-for-profit,85,5,538,668,97,371,62,50,1277,21,31,NA,NA,0,69,19,NA,NA,NA,NA,NA,NA,NA,17,10,14274,14274,Implied no,Yes,85,898,857,Professions-focused,Professions-focused Baccalaureate Small,No research designation,"Higher Access, Medium Earnings",Small
134079,Florida Southern College,25,27,30,24,26,31,21,25,27,19,"Not required for admission, but considered if submitted (Test Optional)",639,20060825,No,NA,32483,42900,42900,0.43,0,0.57,NA,NA,Private not-for-profit,64,11,945,1737,93,762,110,1710,3211,65,71,0.61,NA,2,60,38,560,600,650,22,590,620,680,11,NA,42900,42900,Implied no,Yes,97,738,1405,Mixed,Mixed Baccalaureate,No research designation,"Lower Access, Medium Earnings",Small
134097,Florida State University,29,30,32,28,31,34,25,27,29,36,Required to be considered for admission,5287,49057198,No,30,18643,4022,16540,0.28,0.1,0.63,25743,25720,Public,24,31,14313,18407,798,5850,2307,18761,43889,74,86,0.29,NA,1,80,19,630,670,700,64,640,680,710,17,5,4640,19084,Implied no,Yes,82,7398,6565,Mixed,Mixed Undergraduate/Graduate-Doctorate Large,Research 1: Very High Spending and Doctorate Production,"Lower Access, Higher Earnings",Very Large
134130,University of Florida,29,31,33,28,32,35,26,29,32,40,Required to be considered for admission,6124,66418164,No,30,18708,4477,25694,0.39,0.1,0.5,22520,22523,Public,24,42,16567,20006,1088,7513,1635,17817,56311,76,91,0.17,NA,7,73,19,660,700,750,80,660,700,730,16,5,4477,25694,Implied no,Implied no,84,7534,3734,Mixed,Mixed Undergraduate/Graduate-Doctorate Large,Research 1: Very High Spending and Doctorate Production,"Lower Access, Higher Earnings",Very Large
134237,Full Sail University,NA,NA,NA,NA,NA,NA,NA,NA,NA,NA,NA,4143,36670301,No,NA,NA,26906,26906,NA,NA,NA,NA,NA,Private for-profit,NA,NA,17249,8528,2,3761,3078,9013,27169,44,45,NA,NA,0,22,77,NA,NA,NA,NA,NA,NA,NA,32,2,26906,26906,Implied no,Implied no,63,8523,15903,Mixed,Mixed Undergraduate/Graduate-Master's Large/Medium,No research designation,"Higher Access, Lower Earnings",Large
134343,Gulf Coast State College,NA,NA,NA,NA,NA,NA,NA,NA,NA,NA,NA,636,4003915,No,10,NA,1750,7065,NA,NA,NA,13608,14657,Public,NA,NA,1922,3504,59,936,164,3632,5426,NA,NA,NA,NA,0,95,5,NA,NA,NA,NA,NA,NA,NA,22,16,1750,7065,Implied no,Yes,52,1402,349,Mixed,Mixed Associate Medium,No research designation,"Higher Access, Medium Earnings",Medium
134495,Hillsborough Community College,NA,NA,NA,NA,NA,NA,NA,NA,NA,NA,NA,2077,14117400,No,NA,NA,1931,7728,NA,NA,NA,10034,9924,Public,NA,NA,8639,12844,409,4983,2032,6213,21483,NA,NA,NA,NA,2,97,1,NA,NA,NA,NA,NA,NA,NA,23,19,1926,7715,Implied no,Yes,53,8406,10520,Mixed,Mixed Associate Large,No research designation,"Higher Access, Medium Earnings",Large
134608,Indian River State College,NA,NA,NA,NA,NA,NA,NA,NA,NA,NA,NA,1518,10580803,No,20,NA,2496,9360,NA,NA,NA,11491,11576,Public,NA,NA,6146,9283,267,3229,462,5050,15429,NA,NA,NA,NA,0,99,0,NA,NA,NA,NA,NA,NA,NA,27,12,2496,9360,Implied no,Yes,53,5176,577,Mixed,Mixed Associate/Baccalaureate,No research designation,"Higher Access, Medium Earnings",Large
134945,Jacksonville University,22,25,27,22,24,28,21,24,26,20,"Not required for admission, but considered if submitted (Test Optional)",748,29814282,No,30,NA,46600,46600,NA,NA,NA,NA,NA,Private not-for-profit,57,16,1307,1639,128,883,254,1507,4247,40,51,NA,NA,5,46,49,520,570,620,21,580,620,660,11,34,46963,46963,Implied no,Yes,93,818,1198,Professions-focused,Professions-focused Undergraduate/Graduate-Doctorate Medium,No research designation,"Lower Access, Higher Earnings",Medium
135081,Keiser University-Ft Lauderdale,NA,NA,NA,NA,NA,NA,NA,NA,NA,NA,"Not considered for admission, even if submitted (Test Blind)",1217,14784563,No,55,NA,23856,23856,NA,NA,NA,NA,NA,Private not-for-profit,97,61,5565,12506,316,1875,287,3487,20888,53,58,NA,NA,5,85,9,NA,NA,NA,NA,NA,NA,NA,14,2,23856,23856,Implied no,Yes,93,10108,12582,Special Focus: Other Health Professions,Special Focus: Other Health Professions,No research designation,"Higher Access, Medium Earnings",Large
135160,Florida Gateway College,NA,NA,NA,NA,NA,NA,NA,NA,NA,NA,NA,292,2304961,No,NA,NA,2369,9473,NA,NA,NA,13925,14388,Public,NA,NA,966,1955,3,632,152,2006,2921,NA,NA,NA,NA,0,97,3,NA,NA,NA,NA,NA,NA,NA,14,14,2369,9473,Implied no,Yes,54,1121,439,Mixed,Mixed Associate/Baccalaureate,No research designation,"Higher Access, Medium Earnings",Medium
135188,Lake-Sumter State College,NA,NA,NA,NA,NA,NA,NA,NA,NA,NA,NA,417,2398021,No,30,NA,3292,13276,NA,NA,NA,12345,12626,Public,NA,NA,2157,3653,68,1151,304,2840,5810,NA,NA,NA,NA,0,90,1,NA,NA,NA,NA,NA,NA,NA,28,22,3292,13276,Implied no,Yes,44,1493,2159,Mixed,Mixed Associate Medium,No research designation,"Higher Access, Medium Earnings",Medium
135391,State College of Florida-Manatee-Sarasota,NA,NA,NA,NA,NA,NA,NA,NA,NA,NA,NA,805,5368115,No,20,NA,2365,2365,NA,NA,NA,28624,28709,Public,NA,NA,3169,5581,276,1838,397,4621,8750,NA,NA,NA,NA,0,100,0,NA,NA,NA,NA,NA,NA,NA,23,22,2365,2365,Implied no,Yes,43,2772,695,Mixed,Mixed Associate/Baccalaureate,No research designation,"Higher Access, Medium Earnings",Medium
135717,Miami Dade College,NA,NA,NA,NA,NA,NA,NA,NA,NA,NA,NA,5534,39935150,No,30,NA,1987,7947,NA,NA,NA,13204,13567,Public,NA,NA,24915,34026,4405,12388,1331,2229,58941,NA,NA,NA,NA,0,99,1,NA,NA,NA,NA,NA,NA,NA,22,14,1987,7947,Implied no,Yes,65,19386,1278,Mixed,Mixed Associate/Baccalaureate,No research designation,"Higher Access, Medium Earnings",Very Large
135726,University of Miami,30,32,33,30,33,35,27,29,32,19,"Not required for admission, but considered if submitted (Test Optional)",1832,75096654,No,70,23000,60720,60720,0.4,0.07,0.53,NA,NA,Private not-for-profit,19,24,5994,7256,1042,2473,502,6352,19852,73,84,0.37,23790,7,28,63,660,700,750,33,660,700,730,11,NA,60720,60720,Implied no,Yes,69,1910,3421,Mixed,Mixed Undergraduate/Graduate-Doctorate Large,Research 1: Very High Spending and Doctorate Production,"Lower Access, Higher Earnings",Large
136145,North Florida College,NA,NA,NA,NA,NA,NA,NA,NA,NA,NA,NA,96,620195,No,20,NA,2280,9120,NA,NA,NA,9011,9265,Public,NA,NA,387,881,4,194,59,762,1268,NA,NA,NA,NA,0,100,0,NA,NA,NA,NA,NA,NA,NA,20,16,2280,9180,Implied no,Yes,55,488,0,Mixed,Mixed Associate/Baccalaureate,No research designation,"Higher Access, Medium Earnings",Small
136172,University of North Florida,19,22,25,18,22,25,17,19,24,34,Required to be considered for admission,2059,19307333,No,30,NA,4281,17999,NA,NA,NA,20692,20983,Public,53,16,5733,8002,340,1910,1311,7594,16154,51,65,NA,NA,0,92,5,520,570,620,66,550,600,650,19,7,3996,16799,Implied no,Implied no,60,4384,3237,Mixed,Mixed Undergraduate/Graduate-Doctorate Medium,Research 2: High Spending and Doctorate Production,"Higher Access, Medium Earnings",Medium
136215,Nova Southeastern University,19,23,28,19,24,28,17,21,26,16,"Not required for admission, but considered if submitted (Test Optional)",2012,50229811,No,50,NA,37500,37500,NA,NA,NA,NA,NA,Private not-for-profit,73,16,2076,5235,526,2030,449,1993,20910,55,63,NA,NA,6,55,38,500,560,650,42,530,600,650,16,28,37500,37500,Implied no,Yes,93,2585,3258,Professions-focused,Professions-focused Undergraduate/Graduate-Doctorate Large,Research 1: Very High Spending and Doctorate Production,"Opportunity Colleges and Universities – Higher Access, Higher Earnings",Large
136233,Northwest Florida State College,NA,NA,NA,NA,NA,NA,NA,NA,NA,NA,NA,287,2140579,No,NA,NA,2151,8604,NA,NA,NA,12146,12914,Public,NA,NA,1955,2797,39,575,215,2998,4752,NA,NA,NA,NA,0,95,4,NA,NA,NA,NA,NA,NA,NA,22,21,2151,8604,Implied no,Yes,31,1052,1020,Mixed,Mixed Associate/Baccalaureate,No research designation,"Higher Access, Medium Earnings",Medium
136330,Palm Beach Atlantic University,18,22,26,17,24,28,16,20,25,14,"Not required for admission, but considered if submitted (Test Optional)",672,15115451,No,NA,NA,39400,39400,NA,NA,NA,NA,NA,Private not-for-profit,82,10,1199,2113,232,841,173,1875,4147,46,55,NA,NA,2,48,49,450,510,600,25,500,540,620,13,NA,39400,39400,Implied no,Yes,76,714,1158,Professions-focused,Professions-focused Undergraduate/Graduate-Doctorate Medium,No research designation,"Lower Access, Medium Earnings",Medium
136358,Palm Beach State College,NA,NA,NA,NA,NA,NA,NA,NA,NA,NA,NA,1724,12252222,No,40,NA,3030,10890,NA,NA,NA,16758,16830,Public,NA,NA,10132,15784,801,5480,1017,6289,25916,NA,NA,NA,NA,0,99,1,NA,NA,NA,NA,NA,NA,NA,31,19,3030,10890,Implied no,Yes,47,9288,2678,Mixed,Mixed Associate/Baccalaureate,No research designation,"Higher Access, Medium Earnings",Large
136400,Pasco-Hernando State College,NA,NA,NA,NA,NA,NA,NA,NA,NA,NA,NA,749,4688550,No,25,NA,2297,9272,NA,NA,NA,11730,11730,Public,NA,NA,3643,5767,117,8,23,4909,9410,NA,NA,NA,NA,0,88,13,NA,NA,NA,NA,NA,NA,NA,22,21,2297,9272,Implied no,Yes,36,2783,702,Mixed,Mixed Associate/Baccalaureate,No research designation,"Higher Access, Medium Earnings",Medium
136473,Pensacola State College,NA,NA,NA,NA,NA,NA,NA,NA,NA,NA,NA,651,4231159,No,NA,NA,1884,7536,NA,NA,NA,11496,11894,Public,NA,NA,3286,6205,112,1537,781,5634,9491,NA,NA,NA,NA,0,91,4,NA,NA,NA,NA,NA,NA,NA,25,17,1884,7536,Implied no,Yes,58,3304,707,Mixed,Mixed Associate/Baccalaureate,No research designation,"Higher Access, Medium Earnings",Medium
136516,Polk State College,NA,NA,NA,NA,NA,NA,NA,NA,NA,NA,NA,319,1054204,No,NA,NA,1987,7946,NA,NA,NA,13167,13451,Public,NA,NA,3687,6631,398,1453,442,2189,10318,NA,NA,NA,NA,6,85,0,NA,NA,NA,NA,NA,NA,NA,19,19,1987,7947,Implied no,Yes,48,2560,524,Mixed,Mixed Associate/Baccalaureate,No research designation,"Higher Access, Medium Earnings",Medium
136774,Ringling College of Art and Design,NA,NA,NA,NA,NA,NA,NA,NA,NA,NA,"Not considered for admission, even if submitted (Test Blind)",446,8224942,No,70,17284,52600,52600,0.49,0.02,0.49,NA,NA,Private not-for-profit,70,23,424,1242,341,367,55,706,1666,58,72,0.3,NA,23,30,47,NA,NA,NA,NA,NA,NA,NA,11,NA,52600,52600,Implied no,Yes,100,363,659,"Special Focus: Arts, Music, and Design","Special Focus: Arts, Music, and Design",No research designation,"Lower Access, Medium Earnings",Small
136950,Rollins College,25,27,30,24,27,32,22,25,27,15,"Not required for admission, but considered if submitted (Test Optional)",589,21719690,No,NA,37948,60580,60580,0.38,0.003,0.62,NA,NA,Private not-for-profit,48,13,1026,1614,211,566,96,1511,3046,69,75,0.38,NA,10,49,40,560,620,680,26,600,640,690,12,NA,60580,60580,Implied no,Yes,92,593,1022,Mixed,Mixed Undergraduate/Graduate-Master's Small,No research designation,"Lower Access, Medium Earnings",Small
137032,Saint Leo University,NA,NA,NA,NA,NA,NA,NA,NA,NA,NA,"Not considered for admission, even if submitted (Test Blind)",629,14116396,No,NA,NA,27880,27880,NA,NA,NA,NA,NA,Private not-for-profit,78,13,3141,4375,366,679,1269,1767,9692,38,44,NA,NA,16,61,19,NA,NA,NA,NA,NA,NA,NA,25,35,27880,27880,Implied no,Yes,53,2470,2435,Mixed,Mixed Undergraduate/Graduate-Doctorate Medium,No research designation,"Higher Access, Medium Earnings",Medium
137078,St Petersburg College,NA,NA,NA,NA,NA,NA,NA,NA,NA,NA,NA,1264,13000169,No,40,NA,1943,7774,NA,NA,NA,12441,12885,Public,NA,NA,9298,14638,200,3396,1339,12933,23936,NA,NA,NA,NA,0,98,2,NA,NA,NA,NA,NA,NA,NA,25,18,1943,7774,Implied no,Yes,45,7608,3699,Mixed,Mixed Associate/Baccalaureate,No research designation,"Higher Access, Medium Earnings",Large
137096,Santa Fe College,NA,NA,NA,NA,NA,NA,NA,NA,NA,NA,NA,706,1837254,No,NA,NA,1872,7418,NA,NA,NA,14440,14165,Public,NA,NA,5770,6988,336,2684,951,6603,12758,NA,NA,NA,NA,5,94,1,NA,NA,NA,NA,NA,NA,NA,18,19,1872,7418,Implied no,Yes,40,3464,1382,Mixed,Mixed Associate Medium,No research designation,"Opportunity Colleges and Universities – Higher Access, Higher Earnings",Medium
137209,Seminole State College of Florida,NA,NA,NA,NA,NA,NA,NA,NA,NA,NA,NA,944,5477804,No,NA,NA,2393,2393,NA,NA,NA,14246,14281,Public,NA,NA,6463,8927,342,2505,1219,6234,15390,NA,NA,NA,NA,0,98,1,NA,NA,NA,NA,NA,NA,NA,29,19,2393,2393,Implied no,Yes,41,4027,2491,Mixed,Mixed Associate/Baccalaureate,No research designation,"Lower Access, Medium Earnings",Large
137281,Saint Johns River State College,NA,NA,NA,NA,NA,NA,NA,NA,NA,NA,NA,286,2111934,No,30,NA,1892,7573,NA,NA,NA,12690,12906,Public,NA,NA,2903,5024,44,1088,238,4750,7927,NA,NA,NA,NA,0,98,0,NA,NA,NA,NA,NA,NA,NA,19,20,1892,7572,Implied no,Yes,25,1321,479,Mixed,Mixed Associate/Baccalaureate,No research designation,"Lower Access, Medium Earnings",Medium
137315,South Florida State College,NA,NA,NA,NA,NA,NA,NA,NA,NA,NA,NA,262,1566867,No,15,NA,3135,11829,NA,NA,NA,10142,10169,Public,NA,NA,964,1916,43,499,150,1025,2880,NA,NA,NA,NA,0,100,0,NA,NA,NA,NA,NA,NA,NA,16,17,3135,11829,Implied no,Implied no,51,1269,142,Mixed,Mixed Associate/Baccalaureate,No research designation,"Higher Access, Medium Earnings",Small
137351,University of South Florida,24,26,29,23,25,29,22,25,27,22,Required to be considered for admission,4689,49948764,No,30,20522,4559,15473,0.48,0.15,0.37,22514,22859,Public,43,23,16662,21863,3032,6904,3526,16760,49622,65,77,0.31,NA,7,81,12,550,600,660,78,580,620,660,22,10,4559,15473,Implied no,Implied no,69,10943,8892,Mixed,Mixed Undergraduate/Graduate-Doctorate Large,Research 1: Very High Spending and Doctorate Production,"Lower Access, Higher Earnings",Very Large
137476,St. Thomas University,NA,NA,NA,NA,NA,NA,NA,NA,NA,NA,"Not considered for admission, even if submitted (Test Blind)",559,13056164,No,NA,NA,33580,33580,NA,NA,NA,NA,NA,Private not-for-profit,98,10,2202,2284,323,726,282,660,7652,37,48,NA,NA,15,77,8,NA,NA,NA,NA,NA,NA,NA,17,31,33580,33580,Implied no,Yes,46,1070,1224,Professions-focused,Professions-focused Undergraduate/Graduate-Doctorate Medium,No research designation,"Opportunity Colleges and Universities – Higher Access, Higher Earnings",Medium
137546,Stetson University,21,25,28,21,24,29,18,23,26,9,"Not required for admission, but considered if submitted (Test Optional)",636,33300906,No,NA,29276,57010,57010,0.26,0.01,0.73,NA,NA,Private not-for-profit,72,8,1019,1330,211,686,159,1099,3775,56,62,0.57,NA,4,72,23,520,555,610,19,540,600,660,10,NA,57010,57010,Implied no,Yes,97,870,1085,Mixed,Mixed Undergraduate/Graduate-Doctorate Medium,No research designation,"Higher Access, Medium Earnings",Medium
137564,Southeastern University,NA,NA,NA,NA,NA,NA,NA,NA,NA,NA,"Not considered for admission, even if submitted (Test Blind)",889,15324223,No,40,NA,31650,31650,NA,NA,NA,NA,NA,Private not-for-profit,53,49,4205,5967,769,1180,584,4949,11510,35,44,NA,NA,0,55,45,NA,NA,NA,NA,NA,NA,NA,19,29,31650,31650,Implied no,Yes,45,1976,2566,Professions-focused,Professions-focused Undergraduate/Graduate-Doctorate Medium,No research designation,"Higher Access, Medium Earnings",Medium
137759,Tallahassee Community College,NA,NA,NA,NA,NA,NA,NA,NA,NA,NA,NA,1847,10304311,No,NA,NA,2002,7982,NA,NA,NA,13790,13378,Public,NA,NA,5222,7233,273,4128,1071,4747,12455,NA,NA,NA,NA,0,95,4,NA,NA,NA,NA,NA,NA,NA,25,33,2002,7982,Implied no,Yes,51,3994,2317,Mixed,Mixed Associate Medium,No research designation,"Higher Access, Medium Earnings",Medium
137847,The University of Tampa,NA,NA,NA,NA,NA,NA,NA,NA,NA,NA,"Not considered for admission, even if submitted (Test Blind)",2263,36082738,No,40,33796,32096,32096,0.67,0.02,0.32,NA,NA,Private not-for-profit,40,17,4489,6109,499,2544,436,7485,11433,55,64,0.75,NA,4,19,77,NA,NA,NA,NA,NA,NA,NA,17,NA,32096,32096,Implied no,Yes,91,1533,6800,Professions-focused,Professions-focused Undergraduate/Graduate-Master's Large/Medium,No research designation,"Lower Access, Medium Earnings",Medium
138187,Valencia College,NA,NA,NA,NA,NA,NA,NA,NA,NA,NA,NA,3719,29827267,No,35,NA,2467,9379,NA,NA,NA,18454,18529,Public,NA,NA,19410,28015,3363,9758,2797,10714,47425,NA,NA,NA,NA,3,84,1,NA,NA,NA,NA,NA,NA,NA,27,17,2467,9379,Implied no,Yes,48,16643,5165,Mixed,Mixed Associate Large,No research designation,"Higher Access, Medium Earnings",Very Large
138309,Rasmussen University-Florida,NA,NA,NA,NA,NA,NA,NA,NA,NA,NA,NA,56,401590,No,NA,NA,13525,13525,NA,NA,NA,NA,NA,Private for-profit,NA,NA,391,2730,0,176,772,883,3121,0,0,NA,NA,0,100,0,NA,NA,NA,NA,NA,NA,NA,10,NA,14024,14024,Implied no,Yes,75,1706,2527,Special Focus: Nursing,Special Focus: Nursing,No research designation,"Opportunity Colleges and Universities – Higher Access, Higher Earnings",Medium
138354,University of West Florida,20,23,27,19,23,26,17,21,25,70,Required to be considered for admission,1080,10362306,No,30,NA,4319,16587,NA,NA,NA,19806,19947,Public,58,26,4210,5760,292,1552,1169,5930,14822,47,59,NA,NA,0,87,11,500,540,600,49,520,580,630,22,5,3735,16004,Implied no,Yes,70,3197,2438,Mixed,Mixed Undergraduate/Graduate-Doctorate Medium,Research 2: High Spending and Doctorate Production,"Higher Access, Medium Earnings",Medium
138558,Abraham Baldwin Agricultural College,17,19,22,15,18,22,16,17,21,13,"Not required for admission, but considered if submitted (Test Optional)",836,5640559,No,20,NA,2616,9936,NA,NA,NA,13634,13956,Public,76,47,1482,2343,26,960,172,2936,3825,24,38,NA,NA,1,89,10,420,475,520,26,440,500,560,21,40,2616,9936,Implied no,Yes,82,1309,884,Professions-focused,Professions-focused Baccalaureate Medium,No research designation,"Lower Access, Medium Earnings",Medium
138600,Agnes Scott College,25,27,31,NA,NA,NA,NA,NA,NA,17,"Not required for admission, but considered if submitted (Test Optional)",241,8687473,No,NA,32425,50264,50264,0.23,0,0.77,NA,NA,Private not-for-profit,62,16,0,843,23,210,10,337,1079,64,71,0.62,NA,1,71,27,540,580,635,27,620,660,695,10,NA,50264,50264,Implied no,Yes,98,351,479,Special Focus: Arts and Sciences,Special Focus: Arts and Sciences,No research designation,"Opportunity Colleges and Universities – Higher Access, Higher Earnings",Small
138716,Albany State University,NA,NA,NA,NA,NA,NA,NA,NA,NA,NA,NA,1266,10764963,No,25,NA,4176,15528,NA,NA,NA,19319,19333,Public,NA,NA,1652,4502,18,1487,368,373,6768,15,33,NA,NA,0,87,13,NA,NA,NA,NA,NA,NA,NA,21,37,4176,15528,Implied no,Yes,82,4203,3847,Professions-focused,Professions-focused Associate/Baccalaureate,No research designation,"Opportunity Colleges and Universities – Higher Access, Higher Earnings",Medium
138868,Point University,NA,NA,NA,NA,NA,NA,NA,NA,NA,NA,"Not considered for admission, even if submitted (Test Blind)",259,3896260,No,NA,NA,22800,22800,NA,NA,NA,NA,NA,Private not-for-profit,44,83,1011,986,15,352,382,1102,2260,18,38,NA,NA,0,21,58,NA,NA,NA,NA,NA,NA,NA,15,NA,22800,22800,Implied no,Yes,97,582,358,Professions-focused,Professions-focused Baccalaureate Small,No research designation,"Higher Access, Medium Earnings",Small
138901,Atlanta Metropolitan State College,NA,NA,NA,NA,NA,NA,NA,NA,NA,NA,NA,104,724376,No,20,NA,2568,9720,NA,NA,NA,11531,11740,Public,NA,NA,489,1060,17,189,232,26,1549,0,18,NA,NA,2,95,3,NA,NA,NA,NA,NA,NA,NA,20,38,2568,9720,Implied no,Implied no,66,826,514,Mixed,Mixed Associate/Baccalaureate,No research designation,"Higher Access, Lower Earnings",Small
138947,Clark Atlanta University,NA,NA,NA,NA,NA,NA,NA,NA,NA,NA,"Not considered for admission, even if submitted (Test Blind)",951,11842731,No,35,NA,25128,25128,NA,NA,NA,NA,NA,Private not-for-profit,64,6,825,2793,11,1000,159,11,4252,37,49,NA,NA,0,27,72,NA,NA,NA,NA,NA,NA,NA,16,17,25128,25128,Implied no,Yes,87,2463,2802,Professions-focused,Professions-focused Undergraduate/Graduate-Doctorate Medium,Research 2: High Spending and Doctorate Production,"Higher Access, Medium Earnings",Medium
139144,Berry College,22,25,28,21,25,29,20,23,26,15,"Not required for admission, but considered if submitted (Test Optional)",576,18210109,No,NA,NA,41160,41160,NA,NA,NA,NA,NA,Private not-for-profit,64,15,848,1406,12,616,46,1613,2484,63,69,NA,NA,1,74,25,545,600,650,4,580,620,680,12,NA,41160,41160,Implied no,Yes,99,596,865,Mixed,Mixed Baccalaureate,No research designation,"Lower Access, Medium Earnings",Small
139199,Brenau University,18,20,22,15,20,22,16,18,19,4,"Not required for admission, but considered if submitted (Test Optional)",196,5159665,No,NA,NA,31740,31740,NA,NA,NA,NA,NA,Private not-for-profit,88,9,165,1108,62,290,108,545,2436,27,35,NA,12850,2,93,6,430,540,580,12,500,550,620,11,47,31470,31470,Implied no,Yes,90,548,835,Professions-focused,Professions-focused Undergraduate/Graduate-Doctorate Small,No research designation,"Higher Access, Medium Earnings",Small
139205,Brewton-Parker College,NA,NA,NA,NA,NA,NA,NA,NA,NA,NA,"Not considered for admission, even if submitted (Test Blind)",196,2562521,No,35,NA,18400,18400,NA,NA,NA,NA,NA,Private not-for-profit,96,27,709,525,37,257,114,666,1338,12,17,NA,NA,4,69,27,NA,NA,NA,NA,NA,NA,NA,15,54,18400,18400,Implied no,Yes,94,474,362,Mixed,Mixed Baccalaureate,No research designation,"Higher Access, Medium Earnings",Small
139250,College of Coastal Georgia,17,19,22,15,19,21,17,19,22,5,"Not required for admission, but considered if submitted (Test Optional)",491,3090473,No,25,NA,2616,9936,NA,NA,NA,21048,21924,Public,98,30,1035,2433,47,772,270,2050,3468,14,26,NA,NA,1,91,8,410,460,530,10,465,530,570,22,40,2616,9936,Implied no,Implied no,65,1292,908,Special Focus: Arts and Sciences,Special Focus: Arts and Sciences,No research designation,"Higher Access, Medium Earnings",Medium
139311,Clayton  State University,15,17,19,13,16,18,15,16,17,13,"Not required for admission, but considered if submitted (Test Optional)",407,3843672,No,40,NA,4176,15528,NA,NA,NA,17306,17415,Public,68,40,1723,3828,62,518,534,577,6163,18,41,NA,NA,3,94,3,410,460,520,43,450,500,558,20,29,4176,15528,Implied no,Yes,79,2777,2027,Professions-focused,Professions-focused Undergraduate/Graduate-Master's Large/Medium,No research designation,"Higher Access, Medium Earnings",Medium
139366,Columbus State University,16,19,22,14,18,22,16,17,22,12,"Not required for admission, but considered if submitted (Test Optional)",892,8030871,No,40,NA,4488,16200,NA,NA,NA,20780,21676,Public,99,32,2606,3517,84,1149,478,2579,7913,23,43,NA,NA,1,92,7,360,440,530,14,440,500,530,16,34,4488,16200,Implied no,Implied no,76,2687,2278,Mixed,Mixed Undergraduate/Graduate-Doctorate Medium,No research designation,"Higher Access, Medium Earnings",Medium
139393,Covenant College,23,27,30,23,27,34,21,24,27,47,"Not required for admission, but considered if submitted (Test Optional)",245,7281437,No,35,NA,40800,40800,NA,NA,NA,NA,NA,Private not-for-profit,87,40,520,567,40,282,23,906,1100,65,69,NA,12754,3,34,63,560,630,670,36,600,670,710,13,21,40800,40800,Implied no,Implied no,94,173,367,Special Focus: Arts and Sciences,Special Focus: Arts and Sciences,No research designation,"Lower Access, Medium Earnings",Small
139463,Dalton State College,NA,NA,NA,NA,NA,NA,NA,NA,NA,NA,NA,828,5509854,No,30,NA,2616,9936,NA,NA,NA,12253,12719,Public,NA,NA,1862,3273,63,1132,281,2579,5135,8,24,NA,NA,1,98,1,NA,NA,NA,NA,NA,NA,NA,21,31,2616,9936,Implied no,Yes,68,2446,680,Professions-focused,Professions-focused Baccalaureate Medium,No research designation,"Higher Access, Medium Earnings",Medium
139621,East Georgia State College,NA,NA,NA,NA,NA,NA,NA,NA,NA,NA,NA,409,2708695,No,NA,NA,2424,9384,NA,NA,NA,15760,15966,Public,NA,NA,745,1075,7,641,128,698,1820,3,3,NA,NA,0,93,7,NA,NA,NA,NA,NA,NA,NA,23,51,2424,9384,Implied no,Implied no,61,848,449,Mixed,Mixed Associate Small,No research designation,"Opportunity Colleges and Universities – Higher Access, Higher Earnings",Small
139658,Emory University,32,34,35,NA,NA,NA,NA,NA,NA,20,"Not required for admission, but considered if submitted (Test Optional)",666,37508421,No,75,24562,63400,63400,0.25,0.12,0.63,NA,NA,Private not-for-profit,11,40,3203,4204,1238,1438,592,2196,15175,81,91,0.27,NA,21,15,64,750,780,790,43,720,740,760,10,NA,63400,63400,Implied no,Yes,53,1340,781,Mixed,Mixed Undergraduate/Graduate-Doctorate Medium,Research 1: Very High Spending and Doctorate Production,"Lower Access, Higher Earnings",Medium
139700,Georgia Highlands College,NA,NA,NA,NA,NA,NA,NA,NA,NA,NA,NA,475,2846797,No,30,NA,2424,9384,NA,NA,NA,12619,13389,Public,NA,NA,1809,3573,44,965,527,3013,5382,20,20,NA,NA,2,90,8,NA,NA,NA,NA,NA,NA,NA,21,37,2424,9384,Implied no,Yes,53,2037,844,Mixed,Mixed Associate/Baccalaureate,No research designation,"Higher Access, Medium Earnings",Medium
139719,Fort Valley State University,19,20,24,20,21,24,18,18,22,1,"Not required for admission, but considered if submitted (Test Optional)",640,6431345,No,NA,NA,4176,15582,NA,NA,NA,19860,19879,Public,66,23,896,1803,4,781,96,35,2897,19,41,NA,NA,0,94,6,450,470,510,4,480,510,560,21,29,4176,15528,Implied no,Yes,86,1877,1752,Special Focus: Arts and Sciences,Special Focus: Arts and Sciences,Research Colleges and Universities,"Higher Access, Medium Earnings",Small
139755,Georgia Institute of Technology-Main Campus,30,33,34,31,34,35,29,32,35,35,Required to be considered for admission,2681,37111171,No,75,26841,10512,32938,0.37,0.27,0.36,28309,28167,Public,14,46,12413,8178,1628,3836,1108,6873,53363,64,94,0.28,NA,9,61,30,690,760,790,77,680,720,750,17,4,10512,32938,Implied no,Yes,71,2711,3310,"Special Focus: Technology, Engineering, and Sciences","Special Focus: Technology, Engineering, and Sciences",Research 1: Very High Spending and Doctorate Production,"Lower Access, Higher Earnings",Very Large
139764,Georgia Southwestern State University,16,17,22,14,16,21,15,16,20,11,"Not required for admission, but considered if submitted (Test Optional)",473,4306325,No,25,NA,4176,15528,NA,NA,NA,20294,20484,Public,75,31,1056,1968,154,561,340,1649,3700,25,41,NA,NA,0,97,3,430,480,540,25,460,510,570,18,42,4176,15528,Implied no,Implied no,74,1195,1027,Professions-focused,Professions-focused Undergraduate/Graduate-Master's Small,No research designation,"Lower Access, Higher Earnings",Small
139861,Georgia College & State University,22,24,26,21,24,26,20,23,25,32,Required to be considered for admission,1724,14952242,No,50,30362,7696,28022,0.55,0.01,0.44,30282,30258,Public,78,36,2132,3874,44,1801,205,4937,7097,53,64,0.45,NA,0,99,0,520,560,600,68,550,590,630,17,31,7696,28022,Implied no,Yes,83,998,1947,Professions-focused,Professions-focused Undergraduate/Graduate-Master's Large/Medium,No research designation,"Lower Access, Medium Earnings",Medium
139931,Georgia Southern University,18,20,23,16,19,22,17,19,22,18,"Not required for admission, but considered if submitted (Test Optional)",4161,37425273,No,30,NA,4488,16200,NA,NA,NA,24224,24430,Public,88,28,9969,13572,327,5163,1390,12897,27423,36,55,NA,NA,2,90,8,458,500,550,35,528,555,583,25,28,4488,16200,Implied no,Yes,76,8092,7954,Professions-focused,Professions-focused Undergraduate/Graduate-Doctorate Large,Research 2: High Spending and Doctorate Production,"Higher Access, Medium Earnings",Large
139940,Georgia State University,19,22,26,18,21,26,17,20,25,12,"Not required for admission, but considered if submitted (Test Optional)",4134,49824344,No,60,28502,7344,23520,0.55,0.22,0.23,28312,28241,Public,55,23,11162,16253,1154,4218,1392,4280,34944,33,53,0.55,NA,9,79,11,460,530,590,33,480,530,590,25,25,7344,23520,Implied no,Yes,80,14000,11173,Mixed,Mixed Undergraduate/Graduate-Doctorate Large,Research 1: Very High Spending and Doctorate Production,"Higher Access, Medium Earnings",Very Large
139959,University of Georgia,29,32,34,29,33,35,27,29,33,38,Required to be considered for admission,5441,63515529,No,70,20890,10034,30272,0.43,0.12,0.45,28001,27993,Public,38,38,13866,18533,435,6169,2026,21238,43146,75,90,0.32,NA,0,81,19,630,690,750,61,640,680,730,17,7,10034,30272,Implied no,Yes,86,5278,6158,Mixed,Mixed Undergraduate/Graduate-Doctorate Large,Research 1: Very High Spending and Doctorate Production,"Lower Access, Higher Earnings",Very Large
139968,Gordon State College,15,18,24,14,17,22,15,16,21,6,"Not required for admission, but considered if submitted (Test Optional)",550,3553964,No,30,NA,2616,9936,NA,NA,NA,14137,14771,Public,86,36,1026,2153,8,601,268,1668,3179,9,15,NA,NA,0,99,1,440,510,540,14,450,530,590,20,47,2616,9936,Implied no,Yes,82,1522,1117,Professions-focused,Professions-focused Associate/Baccalaureate,No research designation,"Opportunity Colleges and Universities – Higher Access, Higher Earnings",Small
140252,Life University,17,19,20,15,18,22,18,21,25,8,"Not required for admission, but considered if submitted (Test Optional)",178,2009995,No,50,NA,13545,13545,NA,NA,NA,NA,NA,Private not-for-profit,93,42,440,459,154,225,138,249,2714,29,38,NA,NA,17,52,31,440,510,540,19,480,525,590,15,26,13545,13545,Implied no,Yes,81,349,457,Mixed,Mixed Undergraduate/Graduate-Doctorate Small,No research designation,"Higher Access, Medium Earnings",Small
140447,Mercer University,25,28,31,24,27,33,23,26,29,17,"Not required for admission, but considered if submitted (Test Optional)",1013,34247030,No,50,21827,42012,42012,0.41,0.04,0.55,NA,NA,Private not-for-profit,69,13,1626,3064,124,859,459,1870,9196,61,70,0.6,NA,0,85,14,570,610,670,40,590,640,680,11,16,31265,31265,Implied no,Yes,94,1702,3002,Mixed,Mixed Undergraduate/Graduate-Doctorate Medium,Research 2: High Spending and Doctorate Production,"Opportunity Colleges and Universities – Higher Access, Higher Earnings",Medium
140553,Morehouse College,18,21,25,18,21,25,16,18,24,11,"Not required for admission, but considered if submitted (Test Optional)",541,8378747,No,50,91697,28964,28964,0.48,0.02,0.51,NA,NA,Private not-for-profit,44,27,2846,1,10,684,77,2,2847,46,59,NA,NA,0,28,71,NA,NA,NA,0,NA,NA,NA,14,20,28964,28964,Implied no,Yes,77,1223,1571,Special Focus: Arts and Sciences,Special Focus: Arts and Sciences,Research Colleges and Universities,"Opportunity Colleges and Universities – Higher Access, Higher Earnings",Small
140696,Oglethorpe University,22,29,31,21,26,34,19,26,27,7,"Not required for admission, but considered if submitted (Test Optional)",390,15230908,No,50,NA,47180,47180,NA,NA,NA,NA,NA,Private not-for-profit,88,18,519,877,43,345,45,388,1425,43,54,NA,NA,1,86,8,540,570,650,20,550,610,660,13,NA,47180,47180,Implied no,Yes,98,539,1025,Special Focus: Arts and Sciences,Special Focus: Arts and Sciences,No research designation,"Opportunity Colleges and Universities – Higher Access, Higher Earnings",Small
140818,Piedmont University,18,21,25,19,21,25,18,20,26,10,"Not required for admission, but considered if submitted (Test Optional)",285,7016037,No,NA,NA,31200,31200,NA,NA,NA,NA,NA,Private not-for-profit,93,15,389,770,11,241,97,738,1857,37,47,NA,NA,1,82,17,510,580,620,25,528,565,625,12,35,31200,31200,Implied no,Yes,99,534,830,Professions-focused,Professions-focused Undergraduate/Graduate-Master's Small,No research designation,"Lower Access, Medium Earnings",Small
140872,Reinhardt University,NA,NA,NA,NA,NA,NA,NA,NA,NA,0,"Not required for admission, but considered if submitted (Test Optional)",314,6886538,No,NA,NA,28164,28164,NA,NA,NA,NA,NA,Private not-for-profit,62,29,592,537,52,335,119,643,1233,35,44,NA,13600,4,88,8,NA,NA,NA,0,NA,NA,NA,11,18,28164,28164,Implied no,Implied no,98,431,609,Professions-focused,Professions-focused Baccalaureate Small,No research designation,"Higher Access, Medium Earnings",Small
140951,Savannah College of Art and Design,21,24,28,21,25,30,18,21,25,12,"Not required for admission, but considered if submitted (Test Optional)",3449,44437503,No,100,NA,41130,41130,NA,NA,NA,NA,NA,Private not-for-profit,83,26,4576,10976,2207,3496,653,7997,18550,52,69,NA,NA,12,17,70,490,550,610,16,540,610,660,21,17,41130,41130,Implied no,Yes,92,2758,4940,"Special Focus: Arts, Music, and Design","Special Focus: Arts, Music, and Design",No research designation,"Lower Access, Medium Earnings",Medium
140960,Savannah State University,NA,NA,NA,NA,NA,NA,NA,NA,NA,NA,NA,656,6765931,No,NA,NA,4176,17469,NA,NA,NA,17105,17191,Public,NA,NA,1122,1844,58,724,176,86,3193,16,28,NA,NA,1,83,16,NA,NA,NA,NA,NA,NA,NA,21,40,4176,17469,Implied no,Implied no,87,1944,1880,Professions-focused,Professions-focused Baccalaureate Small,No research designation,"Higher Access, Medium Earnings",Small
140988,Shorter University,18,22,25,14,20,25,16,18,21,7,"Not required for admission, but considered if submitted (Test Optional)",267,5036276,No,25,NA,24100,24100,NA,NA,NA,NA,NA,Private not-for-profit,96,33,592,611,27,292,115,659,1318,31,37,NA,NA,1,85,9,510,530,580,6,530,580,620,14,NA,24100,24100,Implied no,Implied no,80,495,641,Professions-focused,Professions-focused Undergraduate/Graduate-Master's Small,No research designation,"Higher Access, Medium Earnings",Small
141060,Spelman College,22,25,29,21,26,31,18,23,26,16,"Not required for admission, but considered if submitted (Test Optional)",696,7387034,No,40,32900,28207,28207,0.41,0.01,0.57,NA,NA,Private not-for-profit,25,24,170,3247,16,705,13,173,3417,70,78,0.62,18091,0,21,78,518,590,640,23,590,630,680,11,12,28207,28207,Implied no,Yes,63,1011,1749,Special Focus: Arts and Sciences,Special Focus: Arts and Sciences,Research Colleges and Universities,"Opportunity Colleges and Universities – Higher Access, Higher Earnings",Small
141167,Thomas University,20,22,24,18,20,24,17,18,23,6,"Not required for admission, but considered if submitted (Test Optional)",133,699082,No,NA,NA,11400,11400,NA,NA,NA,NA,NA,Private not-for-profit,38,71,427,595,26,140,208,353,1471,3,7,NA,8141,0,76,24,490,530,600,26,500,530,620,12,NA,11400,11400,Implied no,Implied no,90,440,657,Professions-focused,Professions-focused Undergraduate/Graduate-Master's Small,No research designation,"Opportunity Colleges and Universities – Higher Access, Higher Earnings",Small
141185,Toccoa Falls College,18,22,24,18,24,25,15,18,20,8,"Not required for admission, but considered if submitted (Test Optional)",203,3130785,No,NA,NA,23950,23950,NA,NA,NA,NA,NA,Private not-for-profit,66,36,1136,1877,85,270,58,2115,3067,32,42,NA,8800,0,83,17,490,550,580,9,520,590,650,18,NA,23950,23950,Implied no,Yes,96,401,477,Professions-focused,Professions-focused Baccalaureate Small,No research designation,"Lower Access, Medium Earnings",Small
141237,Truett McConnell University,NA,NA,NA,NA,NA,NA,NA,NA,NA,NA,"Not considered for admission, even if submitted (Test Blind)",215,3595929,No,NA,NA,24912,24912,NA,NA,NA,NA,NA,Private not-for-profit,78,46,1184,1340,13,242,41,1763,2615,30,38,NA,NA,11,78,12,NA,NA,NA,NA,NA,NA,NA,15,NA,24912,24912,Implied no,Yes,98,265,394,Professions-focused,Professions-focused Baccalaureate Small,No research designation,"Lower Access, Medium Earnings",Small
141264,Valdosta State University,16,19,22,15,18,22,16,17,20,13,Required to be considered for admission,1014,10349384,No,40,NA,4488,16200,NA,NA,NA,20133,20801,Public,72,26,2338,4828,94,1171,659,3206,10262,25,42,NA,NA,1,73,26,440,490,530,31,480,520,570,17,37,4488,16200,Implied no,Implied no,81,3795,3191,Professions-focused,Professions-focused Undergraduate/Graduate-Doctorate Medium,No research designation,"Higher Access, Medium Earnings",Medium
141334,University of West Georgia,17,19,22,15,19,22,16,18,21,28,Required to be considered for admission,1198,10963491,No,40,NA,4488,16200,NA,NA,NA,21263,21981,Public,52,31,3414,5689,124,1419,746,4643,14337,25,43,NA,NA,2,92,5,460,500,550,40,490,540,590,18,34,4488,16200,Implied no,Yes,80,3410,2925,Professions-focused,Professions-focused Undergraduate/Graduate-Doctorate Medium,No research designation,"Higher Access, Medium Earnings",Medium
141361,Young Harris College,NA,NA,NA,NA,NA,NA,NA,NA,NA,NA,"Not considered for admission, even if submitted (Test Blind)",240,6360150,No,NA,NA,30800,30800,NA,NA,NA,NA,NA,Private not-for-profit,63,25,607,844,69,220,41,944,1457,33,42,NA,NA,0,77,16,NA,NA,NA,NA,NA,NA,NA,13,NA,30800,30800,Implied no,Yes,58,286,459,Special Focus: Arts and Sciences,Special Focus: Arts and Sciences,No research designation,"Lower Access, Medium Earnings",Small
141486,Chaminade University of Honolulu,NA,NA,NA,NA,NA,NA,NA,NA,NA,0,"Not required for admission, but considered if submitted (Test Optional)",334,5675935,No,50,NA,30760,30760,NA,NA,NA,NA,NA,Private not-for-profit,91,16,551,1280,6,292,151,150,2709,55,65,NA,NA,1,45,54,480,505,625,4,490,555,625,11,NA,30760,30760,Implied no,Yes,84,728,658,Professions-focused,Professions-focused Undergraduate/Graduate-Master's Small,No research designation,"Higher Access, Medium Earnings",Small
141565,University of Hawaii at Hilo,15,19,22,14,17,22,15,17,20,41,"Not required for admission, but considered if submitted (Test Optional)",282,2232982,No,50,NA,7344,20304,NA,NA,NA,21262,21173,Public,61,25,845,1447,103,344,316,444,2668,30,48,NA,NA,1,74,25,455,500,565,15,490,550,610,11,NA,7344,20304,Implied no,Yes,67,978,728,Special Focus: Arts and Sciences,Special Focus: Arts and Sciences,Research Colleges and Universities,"Higher Access, Medium Earnings",Small
141574,University of Hawaii at Manoa,17,21,25,16,19,22,16,18,22,3,"Not required for admission, but considered if submitted (Test Optional)",1899,15265844,No,70,NA,11304,33336,NA,NA,NA,26580,26433,Public,87,21,6246,9129,551,3103,1438,3087,20028,44,64,NA,NA,3,61,37,533,565,640,1,548,595,653,15,NA,11304,33336,Implied no,Yes,55,3820,3998,Mixed,Mixed Undergraduate/Graduate-Doctorate Large,Research 1: Very High Spending and Doctorate Production,"Higher Access, Medium Earnings",Large
141644,Hawaii Pacific University,19,22,27,18,23,25,17,20,26,9,"Not required for admission, but considered if submitted (Test Optional)",533,10452756,No,45,NA,33792,33792,NA,NA,NA,NA,NA,Private not-for-profit,86,4,1322,2211,268,465,272,688,4921,26,35,NA,21050,3,24,73,488,535,590,15,510,570,610,15,45,33792,33792,Implied no,Yes,67,818,860,Professions-focused,Professions-focused Undergraduate/Graduate-Master's Large/Medium,Research Colleges and Universities,"Higher Access, Medium Earnings",Medium
141839,University of Hawaii Maui College,NA,NA,NA,NA,NA,NA,NA,NA,NA,NA,NA,119,724570,No,25,NA,3144,8280,NA,NA,NA,14253,14937,Public,NA,NA,959,1833,41,481,128,396,2792,8,8,NA,NA,0,98,2,NA,NA,NA,NA,NA,NA,NA,15,8,3144,8280,Implied no,Yes,30,541,115,Mixed,Mixed Associate Small,No research designation,"Higher Access, Lower Earnings",Small
141981,University of Hawaii-West Oahu,15,18,21,14,16,21,15,16,19,48,"Not required for admission, but considered if submitted (Test Optional)",110,840264,No,50,NA,7344,20304,NA,NA,NA,18583,18410,Public,95,32,972,1842,11,237,484,185,2814,29,50,NA,NA,0,99,1,458,500,528,7,473,520,575,17,NA,7344,20304,Implied no,Yes,45,916,605,Professions-focused,Professions-focused Baccalaureate Medium,No research designation,"Higher Access, Medium Earnings",Medium
142115,Boise State University,NA,NA,NA,NA,NA,NA,NA,NA,NA,NA,"Not considered for admission, even if submitted (Test Blind)",2266,21542462,No,50,27864,6119,24859,0.53,0.09,0.38,28820,28224,Public,87,24,10374,13609,160,3430,1733,16687,27198,41,59,0.47,NA,0,64,35,NA,NA,NA,NA,NA,NA,NA,20,22,6119,24859,Implied no,Yes,45,4243,5609,Professions-focused,Professions-focused Undergraduate/Graduate-Master's Large/Medium,Research 2: High Spending and Doctorate Production,"Lower Access, Medium Earnings",Large
142276,Idaho State University,NA,NA,NA,NA,NA,NA,NA,NA,NA,NA,NA,1485,13687233,No,50,NA,6104,25214,NA,NA,NA,21436,21527,Public,NA,NA,4569,6265,221,1766,690,5777,13061,19,35,NA,NA,0,84,8,NA,NA,NA,NA,NA,NA,NA,14,20,6104,25214,Yes,Yes,51,2884,2400,Professions-focused,Professions-focused Undergraduate/Graduate-Doctorate Medium,Research 2: High Spending and Doctorate Production,"Higher Access, Medium Earnings",Medium
142285,University of Idaho,20,24,26,18,21,26,19,23,27,4,"Not required for admission, but considered if submitted (Test Optional)",1754,22044867,No,60,21403,6756,25992,0.32,0.1,0.58,23657,23738,Public,76,20,4764,4810,539,2025,483,6941,12286,43,57,0.49,10794,10,62,26,490,540,600,53,500,570,630,18,21,6756,25992,Implied no,Yes,71,2176,3539,Mixed,Mixed Undergraduate/Graduate-Doctorate Medium,Research 1: Very High Spending and Doctorate Production,"Higher Access, Medium Earnings",Medium
142294,The College of Idaho,23,26,31,NA,NA,NA,NA,NA,NA,5,"Not required for admission, but considered if submitted (Test Optional)",296,8616445,No,NA,NA,36750,36750,NA,NA,NA,NA,NA,Private not-for-profit,49,15,506,535,119,263,50,593,1090,58,63,NA,NA,10,63,27,530,580,630,39,540,590,650,10,25,36750,36750,Implied no,Yes,100,264,496,Special Focus: Arts and Sciences,Special Focus: Arts and Sciences,No research designation,"Higher Access, Medium Earnings",Small
142328,Lewis-Clark State College,NA,NA,NA,NA,NA,NA,NA,NA,NA,NA,"Not considered for admission, even if submitted (Test Blind)",361,2660857,No,NA,NA,7610,22028,NA,NA,NA,21964,21925,Public,88,15,1385,2408,53,527,305,2702,3801,22,32,NA,NA,2,77,21,NA,NA,NA,NA,NA,NA,NA,16,23,7610,22028,Implied no,Yes,78,916,985,Professions-focused,Professions-focused Baccalaureate Medium,No research designation,"Higher Access, Medium Earnings",Medium
142461,Northwest Nazarene University,22,24,27,20,24,28,20,24,28,7,"Not required for admission, but considered if submitted (Test Optional)",239,6009850,No,NA,NA,39994,39994,NA,NA,NA,NA,NA,Private not-for-profit,65,10,458,585,19,209,62,748,1635,59,71,NA,NA,2,59,39,490,550,610,44,515,570,630,14,NA,40024,40024,Implied no,Yes,94,344,709,Professions-focused,Professions-focused Undergraduate/Graduate-Master's Large/Medium,No research designation,"Higher Access, Medium Earnings",Medium
142522,Brigham Young University-Idaho,20,23,26,19,22,26,18,22,25,25,"Not required for admission, but considered if submitted (Test Optional)",1761,11856921,No,NA,NA,4800,4800,NA,NA,NA,NA,NA,Private not-for-profit,96,44,21064,24521,1301,7962,1264,24308,45585,21,50,NA,NA,31,17,50,480,530,590,21,490,550,610,22,16,4800,4800,Implied no,Yes,36,10403,4610,Special Focus: Arts and Sciences,Special Focus: Arts and Sciences,No research designation,"Lower Access, Medium Earnings",Very Large
142559,College of Southern Idaho,NA,NA,NA,NA,NA,NA,NA,NA,NA,NA,NA,548,3683154,No,NA,NA,4560,6840,NA,NA,NA,12629,12803,Public,NA,NA,4043,6133,48,1372,248,4569,10176,NA,NA,NA,NA,0,92,6,NA,NA,NA,NA,NA,NA,NA,25,12,4560,6840,Implied no,Yes,27,1543,614,Professions-focused,Professions-focused Associate Large/Medium,No research designation,"Higher Access, Medium Earnings",Medium
142832,Adler University,NA,NA,NA,NA,NA,NA,NA,NA,NA,NA,NA,NA,NA,Not applicable,NA,NA,NA,NA,NA,NA,NA,NA,NA,Private not-for-profit,NA,NA,9,0,0,0,0,7,1631,NA,NA,NA,NA,NA,NA,NA,NA,NA,NA,NA,NA,NA,NA,1,NA,NA,NA,Implied no,Yes,0,0,0,Not classified,Special Focus: Graduate Studies,No research designation,Not Classified in SAEC,Small
143048,School of the Art Institute of Chicago,NA,NA,NA,NA,NA,NA,NA,NA,NA,NA,"Not considered for admission, even if submitted (Test Blind)",667,13373076,No,65,NA,55440,55440,NA,NA,NA,NA,NA,Private not-for-profit,77,12,637,2168,783,604,158,971,3394,37,67,NA,NA,24,17,59,NA,NA,NA,NA,NA,NA,NA,10,23,53643,53643,Implied no,Yes,93,517,1033,"Special Focus: Arts, Music, and Design","Special Focus: Arts, Music, and Design",No research designation,"Lower Access, Lower Earnings",Small
143084,Augustana College,21,25,29,21,24,29,19,24,28,10,"Not required for admission, but considered if submitted (Test Optional)",723,28371786,No,NA,NA,51438,51438,NA,NA,NA,NA,NA,Private not-for-profit,63,13,1195,1327,507,664,77,1348,2570,67,73,NA,NA,25,53,21,510,580,640,38,520,570,630,12,NA,51438,51438,Implied no,Yes,99,587,1352,Mixed,Mixed Baccalaureate,No research designation,"Lower Access, Medium Earnings",Small
143118,Aurora University,21,26,29,22,25,32,22,26,27,2,"Not required for admission, but considered if submitted (Test Optional)",820,17640724,No,NA,NA,28800,28800,NA,NA,NA,NA,NA,Private not-for-profit,81,16,1347,2759,30,678,594,1588,5923,50,60,NA,NA,0,86,14,430,515,570,18,470,540,580,18,NA,28800,28800,Implied no,Yes,96,1842,1941,Professions-focused,Professions-focused Undergraduate/Graduate-Doctorate Medium,No research designation,"Higher Access, Medium Earnings",Medium
143358,Bradley University,NA,NA,NA,NA,NA,NA,NA,NA,NA,NA,"Not considered for admission, even if submitted (Test Blind)",829,25540097,No,NA,NA,41210,41210,NA,NA,NA,NA,NA,Private not-for-profit,77,11,1761,1835,86,811,120,2129,4777,58,76,NA,NA,2,87,11,NA,NA,NA,NA,NA,NA,NA,11,NA,41210,41210,Implied no,Yes,97,1229,2462,Professions-focused,Professions-focused Undergraduate/Graduate-Doctorate Medium,No research designation,"Lower Access, Higher Earnings",Medium
143978,The Chicago School at Chicago,NA,NA,NA,NA,NA,NA,NA,NA,NA,0,"Not required for admission, but considered if submitted (Test Optional)",NA,NA,No,50,NA,19512,19512,NA,NA,NA,NA,NA,Private not-for-profit,34,40,5,16,0,4,2,3,1100,NA,NA,NA,NA,0,75,25,NA,NA,NA,0,NA,NA,NA,17,NA,19512,19512,Implied no,Yes,55,17,22,Mixed,Special Focus: Graduate Studies,No research designation,Not Classified in SAEC,Small
144005,Chicago State University,NA,NA,NA,NA,NA,NA,NA,NA,NA,NA,"Not considered for admission, even if submitted (Test Blind)",143,2601756,No,25,NA,8040,8040,NA,NA,NA,28635,29764,Public,43,4,458,1043,43,173,219,37,2238,8,15,NA,NA,2,70,28,NA,NA,NA,NA,NA,NA,NA,9,37,8040,8040,Yes,Yes,81,865,1168,Mixed,Mixed Undergraduate/Graduate-Doctorate Small,Research Colleges and Universities,"Higher Access, Medium Earnings",Small
144050,University of Chicago,34,35,35,34,35,36,33,34,35,27,"Not required for admission, but considered if submitted (Test Optional)",758,47223386,Yes,75,36216,67446,67446,0.16,0.07,0.78,NA,NA,Private not-for-profit,4,88,4121,3477,1348,1726,229,2234,18566,87,96,0.11,20109,23,8,68,770,790,800,49,740,760,780,5,NA,67446,67446,Implied no,Yes,49,1166,359,Mixed,Mixed Undergraduate/Graduate-Doctorate Large,Research 1: Very High Spending and Doctorate Production,"Lower Access, Higher Earnings",Large
144281,Columbia College Chicago,NA,NA,NA,NA,NA,NA,NA,NA,NA,NA,"Not considered for admission, even if submitted (Test Blind)",1571,35786938,No,25,NA,32272,32272,NA,NA,NA,NA,NA,Private not-for-profit,89,15,2141,3281,236,959,416,2129,5570,42,52,NA,NA,2,54,44,NA,NA,NA,NA,NA,NA,NA,15,28,32272,32272,Implied no,Yes,95,2915,3523,"Special Focus: Arts, Music, and Design","Special Focus: Arts, Music, and Design",No research designation,"Higher Access, Lower Earnings",Medium
144351,Concordia University-Chicago,NA,NA,NA,NA,NA,NA,NA,NA,NA,NA,"Not considered for admission, even if submitted (Test Blind)",311,8198342,No,NA,NA,36430,36430,NA,NA,NA,NA,NA,Private not-for-profit,93,8,648,720,13,300,117,549,4770,29,36,NA,NA,0,71,28,NA,NA,NA,NA,NA,NA,NA,13,30,36430,36430,Implied no,Yes,79,629,784,Professions-focused,Professions-focused Undergraduate/Graduate-Doctorate Medium,No research designation,"Higher Access, Medium Earnings",Medium
144740,DePaul University,25,28,31,24,29,33,23,26,28,12,"Not required for admission, but considered if submitted (Test Optional)",2926,85687683,No,NA,28977,45195,45195,0.57,0.02,0.41,NA,NA,Private not-for-profit,76,11,6369,7819,567,2566,1048,6313,21210,55,68,0.58,NA,4,64,32,560,610,660,31,580,630,670,17,18,44601,44601,Implied no,Yes,92,4568,6591,Professions-focused,Professions-focused Undergraduate/Graduate-Doctorate Large,Research 2: High Spending and Doctorate Production,"Opportunity Colleges and Universities – Higher Access, Higher Earnings",Large
144892,Eastern Illinois University,NA,NA,NA,NA,NA,NA,NA,NA,NA,0,"Not required for admission, but considered if submitted (Test Optional)",771,9992156,No,NA,NA,10150,12688,NA,NA,NA,26721,26996,Public,65,10,2890,3895,107,804,501,4236,8505,27,47,NA,11862,3,90,7,420,490,530,3,460,510,560,14,29,9848,12330,Yes,Yes,55,2014,2149,Mixed,Mixed Undergraduate/Graduate-Master's Large/Medium,No research designation,"Opportunity Colleges and Universities – Higher Access, Higher Earnings",Medium
144962,Elmhurst University,23,26,30,23,24,28,19,24,27,5,"Not required for admission, but considered if submitted (Test Optional)",607,18257742,No,NA,NA,42495,42495,NA,NA,NA,NA,NA,Private not-for-profit,74,13,1248,1965,128,576,397,1421,3997,57,70,NA,NA,0,82,18,480,560,620,23,510,570,640,15,30,42495,42495,Implied no,Implied no,92,1143,2413,Professions-focused,Professions-focused Undergraduate/Graduate-Master's Small,No research designation,"Higher Access, Medium Earnings",Small
145336,Governors State University,NA,NA,NA,NA,NA,NA,NA,NA,NA,0,"Not required for admission, but considered if submitted (Test Optional)",201,2302410,No,25,NA,8232,8232,NA,NA,NA,24211,24227,Public,48,17,950,1622,56,239,547,728,4397,12,21,NA,NA,0,95,3,NA,NA,NA,0,NA,NA,NA,11,39,8232,8232,Yes,Yes,72,1359,976,Mixed,Mixed Undergraduate/Graduate-Doctorate Medium,No research designation,Not Classified in SAEC,Medium
145372,Greenville University,16,22,28,14,22,28,16,21,26,7,"Not required for admission, but considered if submitted (Test Optional)",210,5098978,No,NA,NA,31500,31500,NA,NA,NA,NA,NA,Private not-for-profit,97,15,523,463,122,255,101,585,1104,33,40,NA,NA,0,57,43,365,488,615,13,406,507,615,13,NA,31500,31500,Implied no,Yes,91,357,520,Professions-focused,Professions-focused Undergraduate/Graduate-Master's Small,No research designation,"Higher Access, Medium Earnings",Small
145600,University of Illinois Chicago,25,28,31,24,28,32,24,26,30,5,"Not required for admission, but considered if submitted (Test Optional)",3361,56314039,No,60,21503,11178,26724,0.49,0.19,0.32,27767,27521,Public,77,21,10481,12014,1809,4419,2130,4987,33906,42,62,0.39,NA,6,89,4,560,620,680,30,570,620,670,17,NA,12789,28849,Yes,Yes,65,10817,4833,Mixed,Mixed Undergraduate/Graduate-Doctorate Large,Research 1: Very High Spending and Doctorate Production,"Opportunity Colleges and Universities – Higher Access, Higher Earnings",Large
145619,Benedictine University,NA,NA,NA,NA,NA,NA,NA,NA,NA,0,"Not required for admission, but considered if submitted (Test Optional)",351,8041740,No,NA,NA,34350,34350,NA,NA,NA,NA,NA,Private not-for-profit,95,16,1019,953,71,451,302,756,2917,39,50,NA,10850,0,82,18,NA,NA,NA,0,NA,NA,NA,15,0,31126,31126,Yes,Yes,95,727,848,Professions-focused,Professions-focused Undergraduate/Graduate-Doctorate Medium,No research designation,"Opportunity Colleges and Universities – Higher Access, Higher Earnings",Medium
145637,University of Illinois Urbana-Champaign,30,32,34,30,34,35,28,32,35,16,"Not required for admission, but considered if submitted (Test Optional)",4302,83023826,Yes,50,22395,12712,31832,0.42,0.2,0.38,33642,33642,Public,42,29,19404,17736,5533,9008,1547,13824,59238,73,85,0.38,14020,14,71,14,660,740,780,48,650,700,740,20,NA,14975,36804,Yes,Yes,55,8323,9736,Mixed,Mixed Undergraduate/Graduate-Doctorate Large,Research 1: Very High Spending and Doctorate Production,"Lower Access, Higher Earnings",Very Large
145646,Illinois Wesleyan University,25,29,30,24,28,30,25,27,29,10,"Not required for admission, but considered if submitted (Test Optional)",441,18602022,No,NA,40508,57500,57500,0.35,0.01,0.64,NA,NA,Private not-for-profit,39,12,797,785,82,461,37,1011,1582,66,75,0.69,NA,4,80,15,570,630,670,21,550,610,670,12,19,57500,57500,Implied no,Yes,100,415,998,Mixed,Mixed Baccalaureate,No research designation,"Lower Access, Higher Earnings",Small
145725,Illinois Institute of Technology,26,29,32,25,30,32,26,28,31,8,"Not required for admission, but considered if submitted (Test Optional)",528,23520949,No,NA,28440,50636,50636,0.42,0.09,0.5,NA,NA,Private not-for-profit,55,8,2079,1056,556,519,168,905,8834,34,75,0.52,NA,8,67,24,590,660,720,30,590,640,720,14,NA,50636,50636,Implied no,Yes,83,995,952,"Special Focus: Technology, Engineering, and Sciences","Special Focus: Technology, Engineering, and Sciences",Research 2: High Spending and Doctorate Production,"Opportunity Colleges and Universities – Higher Access, Higher Earnings",Medium
145813,Illinois State University,21,24,27,21,23,27,19,23,26,8,"Not required for admission, but considered if submitted (Test Optional)",3968,51479457,No,55,NA,12066,24132,NA,NA,NA,34309,34309,Public,88,23,8270,10837,169,4285,1788,12165,21546,49,65,NA,NA,1,96,3,490,540,590,44,500,560,620,19,NA,11215,22863,Yes,Yes,83,5913,7949,Professions-focused,Professions-focused Undergraduate/Graduate-Master's Large/Medium,Research 2: High Spending and Doctorate Production,"Opportunity Colleges and Universities – Higher Access, Higher Earnings",Large
146427,Knox College,21,29,32,23,29,35,21,26,29,7,"Not required for admission, but considered if submitted (Test Optional)",249,10590456,No,NA,33497,57075,57075,0.16,0.004,0.84,NA,NA,Private not-for-profit,71,11,571,565,304,398,35,483,1136,49,68,0.62,NA,38,34,28,580,670,760,27,600,650,680,11,16,57075,57075,Implied no,Yes,100,309,674,Special Focus: Arts and Sciences,Special Focus: Arts and Sciences,No research designation,"Higher Access, Medium Earnings",Small
146481,Lake Forest College,28,30,32,28,30,34,23,26,30,10,"Not required for admission, but considered if submitted (Test Optional)",425,16842897,No,NA,33218,55500,55500,0.56,0,0.44,NA,NA,Private not-for-profit,57,14,786,1028,358,415,90,851,1837,70,78,0.51,NA,21,46,34,590,650,680,16,600,670,713,13,16,55500,55500,Implied no,Yes,99,579,1195,Special Focus: Arts and Sciences,Special Focus: Arts and Sciences,No research designation,"Higher Access, Medium Earnings",Small
146612,Lewis University,20,24,27,20,23,25,19,24,26,4,"Not required for admission, but considered if submitted (Test Optional)",614,17632016,No,NA,NA,38800,38800,NA,NA,NA,NA,NA,Private not-for-profit,71,15,2195,2131,112,686,751,2160,7011,42,67,NA,NA,3,87,10,470,540,610,24,490,540,600,13,18,38800,38800,Implied no,Yes,88,1285,1665,Professions-focused,Professions-focused Undergraduate/Graduate-Master's Large/Medium,No research designation,"Opportunity Colleges and Universities – Higher Access, Higher Earnings",Medium
146719,Loyola University Chicago,27,29,32,27,31,34,24,27,29,15,"Not required for admission, but considered if submitted (Test Optional)",3058,88120581,No,NA,36636,52230,52230,0.6,0.03,0.38,NA,NA,Private not-for-profit,82,9,3916,8622,261,2947,459,5795,17384,66,75,0.55,NA,2,56,42,570,620,670,23,600,640,690,13,19,52230,52230,Implied no,Yes,86,2966,5595,Mixed,Mixed Undergraduate/Graduate-Doctorate Medium,Research 1: Very High Spending and Doctorate Production,"Lower Access, Higher Earnings",Medium
147013,McKendree University,NA,NA,NA,NA,NA,NA,NA,NA,NA,NA,"Not considered for admission, even if submitted (Test Blind)",410,10701623,No,NA,NA,33310,33310,NA,NA,NA,NA,NA,Private not-for-profit,72,19,806,951,179,414,300,944,2392,42,53,NA,NA,13,58,25,NA,NA,NA,NA,NA,NA,NA,16,NA,33310,33310,Implied no,Yes,95,538,669,Professions-focused,Professions-focused Undergraduate/Graduate-Master's Small,No research designation,"Lower Access, Medium Earnings",Small
147244,Millikin University,18,21,25,16,20,25,17,20,25,9,"Not required for admission, but considered if submitted (Test Optional)",329,11427096,No,NA,NA,26000,26000,NA,NA,NA,NA,NA,Private not-for-profit,67,10,690,805,66,342,109,950,1586,47,55,NA,NA,0,79,20,420,500,560,35,440,520,570,10,NA,26000,26000,Implied no,Yes,92,591,877,Professions-focused,Professions-focused Baccalaureate Small,No research designation,"Higher Access, Medium Earnings",Small
147369,Moody Bible Institute,NA,NA,NA,NA,NA,NA,NA,NA,NA,NA,"Not considered for admission, even if submitted (Test Blind)",125,1592728,No,50,NA,13152,13152,NA,NA,NA,NA,NA,Private not-for-profit,83,66,835,712,127,211,197,712,2202,46,62,NA,NA,11,24,65,NA,NA,NA,NA,NA,NA,NA,14,NA,13152,13152,Implied no,Yes,86,574,676,Special Focus: Theological Studies,Special Focus: Theological Studies,No research designation,Not Classified in SAEC,Small
147536,National Louis University,NA,NA,NA,NA,NA,NA,NA,NA,NA,NA,"Not considered for admission, even if submitted (Test Blind)",593,6556005,No,NA,NA,11880,11880,NA,NA,NA,NA,NA,Private not-for-profit,95,18,1123,3348,286,708,805,620,8915,24,30,NA,NA,0,86,4,NA,NA,NA,NA,NA,NA,NA,17,17,12420,12420,Implied no,Yes,83,2337,922,Professions-focused,Professions-focused Undergraduate/Graduate-Doctorate Medium,No research designation,"Higher Access, Medium Earnings",Medium
147660,North Central College,24,27,29,22,25,29,24,25,29,6,"Not required for admission, but considered if submitted (Test Optional)",516,17573100,No,NA,NA,45446,45446,NA,NA,NA,NA,NA,Private not-for-profit,77,14,1192,1262,102,482,279,1441,3003,55,64,NA,NA,0,80,16,525,590,660,21,530,600,650,12,35,45446,45446,Implied no,Yes,97,574,1150,Professions-focused,Professions-focused Baccalaureate Small,No research designation,"Lower Access, Medium Earnings",Small
147679,North Park University,NA,NA,NA,NA,NA,NA,NA,NA,NA,NA,"Not considered for admission, even if submitted (Test Blind)",446,10916246,No,NA,NA,36070,36070,NA,NA,NA,NA,NA,Private not-for-profit,69,14,810,1031,241,423,137,518,2557,44,58,NA,NA,9,70,18,NA,NA,NA,NA,NA,NA,NA,12,NA,36070,36070,Implied no,Yes,96,827,936,Professions-focused,Professions-focused Undergraduate/Graduate-Master's Small,No research designation,"Higher Access, Medium Earnings",Small
147703,Northern Illinois University,NA,NA,NA,NA,NA,NA,NA,NA,NA,NA,"Not considered for admission, even if submitted (Test Blind)",2137,30744353,No,NA,NA,10230,10230,NA,NA,NA,28593,28851,Public,70,12,5330,6018,201,1991,1461,4766,15414,29,49,NA,12442,2,91,7,NA,NA,NA,NA,NA,NA,NA,15,NA,10232,10232,Yes,Yes,86,5375,5306,Mixed,Mixed Undergraduate/Graduate-Doctorate Medium,Research 2: High Spending and Doctorate Production,"Higher Access, Medium Earnings",Medium
147767,Northwestern University,33,34,35,35,35,36,32,34,35,23,"Not required for admission, but considered if submitted (Test Optional)",1116,71902480,No,75,32540,67158,67158,0.17,0.07,0.76,NA,NA,Private not-for-profit,8,55,4254,5145,1070,2105,277,2856,23856,83,95,0.29,NA,15,19,66,770,780,800,46,740,760,770,6,NA,67158,67158,Implied no,Yes,52,1699,1564,Mixed,Mixed Undergraduate/Graduate-Doctorate Large,Research 1: Very High Spending and Doctorate Production,"Lower Access, Higher Earnings",Large
147776,Northeastern Illinois University,NA,NA,NA,NA,NA,NA,NA,NA,NA,NA,"Not considered for admission, even if submitted (Test Blind)",446,5742722,No,NA,NA,10343,20686,NA,NA,NA,26922,26960,Public,75,8,1809,2417,91,567,682,675,5734,7,22,NA,NA,1,98,1,NA,NA,NA,NA,NA,NA,NA,9,NA,10343,20686,Yes,Implied no,73,2250,776,Mixed,Mixed Undergraduate/Graduate-Master's Large/Medium,No research designation,"Higher Access, Medium Earnings",Medium
147828,Olivet Nazarene University,19,23,26,17,22,26,18,22,26,16,"Not required for admission, but considered if submitted (Test Optional)",641,19753564,No,NA,NA,37910,37910,NA,NA,NA,NA,NA,Private not-for-profit,56,24,1235,1476,55,791,141,1609,3339,53,61,NA,11090,1,46,43,460,540,600,29,490,560,620,15,NA,37910,37910,Implied no,Yes,98,978,1626,Professions-focused,Professions-focused Undergraduate/Graduate-Master's Large/Medium,No research designation,"Higher Access, Medium Earnings",Medium
148131,Quincy University,20,22,25,18,21,25,18,22,24,34,"Not required for admission, but considered if submitted (Test Optional)",327,9996356,No,NA,NA,37140,37140,NA,NA,NA,NA,NA,Private not-for-profit,51,29,615,457,76,266,84,690,1210,35,45,NA,NA,6,53,41,510,550,600,41,490,530,600,12,NA,37140,37140,Implied no,Yes,84,336,614,Professions-focused,Professions-focused Baccalaureate Small,No research designation,"Lower Access, Medium Earnings",Small
148405,Rockford University,17,20,23,14,20,23,17,20,24,5,"Not required for admission, but considered if submitted (Test Optional)",186,4774834,No,NA,NA,37230,37230,NA,NA,NA,NA,NA,Private not-for-profit,93,13,479,504,78,214,127,408,1241,34,47,NA,NA,3,70,27,400,450,535,30,450,490,535,10,19,37230,37230,Yes,Yes,86,468,553,Professions-focused,Professions-focused Undergraduate/Graduate-Master's Small,No research designation,"Higher Access, Medium Earnings",Small
148487,Roosevelt University,18,23,26,17,21,26,16,22,26,4,"Not required for admission, but considered if submitted (Test Optional)",568,7843995,No,NA,NA,21000,21000,NA,NA,NA,NA,NA,Private not-for-profit,97,9,1062,1806,170,631,471,787,4281,36,46,NA,NA,8,68,23,430,465,575,23,465,520,600,11,33,21000,21000,Implied no,Yes,90,1337,1400,Professions-focused,Professions-focused Undergraduate/Graduate-Doctorate Medium,No research designation,"Higher Access, Medium Earnings",Medium
148496,Dominican University,16,19,26,14,17,24,16,19,26,1,"Not required for admission, but considered if submitted (Test Optional)",648,19930109,No,NA,NA,38328,38328,NA,NA,NA,NA,NA,Private not-for-profit,90,12,855,1835,11,749,215,472,3803,45,55,NA,NA,0,90,10,420,490,540,11,460,510,560,12,31,38328,38328,Implied no,Yes,92,1235,1199,Mixed,Mixed Undergraduate/Graduate-Master's Small,No research designation,"Higher Access, Medium Earnings",Small
148511,Rush University,NA,NA,NA,NA,NA,NA,NA,NA,NA,NA,NA,NA,NA,Not applicable,40,NA,NA,NA,NA,NA,NA,NA,NA,Private not-for-profit,NA,NA,35,103,0,0,66,38,2769,NA,NA,NA,NA,NA,NA,NA,NA,NA,NA,NA,NA,NA,NA,10,NA,33751,33751,Implied no,Yes,67,44,56,Special Focus: Medical Schools and Centers,Special Focus: Medical Schools and Centers,Research 2: High Spending and Doctorate Production,Not Classified in SAEC,Small
148584,University of St Francis,20,25,32,21,26,34,21,24,28,2,"Not required for admission, but considered if submitted (Test Optional)",238,7615555,No,NA,NA,38110,38110,NA,NA,NA,NA,NA,Private not-for-profit,65,14,449,894,40,209,172,630,3074,51,67,NA,11980,0,91,9,510,550,610,17,520,580,610,15,NA,38110,38110,Implied no,Yes,83,550,1063,Professions-focused,Professions-focused Undergraduate/Graduate-Doctorate Medium,No research designation,"Opportunity Colleges and Universities – Higher Access, Higher Earnings",Medium
148627,Saint Xavier University,NA,NA,NA,NA,NA,NA,NA,NA,NA,NA,"Not considered for admission, even if submitted (Test Blind)",754,24116999,No,NA,NA,36750,36750,NA,NA,NA,NA,NA,Private not-for-profit,84,14,1205,1893,0,735,316,899,3485,43,57,NA,NA,1,96,4,NA,NA,NA,NA,NA,NA,NA,16,25,37755,37755,Implied no,Implied no,97,1789,2630,Professions-focused,Professions-focused Undergraduate/Graduate-Master's Large/Medium,No research designation,"Higher Access, Medium Earnings",Medium
148654,University of Illinois Springfield,21,24,27,20,24,28,19,25,27,11,"Not required for admission, but considered if submitted (Test Optional)",244,3578480,No,50,NA,9645,19410,NA,NA,NA,24756,25521,Public,86,13,1009,1300,82,262,449,1395,4628,42,52,NA,NA,5,86,9,460,530,590,32,480,540,610,13,NA,9950,17532,Yes,Yes,75,875,862,Mixed,Mixed Undergraduate/Graduate-Master's Large/Medium,Research Colleges and Universities,"Higher Access, Medium Earnings",Medium
149222,Southern Illinois University-Carbondale,18,22,25,16,22,25,17,21,25,8,"Not required for admission, but considered if submitted (Test Optional)",1508,20524197,No,40,NA,9638,9638,NA,NA,NA,27934,28329,Public,87,19,4090,4463,158,1758,1209,5528,11790,40,60,NA,NA,1,85,14,430,510,570,37,470,530,590,11,NA,9638,9638,Yes,Yes,83,3180,3659,Professions-focused,Professions-focused Undergraduate/Graduate-Doctorate Medium,Research 1: Very High Spending and Doctorate Production,"Opportunity Colleges and Universities – Higher Access, Higher Earnings",Medium
149231,Southern Illinois University-Edwardsville,20,24,27,18,23,27,18,23,26,12,"Not required for admission, but considered if submitted (Test Optional)",1438,16683398,No,40,NA,9576,9576,NA,NA,NA,28737,28919,Public,97,16,3804,5141,341,1550,966,5806,11893,37,55,NA,NA,9,75,16,460,530,590,35,490,540,600,15,23,8918,8918,Yes,Yes,75,2931,3443,Mixed,Mixed Undergraduate/Graduate-Doctorate Medium,Research Colleges and Universities,"Higher Access, Medium Earnings",Medium
149772,Western Illinois University,NA,NA,NA,NA,NA,NA,NA,NA,NA,NA,"Not considered for admission, even if submitted (Test Blind)",506,7587176,No,30,NA,10095,10095,NA,NA,NA,28555,28254,Public,71,10,1858,2667,198,634,596,2638,6332,31,45,NA,NA,1,86,13,NA,NA,NA,NA,NA,NA,NA,12,31,9662,9662,Yes,Yes,62,1410,1595,Professions-focused,Professions-focused Undergraduate/Graduate-Master's Large/Medium,Research Colleges and Universities,"Opportunity Colleges and Universities – Higher Access, Higher Earnings",Medium
149781,Wheaton College,28,30,32,27,33,34,25,27,31,20,"Not required for admission, but considered if submitted (Test Optional)",540,15112966,No,50,28807,45420,45420,0.32,0.06,0.61,NA,NA,Private not-for-profit,87,30,988,1162,89,533,51,1441,2874,76,85,0.61,NA,5,25,68,610,680,730,38,650,700,740,10,NA,45420,45420,Implied no,Implied no,92,460,918,Special Focus: Arts and Sciences,Special Focus: Arts and Sciences,No research designation,"Lower Access, Medium Earnings",Small
150066,Anderson University,17,21,24,16,19,22,16,20,24,10,"Not required for admission, but considered if submitted (Test Optional)",306,7939538,No,NA,NA,36150,36150,NA,NA,NA,NA,NA,Private not-for-profit,79,8,560,532,23,351,34,778,1228,48,53,NA,NA,3,68,28,450,510,570,59,450,515,580,10,32,36150,36150,Implied no,Yes,95,397,638,Professions-focused,Professions-focused Baccalaureate Small,No research designation,"Higher Access, Medium Earnings",Small
150136,Ball State University,20,23,24,20,22,23,19,22,25,1,"Not required for admission, but considered if submitted (Test Optional)",2908,38437420,No,60,NA,8948,27496,NA,NA,NA,26072,26146,Public,85,20,5912,9277,161,3686,589,10810,21089,49,62,NA,NA,1,91,8,530,570,620,37,550,590,640,14,22,8948,27496,Implied no,Yes,67,5163,6339,Professions-focused,Professions-focused Undergraduate/Graduate-Doctorate Large,Research 2: High Spending and Doctorate Production,"Opportunity Colleges and Universities – Higher Access, Higher Earnings",Large
150145,Bethel University,16,18,24,18,20,23,16,18,24,11,"Not required for admission, but considered if submitted (Test Optional)",211,5284794,No,NA,NA,34000,34000,NA,NA,NA,NA,NA,Private not-for-profit,98,27,466,599,101,264,68,704,1167,41,52,NA,NA,7,65,27,440,510,570,59,460,510,580,12,33,34000,34000,Implied no,Implied no,86,365,499,Professions-focused,Professions-focused Baccalaureate Small,No research designation,"Higher Access, Medium Earnings",Small
150163,Butler University,26,28,31,25,29,33,24,26,30,19,"Not required for admission, but considered if submitted (Test Optional)",1114,30957689,No,50,37800,46570,46570,0.46,0.04,0.5,NA,NA,Private not-for-profit,85,13,1772,2717,70,1037,102,3452,5746,72,79,0.5,NA,2,51,48,570,620,670,35,590,630,680,11,16,46570,46570,Implied no,Yes,92,669,1928,Professions-focused,Professions-focused Undergraduate/Graduate-Doctorate Medium,No research designation,"Lower Access, Higher Earnings",Medium
150400,DePauw University,28,31,32,28,32,34,25,29,30,14,"Not required for admission, but considered if submitted (Test Optional)",497,21325770,No,NA,24106,57990,57990,0.29,0.002,0.71,NA,NA,Private not-for-profit,57,13,954,963,433,505,6,1080,1917,68,75,0.82,NA,19,40,41,600,665,720,39,600,650,690,10,NA,57990,57990,Implied no,Yes,98,298,577,Special Focus: Arts and Sciences,Special Focus: Arts and Sciences,No research designation,"Lower Access, Higher Earnings",Small
150534,University of Evansville,NA,NA,NA,NA,NA,NA,NA,NA,NA,NA,"Not considered for admission, even if submitted (Test Blind)",462,18094980,No,NA,NA,42800,42800,NA,NA,NA,NA,NA,Private not-for-profit,78,11,691,1051,115,415,73,1258,2114,57,65,NA,NA,5,64,31,NA,NA,NA,NA,NA,NA,NA,10,24,42800,42800,Implied no,Yes,86,426,718,Professions-focused,Professions-focused Baccalaureate Small,No research designation,"Lower Access, Medium Earnings",Small
150677,Grace College and Theological Seminary,21,24,27,20,24,29,19,23,27,39,"Not required for admission, but considered if submitted (Test Optional)",411,8575990,No,NA,NA,30300,30300,NA,NA,NA,NA,NA,Private not-for-profit,82,11,700,1095,58,423,65,1448,2304,66,69,NA,NA,0,68,30,490,540,590,96,510,550,610,23,NA,28745,28745,Implied no,Yes,81,513,904,Professions-focused,Professions-focused Undergraduate/Graduate-Master's Small,No research designation,"Lower Access, Medium Earnings",Small
150756,Hanover College,23,26,29,NA,NA,NA,NA,NA,NA,11,"Not required for admission, but considered if submitted (Test Optional)",264,9309352,No,60,23714,43368,43368,0.37,0.004,0.63,NA,NA,Private not-for-profit,84,14,516,519,40,348,16,827,1243,63,67,0.79,NA,1,66,33,550,580,630,27,560,600,650,11,NA,41813,41813,Yes,Yes,100,249,498,Special Focus: Arts and Sciences,Special Focus: Arts and Sciences,No research designation,"Lower Access, Medium Earnings",Small
150941,Huntington University,18,22,26,17,21,25,18,22,25,12,"Not required for admission, but considered if submitted (Test Optional)",236,5347830,No,NA,NA,31870,31870,NA,NA,NA,NA,NA,Private not-for-profit,76,20,680,908,42,265,50,1204,1776,63,64,NA,NA,2,69,29,460,520,570,69,470,520,580,11,16,31870,31870,Implied no,Yes,80,352,502,Professions-focused,Professions-focused Undergraduate/Graduate-Doctorate Small,No research designation,"Lower Access, Medium Earnings",Small
151102,Purdue University Fort Wayne,22,25,29,21,24,28,20,25,28,4,"Not required for admission, but considered if submitted (Test Optional)",1264,9018507,No,30,NA,8291,21646,NA,NA,NA,21944,22183,Public,84,21,3327,3162,164,1371,334,4541,7206,22,36,NA,NA,2,90,9,480,540,610,45,490,550,610,13,NA,8291,21646,Implied no,Yes,58,2008,1948,Professions-focused,Professions-focused Undergraduate/Graduate-Master's Large/Medium,Research Colleges and Universities,"Higher Access, Medium Earnings",Medium
151111,Indiana University-Indianapolis,21,25,29,21,25,30,20,25,29,4,"Not required for admission, but considered if submitted (Test Optional)",2605,28926177,No,65,NA,9518,33647,NA,NA,NA,23408,23316,Public,76,25,4912,9592,298,2942,1011,8032,22534,39,54,NA,13308,1,94,4,510,560,610,33,520,570,630,13,20,9518,33647,Implied no,Yes,69,6351,5650,Professions-focused,Professions-focused Undergraduate/Graduate-Doctorate Large,Research 1: Very High Spending and Doctorate Production,"Higher Access, Medium Earnings",Large
151263,University of Indianapolis,NA,NA,NA,NA,NA,NA,NA,NA,NA,NA,"Not considered for admission, even if submitted (Test Blind)",801,23884121,No,NA,NA,35448,35448,NA,NA,NA,NA,NA,Private not-for-profit,66,11,1405,2198,381,771,207,1854,5000,45,56,NA,NA,4,78,18,NA,NA,NA,NA,NA,NA,NA,12,28,35448,35448,Implied no,Yes,88,1289,1510,Professions-focused,Professions-focused Undergraduate/Graduate-Doctorate Medium,No research designation,"Higher Access, Medium Earnings",Medium
151290,Indiana Institute of Technology,NA,NA,NA,NA,NA,NA,NA,NA,NA,NA,"Not considered for admission, even if submitted (Test Blind)",442,9581126,No,NA,NA,30836,30836,NA,NA,NA,NA,NA,Private not-for-profit,70,13,971,679,165,531,69,655,2770,35,47,NA,NA,0,50,39,NA,NA,NA,NA,NA,NA,NA,16,0,30836,30836,Implied no,Yes,82,578,1132,Professions-focused,Professions-focused Undergraduate/Graduate-Master's Small,No research designation,"Higher Access, Medium Earnings",Small
151306,University of Southern Indiana,21,24,27,20,24,27,20,24,26,8,"Not required for admission, but considered if submitted (Test Optional)",1233,10882331,No,40,NA,9036,21877,NA,NA,NA,22209,22383,Public,96,30,2917,4683,86,1321,390,4991,9488,37,48,NA,NA,1,84,15,510,560,620,39,520,570,620,15,29,9036,21877,Implied no,Yes,58,1701,1916,Professions-focused,Professions-focused Undergraduate/Graduate-Master's Large/Medium,No research designation,"Lower Access, Medium Earnings",Medium
151324,Indiana State University,NA,NA,NA,NA,NA,NA,NA,NA,NA,NA,"Not considered for admission, even if submitted (Test Blind)",1509,18686425,No,25,NA,9978,22042,NA,NA,NA,24448,24535,Public,81,14,2756,3468,93,1417,479,4118,7895,33,43,NA,NA,2,85,13,NA,NA,NA,NA,NA,NA,NA,16,NA,9978,22042,Implied no,Yes,76,2771,1733,Professions-focused,Professions-focused Undergraduate/Graduate-Doctorate Medium,No research designation,"Higher Access, Medium Earnings",Medium
151333,Indiana University-Kokomo,21,23,27,17,21,29,21,23,25,2,"Not required for admission, but considered if submitted (Test Optional)",352,2843847,No,NA,NA,7717,22104,NA,NA,NA,11928,11837,Public,86,32,922,1783,15,529,194,2038,2921,31,45,NA,NA,0,98,1,470,530,570,36,490,530,580,15,20,7717,22104,Implied no,Yes,68,891,804,Professions-focused,Professions-focused Baccalaureate Medium,No research designation,"Higher Access, Medium Earnings",Medium
151342,Indiana University-South Bend,21,22,23,20,22,23,19,20,22,1,"Not required for admission, but considered if submitted (Test Optional)",618,5173249,No,NA,NA,7717,22104,NA,NA,NA,17428,17364,Public,84,39,1420,2663,64,920,300,2397,4631,24,40,NA,10184,1,96,3,470,530,580,29,480,550,610,15,19,7717,22104,Implied no,Yes,64,1672,1369,Professions-focused,Professions-focused Baccalaureate Medium,No research designation,"Higher Access, Medium Earnings",Medium
151351,Indiana University-Bloomington,27,30,33,26,31,34,26,29,32,14,"Not required for admission, but considered if submitted (Test Optional)",6935,72725820,No,65,29455,10622,40369,0.47,0.19,0.35,28791,28801,Public,78,18,19082,19011,1805,9611,627,24795,48424,69,80,0.38,13984,4,55,41,580,650,710,42,590,640,690,18,10,10622,40369,Implied no,Yes,68,6174,9926,Professions-focused,Professions-focused Undergraduate/Graduate-Doctorate Large,Research 1: Very High Spending and Doctorate Production,"Lower Access, Higher Earnings",Very Large
151360,Indiana University-Northwest,18,23,26,14,22,27,18,22,26,2,"Not required for admission, but considered if submitted (Test Optional)",328,2731296,No,NA,NA,7717,22104,NA,NA,NA,14274,13989,Public,73,23,732,2046,10,505,240,1176,3041,20,37,NA,NA,0,95,4,450,520,580,32,460,530,600,15,23,7717,22104,Implied no,Yes,65,1186,938,Professions-focused,Professions-focused Baccalaureate Medium,No research designation,"Higher Access, Lower Earnings",Medium
151379,Indiana University-Southeast,20,22,25,20,22,25,17,21,24,8,"Not required for admission, but considered if submitted (Test Optional)",501,3680602,No,NA,NA,7717,22104,NA,NA,NA,16416,16411,Public,84,40,1225,2051,15,684,279,2610,3736,26,39,NA,11940,0,83,16,480,520,570,32,490,540,610,13,20,7717,22104,Implied no,Yes,66,1060,966,Special Focus: Arts and Sciences,Special Focus: Arts and Sciences,No research designation,"Lower Access, Medium Earnings",Medium
151388,Indiana University-East,19,21,24,17,21,24,17,21,26,7,"Not required for admission, but considered if submitted (Test Optional)",255,2064483,No,NA,NA,7717,22104,NA,NA,NA,16900,16954,Public,67,29,1005,1946,45,399,308,2151,3203,32,39,NA,NA,1,76,22,470,520,570,20,490,530,600,15,27,7717,22104,Implied no,Yes,57,972,923,Mixed,Mixed Baccalaureate,No research designation,"Higher Access, Medium Earnings",Medium
151777,Manchester University,NA,NA,NA,NA,NA,NA,NA,NA,NA,NA,"Not considered for admission, even if submitted (Test Blind)",288,8822993,No,NA,NA,35800,35800,NA,NA,NA,NA,NA,Private not-for-profit,71,15,502,486,4,341,29,504,1276,34,46,NA,NA,0,85,15,NA,NA,NA,NA,NA,NA,NA,12,NA,35800,35800,Yes,Yes,97,409,641,Professions-focused,Professions-focused Undergraduate/Graduate-Doctorate Small,No research designation,"Higher Access, Medium Earnings",Small
151786,Marian University,NA,NA,NA,NA,NA,NA,NA,NA,NA,NA,"Not considered for admission, even if submitted (Test Blind)",588,19022382,No,NA,NA,40664,40664,NA,NA,NA,NA,NA,Private not-for-profit,95,16,998,1380,59,559,92,1338,3486,49,67,NA,NA,0,83,10,NA,NA,NA,NA,NA,NA,NA,13,NA,40664,40664,Implied no,Yes,72,711,1647,Special Focus: Medical Schools and Centers,Special Focus: Medical Schools and Centers,Research Colleges and Universities,Not Classified in SAEC,Medium
151801,Indiana Wesleyan University-Marion,19,21,28,19,22,25,17,20,25,13,"Not required for admission, but considered if submitted (Test Optional)",497,10638248,No,NA,NA,32104,32104,NA,NA,NA,NA,NA,Private not-for-profit,89,17,832,1243,32,567,81,1687,2204,57,66,NA,NA,1,67,32,480,540,580,57,480,540,600,12,NA,32104,32104,Implied no,Yes,92,563,1481,Professions-focused,Professions-focused Baccalaureate Small,No research designation,"Lower Access, Higher Earnings",Small
152080,University of Notre Dame,33,34,35,NA,NA,NA,NA,NA,NA,26,"Not required for admission, but considered if submitted (Test Optional)",1256,67787947,No,75,30400,64518,64518,0.32,0.09,0.6,NA,NA,Private not-for-profit,11,62,4551,4329,664,2082,203,5237,13042,89,95,0.38,17900,8,8,82,735,770,790,33,720,750,770,8,NA,64518,64518,Implied no,Yes,61,1232,2212,Mixed,Mixed Undergraduate/Graduate-Doctorate Medium,Research 1: Very High Spending and Doctorate Production,"Lower Access, Higher Earnings",Medium
152318,Rose-Hulman Institute of Technology,29,32,34,28,31,35,29,32,35,29,"Not required for admission, but considered if submitted (Test Optional)",550,17866231,No,65,44284,54720,54720,0.58,0.002,0.42,NA,NA,Private not-for-profit,77,13,1750,565,193,604,17,1583,2334,64,78,0.55,NA,13,26,61,670,730,770,53,650,690,730,12,19,54720,54720,Implied no,Yes,99,264,926,"Special Focus: Technology, Engineering, and Sciences","Special Focus: Technology, Engineering, and Sciences",No research designation,"Lower Access, Higher Earnings",Small
152336,University of Saint Francis-Fort Wayne,17,21,24,15,20,25,17,20,24,8,"Not required for admission, but considered if submitted (Test Optional)",408,11449720,No,NA,NA,35210,35210,NA,NA,NA,NA,NA,Private not-for-profit,96,21,513,1054,46,414,147,1020,1763,42,54,NA,11580,4,87,8,430,480,530,79,440,490,540,11,NA,35210,35210,Implied no,Yes,98,702,983,Special Focus: Other Health Professions,Special Focus: Other Health Professions,No research designation,"Opportunity Colleges and Universities – Higher Access, Higher Earnings",Small
152381,Saint Mary-of-the-Woods College,NA,NA,NA,NA,NA,NA,NA,NA,NA,0,"Not required for admission, but considered if submitted (Test Optional)",207,5920427,No,NA,NA,33590,33590,NA,NA,NA,NA,NA,Private not-for-profit,72,21,269,589,1,185,86,682,1159,37,46,NA,NA,3,76,21,NA,NA,NA,0,NA,NA,NA,9,NA,33590,33590,Yes,Yes,100,448,434,Professions-focused,Professions-focused Undergraduate/Graduate-Master's Small,No research designation,"Higher Access, Medium Earnings",Small
152390,Saint Mary's College,26,28,30,25,29,33,23,26,28,11,"Not required for admission, but considered if submitted (Test Optional)",420,16274019,No,NA,NA,52110,52110,NA,NA,NA,NA,NA,Private not-for-profit,76,20,16,1489,14,396,31,1088,1601,64,69,NA,14260,0,39,61,550,630,645,33,580,590,680,9,19,52110,52110,Implied no,Yes,98,340,798,Special Focus: Arts and Sciences,Special Focus: Arts and Sciences,No research designation,"Lower Access, Higher Earnings",Small
152530,Taylor University,24,27,31,23,27,33,23,26,29,28,"Not required for admission, but considered if submitted (Test Optional)",561,15257999,No,NA,NA,39500,39500,NA,NA,NA,NA,NA,Private not-for-profit,74,32,1162,1341,113,574,50,2011,2548,66,74,NA,NA,5,44,51,530,590,660,63,540,600,670,14,NA,39500,39500,Implied no,Yes,79,320,690,Mixed,Mixed Baccalaureate,No research designation,"Lower Access, Medium Earnings",Small
152567,Trine University,NA,NA,NA,NA,NA,NA,NA,NA,NA,NA,"Not considered for admission, even if submitted (Test Blind)",650,16739957,No,NA,NA,35950,35950,NA,NA,NA,NA,NA,Private not-for-profit,85,19,2178,2195,48,641,80,3476,4646,52,64,NA,NA,2,55,43,NA,NA,NA,NA,NA,NA,NA,16,24,35950,35950,Implied no,Implied no,56,647,1612,Mixed,Mixed Baccalaureate,No research designation,"Lower Access, Higher Earnings",Medium
152600,Valparaiso University,23,27,31,24,26,31,22,27,30,5,"Not required for admission, but considered if submitted (Test Optional)",594,22303441,No,NA,NA,46940,46940,NA,NA,NA,NA,NA,Private not-for-profit,89,10,923,1200,87,534,102,1396,2579,62,70,NA,NA,1,56,42,520,570,640,30,540,590,640,10,NA,46940,46940,Implied no,Yes,96,616,1171,Mixed,Mixed Undergraduate/Graduate-Master's Small,No research designation,"Lower Access, Higher Earnings",Small
152637,Vincennes University,NA,NA,NA,NA,NA,NA,NA,NA,NA,NA,NA,925,8408203,No,NA,NA,6551,16283,NA,NA,NA,21091,21310,Public,NA,NA,10024,9771,202,1292,192,12907,19795,3,3,NA,13118,4,81,15,NA,NA,NA,NA,NA,NA,NA,27,22,6551,16283,Implied no,Yes,15,1607,1371,Professions-focused,Professions-focused Associate/Baccalaureate,No research designation,"Higher Access, Medium Earnings",Medium
153001,Buena Vista University,19,22,26,17,21,25,18,21,24,33,"Not required for admission, but considered if submitted (Test Optional)",217,7464050,No,NA,NA,41798,41798,NA,NA,NA,NA,NA,Private not-for-profit,78,21,519,917,11,223,165,1113,1890,54,62,NA,NA,0,71,29,NA,NA,NA,1,NA,NA,NA,13,NA,41798,41798,Implied no,Yes,88,631,967,Professions-focused,Professions-focused Undergraduate/Graduate-Master's Small,No research designation,"Higher Access, Medium Earnings",Small
153108,Central College,20,23,26,19,21,23,17,23,27,42,"Not required for admission, but considered if submitted (Test Optional)",274,3815492,No,25,NA,20988,20988,NA,NA,NA,NA,NA,Private not-for-profit,86,21,595,489,2,309,27,952,1084,57,66,NA,NA,0,75,25,528,550,560,3,528,550,560,11,30,20988,20988,Implied no,Yes,97,244,769,Mixed,Mixed Baccalaureate,No research designation,"Lower Access, Medium Earnings",Small
153144,Coe College,23,26,29,22,25,28,22,25,27,25,"Not required for admission, but considered if submitted (Test Optional)",359,16682038,No,NA,NA,54316,54316,NA,NA,NA,NA,NA,Private not-for-profit,64,5,605,590,65,303,40,748,1195,59,66,NA,NA,2,42,56,530,570,650,9,540,580,640,11,20,54316,54316,Implied no,Implied no,98,458,867,Special Focus: Arts and Sciences,Special Focus: Arts and Sciences,No research designation,"Higher Access, Medium Earnings",Small
153162,Cornell College,23,26,30,21,25,31,20,25,28,17,"Not required for admission, but considered if submitted (Test Optional)",298,12245377,No,NA,37391,51970,51970,0.28,0,0.72,NA,NA,Private not-for-profit,80,14,589,505,36,288,37,749,1094,58,62,0.65,NA,3,28,68,545,590,630,8,575,610,655,14,25,51970,51970,Implied no,Yes,99,347,707,Special Focus: Arts and Sciences,Special Focus: Arts and Sciences,No research designation,"Lower Access, Medium Earnings",Small
153250,Dordt University,21,25,29,21,24,29,20,25,27,85,"Not required for admission, but considered if submitted (Test Optional)",457,10637612,No,NA,NA,36400,36400,NA,NA,NA,NA,NA,Private not-for-profit,68,38,839,877,144,461,18,1390,1952,67,74,NA,11770,8,33,60,530,600,660,18,540,625,670,14,NA,36400,36400,Implied no,Yes,91,342,693,Professions-focused,Professions-focused Baccalaureate Small,No research designation,"Lower Access, Medium Earnings",Small
153269,Drake University,24,27,29,22,26,30,22,26,28,18,"Not required for admission, but considered if submitted (Test Optional)",636,22576713,No,NA,36374,51444,51444,0.46,0.06,0.48,NA,NA,Private not-for-profit,64,10,1020,1565,110,618,120,1750,4345,66,73,0.57,NA,4,44,51,530,670,670,5,580,630,680,11,NA,51444,51444,Yes,Implied no,97,586,1201,Professions-focused,Professions-focused Undergraduate/Graduate-Doctorate Medium,No research designation,"Lower Access, Higher Earnings",Medium
153278,University of Dubuque,18,22,24,16,20,23,16,20,24,31,"Not required for admission, but considered if submitted (Test Optional)",320,8882499,No,NA,NA,40170,40170,NA,NA,NA,NA,NA,Private not-for-profit,89,23,873,567,42,307,95,1016,1757,30,40,NA,NA,4,32,57,490,530,610,16,490,560,610,10,45,40170,40170,Implied no,Yes,92,588,1036,Professions-focused,Professions-focused Undergraduate/Graduate-Master's Small,No research designation,"Higher Access, Medium Earnings",Small
153366,Graceland University-Lamoni,NA,NA,NA,NA,NA,NA,NA,NA,NA,NA,"Not considered for admission, even if submitted (Test Blind)",240,6901074,No,NA,NA,19950,19950,NA,NA,NA,NA,NA,Private not-for-profit,81,16,469,329,84,169,77,358,1102,36,42,NA,NA,7,15,78,NA,NA,NA,NA,NA,NA,NA,12,11,18655,18655,Implied no,Yes,93,448,706,Professions-focused,Professions-focused Undergraduate/Graduate-Master's Small,No research designation,"Higher Access, Medium Earnings",Small
153375,Grand View University,NA,NA,NA,NA,NA,NA,NA,NA,NA,NA,"Not considered for admission, even if submitted (Test Blind)",335,8820668,No,NA,NA,34112,34112,NA,NA,NA,NA,NA,Private not-for-profit,99,21,679,821,49,295,193,804,1856,45,54,NA,NA,1,83,16,NA,NA,NA,NA,NA,NA,NA,12,21,34112,34112,Implied no,Yes,95,668,1061,Professions-focused,Professions-focused Baccalaureate Small,No research designation,"Higher Access, Medium Earnings",Small
153384,Grinnell College,31,33,34,31,34,35,28,31,34,21,"Not required for admission, but considered if submitted (Test Optional)",428,21004771,Yes,NA,15946,67560,67560,0.36,0.01,0.63,NA,NA,Private not-for-profit,15,31,819,969,366,438,8,858,1788,75,88,0.49,NA,21,8,68,710,760,790,29,700,730,750,9,NA,67650,67650,Implied no,Yes,89,317,226,Special Focus: Arts and Sciences,Special Focus: Arts and Sciences,Research Colleges and Universities,"Lower Access, Higher Earnings",Small
153603,Iowa State University,21,24,28,20,23,27,20,25,27,46,"Not required for admission, but considered if submitted (Test Optional)",4454,48061217,No,55,29475,9252,27346,0.43,0.24,0.33,24044,24018,Public,89,29,14119,11509,955,5856,1252,19123,30380,57,75,0.55,NA,3,54,43,560,630,690,13,560,620,670,18,19,9252,27346,Implied no,Yes,73,4753,10979,Mixed,Mixed Undergraduate/Graduate-Doctorate Large,Research 1: Very High Spending and Doctorate Production,"Lower Access, Medium Earnings",Large
153658,University of Iowa,21,24,28,20,23,28,19,24,27,57,"Not required for admission, but considered if submitted (Test Optional)",3861,38088578,No,40,32494,9286,31374,0.37,0.14,0.49,28596,28596,Public,84,22,9900,12838,292,5208,1083,16888,30779,58,75,0.51,12920,1,54,45,560,610,660,19,570,620,670,16,17,9286,31374,Implied no,Yes,69,4051,9261,Mixed,Mixed Undergraduate/Graduate-Doctorate Large,Research 1: Very High Spending and Doctorate Production,"Lower Access, Medium Earnings",Large
153825,Loras College,NA,NA,NA,NA,NA,NA,NA,NA,NA,NA,"Not considered for admission, even if submitted (Test Blind)",254,7324028,No,NA,NA,37912,37912,NA,NA,NA,NA,NA,Private not-for-profit,100,19,649,474,60,261,48,839,1189,44,68,NA,NA,0,30,64,NA,NA,NA,NA,NA,NA,NA,12,NA,37912,37912,Implied no,Yes,98,264,656,Professions-focused,Professions-focused Baccalaureate Small,No research designation,"Lower Access, Medium Earnings",Small
153834,Luther College,22,25,29,20,24,29,20,25,28,17,"Not required for admission, but considered if submitted (Test Optional)",352,14402853,No,NA,NA,51140,51140,NA,NA,NA,NA,NA,Private not-for-profit,72,20,663,721,205,375,27,980,1384,61,71,NA,NA,14,27,59,528,605,738,9,550,610,668,9,13,51140,51140,Implied no,Implied no,99,299,948,Special Focus: Arts and Sciences,Special Focus: Arts and Sciences,No research designation,"Lower Access, Medium Earnings",Small
153861,Maharishi International University,NA,NA,NA,NA,NA,NA,NA,NA,NA,NA,"Not considered for admission, even if submitted (Test Blind)",30,344886,No,20,NA,16000,16000,NA,NA,NA,NA,NA,Private not-for-profit,96,75,197,725,12,67,264,356,2592,39,50,NA,NA,0,3,94,NA,NA,NA,NA,NA,NA,NA,13,NA,16000,16000,Implied no,Implied no,64,442,507,Professions-focused,Professions-focused Undergraduate/Graduate-Master's Small,No research designation,"Higher Access, Lower Earnings",Small
154004,Morningside University,NA,NA,NA,NA,NA,NA,NA,NA,NA,1,"Not required for admission, but considered if submitted (Test Optional)",337,9569955,No,NA,NA,38150,38150,NA,NA,NA,NA,NA,Private not-for-profit,71,16,571,601,97,308,74,633,2056,41,50,NA,NA,7,46,47,NA,NA,NA,0,NA,NA,NA,12,10,38017,38017,Implied no,Yes,96,398,776,Professions-focused,Professions-focused Undergraduate/Graduate-Master's Small,No research designation,"Higher Access, Medium Earnings",Small
154013,Mount Mercy University,NA,NA,NA,NA,NA,NA,NA,NA,NA,2,"Not required for admission, but considered if submitted (Test Optional)",202,6208531,No,NA,NA,39878,39878,NA,NA,NA,NA,NA,Private not-for-profit,83,28,466,673,136,240,141,629,1417,54,58,NA,11868,11,68,20,NA,NA,NA,1,NA,NA,NA,14,NA,39878,39878,Implied no,Implied no,86,316,633,Professions-focused,Professions-focused Undergraduate/Graduate-Master's Small,No research designation,"Higher Access, Medium Earnings",Small
154022,Ashford University,NA,NA,NA,NA,NA,NA,NA,NA,NA,NA,NA,592,3343461,No,NA,NA,11040,11040,NA,NA,NA,NA,NA,Private for-profit,NA,NA,8522,12591,39,411,2088,7820,28004,3,10,NA,NA,0,0,90,NA,NA,NA,NA,NA,NA,NA,13,20,11040,11040,Implied no,Yes,95,7962,8284,Professions-focused,Professions-focused Undergraduate/Graduate-Doctorate Large,No research designation,"Higher Access, Lower Earnings",Very Large
154095,University of Northern Iowa,19,22,26,18,21,25,18,20,25,43,"Not required for admission, but considered if submitted (Test Optional)",1283,7524841,No,40,NA,8564,20340,NA,NA,NA,22277,22278,Public,93,31,2964,4747,97,1546,762,6396,9278,47,68,NA,NA,1,89,10,500,580,630,2,520,590,650,18,22,8564,20340,Implied no,Implied no,69,2118,3588,Professions-focused,Professions-focused Undergraduate/Graduate-Master's Large/Medium,Research Colleges and Universities,"Lower Access, Medium Earnings",Medium
154101,Northwestern College,NA,NA,NA,NA,NA,NA,NA,NA,NA,NA,"Not considered for admission, even if submitted (Test Blind)",283,6660840,No,NA,NA,36400,36400,NA,NA,NA,NA,NA,Private not-for-profit,80,27,564,620,50,327,29,961,1705,55,66,NA,11100,0,54,44,NA,NA,NA,NA,NA,NA,NA,15,13,36400,36400,Implied no,Yes,97,287,652,Professions-focused,Professions-focused Undergraduate/Graduate-Master's Small,No research designation,"Lower Access, Medium Earnings",Small
154174,Palmer College of Chiropractic,NA,NA,NA,NA,NA,NA,NA,NA,NA,NA,NA,NA,NA,Not applicable,50,NA,NA,NA,NA,NA,NA,NA,NA,Private not-for-profit,NA,NA,33,14,0,0,24,37,2161,NA,NA,NA,NA,NA,NA,NA,NA,NA,NA,NA,NA,NA,NA,9,NA,11700,11700,Implied no,Yes,26,10,30,Mixed,Special Focus: Other Health Professions,No research designation,Not Classified in SAEC,Small
154235,Saint Ambrose University,20,23,25,19,21,24,17,21,25,10,"Not required for admission, but considered if submitted (Test Optional)",420,10868145,No,NA,NA,36378,36378,NA,NA,NA,NA,NA,Private not-for-profit,77,17,906,1033,62,383,175,1269,2498,55,61,NA,NA,0,38,60,440,520,590,13,490,530,580,11,30,36378,36378,Implied no,Yes,94,658,1362,Professions-focused,Professions-focused Undergraduate/Graduate-Doctorate Small,No research designation,"Lower Access, Medium Earnings",Small
154350,Simpson College,31,32,33,28,33,34,27,29,32,2,"Not required for admission, but considered if submitted (Test Optional)",342,12960407,No,NA,NA,46750,46750,NA,NA,NA,NA,NA,Private not-for-profit,86,22,624,611,33,381,51,891,1251,51,63,NA,NA,2,75,23,NA,NA,NA,0,NA,NA,NA,12,NA,46750,46750,Implied no,Yes,97,394,805,Mixed,Mixed Baccalaureate,No research designation,"Higher Access, Medium Earnings",Small
154493,Upper Iowa University,17,21,23,16,18,21,17,21,24,13,"Not required for admission, but considered if submitted (Test Optional)",151,2052933,No,NA,NA,18450,18450,NA,NA,NA,NA,NA,Private not-for-profit,96,34,1458,1596,79,148,240,1219,3941,25,33,NA,NA,1,50,47,NA,NA,NA,2,NA,NA,NA,25,36,18450,18450,Implied no,Yes,55,796,1013,Professions-focused,Professions-focused Undergraduate/Graduate-Master's Large/Medium,No research designation,"Higher Access, Medium Earnings",Medium
154518,Waldorf University,NA,NA,NA,NA,NA,NA,NA,NA,NA,NA,"Not considered for admission, even if submitted (Test Blind)",147,2958680,No,NA,NA,24514,24514,NA,NA,NA,NA,NA,Private for-profit,77,20,1155,679,6,160,228,1051,2225,21,24,NA,9920,4,14,80,NA,NA,NA,NA,NA,NA,NA,22,NA,24514,24514,Implied no,Yes,49,780,864,Professions-focused,Professions-focused Undergraduate/Graduate-Master's Large/Medium,No research designation,"Lower Access, Medium Earnings",Medium
154527,Wartburg College,21,23,27,19,22,27,21,24,26,24,"Not required for admission, but considered if submitted (Test Optional)",411,16578281,No,NA,NA,25000,25000,NA,NA,NA,NA,NA,Private not-for-profit,76,17,809,653,78,402,40,1177,1483,45,64,NA,NA,4,67,29,460,490,580,3,470,540,620,13,26,25000,25000,Implied no,Yes,94,321,976,Mixed,Mixed Baccalaureate,No research designation,"Lower Access, Medium Earnings",Small
154590,William Penn University,16,18,22,14,17,21,16,17,19,32,"Not required for admission, but considered if submitted (Test Optional)",294,5937062,No,NA,NA,29750,29750,NA,NA,NA,NA,NA,Private not-for-profit,52,42,716,632,82,286,170,773,1425,22,33,NA,NA,9,33,58,430,500,540,21,450,490,570,15,NA,29750,29750,Implied no,Yes,96,685,1271,Professions-focused,Professions-focused Baccalaureate Small,No research designation,"Higher Access, Medium Earnings",Small
154688,Baker University,NA,NA,NA,NA,NA,NA,NA,NA,NA,1,"Not required for admission, but considered if submitted (Test Optional)",233,5762879,No,NA,NA,34550,34550,NA,NA,NA,NA,NA,Private not-for-profit,94,26,709,821,46,240,111,1059,2017,49,58,NA,NA,5,65,30,NA,NA,NA,0,NA,NA,NA,13,25,34550,34550,Implied no,Implied no,66,375,646,Professions-focused,Professions-focused Undergraduate/Graduate-Doctorate Small,No research designation,"Opportunity Colleges and Universities – Higher Access, Higher Earnings",Small
154712,Benedictine College,22,25,29,21,25,29,20,25,27,30,"Not required for admission, but considered if submitted (Test Optional)",626,14728037,No,NA,NA,35350,35350,NA,NA,NA,NA,NA,Private not-for-profit,98,23,1199,1204,23,609,56,1793,2535,47,62,NA,NA,1,19,81,570,650,690,20,570,650,690,16,27,35350,35350,Implied no,Yes,94,449,1173,Professions-focused,Professions-focused Baccalaureate Small,No research designation,"Lower Access, Medium Earnings",Small
155025,Emporia State University,18,22,24,18,21,23,18,21,25,16,"Not required for admission, but considered if submitted (Test Optional)",373,2219857,No,NA,NA,5542,13855,NA,NA,NA,21872,21967,Public,98,23,862,1534,100,430,278,1605,4557,41,56,NA,NA,3,82,15,NA,NA,NA,0,NA,NA,NA,16,8,5542,13855,Implied no,Yes,81,832,1423,Professions-focused,Professions-focused Undergraduate/Graduate-Master's Large/Medium,No research designation,"Opportunity Colleges and Universities – Higher Access, Higher Earnings",Medium
155061,Fort Hays State University,18,21,24,16,20,24,16,19,24,89,"Not required for admission, but considered if submitted (Test Optional)",757,5110291,No,30,NA,4704,16522,NA,NA,NA,19737,19909,Public,90,42,3898,6274,15,989,1424,5135,12878,30,46,NA,NA,0,83,17,470,510,560,3,500,540,580,15,NA,4704,16522,Implied no,Yes,81,2324,2480,Professions-focused,Professions-focused Undergraduate/Graduate-Master's Large/Medium,No research designation,"Higher Access, Medium Earnings",Medium
155089,Friends University,15,21,28,15,20,25,15,21,28,22,"Not required for admission, but considered if submitted (Test Optional)",246,5308342,No,0,NA,33552,33552,NA,NA,NA,NA,NA,Private not-for-profit,55,45,739,809,56,252,115,800,1961,36,43,NA,NA,0,60,37,460,510,560,4,500,510,530,12,33,33552,33552,Implied no,Yes,66,441,845,Professions-focused,Professions-focused Undergraduate/Graduate-Master's Small,No research designation,"Higher Access, Medium Earnings",Small
155317,University of Kansas,20,24,28,20,23,27,18,23,27,55,"Not required for admission, but considered if submitted (Test Optional)",4677,53979577,No,40,27212,10968,29298,0.43,0.17,0.4,26764,26751,Public,93,25,10277,11808,680,5323,1219,15209,29792,55,69,0.47,NA,2,53,45,530,590,650,9,540,600,650,18,21,10968,29298,Implied no,Yes,76,4232,7730,Mixed,Mixed Undergraduate/Graduate-Doctorate Large,Research 1: Very High Spending and Doctorate Production,"Lower Access, Higher Earnings",Large
155335,Newman University,NA,NA,NA,NA,NA,NA,NA,NA,NA,NA,"Not considered for admission, even if submitted (Test Blind)",166,4257842,No,25,NA,35500,35500,NA,NA,NA,NA,NA,Private not-for-profit,74,20,1038,1491,84,162,154,1682,2939,47,51,NA,NA,0,67,26,NA,NA,NA,NA,NA,NA,NA,16,31,35500,35500,Implied no,Yes,33,293,400,Professions-focused,Professions-focused Undergraduate/Graduate-Master's Small,No research designation,"Higher Access, Medium Earnings",Small
155399,Kansas State University,20,23,27,19,22,26,18,23,27,81,"Not required for admission, but considered if submitted (Test Optional)",2880,26696348,No,40,25179,10243,27590,0.43,0.12,0.45,27404,27402,Public,82,27,7601,8049,271,3484,1178,12303,20295,49,71,0.49,NA,1,71,28,510,570,620,6,550,600,640,19,17,10243,27590,Implied no,Yes,78,3130,5485,Professions-focused,Professions-focused Undergraduate/Graduate-Doctorate Large,Research 1: Very High Spending and Doctorate Production,"Lower Access, Medium Earnings",Large
155414,Kansas Wesleyan University,NA,NA,NA,NA,NA,NA,NA,NA,NA,NA,"Not considered for admission, even if submitted (Test Blind)",263,6459348,No,20,NA,33730,33730,NA,NA,NA,NA,NA,Private not-for-profit,72,19,546,416,49,265,98,549,1021,41,49,NA,11840,5,38,56,NA,NA,NA,NA,NA,NA,NA,16,37,33730,33730,Implied no,Yes,97,352,637,Professions-focused,Professions-focused Baccalaureate Small,No research designation,"Higher Access, Medium Earnings",Small
155520,MidAmerica Nazarene University,17,20,23,15,19,23,16,19,24,62,"Not required for admission, but considered if submitted (Test Optional)",208,5200512,No,NA,NA,36174,36174,NA,NA,NA,NA,NA,Private not-for-profit,79,26,585,619,53,229,136,742,1538,39,54,NA,NA,6,47,46,490,530,550,7,460,500,540,11,NA,36174,36174,Implied no,Yes,73,370,620,Professions-focused,Professions-focused Undergraduate/Graduate-Master's Small,No research designation,"Opportunity Colleges and Universities – Higher Access, Higher Earnings",Small
155681,Pittsburg State University,17,20,24,15,19,23,16,18,23,3,"Not required for admission, but considered if submitted (Test Optional)",679,4415890,No,NA,NA,6342,17686,NA,NA,NA,21621,22099,Public,89,32,2184,2288,114,895,428,3450,5755,36,51,NA,NA,1,63,37,NA,NA,NA,0,NA,NA,NA,14,26,6342,17686,Implied no,Yes,61,1348,1836,Professions-focused,Professions-focused Undergraduate/Graduate-Master's Large/Medium,Research Colleges and Universities,"Opportunity Colleges and Universities – Higher Access, Higher Earnings",Medium
155812,University of Saint Mary,17,20,24,15,20,24,16,19,22,35,"Not required for admission, but considered if submitted (Test Optional)",217,5582620,No,25,NA,34190,34190,NA,NA,NA,NA,NA,Private not-for-profit,87,21,546,481,21,208,145,499,1462,38,48,NA,NA,2,47,51,428,455,510,6,378,445,518,11,35,34190,34190,Implied no,Yes,84,391,712,Professions-focused,Professions-focused Undergraduate/Graduate-Doctorate Small,No research designation,"Opportunity Colleges and Universities – Higher Access, Higher Earnings",Small
155900,Southwestern College,NA,NA,NA,NA,NA,NA,NA,NA,NA,NA,"Not considered for admission, even if submitted (Test Blind)",192,5555683,No,25,NA,39672,39672,NA,NA,NA,NA,NA,Private not-for-profit,76,19,621,317,21,210,99,402,1041,29,36,NA,NA,4,31,65,NA,NA,NA,NA,NA,NA,NA,10,46,39672,39672,Implied no,Yes,70,424,504,Professions-focused,Professions-focused Baccalaureate Small,No research designation,"Higher Access, Medium Earnings",Small
156082,Washburn University,NA,NA,NA,NA,NA,NA,NA,NA,NA,NA,NA,836,8177217,No,NA,NA,9828,20832,NA,NA,NA,21365,21512,Public,NA,NA,1836,3495,268,1196,500,3192,6033,28,44,NA,NA,5,87,2,NA,NA,NA,NA,NA,NA,NA,15,26,9828,20832,Implied no,Yes,70,1652,1530,Professions-focused,Professions-focused Undergraduate/Graduate-Doctorate Medium,No research designation,"Higher Access, Medium Earnings",Medium
156125,Wichita State University,17,21,25,16,20,24,16,19,25,68,"Not required for admission, but considered if submitted (Test Optional)",1526,12399030,No,40,NA,7529,17714,NA,NA,NA,21661,21780,Public,94,20,5685,7628,1990,1871,1298,6341,16689,33,51,NA,NA,6,72,22,435,560,630,6,470,550,610,19,26,7529,17714,Implied no,Yes,60,3923,4078,Professions-focused,Professions-focused Undergraduate/Graduate-Doctorate Medium,Research 2: High Spending and Doctorate Production,"Higher Access, Medium Earnings",Medium
156213,Asbury University,NA,NA,NA,NA,NA,NA,NA,NA,NA,NA,"Not considered for admission, even if submitted (Test Blind)",356,8727725,No,NA,NA,33072,33072,NA,NA,NA,NA,NA,Private not-for-profit,63,26,714,1075,105,342,76,1371,2100,56,65,NA,NA,6,53,42,NA,NA,NA,NA,NA,NA,NA,13,19,33072,33072,Implied no,Yes,77,456,672,Professions-focused,Professions-focused Baccalaureate Small,No research designation,"Lower Access, Medium Earnings",Small
156286,Bellarmine University,23,25,28,22,25,29,20,24,27,26,"Not required for admission, but considered if submitted (Test Optional)",629,24531747,No,NA,NA,47180,47180,NA,NA,NA,NA,NA,Private not-for-profit,86,13,876,1364,59,539,76,1507,2886,57,64,NA,NA,2,72,27,520,590,620,4,510,560,630,12,22,47180,47180,Implied no,Yes,94,722,1150,Professions-focused,Professions-focused Undergraduate/Graduate-Doctorate Small,No research designation,"Opportunity Colleges and Universities – Higher Access, Higher Earnings",Small
156295,Berea College,23,26,28,22,25,30,20,24,26,35,"Not required for admission, but considered if submitted (Test Optional)",413,22644802,No,NA,6246,50900,50900,0.14,0.002,0.86,NA,NA,Private not-for-profit,19,54,629,898,141,401,45,642,1527,36,58,0.42,NA,10,44,45,568,610,655,6,588,630,680,9,24,50900,50900,Implied no,Implied no,99,1245,113,Special Focus: Arts and Sciences,Special Focus: Arts and Sciences,No research designation,"Higher Access, Medium Earnings",Small
156365,Campbellsville University,NA,NA,NA,NA,NA,NA,NA,NA,NA,NA,"Not considered for admission, even if submitted (Test Blind)",501,11423906,No,NA,NA,27498,27498,NA,NA,NA,NA,NA,Private not-for-profit,80,14,2784,4064,295,548,214,5037,10836,30,42,NA,10106,15,68,17,NA,NA,NA,NA,NA,NA,NA,19,NA,27498,27498,Implied no,Yes,33,1374,1266,Professions-focused,Professions-focused Undergraduate/Graduate-Master's Large/Medium,No research designation,"Higher Access, Medium Earnings",Medium
156408,Centre College,25,29,32,25,29,34,24,26,29,46,"Not required for admission, but considered if submitted (Test Optional)",360,15845333,No,NA,23190,52520,52520,0.32,0,0.69,NA,NA,Private not-for-profit,54,19,673,731,57,395,27,1013,1404,74,81,0.56,NA,6,56,38,570,680,730,8,590,680,720,10,NA,52520,52520,Implied no,Yes,99,307,660,Special Focus: Arts and Sciences,Special Focus: Arts and Sciences,No research designation,"Lower Access, Higher Earnings",Small
156471,Galen College of Nursing-Louisville,NA,NA,NA,NA,NA,NA,NA,NA,NA,NA,NA,547,4943496,No,NA,NA,NA,NA,NA,NA,NA,NA,NA,Private for-profit,NA,NA,523,4278,0,513,445,2349,5585,23,23,NA,NA,0,86,14,NA,NA,NA,NA,NA,NA,NA,12,NA,NA,NA,Implied no,Yes,87,1514,2145,Special Focus: Nursing,Special Focus: Nursing,No research designation,"Opportunity Colleges and Universities – Higher Access, Higher Earnings",Medium
156541,University of the Cumberlands,NA,NA,NA,NA,NA,NA,NA,NA,NA,NA,"Not considered for admission, even if submitted (Test Blind)",612,6911476,No,NA,NA,9875,9875,NA,NA,NA,NA,NA,Private not-for-profit,99,33,2486,5126,135,1244,1492,6248,22120,40,50,NA,9300,3,68,28,NA,NA,NA,NA,NA,NA,NA,23,21,9875,9875,Implied no,Yes,77,3258,4143,Professions-focused,Professions-focused Undergraduate/Graduate-Doctorate Large,No research designation,"Lower Access, Medium Earnings",Large
156620,Eastern Kentucky University,19,23,25,20,23,26,18,22,25,97,"Not required for admission, but considered if submitted (Test Optional)",2538,29104922,No,NA,NA,10020,20930,NA,NA,NA,23579,23735,Public,78,20,5423,8025,87,2908,1008,10717,15673,41,55,NA,NA,0,91,9,440,490,550,1,440,480,530,17,2,10020,20930,Implied no,Yes,83,5228,5181,Professions-focused,Professions-focused Undergraduate/Graduate-Master's Large/Medium,No research designation,"Opportunity Colleges and Universities – Higher Access, Higher Earnings",Medium
156745,Georgetown College,20,23,25,20,22,25,19,23,25,42,"Not required for admission, but considered if submitted (Test Optional)",307,12813976,No,NA,NA,41840,41840,NA,NA,NA,NA,NA,Private not-for-profit,91,26,584,527,56,320,39,826,1345,43,49,NA,NA,4,78,18,460,530,570,6,500,530,590,13,NA,41840,41840,Implied no,Yes,99,424,579,Mixed,Mixed Undergraduate/Graduate-Master's Small,No research designation,"Higher Access, Medium Earnings",Small
157058,Kentucky State University,14,15,17,11,15,17,14,15,17,21,"Not required for admission, but considered if submitted (Test Optional)",295,3050272,No,NA,NA,8261,12532,NA,NA,NA,21727,21727,Public,96,27,798,995,18,377,128,103,2020,14,35,NA,NA,0,42,55,NA,NA,NA,0,NA,NA,NA,10,20,8261,12452,Implied no,Yes,89,901,867,Professions-focused,Professions-focused Baccalaureate Small,Research Colleges and Universities,"Higher Access, Medium Earnings",Small
157085,University of Kentucky,21,25,28,21,25,30,20,24,27,50,"Not required for admission, but considered if submitted (Test Optional)",6053,78072924,No,50,39755,12109,32747,0.5,0.15,0.35,34454,34391,Public,93,22,10671,14863,358,6513,1056,19429,34709,55,71,0.48,NA,1,58,41,530,580,640,7,540,600,650,18,NA,12109,32747,Implied no,Yes,88,5385,8054,Professions-focused,Professions-focused Undergraduate/Graduate-Doctorate Large,Research 1: Very High Spending and Doctorate Production,"Lower Access, Higher Earnings",Large
157216,Lindsey Wilson College,NA,NA,NA,NA,NA,NA,NA,NA,NA,NA,NA,414,10300296,No,NA,NA,27504,27504,NA,NA,NA,NA,NA,Private not-for-profit,NA,NA,747,975,159,390,161,1062,4193,30,43,NA,NA,9,69,22,NA,NA,NA,NA,NA,NA,NA,16,NA,27504,27504,Implied no,Yes,98,912,872,Professions-focused,Professions-focused Undergraduate/Graduate-Master's Small,No research designation,"Higher Access, Medium Earnings",Small
157289,University of Louisville,19,23,27,19,23,28,18,23,26,85,"Not required for admission, but considered if submitted (Test Optional)",2847,41785901,No,30,25854,12940,29286,0.5,0.1,0.4,33111,32941,Public,79,25,7354,9732,312,3120,1058,10208,23065,44,61,0.47,NA,1,71,28,510,570,630,18,530,580,640,14,NA,12940,29286,Implied no,Yes,86,4955,4556,Mixed,Mixed Undergraduate/Graduate-Doctorate Large,Research 1: Very High Spending and Doctorate Production,"Opportunity Colleges and Universities – Higher Access, Higher Earnings",Large
157377,Midway University,20,22,25,19,22,26,18,20,24,31,"Not required for admission, but considered if submitted (Test Optional)",258,4710756,No,30,NA,26500,26500,NA,NA,NA,NA,NA,Private not-for-profit,95,23,665,1087,39,234,195,896,2003,36,44,NA,NA,2,74,24,530,560,580,3,570,580,590,15,24,17990,17990,Implied no,Yes,92,538,750,Professions-focused,Professions-focused Undergraduate/Graduate-Master's Small,No research designation,"Higher Access, Medium Earnings",Small
157386,Morehead State University,NA,NA,NA,NA,NA,NA,NA,NA,NA,1,"Not required for admission, but considered if submitted (Test Optional)",1185,14191547,No,30,NA,9704,14660,NA,NA,NA,21947,21961,Public,77,18,3239,5019,133,1284,293,6537,8791,40,52,NA,10994,8,78,15,NA,NA,NA,0,NA,NA,NA,16,6,9704,14660,Implied no,Yes,83,2368,2701,Professions-focused,Professions-focused Undergraduate/Graduate-Master's Large/Medium,Research Colleges and Universities,"Higher Access, Medium Earnings",Medium
157401,Murray State University,19,23,26,19,23,27,18,21,25,82,"Not required for admission, but considered if submitted (Test Optional)",1643,23293945,No,40,NA,8604,18540,NA,NA,NA,23327,23485,Public,86,17,3001,4850,298,1562,523,6159,10020,49,64,NA,NA,3,62,36,460,530,570,19,480,530,600,17,NA,8604,18540,Implied no,Yes,93,2621,2785,Professions-focused,Professions-focused Undergraduate/Graduate-Doctorate Medium,Research Colleges and Universities,"Lower Access, Medium Earnings",Medium
157447,Northern Kentucky University,18,21,25,17,21,25,17,20,24,73,"Not required for admission, but considered if submitted (Test Optional)",1217,12574355,No,40,NA,10704,21528,NA,NA,NA,18690,19725,Public,68,37,4216,5947,314,1510,896,7736,15347,36,54,NA,12712,1,69,29,480,510,560,5,473,530,590,19,NA,10704,21528,Implied no,Yes,86,2499,3073,Professions-focused,Professions-focused Undergraduate/Graduate-Doctorate Medium,Research Colleges and Universities,"Lower Access, Medium Earnings",Medium
157535,University of Pikeville,NA,NA,NA,NA,NA,NA,NA,NA,NA,NA,NA,313,6347682,No,NA,NA,24700,24700,NA,NA,NA,NA,NA,Private not-for-profit,NA,NA,684,856,72,275,129,1314,2547,29,42,NA,9000,4,73,23,NA,NA,NA,NA,NA,NA,NA,14,19,24700,24700,Implied no,Implied no,97,607,1049,Professions-focused,Professions-focused Undergraduate/Graduate-Doctorate Small,No research designation,"Higher Access, Medium Earnings",Small
157748,The Southern Baptist Theological Seminary,19,22,27,19,22,29,17,20,25,48,Required to be considered for admission,52,83896,No,40,NA,9696,9696,NA,NA,NA,NA,NA,Private not-for-profit,56,56,558,457,41,198,0,920,4298,35,35,NA,NA,6,16,78,490,530,590,30,520,590,640,16,NA,9696,9696,Implied no,Yes,28,0,0,Special Focus: Theological Studies,Special Focus: Theological Studies,No research designation,Not Classified in SAEC,Medium
157757,Spalding University,15,18,22,13,17,21,15,16,22,69,"Not required for admission, but considered if submitted (Test Optional)",114,2214860,No,NA,NA,28800,28800,NA,NA,NA,NA,NA,Private not-for-profit,99,16,295,423,6,113,77,355,1553,42,51,NA,NA,0,68,30,435,485,525,16,440,480,513,9,31,28800,28800,Implied no,Yes,88,263,433,Special Focus: Other Health Professions,Special Focus: Other Health Professions,No research designation,"Opportunity Colleges and Universities – Higher Access, Higher Earnings",Small
157793,Sullivan University,NA,NA,NA,NA,NA,NA,NA,NA,NA,NA,NA,329,4237880,No,NA,NA,15480,15480,NA,NA,NA,NA,NA,Private for-profit,NA,NA,528,1557,5,454,609,970,2498,NA,NA,NA,NA,0,70,30,NA,NA,NA,NA,NA,NA,NA,13,3,15480,15480,Implied no,Yes,66,1420,1578,Professions-focused,Professions-focused Undergraduate/Graduate-Doctorate Small,No research designation,"Higher Access, Medium Earnings",Small
157809,Thomas More University,21,24,27,20,23,29,20,24,26,40,"Not required for admission, but considered if submitted (Test Optional)",397,10826572,No,NA,NA,39800,39800,NA,NA,NA,NA,NA,Private not-for-profit,90,13,1015,1111,85,367,52,1625,2350,30,40,NA,7800,4,52,44,520,560,620,6,510,550,610,14,35,39025,39025,Implied no,Yes,93,420,968,Professions-focused,Professions-focused Baccalaureate Small,No research designation,"Lower Access, Higher Earnings",Small
157818,Transylvania University,24,27,30,23,27,31,22,25,27,67,"Not required for admission, but considered if submitted (Test Optional)",280,10052923,No,NA,NA,44880,44880,NA,NA,NA,NA,NA,Private not-for-profit,87,16,431,575,5,261,15,809,1006,56,71,NA,NA,0,84,16,540,630,690,5,580,620,690,10,NA,44880,44880,Implied no,Yes,98,268,479,Special Focus: Arts and Sciences,Special Focus: Arts and Sciences,No research designation,"Lower Access, Medium Earnings",Small
157863,Union College,15,18,22,13,17,22,15,17,21,54,"Not required for admission, but considered if submitted (Test Optional)",197,5311403,No,NA,40343,28737,28737,0.31,0.003,0.69,NA,NA,Private not-for-profit,63,39,465,310,137,244,79,388,1324,22,32,0.57,NA,20,44,36,NA,NA,NA,0,NA,NA,NA,14,29,28737,28737,Implied no,Yes,96,390,448,Professions-focused,Professions-focused Undergraduate/Graduate-Master's Small,No research designation,"Higher Access, Medium Earnings",Small
157951,Western Kentucky University,16,18,21,15,19,21,15,16,18,3,"Not required for admission, but considered if submitted (Test Optional)",2777,30327714,No,50,NA,11652,27000,NA,NA,NA,24122,24188,Public,94,30,5431,8720,86,2788,715,10574,16291,44,58,NA,NA,0,66,33,420,440,520,3,420,490,530,19,23,11652,27000,Implied no,Yes,87,4446,5058,Professions-focused,Professions-focused Undergraduate/Graduate-Master's Large/Medium,Research Colleges and Universities,"Higher Access, Medium Earnings",Medium
158802,Dillard University,18,20,22,18,21,24,16,17,21,30,"Not required for admission, but considered if submitted (Test Optional)",245,4280815,No,40,NA,20118,20118,NA,NA,NA,NA,NA,Private not-for-profit,42,6,294,774,32,188,72,7,1080,29,43,NA,12774,2,51,47,488,530,562,11,480,520,640,14,10,19384,19384,Implied no,Yes,95,778,886,Special Focus: Arts and Sciences,Special Focus: Arts and Sciences,No research designation,"Higher Access, Medium Earnings",Small
159009,Grambling State University,15,17,19,13,16,19,14,16,17,22,"Not required for admission, but considered if submitted (Test Optional)",870,7717255,No,20,NA,5140,5140,NA,NA,NA,25364,25367,Public,45,18,1679,2634,349,1047,158,33,5150,30,36,NA,NA,22,43,35,430,430,510,6,490,490,570,25,NA,5140,5140,Implied no,Yes,87,3208,3330,Special Focus: Arts and Sciences,Special Focus: Arts and Sciences,No research designation,"Higher Access, Medium Earnings",Medium
159373,Louisiana State University Health Sciences Center-New Orleans,NA,NA,NA,NA,NA,NA,NA,NA,NA,NA,NA,NA,NA,Not applicable,50,NA,NA,NA,NA,NA,NA,NA,NA,Public,NA,NA,114,748,5,0,213,468,2750,NA,NA,NA,NA,NA,NA,NA,NA,NA,NA,NA,NA,NA,NA,3,NA,7020,15495,Implied no,Implied no,77,296,462,Special Focus: Medical Schools and Centers,Special Focus: Medical Schools and Centers,Research 2: High Spending and Doctorate Production,Not Classified in SAEC,Small
159382,Louisiana State University-Alexandria,17,19,22,18,21,24,16,17,21,99,Required to be considered for admission,385,2910861,No,20,25590,4950,5120,0.41,0.17,0.43,15466,15550,Public,92,67,1948,4867,68,588,1262,3677,6815,24,34,0.43,NA,0,88,8,480,520,610,4,490,550,610,33,36,4950,5150,Implied no,Yes,53,1881,1940,Special Focus: Arts and Sciences,Special Focus: Arts and Sciences,No research designation,"Lower Access, Medium Earnings",Medium
159391,Louisiana State University and Agricultural & Mechanical College,24,27,30,24,27,32,23,25,28,40,"Not required for admission, but considered if submitted (Test Optional)",6598,92990542,No,50,NA,8038,8038,NA,NA,NA,34714,34705,Public,73,23,14814,19428,523,7925,1091,19825,41705,47,66,NA,NA,1,60,39,580,615,660,7,600,640,680,21,NA,8038,8038,Implied no,Yes,72,8643,9741,Mixed,Mixed Undergraduate/Graduate-Doctorate Large,Research 1: Very High Spending and Doctorate Production,"Lower Access, Higher Earnings",Large
159416,Louisiana State University-Shreveport,18,21,24,18,21,25,16,18,23,81,"Not required for admission, but considered if submitted (Test Optional)",242,2879300,No,20,NA,5522,5522,NA,NA,NA,19185,19461,Public,51,31,1133,1518,106,296,671,1516,10749,21,38,NA,NA,3,88,9,485,540,590,5,515,550,605,30,27,5656,5656,Implied no,Implied no,61,983,747,Mixed,Mixed Undergraduate/Graduate-Master's Large/Medium,No research designation,"Lower Access, Medium Earnings",Medium
159647,Louisiana Tech University,21,24,27,21,24,26,20,23,26,80,"Not required for admission, but considered if submitted (Test Optional)",2142,26023273,No,20,NA,6401,13142,NA,NA,NA,24156,24280,Public,86,33,5773,5108,351,2453,221,7977,11873,44,62,NA,9618,8,80,12,550,630,680,5,550,580,630,21,10,6401,13142,Implied no,Yes,91,2254,2835,Professions-focused,Professions-focused Undergraduate/Graduate-Master's Large/Medium,Research 2: High Spending and Doctorate Production,"Lower Access, Medium Earnings",Medium
159656,Loyola University New Orleans,NA,NA,NA,NA,NA,NA,NA,NA,NA,NA,"Not considered for admission, even if submitted (Test Blind)",688,26334952,No,NA,NA,47390,47390,NA,NA,NA,NA,NA,Private not-for-profit,93,12,1062,1945,145,579,129,1331,4250,48,59,NA,NA,4,55,39,NA,NA,NA,NA,NA,NA,NA,12,10,47390,47390,Implied no,Yes,90,1196,1703,Mixed,Mixed Undergraduate/Graduate-Doctorate Medium,No research designation,"Higher Access, Medium Earnings",Medium
159717,McNeese State University,18,21,23,17,21,24,16,19,23,86,"Not required for admission, but considered if submitted (Test Optional)",924,8915324,No,20,NA,5147,6647,NA,NA,NA,22242,22810,Public,78,38,2183,3485,370,1166,369,3560,6241,25,46,NA,NA,9,84,7,450,520,588,7,490,530,610,20,29,5147,6647,Implied no,Yes,81,1923,1786,Mixed,Mixed Baccalaureate,No research designation,"Lower Access, Medium Earnings",Medium
159939,University of New Orleans,17,20,23,15,20,24,16,17,22,82,"Not required for admission, but considered if submitted (Test Optional)",712,7668819,No,25,NA,6090,10926,NA,NA,NA,22947,23431,Public,74,18,2761,2658,90,993,487,2228,6501,23,38,NA,NA,2,91,7,455,530,625,6,480,550,616,19,31,6090,10926,Implied no,Yes,59,2142,1513,Mixed,Mixed Undergraduate/Graduate-Doctorate Medium,Research 2: High Spending and Doctorate Production,"Higher Access, Medium Earnings",Medium
159948,New Orleans Baptist Theological Seminary,NA,NA,NA,NA,NA,NA,NA,NA,NA,NA,NA,26,191904,No,40,NA,11400,11400,NA,NA,NA,NA,NA,Private not-for-profit,NA,NA,545,320,34,143,50,517,2349,22,70,NA,NA,0,52,46,NA,NA,NA,NA,NA,NA,NA,19,9,11400,11400,Implied no,Yes,33,66,0,Special Focus: Theological Studies,Special Focus: Theological Studies,No research designation,Not Classified in SAEC,Small
159966,Nicholls State University,19,21,24,19,22,25,17,20,24,82,Required to be considered for admission,1038,10786598,No,20,NA,4922,6015,NA,NA,NA,22983,23481,Public,91,35,2125,3393,100,1120,211,3514,6043,30,54,NA,NA,3,92,5,462,555,588,3,472,525,608,19,24,4922,6015,Implied no,Yes,82,1910,2147,Professions-focused,Professions-focused Baccalaureate Medium,No research designation,"Higher Access, Medium Earnings",Medium
159993,University of Louisiana at Monroe,18,21,24,18,21,25,17,19,24,86,"Not required for admission, but considered if submitted (Test Optional)",965,12871408,No,20,NA,5788,17888,NA,NA,NA,24563,24932,Public,85,35,2446,4315,437,1275,372,3664,8601,33,53,NA,NA,11,84,5,620,680,730,14,540,600,630,18,NA,5788,5788,Implied no,Yes,64,2279,2274,Professions-focused,Professions-focused Undergraduate/Graduate-Doctorate Medium,Research Colleges and Universities,"Lower Access, Medium Earnings",Medium
160038,Northwestern State University of Louisiana,18,21,24,17,21,24,16,18,23,85,"Not required for admission, but considered if submitted (Test Optional)",960,11613713,No,20,NA,5180,15968,NA,NA,NA,25289,25431,Public,93,37,2341,5281,150,1043,371,4323,8523,30,45,NA,NA,1,99,1,418,520,553,3,448,510,610,16,NA,5180,15968,Implied no,Yes,86,2783,2774,Professions-focused,Professions-focused Undergraduate/Graduate-Master's Large/Medium,No research designation,"Lower Access, Medium Earnings",Medium
160074,Franciscan Missionaries of Our Lady University,NA,NA,NA,NA,NA,NA,NA,NA,NA,NA,"Not considered for admission, even if submitted (Test Blind)",56,642631,No,NA,NA,16778,16778,NA,NA,NA,NA,NA,Private not-for-profit,99,30,138,723,0,112,154,542,1191,23,44,NA,NA,0,98,2,NA,NA,NA,NA,NA,NA,NA,14,32,16427,16427,Implied no,Yes,67,269,420,Special Focus: Nursing,Special Focus: Nursing,No research designation,"Lower Access, Higher Earnings",Small
160612,Southeastern Louisiana University,18,21,24,18,21,24,16,19,23,94,"Not required for admission, but considered if submitted (Test Optional)",1695,17378437,No,20,NA,5777,18255,NA,NA,NA,23044,23604,Public,99,39,5046,8146,234,2408,526,8311,14426,26,45,NA,NA,2,96,2,NA,NA,NA,0,NA,NA,NA,20,31,5777,18255,Implied no,Yes,72,4219,4112,Professions-focused,Professions-focused Undergraduate/Graduate-Master's Large/Medium,Research Colleges and Universities,"Higher Access, Medium Earnings",Medium
160621,Southern University and A & M College,15,17,19,14,16,20,15,16,18,63,"Not required for admission, but considered if submitted (Test Optional)",1467,11654847,No,25,NA,4973,12323,NA,NA,NA,26336,26341,Public,35,20,2220,4493,21,1544,333,130,7452,10,27,NA,8018,0,68,31,380,430,490,12,410,470,530,21,NA,4973,12323,Implied no,Yes,77,4506,4749,Mixed,Mixed Undergraduate/Graduate-Doctorate Medium,Research 2: High Spending and Doctorate Production,"Higher Access, Medium Earnings",Medium
160630,Southern University at New Orleans,15,17,20,9,16,20,14,16,20,64,"Not required for admission, but considered if submitted (Test Optional)",134,1505018,No,25,NA,4484,13384,NA,NA,NA,23752,23905,Public,79,3,774,1405,40,163,175,125,2468,4,13,NA,NA,1,74,25,410,430,510,10,410,480,540,13,40,4484,13384,Implied no,Yes,47,739,693,Professions-focused,Professions-focused Undergraduate/Graduate-Master's Small,No research designation,"Higher Access, Medium Earnings",Small
160658,University of Louisiana at Lafayette,23,25,28,23,26,30,21,24,27,45,"Not required for admission, but considered if submitted (Test Optional)",2787,32780489,No,25,NA,5407,19135,NA,NA,NA,24449,24884,Public,87,32,5602,7830,102,3064,605,7624,15665,27,53,NA,NA,1,96,3,550,580,610,1,570,610,630,18,NA,5407,19135,Implied no,Implied no,74,5470,5762,Mixed,Mixed Undergraduate/Graduate-Master's Large/Medium,Research 1: Very High Spending and Doctorate Production,"Higher Access, Medium Earnings",Medium
160755,Tulane University of Louisiana,31,32,34,31,34,35,27,30,33,28,"Not required for admission, but considered if submitted (Test Optional)",1126,44650091,No,NA,28055,64372,64372,0.32,0.08,0.61,NA,NA,Private not-for-profit,14,40,3135,5057,454,1838,153,5148,13310,79,86,0.27,NA,3,14,80,700,740,770,13,700,725,750,7,10,64372,64372,Implied no,Yes,59,787,1688,Mixed,Mixed Undergraduate/Graduate-Doctorate Medium,Research 1: Very High Spending and Doctorate Production,"Lower Access, Medium Earnings",Medium
160904,Xavier University of Louisiana,19,22,24,19,22,25,17,20,23,46,"Not required for admission, but considered if submitted (Test Optional)",682,15888289,No,NA,NA,25829,25829,NA,NA,NA,NA,NA,Private not-for-profit,69,12,649,2039,70,839,67,27,3218,36,48,NA,11310,0,25,75,450,505,553,33,500,520,560,11,40,25829,25829,Implied no,Yes,88,1402,1457,Mixed,Mixed Undergraduate/Graduate-Doctorate Small,Research Colleges and Universities,"Opportunity Colleges and Universities – Higher Access, Higher Earnings",Small
160977,Bates College,31,33,34,NA,NA,NA,NA,NA,NA,4,"Not required for admission, but considered if submitted (Test Optional)",203,11938171,Yes,65,27121,66590,66590,0.39,0.01,0.61,NA,NA,Private not-for-profit,13,37,848,912,172,488,6,1060,1760,82,90,0.22,18780,11,8,81,710,735,780,12,710,730,750,9,7,66590,66590,Implied no,Yes,41,202,242,Special Focus: Arts and Sciences,Special Focus: Arts and Sciences,No research designation,"Lower Access, Higher Earnings",Small
161004,Bowdoin College,33,34,35,35,35,36,30,32,34,17,"Not required for admission, but considered if submitted (Test Optional)",275,17289831,Yes,65,24988,67198,67198,0.34,0.01,0.65,NA,NA,Private not-for-profit,7,54,901,980,130,507,7,993,1881,72,95,0.18,NA,8,9,82,740,770,780,31,730,750,770,9,3,67198,67198,Implied no,Yes,56,321,155,Special Focus: Arts and Sciences,Special Focus: Arts and Sciences,Research Colleges and Universities,"Lower Access, Higher Earnings",Small
161086,Colby College,32,33,34,33,35,35,29,31,34,16,"Not required for admission, but considered if submitted (Test Optional)",275,19030248,No,NA,25005,66660,66660,0.32,0.02,0.66,NA,NA,Private not-for-profit,7,46,1178,1234,269,628,10,1321,2412,75,89,0.17,NA,16,8,76,740,770,790,36,720,740,760,9,7,66660,66660,Implied no,Yes,44,327,195,Special Focus: Arts and Sciences,Special Focus: Arts and Sciences,Research Colleges and Universities,"Lower Access, Higher Earnings",Small
161217,University of Maine at Augusta,NA,NA,NA,NA,NA,NA,NA,NA,NA,NA,NA,166,1215683,No,NA,NA,7800,21090,NA,NA,NA,18464,19052,Public,NA,NA,1487,2826,37,289,416,3396,4412,16,26,NA,NA,2,91,7,NA,NA,NA,NA,NA,NA,NA,16,21,7800,21090,Implied no,Yes,45,1391,1104,Professions-focused,Professions-focused Baccalaureate Medium,No research designation,"Higher Access, Medium Earnings",Medium
161226,University of Maine at Farmington,NA,NA,NA,NA,NA,NA,NA,NA,NA,0,"Not required for admission, but considered if submitted (Test Optional)",214,1753478,No,NA,NA,9180,21750,NA,NA,NA,25853,25822,Public,97,19,575,1102,7,269,97,1416,2100,36,52,NA,NA,0,84,16,510,580,640,9,485,550,605,13,25,9180,21750,Implied no,Yes,64,484,626,Mixed,Mixed Baccalaureate,No research designation,"Higher Access, Medium Earnings",Small
161235,University of Maine at Fort Kent,NA,NA,NA,NA,NA,NA,NA,NA,NA,NA,"Not considered for admission, even if submitted (Test Blind)",66,642253,No,NA,NA,7800,13260,NA,NA,NA,19386,18703,Public,98,13,456,1008,78,67,145,1111,1562,23,34,NA,NA,15,75,10,NA,NA,NA,NA,NA,NA,NA,21,28,7800,13260,Implied no,Implied no,29,203,238,Special Focus: Nursing,Special Focus: Nursing,No research designation,"Opportunity Colleges and Universities – Higher Access, Higher Earnings",Small
161253,University of Maine,NA,NA,NA,NA,NA,NA,NA,NA,NA,NA,"Not considered for admission, even if submitted (Test Blind)",1770,22848845,No,NA,34784,12360,35790,0.44,0.15,0.42,27136,27328,Public,97,15,4890,4711,193,2089,492,7847,12029,41,55,0.64,NA,1,64,35,NA,NA,NA,NA,NA,NA,NA,15,26,12360,35790,Implied no,Yes,78,2178,3932,Mixed,Mixed Undergraduate/Graduate-Master's Large/Medium,Research 1: Very High Spending and Doctorate Production,"Lower Access, Medium Earnings",Medium
161341,University of Maine at Presque Isle,NA,NA,NA,NA,NA,NA,NA,NA,NA,NA,"Not considered for admission, even if submitted (Test Blind)",91,792031,No,NA,NA,7800,13260,NA,NA,NA,19044,19113,Public,100,19,1150,1608,212,146,978,1693,2873,24,24,NA,NA,9,62,29,NA,NA,NA,NA,NA,NA,NA,30,1,7800,13260,Implied no,Yes,35,524,498,Professions-focused,Professions-focused Baccalaureate Small,No research designation,"Higher Access, Medium Earnings",Small
161457,University of New England,NA,NA,NA,NA,NA,NA,NA,NA,NA,NA,"Not considered for admission, even if submitted (Test Blind)",586,13627443,No,40,NA,42650,42650,NA,NA,NA,NA,NA,Private not-for-profit,92,12,1248,2636,10,562,95,2828,6573,57,70,NA,18000,1,21,78,NA,NA,NA,NA,NA,NA,NA,11,26,42650,42650,Implied no,Yes,56,455,1581,Professions-focused,Professions-focused Undergraduate/Graduate-Doctorate Medium,Research 2: High Spending and Doctorate Production,"Lower Access, Higher Earnings",Medium
161518,Saint Joseph's College of Maine,NA,NA,NA,NA,NA,NA,NA,NA,NA,0,"Not required for admission, but considered if submitted (Test Optional)",232,7321363,No,NA,NA,44120,44120,NA,NA,NA,NA,NA,Private not-for-profit,84,12,454,643,0,203,17,778,1454,44,66,NA,15384,0,55,45,460,500,560,10,500,540,590,10,NA,44120,44120,Implied no,Yes,72,250,631,Professions-focused,Professions-focused Undergraduate/Graduate-Master's Small,No research designation,"Lower Access, Higher Earnings",Small
161554,University of Southern Maine,24,25,28,22,23,26,25,26,28,2,Required to be considered for admission,652,7294659,No,NA,NA,8568,25228,NA,NA,NA,23330,23717,Public,79,15,2304,3221,73,707,511,4160,7604,26,40,NA,NA,1,75,24,490,540,600,10,500,560,650,14,27,9180,27030,Implied no,Yes,60,1559,1917,Professions-focused,Professions-focused Undergraduate/Graduate-Doctorate Medium,Research Colleges and Universities,"Higher Access, Medium Earnings",Medium
161563,Thomas College,NA,NA,NA,NA,NA,NA,NA,NA,NA,NA,"Not considered for admission, even if submitted (Test Blind)",190,5360193,No,NA,20874,30718,30718,0,0,1,NA,NA,Private not-for-profit,96,16,695,831,46,151,38,1184,1635,48,53,0.72,NA,4,66,30,NA,NA,NA,NA,NA,NA,NA,20,NA,30718,30718,Implied no,Yes,42,287,519,Professions-focused,Professions-focused Undergraduate/Graduate-Master's Small,No research designation,"Higher Access, Lower Earnings",Small
161572,Unity Environmental University,NA,NA,NA,NA,NA,NA,NA,NA,NA,NA,NA,509,1748829,No,NA,NA,11280,11280,NA,NA,NA,NA,NA,Private not-for-profit,NA,NA,1516,4991,2,858,1440,4580,7165,24,29,NA,NA,0,2,97,NA,NA,NA,NA,NA,NA,NA,36,40,11280,11280,Implied no,Yes,66,3614,4852,Professions-focused,Professions-focused Undergraduate/Graduate-Master's Large/Medium,No research designation,"Higher Access, Lower Earnings",Medium
161873,University of Baltimore,NA,NA,NA,NA,NA,NA,NA,NA,NA,0,"Not required for admission, but considered if submitted (Test Optional)",21,233375,No,35,NA,7590,21582,NA,NA,NA,25658,26406,Public,79,37,593,839,15,37,242,295,3187,25,38,NA,NA,0,89,11,370,440,680,14,370,500,650,10,20,7590,21582,Implied no,Yes,76,580,491,Professions-focused,Professions-focused Undergraduate/Graduate-Doctorate Medium,Research Colleges and Universities,"Higher Access, Medium Earnings",Medium
162007,Bowie State University,NA,NA,NA,NA,NA,NA,NA,NA,NA,0,"Not required for admission, but considered if submitted (Test Optional)",520,3545708,No,NA,NA,6113,16833,NA,NA,NA,25388,25220,Public,72,27,2042,3094,78,922,428,142,6353,16,38,NA,NA,0,75,22,NA,NA,NA,1,NA,NA,NA,15,30,6113,16833,Implied no,Yes,46,2345,2329,Professions-focused,Professions-focused Undergraduate/Graduate-Master's Large/Medium,Research Colleges and Universities,"Higher Access, Medium Earnings",Medium
162061,Capitol Technology University,NA,NA,NA,NA,NA,NA,NA,NA,NA,NA,"Not considered for admission, even if submitted (Test Blind)",63,1283238,No,50,NA,26350,26350,NA,NA,NA,NA,NA,Private not-for-profit,74,17,261,58,9,76,25,93,1065,27,43,NA,NA,0,80,20,NA,NA,NA,NA,NA,NA,NA,9,7,26350,26350,Yes,Yes,93,105,126,Professions-focused,Professions-focused Undergraduate/Graduate-Doctorate Small,No research designation,"Opportunity Colleges and Universities – Higher Access, Higher Earnings",Small
162283,Coppin State University,NA,NA,NA,NA,NA,NA,NA,NA,NA,0,"Not required for admission, but considered if submitted (Test Optional)",331,4700380,No,50,NA,5032,11956,NA,NA,NA,23783,23748,Public,46,12,494,1413,81,482,190,21,2210,11,26,NA,NA,1,60,39,420,490,510,4,460,485,510,12,38,5032,11956,Implied no,Implied no,83,974,655,Professions-focused,Professions-focused Baccalaureate Small,No research designation,"Higher Access, Medium Earnings",Small
162584,Frostburg State University,NA,NA,NA,NA,NA,NA,NA,NA,NA,0,"Not required for admission, but considered if submitted (Test Optional)",573,5985133,No,45,NA,7254,22848,NA,NA,NA,27056,27056,Public,89,13,1581,1841,630,597,401,1707,4104,33,50,NA,NA,1,83,16,NA,NA,NA,0,NA,NA,NA,13,15,7254,22848,Implied no,Yes,72,1076,1260,Mixed,Mixed Undergraduate/Graduate-Master's Large/Medium,No research designation,"Opportunity Colleges and Universities – Higher Access, Higher Earnings",Medium
162654,Goucher College,27,29,30,26,30,34,24,26,27,5,"Not required for admission, but considered if submitted (Test Optional)",256,11210509,No,NA,28643,53100,53100,0.2,0,0.8,NA,NA,Private not-for-profit,78,10,352,629,74,277,33,445,1459,46,57,0.48,NA,10,53,38,530,590,645,20,560,630,680,9,NA,53100,53100,Implied no,Yes,98,337,507,Mixed,Mixed Undergraduate/Graduate-Master's Small,No research designation,"Higher Access, Medium Earnings",Small
162760,Hood College,NA,NA,NA,NA,NA,NA,NA,NA,NA,NA,"Not considered for admission, even if submitted (Test Blind)",303,11501037,No,NA,NA,46700,46700,NA,NA,NA,NA,NA,Private not-for-profit,78,12,414,784,18,312,85,596,2101,44,57,NA,NA,3,71,27,NA,NA,NA,NA,NA,NA,NA,10,29,46700,46700,Implied no,Yes,98,448,820,Mixed,Mixed Undergraduate/Graduate-Master's Small,No research designation,"Higher Access, Medium Earnings",Small
162928,Johns Hopkins University,34,35,36,35,35,36,34,35,36,18,"Not required for admission, but considered if submitted (Test Optional)",846,50740798,No,70,30803,64730,64730,NA,NA,NA,NA,NA,Private not-for-profit,6,47,2752,3604,934,1389,68,1398,30210,87,94,0.2,NA,16,13,71,780,790,800,50,740,760,770,6,3,64730,64730,Implied no,Yes,69,1187,567,Mixed,Mixed Undergraduate/Graduate-Doctorate Large,Research 1: Very High Spending and Doctorate Production,"Lower Access, Higher Earnings",Large
163046,Loyola University Maryland,28,30,32,27,30,34,25,27,29,3,"Not required for admission, but considered if submitted (Test Optional)",1099,45433788,No,60,38356,57150,57150,0.52,0.01,0.48,NA,NA,Private not-for-profit,75,12,1707,2174,80,945,58,2374,4897,73,79,0.64,NA,1,35,63,580,620,680,14,620,650,690,12,17,57150,57150,Implied no,Yes,98,812,2092,Mixed,Mixed Undergraduate/Graduate-Master's Large/Medium,No research designation,"Lower Access, Higher Earnings",Medium
163204,University of Maryland Global Campus,NA,NA,NA,NA,NA,NA,NA,NA,NA,NA,NA,128,666955,No,50,NA,7776,11976,NA,NA,NA,25567,25400,Public,NA,NA,28442,23745,703,977,10822,15507,63012,10,20,NA,NA,4,32,62,NA,NA,NA,NA,NA,NA,NA,21,35,7776,11976,Implied no,Yes,44,14892,8876,Mixed,Mixed Undergraduate/Graduate-Doctorate Large,No research designation,"Opportunity Colleges and Universities – Higher Access, Higher Earnings",Very Large
163259,"University of Maryland, Baltimore",NA,NA,NA,NA,NA,NA,NA,NA,NA,NA,NA,NA,NA,Not applicable,50,NA,NA,NA,NA,NA,NA,NA,NA,Public,NA,NA,164,796,39,0,266,242,6636,NA,NA,NA,NA,NA,NA,NA,NA,NA,NA,NA,NA,NA,NA,5,NA,10024,41197,Implied no,Yes,28,143,200,Special Focus: Medical Schools and Centers,Special Focus: Medical Schools and Centers,Research 1: Very High Spending and Doctorate Production,Not Classified in SAEC,Medium
163268,University of Maryland-Baltimore County,25,29,31,24,27,34,24,27,29,3,"Not required for admission, but considered if submitted (Test Optional)",1726,17611217,No,75,22758,9423,27392,0.45,0.12,0.43,28172,28576,Public,72,22,5852,4915,520,2241,790,3074,13906,48,69,0.36,NA,5,90,4,610,660,720,27,630,660,700,17,14,9423,27392,Implied no,Yes,67,3151,2968,Mixed,Mixed Undergraduate/Graduate-Doctorate Medium,Research 1: Very High Spending and Doctorate Production,"Higher Access, Medium Earnings",Medium
163286,University of Maryland-College Park,32,34,35,32,34,35,29,32,35,7,"Not required for admission, but considered if submitted (Test Optional)",3371,43375718,No,75,29638,10087,39464,0.36,0.18,0.46,29528,29299,Public,45,22,15805,15328,1143,5818,2292,11983,41725,77,89,0.31,NA,2,70,28,710,745,780,42,690,720,750,17,8,10087,39464,Implied no,Yes,53,5934,6588,Mixed,Mixed Undergraduate/Graduate-Doctorate Large,Research 1: Very High Spending and Doctorate Production,"Lower Access, Higher Earnings",Very Large
163295,Maryland Institute College of Art,25,29,33,25,33,35,24,24,27,4,"Not required for admission, but considered if submitted (Test Optional)",277,8193226,No,0,NA,54750,54750,NA,NA,NA,NA,NA,Private not-for-profit,77,10,283,908,226,255,79,380,1687,52,72,NA,NA,18,33,49,508,580,635,11,570,645,670,9,NA,54750,54750,Implied no,Yes,94,306,546,"Special Focus: Arts, Music, and Design","Special Focus: Arts, Music, and Design",No research designation,"Lower Access, Lower Earnings",Small
163338,University of Maryland Eastern Shore,NA,NA,NA,NA,NA,NA,NA,NA,NA,NA,"Not considered for admission, even if submitted (Test Blind)",700,8909485,No,35,NA,5750,16796,NA,NA,NA,25628,25941,Public,96,9,1131,1345,63,774,165,234,3177,17,35,NA,NA,2,66,32,NA,NA,NA,NA,NA,NA,NA,11,35,5750,16796,Implied no,Yes,86,1244,1164,Professions-focused,Professions-focused Undergraduate/Graduate-Doctorate Small,Research Colleges and Universities,"Opportunity Colleges and Universities – Higher Access, Higher Earnings",Small
163453,Morgan State University,16,18,21,17,20,24,15,16,18,3,"Not required for admission, but considered if submitted (Test Optional)",2214,23970289,No,35,NA,5698,16593,NA,NA,NA,25371,25413,Public,82,12,3489,5538,567,2377,365,65,10739,19,41,NA,NA,1,48,50,440,500,550,22,400,470,520,18,20,5698,16593,Implied no,Yes,88,4694,5428,Mixed,Mixed Undergraduate/Graduate-Master's Large/Medium,Research 2: High Spending and Doctorate Production,"Higher Access, Medium Earnings",Medium
163462,Mount St. Mary's University,19,23,27,21,23,29,20,25,28,2,"Not required for admission, but considered if submitted (Test Optional)",479,19456413,No,NA,NA,47000,47000,NA,NA,NA,NA,NA,Private not-for-profit,74,12,894,936,89,546,85,868,2408,62,65,NA,NA,3,56,39,503,580,620,13,543,600,660,13,28,47000,47000,Implied no,Yes,92,583,957,Mixed,Mixed Undergraduate/Graduate-Master's Small,No research designation,"Higher Access, Medium Earnings",Small
163578,Notre Dame of Maryland University,NA,NA,NA,NA,NA,NA,NA,NA,NA,NA,"Not considered for admission, even if submitted (Test Blind)",190,7234788,No,NA,NA,41850,41850,NA,NA,NA,NA,NA,Private not-for-profit,82,8,151,558,25,183,80,202,1788,43,50,NA,NA,0,77,17,NA,NA,NA,NA,NA,NA,NA,9,40,41850,41850,Implied no,Yes,72,250,338,Special Focus: Nursing,Special Focus: Nursing,No research designation,"Opportunity Colleges and Universities – Higher Access, Higher Earnings",Small
163851,Salisbury University,20,27,29,19,26,30,19,24,26,1,"Not required for admission, but considered if submitted (Test Optional)",1211,11049105,No,50,NA,7860,18950,NA,NA,NA,28188,28310,Public,87,18,2749,3539,51,1423,491,4269,7025,51,68,NA,NA,0,82,17,580,620,650,11,600,630,670,14,22,7860,18950,Implied no,Yes,76,1616,2452,Mixed,Mixed Undergraduate/Graduate-Master's Large/Medium,Research Colleges and Universities,"Lower Access, Higher Earnings",Medium
163912,St. Mary's College of Maryland,26,28,31,26,31,33,20,23,26,5,"Not required for admission, but considered if submitted (Test Optional)",433,4935151,No,50,26890,12116,28192,0.3,0.01,0.69,31778,31865,Public,69,17,647,969,10,403,69,1105,1630,60,70,0.5,NA,0,87,13,553,600,650,27,590,650,690,10,23,12116,28192,Implied no,Yes,90,333,674,Special Focus: Arts and Sciences,Special Focus: Arts and Sciences,No research designation,"Higher Access, Medium Earnings",Small
164076,Towson University,19,23,27,19,23,27,16,19,25,1,"Not required for admission, but considered if submitted (Test Optional)",2194,25932631,No,50,28309,7530,25622,0.59,0.03,0.38,28430,28535,Public,82,18,6734,9530,168,2947,1506,6158,19401,47,69,0.62,NA,1,88,11,460,530,600,17,490,560,635,14,19,7530,25622,Implied no,Yes,63,5911,6876,Professions-focused,Professions-focused Undergraduate/Graduate-Master's Large/Medium,Research Colleges and Universities,"Higher Access, Medium Earnings",Large
164155,United States Naval Academy,25,28,31,24,28,33,25,27,31,44,"Not required for admission, but considered if submitted (Test Optional)",NA,NA,Yes,NA,NA,NA,NA,0.33,0.004,0.67,NA,NA,Public,9,84,3150,1324,58,1170,0,2497,4474,92,93,NA,NA,1,7,91,600,650,710,74,610,650,700,8,NA,NA,NA,Implied no,Implied no,NA,NA,NA,Mixed,Mixed Baccalaureate,Research Colleges and Universities,Not Classified in SAEC,Medium
164173,Stevenson University,NA,NA,NA,NA,NA,NA,NA,NA,NA,NA,"Not considered for admission, even if submitted (Test Blind)",793,24791608,No,NA,NA,37734,37734,NA,NA,NA,NA,NA,Private not-for-profit,79,17,1212,1894,31,767,199,1434,3684,61,68,NA,NA,1,70,30,NA,NA,NA,NA,NA,NA,NA,15,25,37734,37734,Implied no,Yes,92,935,2113,Professions-focused,Professions-focused Undergraduate/Graduate-Master's Large/Medium,No research designation,"Higher Access, Medium Earnings",Medium
164270,McDaniel College,NA,NA,NA,NA,NA,NA,NA,NA,NA,NA,"Not considered for admission, even if submitted (Test Blind)",424,17265685,No,NA,NA,51106,51106,NA,NA,NA,NA,NA,Private not-for-profit,78,14,715,905,9,453,80,865,2868,56,63,NA,NA,0,73,27,NA,NA,NA,NA,NA,NA,NA,13,0,51106,51106,Implied no,Implied no,100,601,972,Mixed,Mixed Undergraduate/Graduate-Master's Small,No research designation,"Higher Access, Medium Earnings",Small
164368,Hult International Business School,NA,NA,NA,NA,NA,NA,NA,NA,NA,NA,"Not considered for admission, even if submitted (Test Blind)",129,3273411,No,95,NA,56200,56200,NA,NA,NA,NA,NA,Private not-for-profit,60,13,372,246,489,139,24,28,2008,54,67,NA,NA,75,8,17,NA,NA,NA,NA,NA,NA,NA,10,NA,53448,53448,Implied no,Yes,81,51,59,Special Focus: Business,Special Focus: Business,No research designation,Not Classified in SAEC,Small
164447,American International College,NA,NA,NA,NA,NA,NA,NA,NA,NA,NA,"Not considered for admission, even if submitted (Test Blind)",275,9950655,No,NA,NA,43230,43230,NA,NA,NA,NA,NA,Private not-for-profit,100,11,656,551,88,284,71,324,2037,36,46,NA,NA,10,43,43,NA,NA,NA,NA,NA,NA,NA,16,NA,43230,43230,Implied no,Yes,84,582,874,Professions-focused,Professions-focused Undergraduate/Graduate-Doctorate Small,No research designation,"Higher Access, Medium Earnings",Small
164465,Amherst College,33,34,35,34,35,36,32,34,35,22,"Not required for admission, but considered if submitted (Test Optional)",288,19754207,No,65,25522,69820,69820,0.32,0.02,0.67,NA,NA,Private not-for-profit,9,39,861,1053,254,480,31,696,1914,75,94,0.2,NA,16,13,70,750,780,800,39,740,760,780,6,3,69820,69820,Implied no,Yes,62,379,160,Special Focus: Arts and Sciences,Special Focus: Arts and Sciences,Research Colleges and Universities,"Lower Access, Higher Earnings",Small
164492,Anna Maria College,NA,NA,NA,NA,NA,NA,NA,NA,NA,0,"Not required for admission, but considered if submitted (Test Optional)",245,7934276,No,25,NA,41744,41744,NA,NA,NA,NA,NA,Private not-for-profit,50,6,578,338,31,225,51,426,1202,36,46,NA,17892,1,43,49,NA,NA,NA,2,NA,NA,NA,12,NA,41744,41744,Implied no,Yes,92,345,658,Professions-focused,Professions-focused Undergraduate/Graduate-Master's Small,No research designation,"Higher Access, Medium Earnings",Small
164562,Assumption University,NA,NA,NA,NA,NA,NA,NA,NA,NA,NA,"Not considered for admission, even if submitted (Test Blind)",479,17198318,No,50,NA,50494,50494,NA,NA,NA,NA,NA,Private not-for-profit,83,10,765,948,46,497,41,1185,2037,70,75,NA,NA,2,70,28,NA,NA,NA,NA,NA,NA,NA,11,NA,50494,50494,Implied no,Implied no,98,371,1412,Mixed,Mixed Undergraduate/Graduate-Master's Small,No research designation,"Lower Access, Medium Earnings",Small
164580,Babson College,31,32,34,32,32,35,31,32,34,3,"Not required for admission, but considered if submitted (Test Optional)",244,11754176,No,75,39138,57152,57152,0.8,0.01,0.19,NA,NA,Private not-for-profit,17,39,1560,1233,796,637,55,750,3932,84,93,0.35,NA,28,18,53,720,760,790,22,670,700,740,15,NA,57152,57152,Implied no,Yes,42,448,745,Special Focus: Business,Special Focus: Business,No research designation,"Lower Access, Higher Earnings",Medium
164632,Bay Path University,NA,NA,NA,NA,NA,NA,NA,NA,NA,0,"Not required for admission, but considered if submitted (Test Optional)",115,3659391,No,NA,NA,37972,37972,NA,NA,NA,NA,NA,Private not-for-profit,85,16,22,1155,1,133,126,520,2605,36,44,NA,13582,0,64,35,520,550,600,5,490,570,610,8,40,37972,37972,Implied no,Yes,72,815,1000,Professions-focused,Professions-focused Undergraduate/Graduate-Doctorate Small,No research designation,"Higher Access, Medium Earnings",Small
164739,Bentley University,28,30,31,29,32,34,25,27,32,2,"Not required for admission, but considered if submitted (Test Optional)",981,33032784,No,75,40742,61000,61000,0.78,0,0.22,NA,NA,Private not-for-profit,45,21,2733,1793,699,1056,96,2349,5333,81,87,0.52,NA,15,39,44,650,690,730,19,630,660,700,12,10,61000,61000,Implied no,Yes,81,699,1878,Special Focus: Business,Special Focus: Business,No research designation,"Lower Access, Higher Earnings",Medium
164748,Berklee College of Music,NA,NA,NA,NA,NA,NA,NA,NA,NA,NA,"Not considered for admission, even if submitted (Test Blind)",1074,25074051,No,150,45717,50540,50540,0.12,0.002,0.88,NA,NA,Private not-for-profit,44,45,4137,3412,2385,1395,351,2785,8369,50,67,0.36,19440,34,8,58,NA,NA,NA,NA,NA,NA,NA,9,6,50540,50540,Implied no,Yes,66,1231,2581,Professions-focused,Professions-focused Undergraduate/Graduate-Master's Large/Medium,No research designation,"Lower Access, Lower Earnings",Medium
164924,Boston College,33,34,35,34,35,35,30,32,34,15,"Not required for admission, but considered if submitted (Test Optional)",941,53609361,No,80,24892,69400,69400,0.46,0.06,0.49,NA,NA,Private not-for-profit,16,43,4907,5407,662,2501,235,5762,15432,86,91,0.38,NA,8,23,69,730,760,780,30,710,740,760,10,7,69400,69400,Implied no,Yes,45,1302,3021,Mixed,Mixed Undergraduate/Graduate-Doctorate Medium,Research 1: Very High Spending and Doctorate Production,"Lower Access, Higher Earnings",Medium
164988,Boston University,32,33,34,33,35,35,29,32,35,10,"Not required for admission, but considered if submitted (Test Optional)",1534,94875217,No,80,36132,66670,66670,0.27,0.13,0.59,NA,NA,Private not-for-profit,11,37,7841,10964,3931,3268,915,5979,37737,75,89,0.34,NA,23,15,62,730,760,780,33,690,720,750,10,NA,66670,66670,Implied no,Yes,50,3572,4276,Mixed,Mixed Undergraduate/Graduate-Doctorate Large,Research 1: Very High Spending and Doctorate Production,"Lower Access, Higher Earnings",Very Large
165015,Brandeis University,31,32,34,31,34,35,27,30,34,10,"Not required for admission, but considered if submitted (Test Optional)",534,22877177,No,80,27004,67082,67082,0.33,0.09,0.59,NA,NA,Private not-for-profit,40,17,1557,2075,700,735,82,1503,5205,77,86,0.38,NA,16,27,56,700,740,770,30,690,730,750,10,8,67082,67082,Implied no,Yes,64,550,1037,Mixed,Mixed Undergraduate/Graduate-Doctorate Medium,Research 1: Very High Spending and Doctorate Production,"Lower Access, Higher Earnings",Medium
165024,Bridgewater State University,25,28,30,NA,NA,NA,NA,NA,NA,1,"Not required for admission, but considered if submitted (Test Optional)",1310,13516480,No,50,NA,910,7050,NA,NA,NA,26083,26160,Public,88,19,3488,4782,74,1551,731,5464,9727,32,53,NA,NA,0,92,8,510,570,613,8,550,600,650,17,NA,910,7050,Implied no,Yes,65,2610,6127,Mixed,Mixed Undergraduate/Graduate-Master's Large/Medium,No research designation,"Higher Access, Lower Earnings",Medium
165167,Cambridge College,NA,NA,NA,NA,NA,NA,NA,NA,NA,NA,NA,1,3000,No,50,NA,18072,18072,NA,NA,NA,NA,NA,Private not-for-profit,NA,NA,106,540,16,30,86,188,1835,0,13,NA,NA,3,23,63,NA,NA,NA,NA,NA,NA,NA,12,11,18072,18072,Implied no,Yes,50,215,282,Special Focus: Business,Special Focus: Business,No research designation,"Opportunity Colleges and Universities – Higher Access, Higher Earnings",Small
165334,Clark University,30,31,33,32,33,35,27,27,30,5,"Not required for admission, but considered if submitted (Test Optional)",621,21528476,No,NA,37088,57440,57440,0.36,0.02,0.62,NA,NA,Private not-for-profit,40,11,983,1283,135,486,35,1379,3925,70,77,0.62,NA,0,33,59,630,658,720,16,658,700,740,8,15,57440,57440,Implied no,Yes,96,548,1368,Mixed,Mixed Undergraduate/Graduate-Doctorate Small,Research 2: High Spending and Doctorate Production,"Lower Access, Medium Earnings",Small
165529,Curry College,NA,NA,NA,NA,NA,NA,NA,NA,NA,0,"Not required for admission, but considered if submitted (Test Optional)",523,17810913,No,50,NA,45370,45370,NA,NA,NA,NA,NA,Private not-for-profit,88,11,765,1043,33,535,43,1007,1994,44,51,NA,NA,1,71,27,520,560,610,4,530,565,620,12,34,45370,45370,Implied no,Yes,87,562,1289,Professions-focused,Professions-focused Baccalaureate Small,No research designation,"Higher Access, Medium Earnings",Small
165574,Dean College,NA,NA,NA,NA,NA,NA,NA,NA,NA,NA,"Not considered for admission, even if submitted (Test Blind)",337,11106936,No,NA,NA,46276,46276,NA,NA,NA,NA,NA,Private not-for-profit,74,9,538,554,25,294,49,685,1092,42,46,NA,NA,0,49,50,NA,NA,NA,NA,NA,NA,NA,15,35,46276,46276,Implied no,Yes,96,388,823,Professions-focused,Professions-focused Baccalaureate Small,No research designation,"Higher Access, Lower Earnings",Small
165662,Emerson College,29,31,32,29,33,35,25,27,30,5,"Not required for admission, but considered if submitted (Test Optional)",769,20760924,No,65,21823,56032,56032,0.26,0.002,0.74,NA,NA,Private not-for-profit,51,16,1330,2578,583,828,130,2125,5263,71,77,0.5,20920,18,15,67,610,650,700,16,660,690,720,14,NA,56032,56032,Implied no,Yes,75,650,1800,"Special Focus: Arts, Music, and Design","Special Focus: Arts, Music, and Design",No research designation,"Lower Access, Higher Earnings",Medium
165671,Emmanuel College,NA,NA,NA,NA,NA,NA,NA,NA,NA,0,"Not required for admission, but considered if submitted (Test Optional)",537,18598911,No,NA,42105,48064,48064,0.57,0,0.43,NA,NA,Private not-for-profit,76,11,444,1465,20,516,52,1187,1983,59,68,0.75,18280,2,61,37,570,610,670,8,600,640,670,13,NA,48064,48064,Implied no,Yes,94,441,1202,Special Focus: Arts and Sciences,Special Focus: Arts and Sciences,No research designation,"Lower Access, Medium Earnings",Small
165699,Endicott College,25,28,30,22,23,26,20,28,30,1,"Not required for admission, but considered if submitted (Test Optional)",860,15458318,No,50,NA,39750,39750,NA,NA,NA,NA,NA,Private not-for-profit,71,21,1094,2100,43,831,89,2707,4394,72,75,NA,NA,0,54,46,583,620,660,10,610,650,680,13,NA,39750,39750,Implied no,Yes,89,413,1992,Professions-focused,Professions-focused Undergraduate/Graduate-Doctorate Medium,No research designation,"Lower Access, Medium Earnings",Medium
165802,Fisher College,NA,NA,NA,NA,NA,NA,NA,NA,NA,NA,"Not considered for admission, even if submitted (Test Blind)",192,4872851,No,50,NA,34489,34489,NA,NA,NA,NA,NA,Private not-for-profit,71,6,583,953,144,153,90,316,1652,16,25,NA,18041,24,58,18,NA,NA,NA,NA,NA,NA,NA,14,46,34489,34489,Implied no,Implied no,73,549,846,Professions-focused,Professions-focused Baccalaureate Small,No research designation,"Higher Access, Medium Earnings",Small
165820,Fitchburg State University,NA,NA,NA,NA,NA,NA,NA,NA,NA,1,"Not required for admission, but considered if submitted (Test Optional)",556,6415905,No,NA,NA,970,7050,NA,NA,NA,25284,25555,Public,87,14,1440,1587,42,539,321,1739,5892,38,55,NA,NA,0,91,8,520,570,610,12,540,580,620,11,25,970,7050,Implied no,Yes,72,1028,1466,Professions-focused,Professions-focused Undergraduate/Graduate-Master's Large/Medium,No research designation,"Higher Access, Medium Earnings",Medium
165866,Framingham State University,NA,NA,NA,NA,NA,NA,NA,NA,NA,1,"Not required for admission, but considered if submitted (Test Optional)",425,4818728,No,50,25173,970,7050,0.43,0.18,0.39,27413,27413,Public,84,15,1263,1519,45,587,232,1322,4002,36,48,0.37,NA,1,87,12,530,570,630,7,570,610,650,12,29,970,7050,Implied no,Yes,64,1039,1432,Mixed,Mixed Undergraduate/Graduate-Master's Large/Medium,No research designation,"Higher Access, Lower Earnings",Medium
165936,Gordon College,25,28,31,23,30,35,23,26,27,8,"Not required for admission, but considered if submitted (Test Optional)",321,5393329,No,NA,NA,29500,29500,NA,NA,NA,NA,NA,Private not-for-profit,69,22,557,757,114,353,70,787,1595,61,69,NA,NA,1,39,59,550,610,660,29,580,640,695,10,NA,29500,29500,Implied no,Yes,95,269,680,Special Focus: Arts and Sciences,Special Focus: Arts and Sciences,No research designation,"Lower Access, Medium Earnings",Small
166027,Harvard University,34,35,36,35,35,36,32,35,36,19,Required to be considered for admission,928,63117863,Yes,85,22262,56550,56550,0.17,0.12,0.72,NA,NA,Private not-for-profit,4,84,4137,4707,1346,1641,13,2738,30259,56,98,0.13,NA,17,14,68,770,790,800,54,740,760,780,7,0,56550,56550,Implied no,Yes,50,1494,404,Mixed,Mixed Undergraduate/Graduate-Doctorate Large,Research 1: Very High Spending and Doctorate Production,"Lower Access, Higher Earnings",Large
166124,College of the Holy Cross,27,30,32,25,31,34,25,27,29,15,"Not required for admission, but considered if submitted (Test Optional)",471,20881243,No,60,21107,63650,63650,0.36,0.01,0.64,NA,NA,Private not-for-profit,18,50,1434,1692,117,834,42,2121,3126,85,87,0.41,NA,4,36,60,610,670,700,30,630,670,710,9,6,63650,63650,Implied no,Yes,61,450,1146,Special Focus: Arts and Sciences,Special Focus: Arts and Sciences,No research designation,"Lower Access, Higher Earnings",Small
166391,Lasell University,NA,NA,NA,NA,NA,NA,NA,NA,NA,1,"Not required for admission, but considered if submitted (Test Optional)",299,4376651,No,NA,NA,27040,27040,NA,NA,NA,NA,NA,Private not-for-profit,81,14,464,829,35,341,75,749,1668,54,59,NA,14040,0,57,35,500,530,560,2,530,570,598,12,29,27040,27040,Implied no,Yes,88,370,848,Professions-focused,Professions-focused Undergraduate/Graduate-Master's Small,No research designation,"Higher Access, Medium Earnings",Small
166452,Lesley University,NA,NA,NA,NA,NA,NA,NA,NA,NA,NA,"Not considered for admission, even if submitted (Test Blind)",184,3526783,No,NA,NA,33326,33326,NA,NA,NA,NA,NA,Private not-for-profit,97,8,370,859,39,193,165,564,2557,43,58,NA,NA,4,62,34,NA,NA,NA,NA,NA,NA,NA,10,19,33326,33326,Implied no,Yes,81,410,723,Mixed,Mixed Undergraduate/Graduate-Doctorate Medium,No research designation,"Higher Access, Lower Earnings",Medium
166513,University of Massachusetts-Lowell,25,29,32,23,27,33,24,27,30,2,"Not required for admission, but considered if submitted (Test Optional)",1674,25273385,No,70,29739,16246,35544,0.5,0.05,0.45,30652,30786,Public,83,18,6905,5217,305,2068,1067,5889,16598,44,65,0.71,NA,0,88,12,590,640,690,27,590,640,680,17,NA,16246,35544,Implied no,Yes,64,3638,6430,Mixed,Mixed Undergraduate/Graduate-Doctorate Large,Research 1: Very High Spending and Doctorate Production,"Higher Access, Medium Earnings",Large
166629,University of Massachusetts-Amherst,30,32,33,29,33,35,27,29,33,3,"Not required for admission, but considered if submitted (Test Optional)",4230,55453987,No,85,32306,17006,39683,0.35,0.18,0.47,34537,34549,Public,60,18,11407,12513,1859,5388,1177,13589,31726,75,83,0.54,NA,8,69,22,660,720,770,22,650,700,730,17,10,17006,39683,Implied no,Yes,73,4773,11160,Mixed,Mixed Undergraduate/Graduate-Doctorate Large,Research 1: Very High Spending and Doctorate Production,"Lower Access, Medium Earnings",Large
166638,University of Massachusetts-Boston,22,26,29,22,27,31,19,24,26,2,"Not required for admission, but considered if submitted (Test Optional)",2122,29797743,No,60,27233,15278,37495,0.54,0.06,0.4,30350,30544,Public,84,12,5405,6733,833,2187,1104,3486,15575,33,49,0.65,NA,8,81,11,530,590,640,32,540,600,650,15,27,15278,37495,Implied no,Yes,73,5128,6261,Mixed,Mixed Undergraduate/Graduate-Doctorate Medium,Research 1: Very High Spending and Doctorate Production,"Higher Access, Medium Earnings",Medium
166656,MCPHS University,26,29,30,24,28,31,25,27,29,1,"Not required for admission, but considered if submitted (Test Optional)",667,15852337,No,NA,NA,39240,39240,NA,NA,NA,NA,NA,Private not-for-profit,85,13,788,2681,406,673,380,1017,5945,53,61,NA,NA,10,64,26,590,645,738,7,570,610,678,9,24,39240,39240,Implied no,Yes,97,1047,2319,Special Focus: Other Health Professions,Special Focus: Other Health Professions,No research designation,"Opportunity Colleges and Universities – Higher Access, Higher Earnings",Medium
166674,Massachusetts College of Art and Design,NA,NA,NA,NA,NA,NA,NA,NA,NA,NA,"Not considered for admission, even if submitted (Test Blind)",363,3782643,No,70,NA,1030,29030,NA,NA,NA,34398,34239,Public,76,17,466,1405,63,363,86,1008,1989,48,69,NA,19412,2,73,25,NA,NA,NA,NA,NA,NA,NA,9,NA,1030,29030,Implied no,Yes,76,554,960,"Special Focus: Arts, Music, and Design","Special Focus: Arts, Music, and Design",No research designation,"Higher Access, Lower Earnings",Small
166683,Massachusetts Institute of Technology,34,35,36,35,35,36,35,35,36,29,Required to be considered for admission,644,39756942,No,75,29488,61990,61990,0.21,0.11,0.68,NA,NA,Private not-for-profit,5,86,2351,2184,529,1098,28,964,11886,83,96,0.13,NA,12,8,80,780,800,800,83,740,760,780,3,NA,61990,61990,Implied no,Yes,64,884,306,"Special Focus: Technology, Engineering, and Sciences","Special Focus: Technology, Engineering, and Sciences",Research 1: Very High Spending and Doctorate Production,"Lower Access, Higher Earnings",Medium
166692,Massachusetts Maritime Academy,NA,NA,NA,NA,NA,NA,NA,NA,NA,NA,"Not considered for admission, even if submitted (Test Blind)",321,5297291,Yes,50,54956,2116,14418,0.45,0,0.55,31367,31367,Public,95,38,1196,206,21,457,41,1115,1488,63,74,0.9,NA,2,73,26,NA,NA,NA,NA,NA,NA,NA,13,2,2116,14418,Implied no,Yes,69,241,1026,Mixed,Mixed Baccalaureate,No research designation,"Lower Access, Higher Earnings",Small
166850,Merrimack College,NA,NA,NA,NA,NA,NA,NA,NA,NA,NA,"Not considered for admission, even if submitted (Test Blind)",1069,33726463,No,NA,NA,49352,49352,NA,NA,NA,NA,NA,Private not-for-profit,70,10,1900,2202,78,971,108,2919,5862,63,70,NA,NA,2,68,30,NA,NA,NA,NA,NA,NA,NA,13,21,49352,49352,Implied no,Yes,95,654,2519,Professions-focused,Professions-focused Undergraduate/Graduate-Master's Large/Medium,No research designation,"Lower Access, Medium Earnings",Medium
166869,MGH Institute of Health Professions,NA,NA,NA,NA,NA,NA,NA,NA,NA,NA,NA,NA,NA,Not applicable,NA,NA,NA,NA,NA,NA,NA,NA,NA,Private not-for-profit,NA,NA,47,316,0,0,0,205,1672,NA,NA,NA,NA,NA,NA,NA,NA,NA,NA,NA,NA,NA,NA,10,NA,85000,85000,Implied no,Yes,23,0,72,Special Focus: Nursing,Special Focus: Nursing,Research Colleges and Universities,Not Classified in SAEC,Small
166939,Mount Holyoke College,32,33,35,34,35,36,26,30,34,2,"Not required for admission, but considered if submitted (Test Optional)",454,23797716,No,60,22304,66780,66780,0.27,0.01,0.72,NA,NA,Private not-for-profit,36,27,0,2178,428,512,15,1126,2275,71,84,0.56,NA,18,19,63,670,720,770,14,710,740,760,9,10,66780,66780,Implied no,Yes,80,482,958,Special Focus: Arts and Sciences,Special Focus: Arts and Sciences,Research Colleges and Universities,"Lower Access, Medium Earnings",Small
167260,Nichols College,NA,NA,NA,NA,NA,NA,NA,NA,NA,1,"Not required for admission, but considered if submitted (Test Optional)",329,8491055,No,NA,NA,41115,41115,NA,NA,NA,NA,NA,Private not-for-profit,81,18,766,397,32,336,99,849,1392,61,63,NA,NA,2,60,38,500,555,613,12,528,585,623,15,8,41115,41115,Implied no,Yes,91,294,791,Special Focus: Business,Special Focus: Business,No research designation,"Higher Access, Medium Earnings",Small
167358,Northeastern University,33,34,35,33,35,35,30,33,35,7,"Not required for admission, but considered if submitted (Test Optional)",1821,91815742,No,75,32461,64990,64990,0.41,0.08,0.51,NA,NA,Private not-for-profit,5,54,7570,9862,2426,2759,1778,6920,32553,0,91,0.44,NA,11,27,62,730,760,780,24,710,730,760,16,4,64990,64990,Implied no,Yes,60,1962,4343,Mixed,Mixed Undergraduate/Graduate-Doctorate Large,Research 1: Very High Spending and Doctorate Production,"Lower Access, Higher Earnings",Large
167394,College of Our Lady of the Elms,NA,NA,NA,NA,NA,NA,NA,NA,NA,0,"Not required for admission, but considered if submitted (Test Optional)",196,6623691,No,NA,NA,41300,41300,NA,NA,NA,NA,NA,Private not-for-profit,85,11,278,724,16,118,181,430,1268,60,68,NA,15605,1,79,19,NA,NA,NA,2,NA,NA,NA,11,24,41300,41300,Implied no,Yes,85,468,732,Professions-focused,Professions-focused Undergraduate/Graduate-Master's Small,No research designation,"Higher Access, Medium Earnings",Small
167525,Quincy College,NA,NA,NA,NA,NA,NA,NA,NA,NA,NA,NA,83,513066,No,NA,NA,7762,7762,NA,NA,NA,20886,22528,Public,NA,NA,1192,1830,146,316,211,1260,3022,NA,NA,NA,NA,1,98,0,NA,NA,NA,NA,NA,NA,NA,22,35,7762,7762,Implied no,Yes,43,831,561,Professions-focused,Professions-focused Associate Large/Medium,No research designation,"Higher Access, Lower Earnings",Medium
167598,Regis College,NA,NA,NA,NA,NA,NA,NA,NA,NA,NA,"Not considered for admission, even if submitted (Test Blind)",209,7773413,No,NA,NA,49680,49680,NA,NA,NA,NA,NA,Private not-for-profit,70,8,215,772,3,177,90,409,2517,68,71,NA,17080,1,76,23,NA,NA,NA,NA,NA,NA,NA,9,15,49680,49680,Implied no,Yes,82,325,686,Special Focus: Nursing,Special Focus: Nursing,No research designation,"Higher Access, Medium Earnings",Medium
167729,Salem State University,NA,NA,NA,NA,NA,NA,NA,NA,NA,NA,"Not considered for admission, even if submitted (Test Blind)",778,8028235,No,50,NA,910,7050,NA,NA,NA,28170,28291,Public,96,11,1753,3114,197,858,395,2442,6230,36,50,NA,16838,3,86,11,NA,NA,NA,NA,NA,NA,NA,12,NA,910,7050,Implied no,Yes,72,1716,2383,Professions-focused,Professions-focused Undergraduate/Graduate-Master's Large/Medium,No research designation,"Higher Access, Medium Earnings",Medium
167783,Simmons University,26,29,34,27,29,35,22,26,30,3,"Not required for admission, but considered if submitted (Test Optional)",361,12679389,No,NA,34057,45534,45534,0.43,0.01,0.55,NA,NA,Private not-for-profit,70,11,0,1675,83,361,104,773,4666,65,72,0.74,17618,3,60,37,600,650,690,17,620,660,700,9,23,45534,45534,Implied no,Yes,93,584,1116,Professions-focused,Professions-focused Undergraduate/Graduate-Doctorate Medium,No research designation,"Higher Access, Medium Earnings",Medium
167835,Smith College,32,34,35,34,35,36,28,31,34,14,"Not required for admission, but considered if submitted (Test Optional)",437,25663042,No,NA,14697,64870,64870,0.29,0.03,0.68,NA,NA,Private not-for-profit,21,35,2,2547,351,645,41,1283,2857,70,89,0.51,NA,11,12,74,700,740,780,29,720,750,760,8,7,64870,64870,Implied no,Yes,71,448,353,Special Focus: Arts and Sciences,Special Focus: Arts and Sciences,Research Colleges and Universities,"Lower Access, Medium Earnings",Small
167899,Springfield College,27,29,29,24,25,31,27,27,31,1,"Not required for admission, but considered if submitted (Test Optional)",469,14393561,No,NA,NA,44000,44000,NA,NA,NA,NA,NA,Private not-for-profit,72,19,907,856,72,444,39,1261,2599,70,74,NA,NA,0,39,58,510,600,640,2,570,630,690,11,NA,43800,43800,Implied no,Yes,99,429,1384,Professions-focused,Professions-focused Undergraduate/Graduate-Doctorate Small,No research designation,"Lower Access, Medium Earnings",Small
167987,University of Massachusetts-Dartmouth,26,28,30,24,33,33,24,27,29,1,"Not required for admission, but considered if submitted (Test Optional)",1310,15271497,No,60,NA,14897,31852,NA,NA,NA,33018,33485,Public,91,13,2710,3021,96,1303,423,3060,7968,38,52,NA,NA,3,86,10,520,580,630,10,530,590,640,16,29,14897,31852,Implied no,Yes,76,2074,3604,Mixed,Mixed Undergraduate/Graduate-Doctorate Medium,Research 2: High Spending and Doctorate Production,"Opportunity Colleges and Universities – Higher Access, Higher Earnings",Medium
167996,Stonehill College,NA,NA,NA,NA,NA,NA,NA,NA,NA,NA,"Not considered for admission, even if submitted (Test Blind)",634,24944100,No,60,42352,56250,56250,0.47,0.01,0.52,NA,NA,Private not-for-profit,66,14,1190,1378,64,777,42,1942,2674,70,76,0.68,NA,3,64,33,NA,NA,NA,NA,NA,NA,NA,12,21,55750,55750,Implied no,Yes,97,434,1588,Special Focus: Arts and Sciences,Special Focus: Arts and Sciences,No research designation,"Lower Access, Higher Earnings",Small
168005,Suffolk University,24,26,28,NA,NA,NA,NA,NA,NA,2,"Not required for admission, but considered if submitted (Test Optional)",1187,37458754,No,50,NA,46954,46954,NA,NA,NA,NA,NA,Private not-for-profit,82,11,1540,2786,518,998,227,2114,6356,49,61,NA,NA,9,58,31,540,590,630,12,550,620,670,15,25,46954,46954,Implied no,Yes,94,1343,2456,Professions-focused,Professions-focused Undergraduate/Graduate-Doctorate Medium,Research Colleges and Universities,"Higher Access, Medium Earnings",Medium
168148,Tufts University,33,34,35,NA,NA,NA,NA,NA,NA,19,"Not required for admission, but considered if submitted (Test Optional)",681,38090095,No,75,25584,69146,69146,0.33,0.08,0.59,NA,NA,Private not-for-profit,11,46,3105,4021,890,1799,124,2890,13599,83,94,0.26,NA,15,22,63,750,770,790,40,720,740,770,10,5,69146,69146,Implied no,Yes,41,828,1297,Mixed,Mixed Undergraduate/Graduate-Doctorate Medium,Research 1: Very High Spending and Doctorate Production,"Lower Access, Higher Earnings",Medium
168218,Wellesley College,33,34,35,34,35,36,29,32,34,18,"Not required for admission, but considered if submitted (Test Optional)",309,19811908,No,NA,17937,66880,66880,0.32,0.002,0.68,NA,NA,Private not-for-profit,14,48,42,2365,316,583,15,714,2407,78,92,0.35,NA,14,12,73,730,770,790,43,730,750,770,7,0,66880,66880,Implied no,Yes,56,511,390,Special Focus: Arts and Sciences,Special Focus: Arts and Sciences,Research Colleges and Universities,"Lower Access, Higher Earnings",Small
168227,Wentworth Institute of Technology,27,28,31,24,27,33,25,26,30,3,"Not required for admission, but considered if submitted (Test Optional)",978,24884388,No,50,38621,41984,41984,0.62,0.01,0.37,NA,NA,Private not-for-profit,91,20,2916,1049,162,1084,133,2146,4191,54,68,0.86,NA,4,65,31,550,610,660,28,560,610,660,17,17,41984,41984,Implied no,Yes,92,881,2085,"Special Focus: Technology, Engineering, and Sciences","Special Focus: Technology, Engineering, and Sciences",No research designation,"Opportunity Colleges and Universities – Higher Access, Higher Earnings",Medium
168254,Western New England University,21,25,28,21,26,27,23,27,28,1,"Not required for admission, but considered if submitted (Test Optional)",710,23477814,No,NA,NA,44680,44680,NA,NA,NA,NA,NA,Private not-for-profit,83,13,1473,1143,61,790,118,1712,3674,57,64,NA,15570,2,55,43,550,590,650,15,540,600,650,12,24,44680,44680,Implied no,Yes,95,632,2014,Mixed,Mixed Undergraduate/Graduate-Doctorate Small,No research designation,"Lower Access, Higher Earnings",Small
168263,Westfield State University,NA,NA,NA,NA,NA,NA,NA,NA,NA,0,"Not required for admission, but considered if submitted (Test Optional)",640,5794440,No,NA,NA,970,7050,NA,NA,NA,27576,27649,Public,81,15,1716,2152,43,841,334,2559,4588,43,54,NA,NA,0,88,11,NA,NA,NA,0,NA,NA,NA,17,29,970,7050,Implied no,Yes,62,1248,1915,Mixed,Mixed Undergraduate/Graduate-Master's Large/Medium,No research designation,"Higher Access, Medium Earnings",Medium
168281,Wheaton College (Massachusetts),29,31,33,27,32,35,26,27,31,2,"Not required for admission, but considered if submitted (Test Optional)",517,25160194,No,NA,34803,63240,63240,0.38,0.01,0.61,NA,NA,Private not-for-profit,68,13,617,1168,79,511,27,1246,1785,68,73,0.83,NA,3,41,54,580,625,670,18,640,670,720,11,NA,63240,63240,Implied no,Yes,98,388,1357,Special Focus: Arts and Sciences,Special Focus: Arts and Sciences,No research designation,"Lower Access, Medium Earnings",Small
168342,Williams College,34,34,35,35,35,36,32,34,35,17,"Not required for admission, but considered if submitted (Test Optional)",290,20000170,Yes,65,14996,68240,68240,0.27,0.02,0.71,NA,NA,Private not-for-profit,8,43,1005,1110,191,547,6,984,2164,71,94,0.21,NA,11,11,77,750,780,790,35,740,760,780,6,1,68240,68240,Implied no,Yes,56,372,102,Special Focus: Arts and Sciences,Special Focus: Arts and Sciences,Research Colleges and Universities,"Lower Access, Higher Earnings",Small
168421,Worcester Polytechnic Institute,NA,NA,NA,NA,NA,NA,NA,NA,NA,NA,"Not considered for admission, even if submitted (Test Blind)",1353,42680766,No,NA,NA,59700,59700,0.24,0.11,0.66,NA,NA,Private not-for-profit,60,18,3739,1819,353,1366,76,3506,7584,84,90,NA,NA,4,48,48,NA,NA,NA,NA,NA,NA,NA,13,NA,59700,59700,Implied no,Yes,96,648,2821,"Special Focus: Technology, Engineering, and Sciences","Special Focus: Technology, Engineering, and Sciences",Research 1: Very High Spending and Doctorate Production,"Lower Access, Higher Earnings",Medium
168430,Worcester State University,NA,NA,NA,NA,NA,NA,NA,NA,NA,0,"Not required for admission, but considered if submitted (Test Optional)",723,6842775,No,50,NA,970,7050,NA,NA,NA,22717,22874,Public,88,17,1982,2886,80,756,309,2635,5745,48,61,NA,NA,1,93,6,493,555,618,7,533,595,665,16,21,970,7050,Implied no,Yes,59,1417,2093,Mixed,Mixed Undergraduate/Graduate-Master's Large/Medium,No research designation,"Higher Access, Medium Earnings",Medium
168528,Adrian College,21,23,27,22,26,31,19,24,27,5,"Not required for admission, but considered if submitted (Test Optional)",481,14413489,No,NA,NA,40262,40262,NA,NA,NA,NA,NA,Private not-for-profit,73,26,949,724,101,475,83,1008,1765,37,45,NA,NA,5,71,24,430,500,560,22,443,510,580,16,33,40262,40262,Implied no,Yes,96,517,1187,Professions-focused,Professions-focused Baccalaureate Small,No research designation,"Lower Access, Medium Earnings",Small
168546,Albion College,NA,NA,NA,NA,NA,NA,NA,NA,NA,NA,"Not considered for admission, even if submitted (Test Blind)",363,19347315,No,NA,NA,56330,56330,NA,NA,NA,NA,NA,Private not-for-profit,81,7,611,697,69,356,29,703,1308,49,62,NA,NA,7,70,23,NA,NA,NA,NA,NA,NA,NA,11,NA,56330,56330,Implied no,Yes,100,643,862,Special Focus: Arts and Sciences,Special Focus: Arts and Sciences,No research designation,"Opportunity Colleges and Universities – Higher Access, Higher Earnings",Small
168591,Alma College,NA,NA,NA,NA,NA,NA,NA,NA,NA,NA,"Not considered for admission, even if submitted (Test Blind)",346,14399933,No,NA,27360,49282,49282,0.19,0.01,0.8,NA,NA,Private not-for-profit,57,10,551,608,65,285,31,894,1197,57,63,0.47,NA,0,81,11,NA,NA,NA,NA,NA,NA,NA,14,NA,49282,49282,Implied no,Yes,91,334,699,Mixed,Mixed Baccalaureate,No research designation,"Lower Access, Medium Earnings",Small
168607,Alpena Community College,NA,NA,NA,NA,NA,NA,NA,NA,NA,NA,NA,156,1264806,No,NA,NA,7380,7380,NA,NA,NA,12054,12246,Public,NA,NA,705,876,0,302,30,1390,1581,100,100,NA,NA,0,99,1,NA,NA,NA,NA,NA,NA,NA,15,6,7590,7590,Implied no,Implied no,37,330,151,Professions-focused,Professions-focused Associate Small,No research designation,"Opportunity Colleges and Universities – Higher Access, Higher Earnings",Small
168740,Andrews University,20,23,26,19,23,27,18,22,26,41,"Not required for admission, but considered if submitted (Test Optional)",279,5821624,No,30,NA,33696,33696,NA,NA,NA,NA,NA,Private not-for-profit,82,23,661,723,267,242,99,329,2940,53,72,NA,NA,13,24,60,470,560,630,47,520,590,660,10,NA,33696,33696,Implied no,Yes,90,318,395,Mixed,Mixed Undergraduate/Graduate-Doctorate Medium,No research designation,"Higher Access, Medium Earnings",Medium
168786,Aquinas College,20,21,26,21,24,25,15,21,26,3,"Not required for admission, but considered if submitted (Test Optional)",295,9892910,No,NA,NA,39418,39418,NA,NA,NA,NA,NA,Private not-for-profit,90,12,516,572,48,232,50,801,1157,47,65,NA,NA,3,87,10,440,510,550,44,470,510,590,10,27,39418,39418,Implied no,Yes,97,266,766,Professions-focused,Professions-focused Baccalaureate Small,No research designation,"Lower Access, Medium Earnings",Small
168847,Baker College,NA,NA,NA,NA,NA,NA,NA,NA,NA,0,"Not required for admission, but considered if submitted (Test Optional)",231,2428794,No,NA,NA,12600,12600,NA,NA,NA,NA,NA,Private not-for-profit,82,44,850,2745,8,411,516,2646,3955,24,30,NA,NA,0,96,4,460,530,560,9,500,550,600,9,26,12600,12600,Implied no,Yes,74,1346,1610,Professions-focused,Professions-focused Baccalaureate Medium,No research designation,"Higher Access, Medium Earnings",Medium
169080,Calvin University,24,27,30,23,27,33,23,26,28,9,"Not required for admission, but considered if submitted (Test Optional)",724,21085090,No,35,NA,39350,39350,NA,NA,NA,NA,NA,Private not-for-profit,71,21,1657,1699,468,909,86,2280,3681,64,74,NA,12120,15,62,24,533,600,670,39,550,620,660,13,16,39350,39350,Implied no,Yes,92,532,1021,Mixed,Mixed Baccalaureate,Research Colleges and Universities,"Lower Access, Medium Earnings",Small
169248,Central Michigan University,21,24,27,20,23,27,19,24,27,7,"Not required for admission, but considered if submitted (Test Optional)",1900,24778913,No,40,NA,14310,14310,NA,NA,NA,30679,30681,Public,90,11,3902,6291,314,2222,987,7685,14488,40,59,NA,NA,3,88,9,470,530,590,61,490,550,610,16,NA,15030,15030,Implied no,Yes,83,3159,6910,Professions-focused,Professions-focused Undergraduate/Graduate-Doctorate Medium,Research 2: High Spending and Doctorate Production,"Opportunity Colleges and Universities – Higher Access, Higher Earnings",Medium
169327,Cleary University,NA,NA,NA,NA,NA,NA,NA,NA,NA,NA,"Not considered for admission, even if submitted (Test Blind)",81,1308175,No,NA,NA,24352,24352,NA,NA,NA,NA,NA,Private not-for-profit,68,29,463,306,37,74,166,456,1004,35,38,NA,NA,0,78,11,NA,NA,NA,NA,NA,NA,NA,18,NA,24352,24352,Implied no,Yes,93,242,434,Special Focus: Business,Special Focus: Business,No research designation,"Opportunity Colleges and Universities – Higher Access, Higher Earnings",Small
169363,Concordia University Ann Arbor,NA,NA,NA,NA,NA,NA,NA,NA,NA,2,"Not required for admission, but considered if submitted (Test Optional)",288,5997530,No,NA,NA,34950,34950,NA,NA,NA,NA,NA,Private not-for-profit,69,6,375,380,37,108,52,504,1135,33,49,NA,NA,1,66,15,NA,NA,NA,0,NA,NA,NA,21,NA,34950,34950,Implied no,Yes,85,252,634,Professions-focused,Professions-focused Baccalaureate Small,No research designation,"Lower Access, Higher Earnings",Small
169442,College for Creative Studies,NA,NA,NA,NA,NA,NA,NA,NA,NA,NA,"Not considered for admission, even if submitted (Test Blind)",254,7647464,No,NA,NA,51950,51950,NA,NA,NA,NA,NA,Private not-for-profit,92,25,446,930,92,247,71,662,1433,49,71,NA,NA,3,78,19,NA,NA,NA,NA,NA,NA,NA,10,14,51950,51950,Implied no,Yes,90,420,734,"Special Focus: Arts, Music, and Design","Special Focus: Arts, Music, and Design",No research designation,"Opportunity Colleges and Universities – Higher Access, Higher Earnings",Small
169479,Davenport University,NA,NA,NA,NA,NA,NA,NA,NA,NA,NA,"Not considered for admission, even if submitted (Test Blind)",484,9100578,No,NA,NA,23376,23376,NA,NA,NA,NA,NA,Private not-for-profit,98,14,1610,2131,117,581,398,2162,4815,39,55,NA,12928,3,84,13,NA,NA,NA,NA,NA,NA,NA,18,NA,23376,23376,Implied no,Yes,93,1296,1755,Professions-focused,Professions-focused Undergraduate/Graduate-Master's Large/Medium,No research designation,"Higher Access, Medium Earnings",Medium
169716,University of Detroit Mercy,22,26,28,21,24,28,22,26,28,6,"Not required for admission, but considered if submitted (Test Optional)",526,13350334,No,NA,NA,32946,32946,NA,NA,NA,NA,NA,Private not-for-profit,75,13,1606,1816,946,650,182,1503,5587,53,67,NA,10652,6,86,7,510,560,630,51,520,560,630,12,23,32946,32946,Implied no,Yes,65,883,870,Professions-focused,Professions-focused Undergraduate/Graduate-Doctorate Medium,Research Colleges and Universities,"Opportunity Colleges and Universities – Higher Access, Higher Earnings",Medium
169798,Eastern Michigan University,18,23,27,18,21,26,16,23,26,5,"Not required for admission, but considered if submitted (Test Optional)",1719,22982525,No,35,NA,15920,15920,NA,NA,NA,29112,29640,Public,80,10,4313,6157,555,1650,886,5854,12631,24,46,NA,NA,5,84,11,440,520,570,68,480,540,600,14,NA,15920,15920,Implied no,Yes,69,4077,4774,Professions-focused,Professions-focused Undergraduate/Graduate-Master's Large/Medium,Research 2: High Spending and Doctorate Production,"Higher Access, Medium Earnings",Medium
169910,Ferris State University,20,21,24,17,19,25,20,23,25,1,"Not required for admission, but considered if submitted (Test Optional)",1557,25094511,No,NA,NA,14582,14582,NA,NA,NA,26942,27048,Public,91,15,4060,4931,94,1692,817,6600,9959,33,56,NA,NA,1,92,6,430,500,550,65,460,510,570,15,8,14582,14582,Implied no,Yes,74,3060,3876,Professions-focused,Professions-focused Undergraduate/Graduate-Doctorate Medium,No research designation,"Opportunity Colleges and Universities – Higher Access, Higher Earnings",Medium
169983,Kettering University,26,28,30,22,24,30,22,28,33,5,"Not required for admission, but considered if submitted (Test Optional)",228,5846248,No,NA,42823,48470,48470,0.27,0,0.73,NA,NA,Private not-for-profit,79,15,964,248,42,263,29,885,1466,18,71,0.69,NA,3,84,13,580,630,670,33,580,610,660,11,NA,46425,46425,Implied no,Yes,97,219,584,"Special Focus: Technology, Engineering, and Sciences","Special Focus: Technology, Engineering, and Sciences",No research designation,"Lower Access, Higher Earnings",Small
170000,Grace Christian University,NA,NA,NA,NA,NA,NA,NA,NA,NA,NA,"Not considered for admission, even if submitted (Test Blind)",65,841789,No,NA,NA,16890,16890,NA,NA,NA,NA,NA,Private not-for-profit,99,44,411,517,7,92,31,532,1017,29,51,NA,10300,1,59,40,NA,NA,NA,NA,NA,NA,NA,15,NA,15390,15390,Implied no,Yes,83,418,484,Professions-focused,Professions-focused Baccalaureate Small,No research designation,"Higher Access, Medium Earnings",Small
170037,Cornerstone University,NA,NA,NA,NA,NA,NA,NA,NA,NA,NA,"Not considered for admission, even if submitted (Test Blind)",267,5457221,No,NA,NA,22000,22000,NA,NA,NA,NA,NA,Private not-for-profit,78,19,557,797,64,291,77,944,1695,56,63,NA,NA,0,82,18,NA,NA,NA,NA,NA,NA,NA,15,NA,22000,22000,Implied no,Implied no,93,473,755,Professions-focused,Professions-focused Undergraduate/Graduate-Master's Small,No research designation,"Lower Access, Medium Earnings",Small
170082,Grand Valley State University,22,26,30,20,24,31,20,25,28,4,"Not required for admission, but considered if submitted (Test Optional)",4332,48467362,No,30,NA,15140,21548,NA,NA,NA,28252,28367,Public,83,19,7528,11474,238,4175,1196,14181,22011,45,67,NA,NA,1,92,8,460,520,590,53,480,540,600,15,14,15502,21894,Implied no,Yes,75,5623,9646,Professions-focused,Professions-focused Undergraduate/Graduate-Master's Large/Medium,Research Colleges and Universities,"Lower Access, Medium Earnings",Large
170240,Henry Ford College,NA,NA,NA,NA,NA,NA,NA,NA,NA,NA,NA,1114,10503107,No,NA,NA,4848,7020,NA,NA,NA,11758,11784,Public,NA,NA,5007,6403,172,2323,337,6342,11410,NA,NA,NA,NA,0,100,0,NA,NA,NA,NA,NA,NA,NA,25,29,4848,7020,Yes,Yes,54,5081,1915,Professions-focused,Professions-focused Associate Large/Medium,No research designation,"Higher Access, Lower Earnings",Medium
170286,Hillsdale College,30,31,33,31,34,35,26,28,31,34,"Not required for admission, but considered if submitted (Test Optional)",348,8466305,No,NA,27974,31780,31780,0.21,0.01,0.78,NA,NA,Private not-for-profit,21,56,816,833,0,366,12,0,1792,76,90,0.37,NA,3,19,77,640,690,740,32,680,730,750,8,4,31780,31780,Implied no,Yes,95,0,0,Special Focus: Arts and Sciences,Special Focus: Arts and Sciences,No research designation,Not Classified in SAEC,Small
170301,Hope College,25,29,31,24,30,31,24,26,29,9,"Not required for admission, but considered if submitted (Test Optional)",810,20205086,No,NA,31258,41500,41500,0.5,0.003,0.49,NA,NA,Private not-for-profit,79,20,1349,2046,91,821,49,2601,3395,77,80,0.53,NA,0,58,30,550,610,670,28,550,605,670,9,NA,39014,39014,Yes,Implied no,94,555,1488,Mixed,Mixed Baccalaureate,Research Colleges and Universities,"Lower Access, Medium Earnings",Small
170444,Jackson College,NA,NA,NA,NA,NA,NA,NA,NA,NA,NA,NA,255,2597259,No,NA,NA,6750,8640,NA,NA,NA,18318,18708,Public,NA,NA,1845,3241,5,800,168,3456,5086,33,33,NA,NA,0,96,3,NA,NA,NA,NA,NA,NA,NA,18,33,6750,8640,Implied no,Yes,54,1703,777,Professions-focused,Professions-focused Associate Large/Medium,No research designation,"Higher Access, Medium Earnings",Medium
170532,Kalamazoo College,20,26,29,20,26,31,19,24,26,11,"Not required for admission, but considered if submitted (Test Optional)",366,17294064,No,NA,28914,60453,60453,0.37,0,0.63,NA,NA,Private not-for-profit,75,12,521,645,58,314,24,713,1166,68,76,0.47,NA,4,67,30,580,630,680,33,590,660,700,10,NA,60453,60453,Implied no,Implied no,100,308,538,Special Focus: Arts and Sciences,Special Focus: Arts and Sciences,No research designation,"Lower Access, Higher Earnings",Small
170639,Lake Superior State University,NA,NA,NA,NA,NA,NA,NA,NA,NA,NA,NA,226,3306770,No,NA,NA,14592,14592,NA,NA,NA,26971,27154,Public,NA,NA,699,852,108,247,122,1093,1567,31,50,NA,11459,9,87,4,NA,NA,NA,NA,NA,NA,NA,13,27,14592,14592,Implied no,Yes,67,443,618,Professions-focused,Professions-focused Baccalaureate Small,Research Colleges and Universities,"Lower Access, Higher Earnings",Small
170675,Lawrence Technological University,NA,NA,NA,NA,NA,NA,NA,NA,NA,NA,"Not considered for admission, even if submitted (Test Blind)",305,7282537,No,50,NA,42360,42360,NA,NA,NA,NA,NA,Private not-for-profit,56,18,1607,972,223,392,65,1334,3693,30,60,NA,NA,7,81,11,NA,NA,NA,NA,NA,NA,NA,11,22,42360,42360,Implied no,Yes,64,367,819,"Special Focus: Technology, Engineering, and Sciences","Special Focus: Technology, Engineering, and Sciences",Research Colleges and Universities,"Lower Access, Higher Earnings",Small
170806,Madonna University,NA,NA,NA,NA,NA,NA,NA,NA,NA,2,"Not required for admission, but considered if submitted (Test Optional)",256,5752468,No,NA,NA,28440,28440,NA,NA,NA,NA,NA,Private not-for-profit,63,25,653,1175,166,245,257,1164,2124,41,60,NA,NA,2,89,9,420,470,540,23,460,510,540,11,28,28440,28440,Implied no,Yes,76,529,949,Professions-focused,Professions-focused Baccalaureate Small,No research designation,"Opportunity Colleges and Universities – Higher Access, Higher Earnings",Small
170967,Rochester University,NA,NA,NA,NA,NA,NA,NA,NA,NA,NA,"Not considered for admission, even if submitted (Test Blind)",141,2774089,No,NA,NA,29196,29196,NA,NA,NA,NA,NA,Private not-for-profit,98,22,452,709,33,129,83,734,1193,28,43,NA,NA,7,87,6,NA,NA,NA,NA,NA,NA,NA,13,NA,29196,29196,Implied no,Yes,71,356,575,Professions-focused,Professions-focused Baccalaureate Small,No research designation,"Higher Access, Medium Earnings",Small
170976,University of Michigan-Ann Arbor,31,33,34,33,35,35,30,33,35,18,"Not required for admission, but considered if submitted (Test Optional)",4416,110837059,No,75,NA,17404,60614,NA,NA,NA,34656,34654,Public,16,47,15920,18534,2762,7278,1580,16017,52855,82,93,NA,15328,4,52,43,680,740,780,51,680,720,750,11,NA,18516,62749,Implied no,Yes,54,6116,7995,Mixed,Mixed Undergraduate/Graduate-Doctorate Large,Research 1: Very High Spending and Doctorate Production,"Lower Access, Higher Earnings",Very Large
171100,Michigan State University,25,28,31,24,28,32,24,26,29,7,"Not required for admission, but considered if submitted (Test Optional)",8262,80554798,No,65,31912,16118,43502,NA,NA,NA,32237,32198,Public,85,18,19921,21313,2182,9804,1326,27569,52089,63,81,0.47,NA,5,77,19,590,630,680,39,590,630,680,17,11,17739,44510,Implied no,Yes,80,8133,13613,Mixed,Mixed Undergraduate/Graduate-Doctorate Large,Research 1: Very High Spending and Doctorate Production,"Lower Access, Higher Earnings",Very Large
171128,Michigan Technological University,25,28,31,23,27,32,25,28,31,20,"Not required for admission, but considered if submitted (Test Optional)",1444,28732166,No,NA,38019,18797,42662,0.39,0.14,0.47,33941,34152,Public,92,13,4259,1754,66,1373,139,4929,7403,37,68,0.61,NA,1,73,25,560,620,670,71,570,620,680,13,19,20206,44481,Implied no,Yes,91,1192,2684,"Special Focus: Technology, Engineering, and Sciences","Special Focus: Technology, Engineering, and Sciences",Research 1: Very High Spending and Doctorate Production,"Lower Access, Higher Earnings",Medium
171137,University of Michigan-Dearborn,24,26,28,23,27,33,20,25,28,2,"Not required for admission, but considered if submitted (Test Optional)",1134,13748964,No,NA,NA,15240,32496,NA,NA,NA,23657,24040,Public,56,14,3185,3002,234,1114,584,3880,8104,33,58,NA,NA,3,96,2,490,550,630,57,500,560,625,16,25,15240,32496,Implied no,Yes,80,2807,2206,Mixed,Mixed Undergraduate/Graduate-Master's Large/Medium,Research 2: High Spending and Doctorate Production,"Opportunity Colleges and Universities – Higher Access, Higher Earnings",Medium
171146,University of Michigan-Flint,19,23,24,16,22,24,19,21,24,3,"Not required for admission, but considered if submitted (Test Optional)",478,6018375,No,NA,27923,14022,27638,0.29,0.19,0.52,20964,20915,Public,70,7,1843,3168,59,555,813,3245,6529,21,40,0.32,NA,0,96,3,470,540,610,66,500,560,633,14,NA,13554,27108,Implied no,Yes,70,1834,2037,Professions-focused,Professions-focused Undergraduate/Graduate-Doctorate Medium,No research designation,"Opportunity Colleges and Universities – Higher Access, Higher Earnings",Medium
171456,Northern Michigan University,NA,NA,NA,NA,NA,NA,NA,NA,NA,NA,"Not considered for admission, even if submitted (Test Blind)",1439,17285295,No,NA,NA,13044,18540,NA,NA,NA,27831,27841,Public,84,15,2629,4055,71,1567,385,5499,7409,35,53,NA,NA,1,73,26,NA,NA,NA,NA,NA,NA,NA,18,NA,13374,18996,Implied no,Yes,80,1840,2997,Professions-focused,Professions-focused Baccalaureate Medium,No research designation,"Lower Access, Medium Earnings",Medium
171483,Northwestern Michigan College,NA,NA,NA,NA,NA,NA,NA,NA,NA,NA,NA,324,2567940,No,NA,NA,9146,11900,NA,NA,NA,13416,13753,Public,NA,NA,1581,1672,6,607,234,2438,3253,35,53,NA,NA,0,97,3,NA,NA,NA,NA,NA,NA,NA,13,21,9146,11900,Implied no,Yes,61,944,673,Mixed,Mixed Associate Small,No research designation,"Higher Access, Medium Earnings",Small
171492,Northwood University,NA,NA,NA,NA,NA,NA,NA,NA,NA,NA,"Not considered for admission, even if submitted (Test Blind)",313,7308364,No,30,NA,32800,32800,NA,NA,NA,NA,NA,Private not-for-profit,65,29,1287,758,49,344,349,1444,2409,50,63,NA,NA,4,78,17,NA,NA,NA,NA,NA,NA,NA,14,NA,32800,32800,Implied no,Yes,69,511,891,Special Focus: Business,Special Focus: Business,No research designation,"Lower Access, Higher Earnings",Small
171571,Oakland University,NA,NA,NA,NA,NA,NA,NA,NA,NA,1,"Not required for admission, but considered if submitted (Test Optional)",2056,26702658,No,NA,NA,15262,23188,NA,NA,NA,24693,25182,Public,88,15,5383,7204,243,2268,1369,8675,15768,35,58,NA,10662,2,96,2,490,550,590,1,540,570,640,17,26,17167,24735,Implied no,Yes,68,4068,4755,Professions-focused,Professions-focused Undergraduate/Graduate-Doctorate Medium,Research 2: High Spending and Doctorate Production,"Lower Access, Medium Earnings",Medium
172051,Saginaw Valley State University,18,22,26,19,22,25,17,21,26,3,"Not required for admission, but considered if submitted (Test Optional)",1261,17038842,No,NA,NA,12930,30450,NA,NA,NA,24454,24936,Public,72,16,2231,3904,166,1366,356,4608,6822,19,48,NA,NA,3,94,3,440,520,570,84,480,530,600,16,NA,12930,30450,Implied no,Yes,84,2175,3116,Professions-focused,Professions-focused Undergraduate/Graduate-Master's Large/Medium,Research Colleges and Universities,"Lower Access, Medium Earnings",Medium
172200,Schoolcraft Community College District,NA,NA,NA,NA,NA,NA,NA,NA,NA,NA,NA,373,2219622,No,NA,NA,5200,7020,NA,NA,NA,11573,12048,Public,NA,NA,3553,5034,280,1447,1163,4766,8587,NA,NA,NA,NA,1,99,0,NA,NA,NA,NA,NA,NA,NA,27,28,4126,5570,Implied no,Yes,55,2130,571,Professions-focused,Professions-focused Associate Large/Medium,No research designation,"Higher Access, Medium Earnings",Medium
172264,Siena Heights University,16,19,23,14,19,23,16,18,24,7,"Not required for admission, but considered if submitted (Test Optional)",287,7744328,No,NA,NA,29500,29500,NA,NA,NA,NA,NA,Private not-for-profit,69,36,744,884,0,336,194,951,1781,22,39,NA,13530,0,69,29,393,440,545,10,413,470,528,14,34,29500,29500,Implied no,Yes,82,584,1166,Professions-focused,Professions-focused Baccalaureate Small,No research designation,"Opportunity Colleges and Universities – Higher Access, Higher Earnings",Small
172334,Spring Arbor University,NA,NA,NA,NA,NA,NA,NA,NA,NA,0,"Not required for admission, but considered if submitted (Test Optional)",205,4894759,No,30,NA,33344,33344,NA,NA,NA,NA,NA,Private not-for-profit,52,17,418,721,38,215,89,707,2441,48,63,NA,NA,3,82,15,470,575,610,4,540,595,630,12,24,33344,33344,Implied no,Yes,84,313,604,Professions-focused,Professions-focused Undergraduate/Graduate-Master's Small,No research designation,"Lower Access, Medium Earnings",Small
172644,Wayne State University,23,26,29,21,25,29,22,25,27,3,"Not required for admission, but considered if submitted (Test Optional)",2836,36735141,No,25,NA,13055,29902,NA,NA,NA,27354,27350,Public,81,22,6567,9445,378,3085,1359,8396,23803,36,58,NA,NA,3,95,2,520,560,630,40,540,590,640,14,21,14274,32765,Implied no,Yes,78,7363,6091,Professions-focused,Professions-focused Undergraduate/Graduate-Doctorate Large,Research 1: Very High Spending and Doctorate Production,"Higher Access, Medium Earnings",Large
172699,Western Michigan University,NA,NA,NA,NA,NA,NA,NA,NA,NA,NA,"Not considered for admission, even if submitted (Test Blind)",2268,25057287,No,40,NA,15126,18908,NA,NA,NA,29138,29237,Public,85,14,6296,6731,526,2484,910,8813,16744,32,58,NA,12174,2,78,21,NA,NA,NA,NA,NA,NA,NA,16,27,15861,19826,Implied no,Yes,74,3484,6135,Professions-focused,Professions-focused Undergraduate/Graduate-Doctorate Large,Research 2: High Spending and Doctorate Production,"Lower Access, Medium Earnings",Large
173045,Augsburg University,NA,NA,NA,NA,NA,NA,NA,NA,NA,NA,"Not considered for admission, even if submitted (Test Blind)",673,25473119,No,NA,NA,44652,44652,NA,NA,NA,NA,NA,Private not-for-profit,82,19,1142,1385,68,628,224,752,3249,40,52,NA,NA,1,92,7,NA,NA,NA,NA,NA,NA,NA,14,7,44652,44652,Implied no,Yes,98,1358,1853,Professions-focused,Professions-focused Undergraduate/Graduate-Doctorate Small,No research designation,"Higher Access, Medium Earnings",Small
173124,Bemidji State University,18,21,24,15,20,22,17,20,24,43,"Not required for admission, but considered if submitted (Test Optional)",409,3232591,No,NA,NA,8994,8994,NA,NA,NA,22679,22744,Public,56,24,1492,2259,61,497,549,2903,4072,33,46,NA,NA,0,85,14,NA,NA,NA,1,NA,NA,NA,18,31,8994,8994,Implied no,Yes,63,1022,1522,Professions-focused,Professions-focused Baccalaureate Medium,No research designation,"Lower Access, Medium Earnings",Medium
173160,Bethel University,22,26,28,20,24,29,22,25,28,29,"Not required for admission, but considered if submitted (Test Optional)",425,11426736,No,NA,NA,44050,44050,NA,NA,NA,NA,NA,Private not-for-profit,88,27,1163,1592,2,429,100,2055,3603,63,71,NA,NA,0,83,17,580,590,650,2,610,640,650,14,NA,44050,44050,Implied no,Yes,72,481,1153,Professions-focused,Professions-focused Undergraduate/Graduate-Doctorate Medium,No research designation,"Higher Access, Medium Earnings",Medium
173258,Carleton College,32,34,34,34,35,35,29,32,34,25,"Not required for admission, but considered if submitted (Test Optional)",319,18133964,Yes,NA,21407,68457,68457,0.33,0.003,0.66,NA,NA,Private not-for-profit,20,35,1046,1082,224,507,8,1086,2128,82,90,0.37,NA,11,19,70,730,770,790,34,720,745,770,8,NA,68457,68457,Implied no,Yes,63,342,898,Special Focus: Arts and Sciences,Special Focus: Arts and Sciences,Research Colleges and Universities,"Lower Access, Higher Earnings",Small
173300,Concordia College at Moorhead,21,24,26,20,23,25,21,25,27,11,"Not required for admission, but considered if submitted (Test Optional)",438,9094508,No,NA,NA,30400,30400,NA,NA,NA,NA,NA,Private not-for-profit,63,19,873,991,110,556,40,1397,1935,45,61,NA,NA,4,66,29,NA,NA,NA,0,NA,NA,NA,12,27,30400,30400,Implied no,Yes,91,343,955,Mixed,Mixed Baccalaureate,No research designation,"Lower Access, Medium Earnings",Small
173328,Concordia University-Saint Paul,NA,NA,NA,NA,NA,NA,NA,NA,NA,NA,"Not considered for admission, even if submitted (Test Blind)",368,7173703,No,NA,NA,25600,25600,NA,NA,NA,NA,NA,Private not-for-profit,79,17,1132,2292,51,464,657,1515,6003,33,45,NA,13932,1,86,13,NA,NA,NA,NA,NA,NA,NA,16,34,25600,25600,Implied no,Yes,68,1104,1651,Professions-focused,Professions-focused Undergraduate/Graduate-Doctorate Medium,No research designation,"Higher Access, Medium Earnings",Medium
173647,Gustavus Adolphus College,24,27,30,22,26,30,22,26,29,42,"Not required for admission, but considered if submitted (Test Optional)",499,20683573,No,NA,3139,55446,55446,0.36,0,0.64,NA,NA,Private not-for-profit,61,15,894,1011,103,490,23,1495,1906,64,77,0.77,NA,4,81,15,NA,NA,NA,0,NA,NA,NA,12,16,55446,55446,Implied no,Implied no,99,404,1054,Special Focus: Arts and Sciences,Special Focus: Arts and Sciences,No research designation,"Lower Access, Medium Earnings",Small
173665,Hamline University,19,23,28,18,23,26,17,23,26,24,"Not required for admission, but considered if submitted (Test Optional)",395,14161142,No,NA,NA,48784,48784,NA,NA,NA,NA,NA,Private not-for-profit,88,16,652,1154,10,483,120,985,2565,50,60,NA,NA,0,83,17,565,635,663,2,568,635,728,14,NA,48784,48784,Implied no,Implied no,96,696,991,Mixed,Mixed Undergraduate/Graduate-Master's Small,No research designation,"Higher Access, Medium Earnings",Small
173902,Macalester College,30,32,34,30,34,35,27,29,32,23,"Not required for admission, but considered if submitted (Test Optional)",452,19330237,Yes,NA,24601,67874,67874,0.31,0.002,0.69,NA,NA,Private not-for-profit,29,22,926,1212,321,560,19,1067,2138,74,87,0.52,NA,23,14,63,670,720,760,29,680,720,750,10,8,67874,67874,Implied no,Implied no,88,369,762,Special Focus: Arts and Sciences,Special Focus: Arts and Sciences,No research designation,"Lower Access, Medium Earnings",Small
173920,Minnesota State University-Mankato,21,23,25,20,22,24,19,22,25,6,"Not required for admission, but considered if submitted (Test Optional)",1862,9914583,No,20,NA,8355,17725,NA,NA,NA,23906,23995,Public,88,29,5918,7515,1126,2360,1209,9563,15271,35,53,NA,NA,2,82,16,NA,NA,NA,0,NA,NA,NA,21,29,8355,17725,Implied no,Yes,57,2701,5203,Professions-focused,Professions-focused Undergraduate/Graduate-Master's Large/Medium,Research Colleges and Universities,"Higher Access, Medium Earnings",Medium
173957,Mayo Clinic College of Medicine and Science,NA,NA,NA,NA,NA,NA,NA,NA,NA,NA,"Not considered for admission, even if submitted (Test Blind)",44,88790,No,NA,NA,3000,3000,NA,NA,NA,NA,NA,Private not-for-profit,39,100,65,244,0,55,143,223,1439,NA,NA,NA,NA,0,73,27,NA,NA,NA,NA,NA,NA,NA,4,NA,8888,8888,Yes,Implied no,74,6,32,Not classified,Special Focus: Medical Schools and Centers,No research designation,Not Classified in SAEC,Small
174020,Metropolitan State University,16,19,21,12,16,23,15,16,21,6,"Not required for admission, but considered if submitted (Test Optional)",93,794004,No,NA,NA,8571,8571,NA,NA,NA,25279,25172,Public,99,34,2547,3357,94,273,1668,1981,6660,27,44,NA,NA,0,99,1,NA,NA,NA,0,NA,NA,NA,15,36,8571,8571,Implied no,Yes,64,2505,1637,Professions-focused,Professions-focused Undergraduate/Graduate-Master's Large/Medium,No research designation,"Higher Access, Medium Earnings",Medium
174066,University of Minnesota-Twin Cities,26,29,31,24,28,33,25,27,31,33,"Not required for admission, but considered if submitted (Test Optional)",4383,55014840,No,55,29073,15148,36296,0.44,0.2,0.36,30095,30061,Public,80,22,18662,22641,2121,7405,1888,23206,56666,75,85,0.46,NA,7,65,27,660,720,770,8,640,690,730,17,9,15148,36296,Implied no,Yes,51,6980,11193,Mixed,Mixed Undergraduate/Graduate-Doctorate Large,Research 1: Very High Spending and Doctorate Production,"Higher Access, Medium Earnings",Very Large
174075,University of Minnesota-Crookston,NA,NA,NA,NA,NA,NA,NA,NA,NA,NA,"Not considered for admission, even if submitted (Test Blind)",196,2445265,No,30,27439,11648,11648,0.18,0.003,0.82,25966,26068,Public,88,18,1097,1515,75,259,248,1911,2612,38,50,0.55,NA,2,66,31,NA,NA,NA,NA,NA,NA,NA,18,32,11648,11648,Implied no,Yes,42,510,659,Professions-focused,Professions-focused Baccalaureate Small,No research designation,"Higher Access, Medium Earnings",Small
174233,University of Minnesota-Duluth,23,26,28,21,24,27,22,25,27,40,"Not required for admission, but considered if submitted (Test Optional)",1715,12323200,No,40,31296,12960,18480,0.47,0.11,0.42,27637,27680,Public,89,23,4250,4176,93,1801,376,6185,9253,47,65,0.66,10456,1,87,12,590,640,675,1,590,650,675,16,25,12958,18484,Implied no,Yes,69,1602,3743,Mixed,Mixed Undergraduate/Graduate-Master's Large/Medium,Research Colleges and Universities,"Opportunity Colleges and Universities – Higher Access, Higher Earnings",Medium
174358,Minnesota State University Moorhead,18,21,25,15,20,24,17,21,25,51,"Not required for admission, but considered if submitted (Test Optional)",549,3539002,No,20,NA,8838,8838,NA,NA,NA,25145,25197,Public,59,27,1231,2144,159,601,366,2532,4386,40,57,NA,NA,2,70,27,NA,NA,NA,0,NA,NA,NA,17,24,8838,8838,Implied no,Yes,67,950,1647,Professions-focused,Professions-focused Undergraduate/Graduate-Master's Large/Medium,No research designation,"Higher Access, Medium Earnings",Medium
174491,University of Northwestern-St Paul,20,24,28,20,24,29,19,24,26,35,"Not required for admission, but considered if submitted (Test Optional)",356,7878966,No,NA,NA,36980,36980,NA,NA,NA,NA,NA,Private not-for-profit,93,31,1312,1851,18,376,74,2561,3234,59,68,NA,NA,1,74,25,438,525,663,4,430,515,608,16,NA,36980,36980,Implied no,Yes,46,499,861,Mixed,Mixed Baccalaureate,No research designation,"Higher Access, Medium Earnings",Small
174507,Northwestern Health Sciences University,NA,NA,NA,NA,NA,NA,NA,NA,NA,NA,NA,2,7181,No,50,NA,11040,11040,NA,NA,NA,NA,NA,Private not-for-profit,NA,NA,108,331,11,6,37,180,1101,NA,NA,NA,NA,0,100,0,NA,NA,NA,NA,NA,NA,NA,6,NA,11040,11040,Implied no,Yes,37,102,137,Special Focus: Other Health Professions,Special Focus: Other Health Professions,No research designation,"Higher Access, Medium Earnings",Small
174747,College of Saint Benedict,20,23,27,20,22,26,18,22,26,43,"Not required for admission, but considered if submitted (Test Optional)",379,15178067,No,NA,NA,54540,54540,NA,NA,NA,NA,NA,Private not-for-profit,92,22,0,1391,53,363,21,1049,1429,73,77,NA,NA,5,82,13,483,540,590,4,565,620,643,11,NA,54540,54540,Implied no,Yes,99,280,877,Special Focus: Arts and Sciences,Special Focus: Arts and Sciences,No research designation,"Lower Access, Medium Earnings",Small
174783,Saint Cloud State University,17,21,25,15,19,23,17,21,24,22,"Not required for admission, but considered if submitted (Test Optional)",710,4995536,No,NA,NA,8811,8811,NA,NA,NA,21060,21116,Public,95,17,3878,4860,765,928,641,5497,10732,25,39,NA,NA,21,69,10,515,560,645,1,510,570,615,18,34,8811,8811,Implied no,Yes,50,1825,1980,Mixed,Mixed Undergraduate/Graduate-Master's Large/Medium,Research Colleges and Universities,"Higher Access, Medium Earnings",Medium
174792,Saint Johns University,21,24,27,18,22,25,20,25,27,49,"Not required for admission, but considered if submitted (Test Optional)",365,14612780,No,NA,NA,54540,54540,NA,NA,NA,NA,NA,Private not-for-profit,91,22,1413,0,50,335,65,1071,1572,69,75,NA,NA,0,83,17,438,545,593,4,503,555,635,12,NA,54540,54540,Implied no,Yes,99,267,811,Mixed,Mixed Baccalaureate,No research designation,"Lower Access, Higher Earnings",Small
174817,Saint Mary's University of Minnesota,NA,NA,NA,NA,NA,NA,NA,NA,NA,NA,"Not considered for admission, even if submitted (Test Blind)",272,9614718,No,NA,NA,44400,44400,NA,NA,NA,NA,NA,Private not-for-profit,93,19,975,957,20,255,88,1227,4505,60,66,NA,NA,2,65,33,NA,NA,NA,NA,NA,NA,NA,18,25,44400,44400,Implied no,Yes,89,267,500,Professions-focused,Professions-focused Undergraduate/Graduate-Doctorate Medium,No research designation,"Higher Access, Medium Earnings",Medium
174844,St Olaf College,28,30,32,28,32,35,25,28,30,29,"Not required for admission, but considered if submitted (Test Optional)",822,37070824,No,NA,28377,59760,59760,0.58,0.02,0.41,NA,NA,Private not-for-profit,48,27,1301,1823,330,859,20,2082,3124,77,84,0.58,NA,14,44,42,640,680,730,11,660,700,740,11,11,59760,59760,Implied no,Yes,99,651,1290,Special Focus: Arts and Sciences,Special Focus: Arts and Sciences,No research designation,"Lower Access, Medium Earnings",Small
174862,Crown College,NA,NA,NA,NA,NA,NA,NA,NA,NA,NA,"Not considered for admission, even if submitted (Test Blind)",186,3576059,No,NA,NA,30470,30470,NA,NA,NA,NA,NA,Private not-for-profit,23,38,693,830,42,196,66,1123,1846,41,44,NA,NA,5,54,41,NA,NA,NA,NA,NA,NA,NA,15,40,30470,30470,Implied no,Yes,53,337,535,Professions-focused,Professions-focused Undergraduate/Graduate-Master's Small,No research designation,"Higher Access, Medium Earnings",Small
174899,The College of Saint Scholastica,19,22,25,17,21,24,17,21,25,25,"Not required for admission, but considered if submitted (Test Optional)",323,9223214,No,NA,NA,40720,40720,NA,NA,NA,NA,NA,Private not-for-profit,93,17,625,1185,108,375,178,1311,2930,61,71,NA,NA,6,79,14,NA,NA,NA,1,NA,NA,NA,12,22,40720,40720,Implied no,Yes,85,436,935,Professions-focused,Professions-focused Undergraduate/Graduate-Doctorate Medium,No research designation,"Lower Access, Medium Earnings",Medium
174914,University of St Thomas,25,27,30,23,26,30,24,27,30,27,"Not required for admission, but considered if submitted (Test Optional)",1603,57046118,No,NA,38382,52820,52820,0.65,0.01,0.35,NA,NA,Private not-for-profit,85,21,3154,3116,236,1759,218,3905,9410,67,77,0.58,NA,3,81,16,620,665,710,3,640,680,713,14,16,52820,52820,Implied no,Yes,94,1316,2660,Mixed,Mixed Undergraduate/Graduate-Doctorate Medium,Research Colleges and Universities,"Opportunity Colleges and Universities – Higher Access, Higher Earnings",Medium
175005,St Catherine University,20,23,26,19,22,26,17,22,25,24,"Not required for admission, but considered if submitted (Test Optional)",361,14473384,No,NA,NA,50560,50560,NA,NA,NA,NA,NA,Private not-for-profit,92,19,105,2393,8,421,339,1166,3651,50,61,NA,NA,0,87,13,370,550,580,1,480,530,560,9,26,37534,37534,Implied no,Yes,82,974,1431,Special Focus: Other Health Professions,Special Focus: Other Health Professions,No research designation,"Opportunity Colleges and Universities – Higher Access, Higher Earnings",Medium
175014,Rasmussen University-Minnesota,NA,NA,NA,NA,NA,NA,NA,NA,NA,NA,NA,257,1962032,No,NA,NA,10050,10050,NA,NA,NA,NA,NA,Private for-profit,NA,NA,1260,7373,0,817,1195,3416,9416,NA,NA,NA,NA,0,24,76,NA,NA,NA,NA,NA,NA,NA,16,NA,10595,10595,Implied no,Yes,81,5094,5933,Special Focus: Nursing,Special Focus: Nursing,No research designation,"Higher Access, Medium Earnings",Medium
175078,Southwest Minnesota State University,16,20,23,15,18,22,16,19,24,40,"Not required for admission, but considered if submitted (Test Optional)",330,2862351,No,20,NA,8840,8840,NA,NA,NA,24692,24757,Public,62,22,2992,4743,109,387,492,5885,8214,30,44,NA,NA,7,71,22,NA,NA,NA,0,NA,NA,NA,16,36,8840,8840,Implied no,Yes,24,831,1061,Professions-focused,Professions-focused Undergraduate/Graduate-Master's Large/Medium,No research designation,"Higher Access, Medium Earnings",Medium
175227,Dunwoody College of Technology,18,22,26,15,21,25,15,19,25,4,"Not required for admission, but considered if submitted (Test Optional)",225,2450107,No,50,NA,25573,25573,NA,NA,NA,NA,NA,Private not-for-profit,99,68,1209,328,9,356,240,918,1537,86,86,NA,NA,0,92,2,NA,NA,NA,0,NA,NA,NA,12,10,25214,25214,Implied no,Yes,61,451,779,Special Focus: Applied and Career Studies,Special Focus: Applied and Career Studies,No research designation,"Higher Access, Medium Earnings",Small
175272,Winona State University,NA,NA,NA,NA,NA,NA,NA,NA,NA,NA,"Not considered for admission, even if submitted (Test Blind)",1097,5895945,No,20,NA,8388,15120,NA,NA,NA,23618,23683,Public,75,24,1685,3632,125,1214,437,4276,6045,38,56,NA,NA,1,69,30,NA,NA,NA,NA,NA,NA,NA,14,30,8388,15120,Implied no,Yes,71,1275,2561,Professions-focused,Professions-focused Undergraduate/Graduate-Master's Large/Medium,No research designation,"Higher Access, Medium Earnings",Medium
175342,Alcorn State University,15,16,19,13,15,19,15,16,17,92,Required to be considered for admission,446,5073188,No,30,NA,8105,8105,NA,NA,NA,23751,23751,Public,45,21,836,1696,20,610,174,38,2995,49,56,NA,NA,1,69,30,270,410,485,8,400,430,513,16,NA,8105,8105,Implied no,Yes,80,1697,1622,Special Focus: Arts and Sciences,Special Focus: Arts and Sciences,Research Colleges and Universities,"Opportunity Colleges and Universities – Higher Access, Higher Earnings",Small
175421,Belhaven University,19,22,24,17,21,25,17,21,24,75,"Not required for admission, but considered if submitted (Test Optional)",178,4205289,No,25,NA,29800,29800,NA,NA,NA,NA,NA,Private not-for-profit,50,19,605,1009,23,242,255,584,4213,38,49,NA,9800,2,47,50,520,575,630,8,490,579,668,12,NA,29800,29800,Implied no,Yes,81,736,1027,Professions-focused,Professions-focused Undergraduate/Graduate-Doctorate Medium,No research designation,"Higher Access, Medium Earnings",Medium
175616,Delta State University,17,20,23,15,19,23,16,18,23,85,Required to be considered for admission,197,1641215,No,25,NA,8435,8435,NA,NA,NA,22352,22445,Public,100,18,855,1021,87,217,334,950,2654,32,48,NA,8731,6,65,29,450,530,620,8,475,520,590,12,NA,8435,8435,Implied no,Yes,77,820,871,Professions-focused,Professions-focused Undergraduate/Graduate-Master's Small,No research designation,"Lower Access, Medium Earnings",Small
175856,Jackson State University,15,18,20,13,16,21,15,16,18,29,"Not required for admission, but considered if submitted (Test Optional)",831,6969158,No,25,NA,8690,8690,NA,NA,NA,32412,32415,Public,93,7,1712,2938,84,955,386,112,6326,33,51,NA,NA,2,26,72,390,450,520,10,430,470,550,14,NA,8690,8690,Implied no,Yes,81,3449,3921,Mixed,Mixed Undergraduate/Graduate-Doctorate Medium,Research 2: High Spending and Doctorate Production,"Higher Access, Medium Earnings",Medium
176017,University of Mississippi,21,25,29,21,25,30,19,24,27,60,"Not required for admission, but considered if submitted (Test Optional)",3823,47615582,No,70,34596,9612,28440,0.38,0.16,0.46,28653,28660,Public,97,19,9234,12351,308,5972,1335,16691,26449,57,72,0.44,NA,1,30,69,490,540,590,23,510,550,610,18,NA,9612,28440,Implied no,Implied no,72,4150,7097,Professions-focused,Professions-focused Undergraduate/Graduate-Doctorate Large,Research 1: Very High Spending and Doctorate Production,"Lower Access, Medium Earnings",Large
176035,Mississippi University for Women,17,21,24,16,20,23,16,18,23,98,"Not required for admission, but considered if submitted (Test Optional)",155,1493394,No,NA,NA,8392,8392,NA,NA,NA,22122,22225,Public,90,35,470,1492,15,174,491,1074,2193,33,47,NA,NA,0,83,17,NA,NA,NA,2,NA,NA,NA,10,NA,8392,8392,Implied no,Yes,91,804,812,Special Focus: Nursing,Special Focus: Nursing,No research designation,"Opportunity Colleges and Universities – Higher Access, Higher Earnings",Small
176044,Mississippi Valley State University,13,15,17,11,14,16,14,15,16,65,"Not required for admission, but considered if submitted (Test Optional)",272,2973739,No,NA,NA,7492,7492,NA,NA,NA,21154,21154,Public,92,32,953,1060,0,340,207,114,2205,15,27,NA,NA,3,40,57,NA,NA,NA,0,NA,NA,NA,13,NA,7492,7492,Implied no,Yes,71,1123,990,Professions-focused,Professions-focused Undergraduate/Graduate-Master's Small,No research designation,"Higher Access, Medium Earnings",Small
176053,Mississippi College,19,21,25,19,22,25,17,19,24,85,"Not required for admission, but considered if submitted (Test Optional)",667,8454626,No,NA,NA,21000,21000,NA,NA,NA,NA,NA,Private not-for-profit,29,91,1240,1643,99,586,293,2067,4164,56,59,NA,NA,3,71,26,NA,NA,NA,0,NA,NA,NA,14,29,21000,21000,Implied no,Yes,84,802,959,Professions-focused,Professions-focused Undergraduate/Graduate-Doctorate Medium,No research designation,"Lower Access, Medium Earnings",Medium
176080,Mississippi State University,21,25,29,21,24,30,19,24,27,85,"Not required for admission, but considered if submitted (Test Optional)",3591,49743260,No,40,25539,10052,27487,0.43,0.14,0.43,29211,29267,Public,78,20,9137,9430,257,3596,1909,13420,23150,46,67,0.46,NA,1,56,43,540,590,680,6,560,620,670,16,NA,10052,27487,Implied no,Yes,83,5344,7053,Mixed,Mixed Undergraduate/Graduate-Doctorate Large,Research 1: Very High Spending and Doctorate Production,"Lower Access, Medium Earnings",Large
176372,University of Southern Mississippi,20,24,29,19,23,28,17,21,25,99,Required to be considered for admission,1608,17527079,No,45,NA,9888,11888,NA,NA,NA,26584,26566,Public,99,25,3837,6356,484,1745,1408,5741,13170,34,49,NA,NA,11,66,23,NA,NA,NA,0,NA,NA,NA,18,NA,9888,11888,Implied no,Yes,83,4632,4781,Professions-focused,Professions-focused Undergraduate/Graduate-Doctorate Medium,Research 1: Very High Spending and Doctorate Production,"Higher Access, Medium Earnings",Medium
176406,Tougaloo College,NA,NA,NA,NA,NA,NA,NA,NA,NA,NA,"Not considered for admission, even if submitted (Test Blind)",116,1148387,No,NA,NA,11886,11886,NA,NA,NA,NA,NA,Private not-for-profit,60,10,533,753,287,144,51,1,1301,28,33,NA,NA,0,76,24,NA,NA,NA,NA,NA,NA,NA,9,26,11886,11886,Implied no,Yes,77,446,428,Special Focus: Arts and Sciences,Special Focus: Arts and Sciences,Research Colleges and Universities,"Higher Access, Medium Earnings",Small
176479,William Carey University,19,22,25,19,22,26,17,21,25,93,Required to be considered for admission,202,2953401,No,NA,NA,14250,14250,NA,NA,NA,NA,NA,Private not-for-profit,60,48,1016,2036,147,231,538,1811,5321,45,60,NA,NA,6,62,25,500,540,600,7,540,610,690,14,34,14250,14250,Implied no,Yes,53,844,774,Professions-focused,Professions-focused Undergraduate/Graduate-Doctorate Medium,No research designation,"Higher Access, Medium Earnings",Medium
176628,Avila University,16,18,21,14,17,21,14,17,20,57,"Not required for admission, but considered if submitted (Test Optional)",379,12462808,No,NA,NA,42000,42000,NA,NA,NA,NA,NA,Private not-for-profit,88,7,474,857,61,249,161,583,2768,41,52,NA,NA,0,65,33,370,420,460,4,430,450,500,19,33,40200,40200,Implied no,Yes,95,672,728,Professions-focused,Professions-focused Undergraduate/Graduate-Master's Small,No research designation,"Higher Access, Medium Earnings",Small
176947,Central Methodist University-College of Liberal Arts and Sciences,17,20,23,15,19,22,16,19,24,41,"Not required for admission, but considered if submitted (Test Optional)",228,4696436,No,NA,NA,27480,27480,NA,NA,NA,NA,NA,Private not-for-profit,57,35,508,533,98,305,128,632,1041,44,51,NA,NA,0,64,29,520,530,555,2,440,465,490,12,34,27840,27840,Implied no,Yes,100,410,622,Professions-focused,Professions-focused Baccalaureate Small,No research designation,"Higher Access, Medium Earnings",Small
176965,University of Central Missouri,17,20,24,16,20,24,16,19,24,69,"Not required for admission, but considered if submitted (Test Optional)",1000,7811428,No,30,NA,8550,17100,NA,NA,NA,22702,22947,Public,64,29,3383,4201,147,1031,718,5606,12857,39,54,NA,NA,3,82,15,NA,NA,NA,0,NA,NA,NA,18,23,8550,17100,Implied no,Yes,70,1926,2332,Professions-focused,Professions-focused Undergraduate/Graduate-Master's Large/Medium,No research designation,"Higher Access, Medium Earnings",Medium
177065,Columbia College,NA,NA,NA,NA,NA,NA,NA,NA,NA,NA,NA,300,4764475,No,NA,NA,25826,25826,NA,NA,NA,NA,NA,Private not-for-profit,NA,NA,2117,3090,182,544,783,2769,5689,33,43,NA,NA,0,63,37,NA,NA,NA,NA,NA,NA,NA,20,NA,12276,12276,Implied no,Yes,60,2489,2309,Professions-focused,Professions-focused Baccalaureate Medium,No research designation,"Higher Access, Medium Earnings",Medium
177144,Culver-Stockton College,NA,NA,NA,NA,NA,NA,NA,NA,NA,2,"Not required for admission, but considered if submitted (Test Optional)",250,5531321,No,NA,NA,30230,30230,NA,NA,NA,NA,NA,Private not-for-profit,99,10,461,400,29,192,59,596,1028,36,39,NA,NA,4,29,67,NA,NA,NA,2,NA,NA,NA,15,44,30230,30230,Implied no,Implied no,91,366,666,Professions-focused,Professions-focused Baccalaureate Small,No research designation,"Higher Access, Medium Earnings",Small
177214,Drury University,22,25,29,21,24,28,19,24,27,58,"Not required for admission, but considered if submitted (Test Optional)",336,9156253,No,NA,NA,35400,35400,NA,NA,NA,NA,NA,Private not-for-profit,58,22,675,716,134,337,91,989,1615,44,62,NA,NA,12,58,30,560,590,620,7,570,610,670,14,NA,35400,35400,Implied no,Yes,99,350,679,Mixed,Mixed Baccalaureate,No research designation,"Lower Access, Medium Earnings",Small
177339,Evangel University,21,24,27,20,24,26,19,23,26,31,"Not required for admission, but considered if submitted (Test Optional)",330,6829344,No,NA,NA,27218,27218,NA,NA,NA,NA,NA,Private not-for-profit,72,39,753,758,51,333,76,1141,2289,52,65,NA,NA,2,51,46,500,570,620,2,540,590,640,15,NA,27218,27218,Implied no,Yes,84,446,1060,Professions-focused,Professions-focused Undergraduate/Graduate-Doctorate Small,No research designation,"Lower Access, Medium Earnings",Small
177472,Ozarks Technical Community College,NA,NA,NA,NA,NA,NA,NA,NA,NA,NA,NA,1825,10534638,No,NA,NA,4840,6088,NA,NA,NA,13825,13188,Public,NA,NA,4762,6618,0,2424,606,9038,11380,NA,NA,NA,NA,0,99,1,NA,NA,NA,NA,NA,NA,NA,18,13,4632,5928,Implied no,Yes,58,4306,2028,Professions-focused,Professions-focused Associate Large/Medium,No research designation,"Higher Access, Medium Earnings",Medium
177551,Harris-Stowe State University,NA,NA,NA,NA,NA,NA,NA,NA,NA,NA,NA,250,3081340,No,NA,NA,5808,10440,NA,NA,NA,21426,21493,Public,NA,NA,334,668,61,205,81,29,1002,12,28,NA,NA,3,56,41,NA,NA,NA,NA,NA,NA,NA,12,28,5808,10440,Implied no,Yes,97,809,669,Special Focus: Arts and Sciences,Special Focus: Arts and Sciences,No research designation,"Higher Access, Medium Earnings",Small
177940,Lincoln University,NA,NA,NA,NA,NA,NA,NA,NA,NA,NA,NA,263,2523358,No,150,NA,7666,15562,NA,NA,NA,23307,23704,Public,NA,NA,857,1069,111,338,141,824,2054,10,20,NA,NA,8,67,25,NA,NA,NA,NA,NA,NA,NA,11,36,7666,15562,Implied no,Yes,83,831,748,Professions-focused,Professions-focused Baccalaureate Small,Research Colleges and Universities,"Higher Access, Medium Earnings",Small
177968,Lindenwood University,22,24,28,20,24,27,19,23,26,6,"Not required for admission, but considered if submitted (Test Optional)",859,12563618,No,NA,NA,19900,19900,NA,NA,NA,NA,NA,Private not-for-profit,57,14,1850,2813,262,636,693,2923,6826,38,49,NA,NA,6,59,35,NA,NA,NA,0,NA,NA,NA,14,28,19900,19900,Implied no,Yes,84,1476,2416,Professions-focused,Professions-focused Undergraduate/Graduate-Doctorate Medium,No research designation,"Higher Access, Medium Earnings",Medium
177986,Logan University,NA,NA,NA,NA,NA,NA,NA,NA,NA,NA,"Not considered for admission, even if submitted (Test Blind)",6,50609,No,25,NA,9000,9000,NA,NA,NA,NA,NA,Private not-for-profit,64,78,76,175,0,7,63,117,1406,22,22,NA,NA,0,14,86,NA,NA,NA,NA,NA,NA,NA,9,NA,9000,9000,Implied no,Implied no,55,110,191,Mixed,Mixed Undergraduate/Graduate-Doctorate Small,No research designation,Not Classified in SAEC,Small
178059,Maryville University of Saint Louis,NA,NA,NA,NA,NA,NA,NA,NA,NA,NA,"Not considered for admission, even if submitted (Test Blind)",682,12974958,No,NA,NA,24766,24766,NA,NA,NA,NA,NA,Private not-for-profit,95,23,1871,3821,166,956,820,3681,9261,55,66,NA,NA,5,65,31,NA,NA,NA,NA,NA,NA,NA,13,22,24766,24766,Implied no,Yes,71,2207,3193,Professions-focused,Professions-focused Undergraduate/Graduate-Doctorate Medium,No research designation,"Opportunity Colleges and Universities – Higher Access, Higher Earnings",Medium
178208,Midwestern Baptist Theological Seminary,NA,NA,NA,NA,NA,NA,NA,NA,NA,NA,"Not considered for admission, even if submitted (Test Blind)",46,251914,No,25,NA,9000,9000,NA,NA,NA,NA,NA,Private not-for-profit,96,71,693,433,0,95,146,814,3945,23,64,NA,NA,1,31,68,NA,NA,NA,NA,NA,NA,NA,17,10,10410,10410,Implied no,Yes,39,321,257,Special Focus: Theological Studies,Special Focus: Theological Studies,No research designation,Not Classified in SAEC,Medium
178244,Missouri Baptist University,12,16,18,10,13,17,14,15,17,4,"Not required for admission, but considered if submitted (Test Optional)",248,5375589,No,NA,NA,32948,32948,NA,NA,NA,NA,NA,Private not-for-profit,69,41,2141,2817,68,314,284,4015,5699,31,46,NA,NA,0,70,27,NA,NA,NA,1,NA,NA,NA,15,NA,31530,31530,Implied no,Yes,28,544,925,Professions-focused,Professions-focused Undergraduate/Graduate-Master's Large/Medium,No research designation,"Higher Access, Medium Earnings",Medium
178341,Missouri Southern State University,17,20,24,15,20,24,16,18,24,71,"Not required for admission, but considered if submitted (Test Optional)",483,3669170,No,35,NA,8120,16240,NA,NA,NA,19311,19568,Public,97,20,1529,2352,179,634,331,2493,4147,25,40,NA,NA,13,63,24,610,700,730,4,540,640,690,15,26,8700,17400,Implied no,Yes,62,1337,1307,Professions-focused,Professions-focused Baccalaureate Medium,No research designation,"Higher Access, Medium Earnings",Medium
178369,Missouri Valley College,16,17,20,13,16,20,15,17,19,6,"Not required for admission, but considered if submitted (Test Optional)",403,7661728,No,NA,NA,22000,22000,NA,NA,NA,NA,NA,Private not-for-profit,69,29,931,756,412,510,142,706,1770,16,22,NA,NA,22,34,44,490,550,575,2,405,500,540,18,40,22000,22000,Implied no,Yes,81,503,660,Professions-focused,Professions-focused Baccalaureate Small,No research designation,"Higher Access, Medium Earnings",Small
178387,Missouri Western State University,NA,NA,NA,NA,NA,NA,NA,NA,NA,NA,NA,557,5149191,No,NA,NA,8310,18870,NA,NA,NA,20996,21595,Public,NA,NA,1361,2130,29,564,187,2325,3716,23,39,NA,NA,0,81,18,NA,NA,NA,NA,NA,NA,NA,15,28,8310,17220,Implied no,Yes,59,1025,1007,Professions-focused,Professions-focused Baccalaureate Medium,No research designation,"Higher Access, Medium Earnings",Medium
178396,University of Missouri-Columbia,23,26,30,22,25,30,22,25,28,66,"Not required for admission, but considered if submitted (Test Optional)",4824,63688968,No,55,27725,13658,34877,0.4,0.18,0.42,31779,31713,Public,78,31,11046,13403,284,5953,1242,19312,31543,56,75,0.47,NA,1,65,34,570,610,660,10,580,620,670,17,NA,13658,34877,Implied no,Yes,79,4740,8330,Professions-focused,Professions-focused Undergraduate/Graduate-Doctorate Large,Research 1: Very High Spending and Doctorate Production,"Lower Access, Higher Earnings",Large
178402,University of Missouri-Kansas City,20,24,28,19,23,28,18,22,26,54,"Not required for admission, but considered if submitted (Test Optional)",1170,12848802,No,NA,NA,10966,28606,NA,NA,NA,25405,25320,Public,72,30,4170,5996,330,1343,943,5175,14732,35,54,NA,NA,1,68,31,650,745,790,3,640,725,760,13,NA,11750,30650,Implied no,Yes,55,2677,2427,Mixed,Mixed Undergraduate/Graduate-Doctorate Medium,Research 1: Very High Spending and Doctorate Production,"Higher Access, Medium Earnings",Medium
178411,Missouri University of Science and Technology,25,28,31,23,26,31,25,27,30,78,"Not required for admission, but considered if submitted (Test Optional)",1169,16703770,No,NA,30906,13656,31920,0.46,0.14,0.4,29331,29231,Public,73,21,4273,1279,177,1269,275,4049,7154,29,64,0.58,NA,4,74,22,610,670,730,13,580,630,690,17,NA,13656,31920,Implied no,Yes,88,1256,2204,"Special Focus: Technology, Engineering, and Sciences","Special Focus: Technology, Engineering, and Sciences",Research 1: Very High Spending and Doctorate Production,"Lower Access, Higher Earnings",Medium
178420,University of Missouri-St Louis,19,24,27,17,23,27,17,22,26,26,"Not required for admission, but considered if submitted (Test Optional)",433,7402772,No,NA,NA,14112,35112,NA,NA,NA,29005,31199,Public,63,13,5248,7069,169,490,946,8401,14736,38,57,NA,NA,10,72,18,550,630,660,5,510,610,630,13,NA,15120,37620,Implied no,Yes,41,2214,2336,Mixed,Mixed Undergraduate/Graduate-Doctorate Medium,Research 2: High Spending and Doctorate Production,"Higher Access, Medium Earnings",Medium
178615,Truman State University,25,28,31,24,28,33,23,26,28,43,"Not required for admission, but considered if submitted (Test Optional)",643,7835279,No,NA,23399,9500,18228,0.37,0.003,0.62,25076,25115,Public,84,26,1303,1962,251,626,73,2603,3664,58,69,0.45,NA,7,79,15,570,650,670,5,600,670,700,12,NA,9500,18228,Implied no,Yes,75,546,906,Special Focus: Arts and Sciences,Special Focus: Arts and Sciences,No research designation,"Lower Access, Medium Earnings",Medium
178624,Northwest Missouri State University,19,22,24,18,22,24,18,22,24,66,"Not required for admission, but considered if submitted (Test Optional)",974,8863951,No,NA,NA,6713,13426,NA,NA,NA,24945,24945,Public,86,22,2032,3209,145,990,298,4102,9152,42,54,NA,NA,3,62,35,498,545,600,2,478,550,593,16,26,6713,13426,Implied no,Yes,69,1527,2325,Professions-focused,Professions-focused Undergraduate/Graduate-Master's Large/Medium,No research designation,"Higher Access, Medium Earnings",Medium
178697,College of the Ozarks,20,22,25,19,22,25,18,21,24,90,Required to be considered for admission,256,5656791,No,NA,NA,21800,21800,NA,NA,NA,NA,NA,Private not-for-profit,12,81,647,807,24,284,23,1241,1454,49,64,NA,8800,2,64,34,510,530,590,10,540,570,630,14,28,21800,21800,Implied no,Yes,99,702,0,Professions-focused,Professions-focused Baccalaureate Small,No research designation,"Lower Access, Medium Earnings",Small
178721,Park University,NA,NA,NA,NA,NA,NA,NA,NA,NA,NA,NA,143,1404214,No,35,NA,16500,16500,NA,NA,NA,NA,NA,Private not-for-profit,NA,NA,2592,2065,191,413,497,1846,5736,19,37,NA,NA,10,31,59,NA,NA,NA,NA,NA,NA,NA,13,25,11018,11018,Implied no,Implied no,59,2200,1666,Professions-focused,Professions-focused Undergraduate/Graduate-Master's Large/Medium,No research designation,"Opportunity Colleges and Universities – Higher Access, Higher Earnings",Medium
178891,Ranken Technical College,NA,NA,NA,NA,NA,NA,NA,NA,NA,NA,NA,461,5113291,No,95,NA,16680,16680,NA,NA,NA,NA,NA,Private not-for-profit,NA,NA,1630,154,2,840,37,1087,1784,15,31,NA,NA,0,83,17,NA,NA,NA,NA,NA,NA,NA,11,9,16680,16680,Implied no,Implied no,62,794,1009,Special Focus: Applied and Career Studies,Special Focus: Applied and Career Studies,No research designation,"Opportunity Colleges and Universities – Higher Access, Higher Earnings",Small
179043,Rockhurst University,19,22,26,17,21,26,17,21,26,49,"Not required for admission, but considered if submitted (Test Optional)",339,11716663,No,NA,NA,43366,43366,NA,NA,NA,NA,NA,Private not-for-profit,70,19,870,1433,52,293,200,1462,3577,67,74,NA,NA,1,56,43,NA,NA,NA,0,NA,NA,NA,12,NA,43366,43366,Implied no,Yes,65,487,852,Professions-focused,Professions-focused Undergraduate/Graduate-Doctorate Medium,No research designation,"Opportunity Colleges and Universities – Higher Access, Higher Earnings",Medium
179159,Saint Louis University,25,28,31,25,29,34,24,27,30,36,"Not required for admission, but considered if submitted (Test Optional)",1768,78952890,No,NA,32193,54760,54760,NA,NA,NA,NA,NA,Private not-for-profit,75,14,4497,5916,370,1615,557,6283,17059,72,80,0.57,NA,6,46,47,600,655,710,10,600,650,700,9,NA,54760,54760,Implied no,Yes,69,1777,3120,Professions-focused,Professions-focused Undergraduate/Graduate-Doctorate Medium,Research 1: Very High Spending and Doctorate Production,"Lower Access, Higher Earnings",Medium
179308,Saint Louis Community College,NA,NA,NA,NA,NA,NA,NA,NA,NA,NA,NA,1127,5918860,No,NA,NA,4440,6300,NA,NA,NA,14409,14560,Public,NA,NA,5068,10581,222,2404,1051,7257,15649,NA,NA,NA,NA,0,96,2,NA,NA,NA,NA,NA,NA,NA,18,25,4440,6300,Implied no,Yes,38,4239,668,Mixed,Mixed Associate Large,No research designation,"Higher Access, Lower Earnings",Large
179326,Southwest Baptist University,17,21,26,16,21,26,16,21,25,53,"Not required for admission, but considered if submitted (Test Optional)",251,4779679,No,NA,NA,28656,28656,NA,NA,NA,NA,NA,Private not-for-profit,68,34,668,1042,16,281,162,1097,2199,46,53,NA,NA,0,72,23,380,530,600,3,430,520,610,10,NA,28656,28656,Implied no,Implied no,79,587,823,Professions-focused,Professions-focused Undergraduate/Graduate-Doctorate Small,No research designation,"Lower Access, Medium Earnings",Small
179557,Southeast Missouri State University,15,17,20,12,15,19,15,16,18,5,"Not required for admission, but considered if submitted (Test Optional)",1161,9882059,No,NA,NA,8559,8559,NA,NA,NA,24697,25177,Public,74,18,3205,4721,560,1381,432,5769,9501,41,58,NA,12198,19,66,15,NA,NA,NA,1,NA,NA,NA,20,NA,8559,8559,Implied no,Yes,85,2459,2669,Professions-focused,Professions-focused Undergraduate/Graduate-Master's Large/Medium,No research designation,"Higher Access, Medium Earnings",Medium
179566,Missouri State University-Springfield,19,22,26,18,22,26,17,21,25,74,"Not required for admission, but considered if submitted (Test Optional)",2411,21143976,No,0,NA,8120,17388,NA,NA,NA,25048,25048,Public,91,26,8236,12348,488,2689,1278,15973,24360,41,58,NA,NA,2,81,13,510,570,630,4,510,580,640,21,24,8120,17388,Implied no,Yes,52,4229,5569,Professions-focused,Professions-focused Undergraduate/Graduate-Doctorate Large,Research Colleges and Universities,"Higher Access, Medium Earnings",Large
179867,Washington University in St Louis,33,34,35,34,35,35,31,34,35,28,"Not required for admission, but considered if submitted (Test Optional)",889,58745414,No,75,26666,64500,64500,0.26,0.1,0.65,NA,NA,Private not-for-profit,12,47,3674,4546,774,1847,167,3258,16357,85,94,0.22,NA,12,15,73,770,790,800,29,730,750,770,7,NA,64500,64500,Implied no,Yes,46,1466,972,Mixed,Mixed Undergraduate/Graduate-Doctorate Medium,Research 1: Very High Spending and Doctorate Production,"Lower Access, Higher Earnings",Medium
179894,Webster University,18,21,25,17,21,25,16,18,23,22,"Not required for admission, but considered if submitted (Test Optional)",417,8934771,No,NA,NA,31450,31450,NA,NA,NA,NA,NA,Private not-for-profit,86,14,995,1327,401,612,229,1264,8260,55,64,NA,NA,46,36,18,530,580,650,3,580,630,660,16,NA,31450,31450,Implied no,Yes,83,636,1011,Mixed,Mixed Undergraduate/Graduate-Doctorate Medium,No research designation,"Higher Access, Medium Earnings",Medium
179964,William Woods University,NA,NA,NA,NA,NA,NA,NA,NA,NA,0,"Not required for admission, but considered if submitted (Test Optional)",217,4818257,No,NA,NA,29100,29100,NA,NA,NA,NA,NA,Private not-for-profit,71,24,548,794,37,261,288,767,2046,43,46,NA,NA,12,57,31,NA,NA,NA,0,NA,NA,NA,16,11,29100,29100,Implied no,Yes,76,382,542,Professions-focused,Professions-focused Undergraduate/Graduate-Doctorate Small,No research designation,"Higher Access, Medium Earnings",Small
180106,Carroll College,21,25,27,20,24,28,21,24,27,43,"Not required for admission, but considered if submitted (Test Optional)",273,8205796,No,NA,NA,40132,40132,NA,NA,NA,NA,NA,Private not-for-profit,71,22,465,647,0,284,49,862,1156,56,69,NA,NA,0,43,45,510,560,640,21,540,600,660,12,NA,40132,40132,Implied no,Yes,98,215,476,Professions-focused,Professions-focused Baccalaureate Small,No research designation,"Lower Access, Higher Earnings",Small
180179,Montana State University Billings,NA,NA,NA,NA,NA,NA,NA,NA,NA,NA,NA,441,3225250,No,30,NA,4997,20468,NA,NA,NA,20094,20054,Public,NA,NA,1458,2423,67,572,231,2937,4129,17,34,NA,NA,2,89,9,NA,NA,NA,NA,NA,NA,NA,14,19,4997,20468,Implied no,Yes,73,957,1066,Professions-focused,Professions-focused Baccalaureate Medium,No research designation,"Higher Access, Medium Earnings",Medium
180416,Montana Technological University,19,22,25,17,21,24,18,23,26,82,"Not required for admission, but considered if submitted (Test Optional)",238,1503254,No,NA,NA,6358,24079,NA,NA,NA,22938,22786,Public,91,21,935,562,18,352,90,1152,1702,34,58,NA,NA,1,79,19,530,580,630,13,510,585,630,14,22,6358,24079,Implied no,Yes,74,341,563,"Special Focus: Technology, Engineering, and Sciences","Special Focus: Technology, Engineering, and Sciences",Research Colleges and Universities,"Lower Access, Higher Earnings",Small
180461,Montana State University,21,24,27,20,23,27,19,23,27,38,"Not required for admission, but considered if submitted (Test Optional)",2731,32124123,No,38,25712,6299,30784,0.43,0.13,0.45,25779,25905,Public,82,20,7948,7098,175,3612,529,12484,17135,37,57,0.43,14000,1,39,61,525,580,640,21,540,590,645,18,24,6299,30784,Implied no,Yes,69,2429,4671,Mixed,Mixed Undergraduate/Graduate-Doctorate Medium,Research 1: Very High Spending and Doctorate Production,"Lower Access, Medium Earnings",Medium
180489,The University of Montana,23,24,28,22,25,32,19,22,24,1,"Not required for admission, but considered if submitted (Test Optional)",1296,12699733,No,30,26945,5964,30527,0.43,0.1,0.47,23582,23570,Public,96,19,3340,4551,81,1771,655,5618,10811,34,49,0.52,12804,1,59,39,NA,NA,NA,0,NA,NA,NA,17,NA,5964,30527,Implied no,Implied no,66,2122,3109,Mixed,Mixed Undergraduate/Graduate-Doctorate Medium,Research 1: Very High Spending and Doctorate Production,"Higher Access, Medium Earnings",Medium
180595,Rocky Mountain College,18,21,24,16,20,23,18,21,25,44,"Not required for admission, but considered if submitted (Test Optional)",211,5382139,No,35,NA,34544,34544,NA,NA,NA,NA,NA,Private not-for-profit,70,29,463,388,53,280,43,590,1032,28,48,NA,NA,7,50,43,405,500,568,6,488,535,565,14,NA,34544,34544,Implied no,Yes,98,247,434,Professions-focused,Professions-focused Undergraduate/Graduate-Doctorate Small,No research designation,"Higher Access, Medium Earnings",Small
180692,The University of Montana-Western,NA,NA,NA,NA,NA,NA,NA,NA,NA,NA,"Not considered for admission, even if submitted (Test Blind)",236,1131459,No,30,NA,5039,18420,NA,NA,NA,21454,21403,Public,100,17,470,865,4,225,103,992,1358,29,54,NA,NA,0,72,28,NA,NA,NA,NA,NA,NA,NA,16,20,5039,18420,Implied no,Yes,66,507,496,Professions-focused,Professions-focused Baccalaureate Small,No research designation,"Higher Access, Medium Earnings",Small
180814,Bellevue University,NA,NA,NA,NA,NA,NA,NA,NA,NA,NA,NA,182,1298732,No,50,NA,9153,9153,NA,NA,NA,NA,NA,Private not-for-profit,NA,NA,5112,5925,0,274,2204,4942,14667,13,33,NA,11235,0,26,74,NA,NA,NA,NA,NA,NA,NA,12,16,12123,12123,Implied no,Yes,35,3333,2564,Professions-focused,Professions-focused Undergraduate/Graduate-Master's Large/Medium,No research designation,"Opportunity Colleges and Universities – Higher Access, Higher Earnings",Medium
180832,Clarkson College,NA,NA,NA,NA,NA,NA,NA,NA,NA,NA,"Not considered for admission, even if submitted (Test Blind)",18,119437,No,NA,NA,16104,16104,NA,NA,NA,NA,NA,Private not-for-profit,78,100,108,535,0,40,170,292,1121,36,36,NA,NA,0,60,25,NA,NA,NA,NA,NA,NA,NA,10,40,16104,16104,Implied no,Yes,69,246,497,Special Focus: Nursing,Special Focus: Nursing,No research designation,"Opportunity Colleges and Universities – Higher Access, Higher Earnings",Small
180948,Chadron State College,NA,NA,NA,NA,NA,NA,NA,NA,NA,NA,NA,308,2379013,No,NA,NA,5934,5934,NA,NA,NA,21388,21132,Public,NA,NA,581,1109,31,308,176,1295,2098,34,50,NA,NA,3,52,45,NA,NA,NA,NA,NA,NA,NA,15,27,5880,5880,Implied no,Yes,80,671,885,Professions-focused,Professions-focused Undergraduate/Graduate-Master's Small,No research designation,"Higher Access, Medium Earnings",Small
180984,Concordia University-Nebraska,NA,NA,NA,NA,NA,NA,NA,NA,NA,1,"Not required for admission, but considered if submitted (Test Optional)",381,11104592,No,NA,NA,39800,39800,NA,NA,NA,NA,NA,Private not-for-profit,86,25,1445,1555,122,341,65,1841,3479,51,65,NA,NA,0,47,52,NA,NA,NA,1,NA,NA,NA,14,NA,39800,39800,Implied no,Yes,41,334,773,Professions-focused,Professions-focused Undergraduate/Graduate-Master's Small,No research designation,"Lower Access, Medium Earnings",Small
181002,Creighton University,26,28,31,25,29,33,25,27,30,41,"Not required for admission, but considered if submitted (Test Optional)",1043,32242730,No,NA,31659,46800,46800,0.52,0.05,0.43,NA,NA,Private not-for-profit,80,18,1843,2534,95,1126,154,3023,8581,74,83,0.52,NA,1,24,74,623,665,720,10,620,660,708,11,13,46800,46800,Implied no,Yes,95,491,1788,Professions-focused,Professions-focused Undergraduate/Graduate-Doctorate Medium,Research 2: High Spending and Doctorate Production,"Lower Access, Higher Earnings",Medium
181020,Doane University,NA,NA,NA,NA,NA,NA,NA,NA,NA,NA,"Not considered for admission, even if submitted (Test Blind)",246,7742001,Yes,NA,NA,42520,42520,NA,NA,NA,NA,NA,Private not-for-profit,98,21,663,652,61,251,57,749,1985,49,57,NA,NA,0,61,37,NA,NA,NA,NA,NA,NA,NA,11,30,40520,40520,Implied no,Yes,78,319,789,Professions-focused,Professions-focused Undergraduate/Graduate-Master's Small,No research designation,"Lower Access, Medium Earnings",Small
181215,University of Nebraska at Kearney,19,22,26,18,22,25,17,22,25,82,"Not required for admission, but considered if submitted (Test Optional)",801,7830869,No,45,NA,6582,12910,NA,NA,NA,25851,25808,Public,89,19,1617,2596,271,875,296,3027,5881,36,57,NA,NA,2,87,10,410,510,550,2,495,520,575,14,23,6690,14610,Implied no,Yes,82,1560,1495,Professions-focused,Professions-focused Undergraduate/Graduate-Master's Large/Medium,Research Colleges and Universities,"Higher Access, Medium Earnings",Medium
181297,Nebraska Methodist College of Nursing & Allied Health,NA,NA,NA,NA,NA,NA,NA,NA,NA,NA,"Not considered for admission, even if submitted (Test Blind)",51,550848,No,NA,NA,16584,16584,NA,NA,NA,NA,NA,Private not-for-profit,73,52,77,704,0,66,220,564,1067,30,49,NA,NA,0,77,21,NA,NA,NA,NA,NA,NA,NA,13,31,17633,17633,Implied no,Yes,89,232,487,Special Focus: Nursing,Special Focus: Nursing,No research designation,"Opportunity Colleges and Universities – Higher Access, Higher Earnings",Small
181330,Midland University,17,21,23,15,20,22,16,19,24,44,"Not required for admission, but considered if submitted (Test Optional)",283,8280653,No,NA,NA,41150,41150,NA,NA,NA,NA,NA,Private not-for-profit,66,31,719,590,108,291,126,706,1558,36,42,NA,NA,7,49,44,473,530,580,11,490,540,590,14,37,41150,41150,Implied no,Yes,88,374,822,Professions-focused,Professions-focused Baccalaureate Small,No research designation,"Higher Access, Medium Earnings",Small
181394,University of Nebraska at Omaha,19,22,26,17,21,26,17,21,25,69,Required to be considered for admission,1496,11793437,No,50,NA,6758,21246,NA,NA,NA,21392,21120,Public,87,26,5239,6517,361,2116,1059,6930,14972,27,49,NA,NA,2,87,10,NA,NA,NA,0,NA,NA,NA,15,19,6758,21246,Implied no,Yes,76,4109,3118,Mixed,Mixed Undergraduate/Graduate-Doctorate Medium,Research 2: High Spending and Doctorate Production,"Higher Access, Medium Earnings",Medium
181428,University of Nebraska Medical Center,NA,NA,NA,NA,NA,NA,NA,NA,NA,NA,NA,NA,NA,Not applicable,60,NA,NA,NA,NA,NA,NA,NA,NA,Public,NA,NA,120,851,10,0,433,720,3988,NA,NA,NA,NA,NA,NA,NA,NA,NA,NA,NA,NA,NA,NA,3,NA,11416,34405,Implied no,Yes,65,197,418,Special Focus: Medical Schools and Centers,Special Focus: Medical Schools and Centers,Research 1: Very High Spending and Doctorate Production,Not Classified in SAEC,Medium
181446,Nebraska Wesleyan University,22,24,27,20,23,28,19,24,27,23,"Not required for admission, but considered if submitted (Test Optional)",440,14459656,No,NA,NA,42274,42274,NA,NA,NA,NA,NA,Private not-for-profit,80,16,668,795,56,352,80,1066,1654,58,66,NA,NA,5,65,31,530,560,630,2,490,620,660,12,25,42274,42274,Implied no,Yes,97,514,832,Mixed,Mixed Baccalaureate,No research designation,"Lower Access, Medium Earnings",Medium
181464,University of Nebraska-Lincoln,22,24,28,21,24,28,20,24,27,82,"Not required for admission, but considered if submitted (Test Optional)",4373,46094262,No,45,32351,8250,26400,0.49,0.2,0.31,26790,26697,Public,87,30,9847,9854,555,4650,744,14830,24393,50,67,0.44,NA,1,76,22,538,590,660,7,560,610,670,17,20,8250,26400,Implied no,Implied no,85,4403,6295,Professions-focused,Professions-focused Undergraduate/Graduate-Doctorate Large,Research 1: Very High Spending and Doctorate Production,"Lower Access, Medium Earnings",Large
181534,Peru State College,NA,NA,NA,NA,NA,NA,NA,NA,NA,NA,NA,207,2145230,No,NA,NA,6000,6000,NA,NA,NA,22278,22240,Public,NA,NA,595,713,26,261,108,913,1492,23,38,NA,NA,1,57,41,NA,NA,NA,NA,NA,NA,NA,17,33,5880,5880,Implied no,Yes,64,535,645,Professions-focused,Professions-focused Undergraduate/Graduate-Master's Small,No research designation,"Higher Access, Medium Earnings",Small
181783,Wayne State College,NA,NA,NA,NA,NA,NA,NA,NA,NA,NA,NA,690,4496533,No,NA,NA,5940,5940,NA,NA,NA,22577,22565,Public,NA,NA,1625,2277,186,774,198,2867,4666,36,52,NA,NA,6,80,14,NA,NA,NA,NA,NA,NA,NA,19,31,5880,5880,Implied no,Yes,64,1015,1274,Professions-focused,Professions-focused Undergraduate/Graduate-Master's Large/Medium,No research designation,"Higher Access, Medium Earnings",Medium
182005,College of Southern Nevada,NA,NA,NA,NA,NA,NA,NA,NA,NA,NA,NA,2425,13905640,No,20,NA,3713,12379,NA,NA,NA,12900,13665,Public,NA,NA,12165,16148,165,5506,1646,6557,28313,NA,NA,NA,NA,0,99,1,NA,NA,NA,NA,NA,NA,NA,18,15,3713,12379,Implied no,Yes,40,8491,2858,Professions-focused,Professions-focused Associate Large/Medium,No research designation,"Higher Access, Medium Earnings",Very Large
182281,University of Nevada-Las Vegas,18,21,25,18,21,25,16,19,24,65,"Not required for admission, but considered if submitted (Test Optional)",4025,31060521,No,60,22412,8909,26572,0.42,0.12,0.46,19366,19638,Public,96,36,11901,15231,445,4430,2221,6521,32911,26,51,0.38,NA,0,86,13,500,550,610,9,510,570,630,19,NA,8909,26572,Implied no,Yes,73,10324,6577,Mixed,Mixed Undergraduate/Graduate-Doctorate Large,Research 1: Very High Spending and Doctorate Production,"Higher Access, Medium Earnings",Large
182290,University of Nevada-Reno,19,22,26,18,22,26,17,20,25,59,"Not required for admission, but considered if submitted (Test Optional)",3158,23290671,No,NA,23732,8430,26572,0.45,0.18,0.37,25030,25786,Public,74,26,8658,10459,196,3447,1090,9183,23024,42,61,0.38,NA,0,76,23,520,580,640,14,540,600,650,17,NA,8430,26572,Implied no,Yes,62,4113,4303,Mixed,Mixed Undergraduate/Graduate-Doctorate Large,Research 1: Very High Spending and Doctorate Production,"Lower Access, Medium Earnings",Large
182306,Great Basin College,NA,NA,NA,NA,NA,NA,NA,NA,NA,NA,NA,85,520944,No,NA,NA,3758,13718,NA,NA,NA,13265,12947,Public,NA,NA,1173,2147,0,212,90,1736,3320,2,14,NA,NA,0,98,2,NA,NA,NA,NA,NA,NA,NA,18,14,3758,11816,Implied no,Yes,36,626,146,Professions-focused,Professions-focused Associate/Baccalaureate,No research designation,"Higher Access, Lower Earnings",Medium
182500,Truckee Meadows Community College,NA,NA,NA,NA,NA,NA,NA,NA,NA,NA,NA,814,4539002,No,20,NA,2970,11636,NA,NA,NA,15379,15247,Public,NA,NA,4912,5973,59,1975,619,5025,10885,NA,NA,NA,NA,0,98,2,NA,NA,NA,NA,NA,NA,NA,19,11,2970,11636,Implied no,Implied no,30,1639,261,Professions-focused,Professions-focused Associate Large/Medium,No research designation,"Higher Access, Medium Earnings",Medium
182564,Western Nevada College,NA,NA,NA,NA,NA,NA,NA,NA,NA,NA,NA,259,1521407,No,15,NA,3713,12379,NA,NA,NA,20791,20248,Public,NA,NA,2064,2220,0,340,159,2195,4284,NA,NA,NA,NA,0,97,3,NA,NA,NA,NA,NA,NA,NA,15,12,3713,12379,Implied no,Yes,31,733,118,Mixed,Mixed Associate Medium,No research designation,"Higher Access, Medium Earnings",Medium
182670,Dartmouth College,33,34,35,35,35,36,32,34,35,22,"Not required for admission, but considered if submitted (Test Optional)",569,38391162,Yes,85,24021,66123,66123,0.36,0.06,0.58,NA,NA,Private not-for-profit,5,69,2404,2233,726,1182,32,2026,6938,75,96,0.33,NA,14,2,81,760,780,790,51,740,760,780,7,NA,66123,66123,Implied no,Yes,49,638,535,Mixed,Mixed Undergraduate/Graduate-Doctorate Medium,Research 1: Very High Spending and Doctorate Production,"Lower Access, Higher Earnings",Medium
182795,Franklin Pierce University,NA,NA,NA,NA,NA,NA,NA,NA,NA,1,"Not required for admission, but considered if submitted (Test Optional)",266,10116848,No,NA,NA,41836,41836,NA,NA,NA,NA,NA,Private not-for-profit,93,13,521,476,48,292,42,676,1654,50,54,NA,NA,5,25,70,512,590,650,9,545,585,632,13,34,41836,41836,Implied no,Yes,93,310,744,Professions-focused,Professions-focused Undergraduate/Graduate-Doctorate Small,No research designation,"Higher Access, Medium Earnings",Small
182980,New England College,NA,NA,NA,NA,NA,NA,NA,NA,NA,NA,"Not considered for admission, even if submitted (Test Blind)",232,7446078,No,NA,NA,40178,40178,NA,NA,NA,NA,NA,Private not-for-profit,92,9,440,592,47,264,116,615,3275,29,35,NA,NA,2,56,39,NA,NA,NA,NA,NA,NA,NA,8,NA,25714,25714,Implied no,Yes,87,355,705,Professions-focused,Professions-focused Undergraduate/Graduate-Master's Large/Medium,No research designation,"Higher Access, Lower Earnings",Medium
183026,Southern New Hampshire University,NA,NA,NA,NA,NA,NA,NA,NA,NA,NA,"Not considered for admission, even if submitted (Test Blind)",2506,11291229,No,NA,NA,16200,16200,NA,NA,NA,NA,NA,Private not-for-profit,100,38,60627,103796,846,16760,20581,81953,189531,34,44,NA,NA,0,5,95,NA,NA,NA,NA,NA,NA,NA,24,18,16200,16200,Implied no,Yes,51,77824,92934,Professions-focused,Professions-focused Undergraduate/Graduate-Master's Large/Medium,No research designation,"Higher Access, Medium Earnings",Very Large
183044,University of New Hampshire-Main Campus,26,28,30,24,27,32,24,26,27,2,"Not required for admission, but considered if submitted (Test Optional)",2501,35925429,No,65,42845,15520,36170,0.49,0.16,0.35,35502,35537,Public,88,14,5035,6320,102,2605,420,9621,13554,67,76,0.7,NA,1,45,54,540,590,660,23,550,620,670,17,NA,15520,36170,Implied no,Yes,86,2064,6449,Mixed,Mixed Undergraduate/Graduate-Master's Large/Medium,Research 1: Very High Spending and Doctorate Production,"Lower Access, Medium Earnings",Medium
183062,Keene State College,NA,NA,NA,NA,NA,NA,NA,NA,NA,NA,"Not considered for admission, even if submitted (Test Blind)",727,8943831,No,NA,NA,11754,23810,NA,NA,NA,29805,29993,Public,90,15,1323,1402,33,696,117,2257,2848,51,60,NA,NA,1,49,50,NA,NA,NA,NA,NA,NA,NA,17,NA,11754,23810,Implied no,Yes,96,711,1809,Professions-focused,Professions-focused Baccalaureate Small,No research designation,"Lower Access, Medium Earnings",Small
183080,Plymouth State University,NA,NA,NA,NA,NA,NA,NA,NA,NA,NA,"Not considered for admission, even if submitted (Test Blind)",981,10829605,No,50,NA,11870,22810,NA,NA,NA,29601,29644,Public,88,14,1649,1533,52,826,119,2558,3707,45,52,NA,NA,0,50,49,NA,NA,NA,NA,NA,NA,NA,15,NA,11870,22810,Implied no,Yes,94,937,2306,Professions-focused,Professions-focused Undergraduate/Graduate-Doctorate Medium,No research designation,"Lower Access, Medium Earnings",Medium
183211,Rivier University,NA,NA,NA,NA,NA,NA,NA,NA,NA,0,"Not required for admission, but considered if submitted (Test Optional)",274,6829975,No,NA,NA,38078,38078,NA,NA,NA,NA,NA,Private not-for-profit,83,15,343,909,0,223,137,899,2777,45,51,NA,NA,2,47,51,510,520,585,3,545,550,590,14,NA,38078,38078,Implied no,Yes,85,378,931,Special Focus: Nursing,Special Focus: Nursing,No research designation,"Higher Access, Medium Earnings",Small
183239,Saint Anselm College,24,25,30,21,28,34,20,26,28,1,"Not required for admission, but considered if submitted (Test Optional)",573,18166576,No,50,37080,47400,47400,0.37,0.02,0.61,NA,NA,Private not-for-profit,78,16,849,1245,20,568,47,1734,2111,75,80,0.78,NA,1,27,72,540,580,620,19,570,620,658,12,NA,47400,47400,Implied no,Yes,99,233,1406,Mixed,Mixed Baccalaureate,No research designation,"Lower Access, Higher Earnings",Small
183257,University of New Hampshire College of Professional Studies Online,NA,NA,NA,NA,NA,NA,NA,NA,NA,NA,NA,5,27804,No,NA,26911,7536,9096,0.4,0,0.6,16434,15451,Public,NA,NA,333,993,0,62,217,1088,1478,19,23,0.54,NA,0,55,45,NA,NA,NA,NA,NA,NA,NA,10,NA,7536,9096,Implied no,Yes,36,350,364,Professions-focused,Professions-focused Baccalaureate Small,No research designation,"Higher Access, Medium Earnings",Small
183488,Eastwick College-Hackensack,NA,NA,NA,NA,NA,NA,NA,NA,NA,NA,NA,73,271020,No,25,NA,17975,17975,NA,NA,NA,NA,NA,Private for-profit,NA,NA,119,1052,15,165,305,289,1171,NA,NA,NA,NA,0,82,18,NA,NA,NA,NA,NA,NA,NA,36,10,17975,17975,Implied no,Yes,87,617,483,Special Focus: Business,Special Focus: Business,No research designation,"Higher Access, Medium Earnings",Small
183789,Berkeley College-Woodland Park,NA,NA,NA,NA,NA,NA,NA,NA,NA,NA,NA,166,2806890,No,50,NA,27900,27900,NA,NA,NA,NA,NA,Private for-profit,NA,NA,453,1454,7,262,290,113,1996,32,40,NA,NA,0,93,7,NA,NA,NA,NA,NA,NA,NA,14,16,26420,26420,Yes,Yes,87,1134,1295,Professions-focused,Professions-focused Baccalaureate Small,No research designation,"Higher Access, Medium Earnings",Small
183804,Beth Medrash Govoha,NA,NA,NA,NA,NA,NA,NA,NA,NA,NA,NA,NA,NA,Not applicable,175,NA,NA,NA,NA,NA,NA,NA,NA,Private not-for-profit,NA,NA,4027,0,72,0,642,3948,9657,NA,NA,NA,4200,NA,NA,NA,NA,NA,NA,NA,NA,NA,NA,19,NA,25780,25780,Implied no,Yes,100,2631,0,Special Focus: Theological Studies,Special Focus: Theological Studies,No research designation,Not Classified in SAEC,Medium
183910,Caldwell University,NA,NA,NA,NA,NA,NA,NA,NA,NA,0,"Not required for admission, but considered if submitted (Test Optional)",343,11092605,No,NA,NA,38470,38470,NA,NA,NA,NA,NA,Private not-for-profit,71,9,668,949,355,568,63,346,2005,44,57,NA,NA,10,68,12,590,670,740,24,540,590,630,12,26,38470,38470,Implied no,Yes,98,704,928,Professions-focused,Professions-focused Undergraduate/Graduate-Master's Small,No research designation,"Higher Access, Medium Earnings",Small
183974,Centenary University,NA,NA,NA,NA,NA,NA,NA,NA,NA,0,"Not required for admission, but considered if submitted (Test Optional)",177,5242180,No,NA,NA,36636,36636,NA,NA,NA,NA,NA,Private not-for-profit,83,15,369,567,0,182,105,575,1398,45,55,NA,NA,0,78,21,NA,NA,NA,0,NA,NA,NA,12,28,36636,36636,Implied no,Yes,63,363,602,Professions-focused,Professions-focused Undergraduate/Graduate-Master's Small,No research designation,"Higher Access, Medium Earnings",Small
184348,Drew University,24,26,30,21,28,31,19,25,27,2,"Not required for admission, but considered if submitted (Test Optional)",393,14465071,No,40,39024,45950,45950,0.26,0,0.75,NA,NA,Private not-for-profit,68,11,741,885,241,366,62,857,2232,63,70,0.59,NA,5,70,24,533,595,650,23,570,630,688,11,21,45950,45950,Implied no,Yes,90,470,724,Mixed,Mixed Undergraduate/Graduate-Doctorate Small,No research designation,"Lower Access, Medium Earnings",Small
184603,Fairleigh Dickinson University-Metropolitan Campus,NA,NA,NA,NA,NA,NA,NA,NA,NA,0,"Not required for admission, but considered if submitted (Test Optional)",543,18357412,No,50,NA,35944,35944,NA,NA,NA,NA,NA,Private not-for-profit,91,12,2671,3019,348,623,156,2349,8045,41,54,NA,NA,4,81,15,NA,NA,NA,1,NA,NA,NA,14,29,35830,35830,Implied no,Yes,35,1194,1131,Mixed,Mixed Undergraduate/Graduate-Doctorate Medium,No research designation,"Higher Access, Medium Earnings",Medium
184612,Felician University,NA,NA,NA,NA,NA,NA,NA,NA,NA,NA,NA,348,12064451,No,30,NA,36550,36550,NA,NA,NA,NA,NA,Private not-for-profit,NA,NA,565,1305,119,335,285,405,2427,27,47,NA,14740,4,85,10,NA,NA,NA,NA,NA,NA,NA,15,33,36550,36550,Implied no,Yes,84,934,982,Special Focus: Other Health Professions,Special Focus: Other Health Professions,No research designation,"Opportunity Colleges and Universities – Higher Access, Higher Earnings",Small
184694,Fairleigh Dickinson University-Florham Campus,NA,NA,NA,NA,NA,NA,NA,NA,NA,0,"Not required for admission, but considered if submitted (Test Optional)",505,14288242,No,50,NA,35944,35944,NA,NA,NA,NA,NA,Private not-for-profit,95,11,938,1074,12,565,82,949,2885,58,66,NA,NA,0,86,14,NA,NA,NA,1,NA,NA,NA,11,22,36288,36288,Implied no,Yes,94,728,1091,Mixed,Mixed Undergraduate/Graduate-Doctorate Medium,No research designation,"Higher Access, Medium Earnings",Medium
184773,Georgian Court University,NA,NA,NA,NA,NA,NA,NA,NA,NA,0,"Not required for admission, but considered if submitted (Test Optional)",226,6827072,No,NA,NA,35360,35360,NA,NA,NA,NA,NA,Private not-for-profit,79,12,579,1037,43,223,159,1021,2013,23,54,NA,NA,2,78,19,NA,NA,NA,2,NA,NA,NA,11,37,35360,35360,Implied no,Yes,79,490,719,Professions-focused,Professions-focused Undergraduate/Graduate-Master's Small,No research designation,"Higher Access, Medium Earnings",Small
184782,Rowan University,23,26,29,22,24,30,22,25,29,2,"Not required for admission, but considered if submitted (Test Optional)",2367,29394699,No,65,34341,11812,22170,0.57,0.004,0.43,35881,35842,Public,78,23,8095,8005,431,3506,1881,9389,21026,50,67,0.62,NA,4,89,7,550,600,650,27,560,610,660,17,15,11812,22170,Implied no,Yes,78,4915,6448,Mixed,Mixed Undergraduate/Graduate-Doctorate Large,Research 2: High Spending and Doctorate Production,"Higher Access, Medium Earnings",Large
184959,Eastwick College-Ramsey,NA,NA,NA,NA,NA,NA,NA,NA,NA,NA,NA,98,421291,No,25,NA,17957,17957,NA,NA,NA,NA,NA,Private for-profit,NA,NA,149,1054,12,206,317,321,1203,83,83,NA,NA,0,60,40,NA,NA,NA,NA,NA,NA,NA,16,9,17957,17957,Implied no,Yes,100,422,644,Special Focus: Applied and Career Studies,Special Focus: Applied and Career Studies,No research designation,"Opportunity Colleges and Universities – Higher Access, Higher Earnings",Small
185129,New Jersey City University,NA,NA,NA,NA,NA,NA,NA,NA,NA,NA,"Not considered for admission, even if submitted (Test Blind)",460,5327923,No,50,NA,14268,14268,NA,NA,NA,28524,28255,Public,98,10,1709,2162,107,549,458,604,5429,20,34,NA,18116,1,93,5,NA,NA,NA,NA,NA,NA,NA,13,27,14268,14268,Implied no,Yes,76,2209,1193,Professions-focused,Professions-focused Undergraduate/Graduate-Doctorate Medium,No research designation,"Higher Access, Medium Earnings",Medium
185262,Kean University,NA,NA,NA,NA,NA,NA,NA,NA,NA,0,"Not required for admission, but considered if submitted (Test Optional)",1745,26258314,No,75,NA,11859,20006,NA,NA,NA,28002,26949,Public,76,19,4595,7163,709,1975,1466,2809,13905,25,47,NA,18264,6,90,4,470,510,585,1,460,530,565,17,24,11859,20006,Implied no,Implied no,71,5379,4621,Professions-focused,Professions-focused Undergraduate/Graduate-Master's Large/Medium,Research 2: High Spending and Doctorate Production,"Higher Access, Medium Earnings",Medium
185572,Monmouth University,24,26,29,23,26,31,21,25,27,2,"Not required for admission, but considered if submitted (Test Optional)",973,28444071,No,60,NA,45752,45752,NA,NA,NA,NA,NA,Private not-for-profit,89,10,1362,2348,65,828,188,2489,4767,65,72,NA,NA,2,72,26,560,600,650,18,580,620,660,12,23,45752,45752,Implied no,Yes,98,1170,2333,Professions-focused,Professions-focused Undergraduate/Graduate-Doctorate Medium,Research Colleges and Universities,"Lower Access, Medium Earnings",Medium
185590,Montclair State University,NA,NA,NA,NA,NA,NA,NA,NA,NA,0,"Not required for admission, but considered if submitted (Test Optional)",3372,41612330,No,65,NA,14790,24900,NA,NA,NA,28280,28305,Public,88,18,7745,10967,302,4192,1478,5922,23375,46,65,NA,NA,1,95,4,430,520,590,9,480,550,620,18,20,14790,24900,Implied no,Yes,67,8487,7317,Mixed,Mixed Undergraduate/Graduate-Doctorate Large,Research 2: High Spending and Doctorate Production,"Higher Access, Medium Earnings",Large
185828,New Jersey Institute of Technology,27,31,34,25,30,35,27,31,35,4,"Not required for admission, but considered if submitted (Test Optional)",1481,26782672,No,75,32459,16334,34024,0.64,0.04,0.32,33760,32859,Public,65,17,7082,3118,603,1556,716,2898,13247,49,73,0.5,NA,6,87,6,610,680,750,45,600,650,710,17,16,16334,34024,Implied no,Yes,70,3767,2969,"Special Focus: Technology, Engineering, and Sciences","Special Focus: Technology, Engineering, and Sciences",Research 1: Very High Spending and Doctorate Production,"Opportunity Colleges and Universities – Higher Access, Higher Earnings",Medium
186131,Princeton University,34,35,35,35,35,36,32,35,36,21,"Not required for admission, but considered if submitted (Test Optional)",908,62403728,Yes,70,18146,62400,62400,0.15,0.1,0.76,NA,NA,Private not-for-profit,5,75,2895,2918,751,1407,34,1925,9137,75,98,0.09,NA,12,14,74,770,790,800,56,740,760,780,5,NA,62400,62400,Implied no,Yes,63,1091,112,Mixed,Mixed Undergraduate/Graduate-Doctorate Medium,Research 1: Very High Spending and Doctorate Production,"Lower Access, Higher Earnings",Medium
186201,Ramapo College of New Jersey,22,25,30,22,24,27,18,23,30,2,"Not required for admission, but considered if submitted (Test Optional)",706,8881529,No,65,31803,16777,27708,0.59,0,0.41,29230,29483,Public,71,18,2313,3131,40,1126,388,2860,5981,57,70,0.58,NA,1,94,6,550,590,650,25,580,620,650,17,17,16777,27708,Implied no,Implied no,55,1415,1885,Mixed,Mixed Undergraduate/Graduate-Master's Large/Medium,No research designation,"Lower Access, Medium Earnings",Medium
186283,Rider University,27,30,31,26,32,35,24,25,27,2,"Not required for admission, but considered if submitted (Test Optional)",803,23523053,No,60,NA,39700,39700,NA,NA,NA,NA,NA,Private not-for-profit,79,9,1375,1770,140,720,239,1633,4003,54,61,NA,NA,3,73,23,550,590,650,12,550,610,670,14,28,39700,39700,Implied no,Yes,94,1110,1863,Professions-focused,Professions-focused Undergraduate/Graduate-Master's Large/Medium,No research designation,"Higher Access, Medium Earnings",Medium
186371,Rutgers University-Camden,19,22,25,18,23,25,16,19,22,3,"Not required for admission, but considered if submitted (Test Optional)",539,9015361,No,70,29586,14222,33734,0.41,0.05,0.55,35076,35178,Public,66,2,1543,2314,88,531,566,1363,5675,47,67,0.7,NA,5,80,15,510,585,660,23,540,600,640,12,15,14222,33734,Implied no,Yes,88,1869,1844,Professions-focused,Professions-focused Undergraduate/Graduate-Doctorate Medium,Research 2: High Spending and Doctorate Production,"Opportunity Colleges and Universities – Higher Access, Higher Earnings",Medium
186380,Rutgers University-New Brunswick,28,31,33,28,32,35,26,30,33,5,"Not required for admission, but considered if submitted (Test Optional)",3846,64391522,No,70,27536,14222,33734,0.42,0.21,0.37,37013,36993,Public,58,21,18928,19057,2780,8191,2361,11386,52269,69,84,0.45,NA,10,75,13,660,720,770,50,650,690,730,16,8,14222,33734,Implied no,Yes,57,10208,12730,Mixed,Mixed Undergraduate/Graduate-Doctorate Large,Research 1: Very High Spending and Doctorate Production,"Lower Access, Medium Earnings",Very Large
186399,Rutgers University-Newark,NA,NA,NA,NA,NA,NA,NA,NA,NA,NA,"Not considered for admission, even if submitted (Test Blind)",1015,17666191,No,70,25530,14222,33734,0.53,0.12,0.35,35690,35654,Public,71,7,3757,4232,201,1857,722,1618,11315,42,64,0.54,NA,4,92,4,NA,NA,NA,NA,NA,NA,NA,14,18,14222,33734,Implied no,Yes,83,4360,2361,Professions-focused,Professions-focused Undergraduate/Graduate-Doctorate Medium,Research 2: High Spending and Doctorate Production,"Opportunity Colleges and Universities – Higher Access, Higher Earnings",Medium
186432,Saint Peter's University,NA,NA,NA,NA,NA,NA,NA,NA,NA,NA,"Not considered for admission, even if submitted (Test Blind)",449,16471605,No,NA,NA,41152,41152,NA,NA,NA,NA,NA,Private not-for-profit,90,11,920,1343,131,535,325,350,3572,48,58,NA,NA,3,90,7,NA,NA,NA,NA,NA,NA,NA,12,NA,41152,41152,Implied no,Yes,85,1092,600,Mixed,Mixed Undergraduate/Graduate-Doctorate Small,No research designation,"Higher Access, Medium Earnings",Small
186584,Seton Hall University,27,30,32,27,31,34,25,27,30,5,"Not required for admission, but considered if submitted (Test Optional)",1569,54825893,No,65,NA,50380,50380,NA,NA,NA,NA,NA,Private not-for-profit,73,9,2712,3434,104,1601,171,2568,9571,64,69,NA,NA,2,71,27,600,650,690,25,620,660,700,14,23,50380,50380,Implied no,Yes,95,1955,3084,Mixed,Mixed Undergraduate/Graduate-Doctorate Medium,Research 2: High Spending and Doctorate Production,"Opportunity Colleges and Universities – Higher Access, Higher Earnings",Medium
186867,Stevens Institute of Technology,31,33,34,31,33,35,28,31,33,6,"Not required for admission, but considered if submitted (Test Optional)",1008,34168010,No,75,44278,61028,61028,0.55,0.14,0.31,NA,NA,Private not-for-profit,48,21,2802,1434,157,1055,47,1974,8469,71,87,0.6,NA,5,64,30,710,740,770,36,670,700,735,11,3,61028,61028,Implied no,Yes,97,836,2157,"Special Focus: Technology, Engineering, and Sciences","Special Focus: Technology, Engineering, and Sciences",Research 2: High Spending and Doctorate Production,"Lower Access, Higher Earnings",Medium
186876,Stockton University,21,22,25,15,21,24,20,24,25,1,"Not required for admission, but considered if submitted (Test Optional)",1417,19986931,No,50,NA,13606,21864,NA,NA,NA,34795,35139,Public,89,16,3008,4557,87,1453,736,4297,8631,51,69,NA,NA,0,95,4,500,560,610,25,530,580,620,17,19,13606,21864,Implied no,Yes,80,3303,3851,Mixed,Mixed Undergraduate/Graduate-Master's Large/Medium,No research designation,"Higher Access, Medium Earnings",Medium
187046,Thomas Edison State University,NA,NA,NA,NA,NA,NA,NA,NA,NA,NA,NA,NA,NA,No,50,NA,6838,8856,NA,NA,NA,NA,NA,Public,NA,NA,4134,2641,92,0,1772,2895,7544,NA,NA,NA,NA,NA,NA,NA,NA,NA,NA,NA,NA,NA,NA,20,NA,6838,8856,Implied no,Implied no,27,1603,1638,Mixed,Mixed Undergraduate/Graduate-Master's Large/Medium,No research designation,Not Classified in SAEC,Medium
187134,The College of New Jersey,26,28,31,NA,NA,NA,24,27,29,3,"Not required for admission, but considered if submitted (Test Optional)",916,12237865,No,65,39965,15294,21414,0.65,0.003,0.35,38599,38860,Public,62,20,3345,4090,68,1563,334,4302,8141,76,86,0.59,NA,0,95,5,570,620,670,39,570,620,670,14,10,15294,21414,Implied no,Yes,53,1483,3364,Mixed,Mixed Undergraduate/Graduate-Master's Large/Medium,Research Colleges and Universities,"Lower Access, Higher Earnings",Medium
187444,William Paterson University of New Jersey,NA,NA,NA,NA,NA,NA,NA,NA,NA,0,"Not required for admission, but considered if submitted (Test Optional)",752,11309711,No,50,NA,15204,24844,NA,NA,NA,28279,28476,Public,90,13,2573,4074,172,1037,929,1976,9942,26,44,NA,NA,4,92,5,NA,NA,NA,0,NA,NA,NA,18,28,15204,24844,Implied no,Yes,68,3046,2805,Mixed,Mixed Undergraduate/Graduate-Master's Large/Medium,Research Colleges and Universities,"Higher Access, Medium Earnings",Medium
187596,Navajo Technical University,NA,NA,NA,NA,NA,NA,NA,NA,NA,NA,NA,161,1247467,No,NA,NA,3696,3696,NA,NA,NA,13049,13049,Public,NA,NA,665,1013,6,181,163,10,1704,0,18,NA,NA,0,45,55,NA,NA,NA,NA,NA,NA,NA,10,NA,1848,1848,Implied no,Implied no,68,753,0,Professions-focused,Professions-focused Associate/Baccalaureate,No research designation,"Higher Access, Medium Earnings",Small
187648,Eastern New Mexico University-Main Campus,17,20,23,15,19,22,16,18,23,14,"Not required for admission, but considered if submitted (Test Optional)",471,5537573,No,NA,NA,4194,6174,NA,NA,NA,18873,18940,Public,92,37,1630,2609,106,585,521,1461,5725,25,39,NA,NA,3,71,25,400,460,520,51,430,480,540,18,25,4194,6174,Implied no,Yes,63,1454,770,Mixed,Mixed Undergraduate/Graduate-Master's Large/Medium,No research designation,"Higher Access, Medium Earnings",Medium
187897,New Mexico Highlands University,NA,NA,NA,NA,NA,NA,NA,NA,NA,NA,NA,202,1963858,No,0,NA,4888,9808,NA,NA,NA,20960,20868,Public,NA,NA,600,1003,43,227,219,265,2704,4,27,NA,NA,4,70,23,NA,NA,NA,NA,NA,NA,NA,10,25,4888,9808,Implied no,Yes,78,771,301,Professions-focused,Professions-focused Undergraduate/Graduate-Master's Small,Research Colleges and Universities,"Higher Access, Medium Earnings",Small
187967,New Mexico Institute of Mining and Technology,20,25,29,20,22,26,20,25,27,14,Required to be considered for admission,219,2929402,No,15,15889,7894,25665,0.31,0.03,0.66,25038,24967,Public,44,27,732,334,32,186,24,503,1622,32,57,0.43,NA,2,90,0,530,595,650,84,550,610,660,9,30,7894,25665,Implied no,Yes,82,359,380,"Special Focus: Technology, Engineering, and Sciences","Special Focus: Technology, Engineering, and Sciences",Research Colleges and Universities,"Lower Access, Higher Earnings",Small
187985,University of New Mexico-Main Campus,19,23,26,17,22,26,17,21,25,8,"Not required for admission, but considered if submitted (Test Optional)",3539,46504211,No,25,NA,8502,31422,NA,NA,NA,21864,21259,Public,95,31,7468,9982,439,3527,1212,4833,23124,37,54,NA,12026,2,83,15,430,500,570,48,460,520,600,15,NA,8502,31422,Implied no,Implied no,87,6523,7424,Mixed,Mixed Undergraduate/Graduate-Doctorate Large,Research 1: Very High Spending and Doctorate Production,"Higher Access, Medium Earnings",Large
188030,New Mexico State University-Main Campus,17,20,24,15,19,24,16,18,23,18,"Not required for admission, but considered if submitted (Test Optional)",2269,32719344,No,25,NA,6283,23407,NA,NA,NA,23441,23274,Public,89,21,5250,7257,316,2404,662,3052,15408,34,55,NA,NA,2,75,23,420,490,540,68,450,510,570,16,NA,6283,23407,Implied no,Yes,77,4661,2414,Mixed,Mixed Undergraduate/Graduate-Doctorate Medium,Research 1: Very High Spending and Doctorate Production,"Higher Access, Medium Earnings",Medium
188058,Northern New Mexico College,NA,NA,NA,NA,NA,NA,NA,NA,NA,NA,NA,81,828526,No,NA,NA,6400,14328,NA,NA,NA,19122,19702,Public,NA,NA,620,805,10,164,112,181,1425,6,31,NA,NA,1,96,1,NA,NA,NA,NA,NA,NA,NA,10,20,5064,14328,Implied no,Yes,58,418,45,Professions-focused,Professions-focused Associate/Baccalaureate,No research designation,"Opportunity Colleges and Universities – Higher Access, Higher Earnings",Small
188182,University of the Southwest,NA,NA,NA,NA,NA,NA,NA,NA,NA,NA,NA,88,918368,No,NA,NA,16470,16470,NA,NA,NA,NA,NA,Private not-for-profit,NA,NA,182,164,0,89,59,56,1130,13,17,NA,NA,0,37,61,NA,NA,NA,NA,NA,NA,NA,21,NA,16470,16470,Implied no,Yes,93,186,216,Professions-focused,Professions-focused Undergraduate/Graduate-Master's Small,No research designation,"Higher Access, Medium Earnings",Small
188304,Western New Mexico University,NA,NA,NA,NA,NA,NA,NA,NA,NA,NA,NA,264,3343896,No,30,NA,4914,11400,NA,NA,NA,21312,21562,Public,NA,NA,934,1695,79,365,229,637,3531,15,26,NA,NA,4,76,20,NA,NA,NA,NA,NA,NA,NA,12,26,4914,11400,Implied no,Yes,68,1129,560,Professions-focused,Professions-focused Undergraduate/Graduate-Master's Small,No research designation,"Higher Access, Medium Earnings",Small
188340,Vaughn College of Aeronautics and Technology,NA,NA,NA,NA,NA,NA,NA,NA,NA,NA,NA,158,1201483,No,40,NA,28910,28910,NA,NA,NA,NA,NA,Private not-for-profit,NA,NA,1185,207,22,303,166,174,1405,20,36,NA,NA,0,91,9,NA,NA,NA,NA,NA,NA,NA,16,16,28910,28910,Implied no,Yes,69,597,559,Special Focus: Applied and Career Studies,Special Focus: Applied and Career Studies,No research designation,"Opportunity Colleges and Universities – Higher Access, Higher Earnings",Small
188429,Adelphi University,24,27,30,23,27,33,22,25,27,2,"Not required for admission, but considered if submitted (Test Optional)",1301,41600358,No,50,NA,47270,47270,NA,NA,NA,NA,NA,Private not-for-profit,66,10,1778,3547,248,1343,262,2193,7603,57,67,NA,20028,3,90,6,550,600,680,14,570,610,660,12,25,46784,46784,Implied no,Yes,92,1590,3005,Professions-focused,Professions-focused Undergraduate/Graduate-Doctorate Medium,No research designation,"Lower Access, Higher Earnings",Medium
188641,Alfred University,24,28,29,21,26,31,23,26,27,45,"Not required for admission, but considered if submitted (Test Optional)",433,13432717,No,NA,NA,40180,40180,NA,NA,NA,NA,NA,Private not-for-profit,74,10,684,758,128,365,56,917,2007,44,57,NA,NA,6,65,29,540,590,650,26,555,620,660,9,NA,36818,36818,Implied no,Yes,99,548,912,Mixed,Mixed Undergraduate/Graduate-Master's Small,Research Colleges and Universities,"Higher Access, Medium Earnings",Small
188854,American Musical and Dramatic Academy,NA,NA,NA,NA,NA,NA,NA,NA,NA,NA,"Not considered for admission, even if submitted (Test Blind)",387,6639328,No,NA,NA,46628,46628,NA,NA,NA,NA,NA,Private not-for-profit,24,27,403,1035,172,478,147,431,1452,47,52,NA,NA,14,6,80,NA,NA,NA,NA,NA,NA,NA,5,NA,46628,46628,Implied no,Yes,90,492,884,"Special Focus: Arts, Music, and Design","Special Focus: Arts, Music, and Design",No research designation,"Higher Access, Lower Earnings",Small
189088,Bard College,28,30,32,30,33,35,23,27,29,9,"Not required for admission, but considered if submitted (Test Optional)",298,16460094,No,NA,29380,65614,65614,0.13,0,0.86,NA,NA,Private not-for-profit,52,13,1047,1391,356,499,77,1086,2911,54,68,0.56,18852,8,30,60,620,670,700,13,650,710,750,9,NA,65614,65614,Implied no,Yes,57,409,777,Special Focus: Arts and Sciences,Special Focus: Arts and Sciences,No research designation,"Higher Access, Lower Earnings",Small
189097,Barnard College,32,34,34,33,35,35,29,32,34,15,"Not required for admission, but considered if submitted (Test Optional)",230,14520053,No,75,29277,67602,67602,0.25,0.08,0.67,NA,NA,Private not-for-profit,9,69,87,3400,513,718,147,1066,3487,81,93,0.34,NA,14,20,62,740,770,790,35,730,750,770,10,4,67602,67602,Implied no,Yes,33,544,881,Special Focus: Arts and Sciences,Special Focus: Arts and Sciences,Research Colleges and Universities,"Lower Access, Higher Earnings",Small
189228,Berkeley College-New York,NA,NA,NA,NA,NA,NA,NA,NA,NA,NA,NA,57,556355,No,50,NA,27900,27900,NA,NA,NA,NA,NA,Private for-profit,NA,NA,553,1178,151,121,248,32,2156,37,44,NA,NA,12,85,2,NA,NA,NA,NA,NA,NA,NA,21,21,26629,26629,Yes,Yes,76,918,1000,Professions-focused,Professions-focused Baccalaureate Small,No research designation,"Higher Access, Medium Earnings",Small
189583,Bryant & Stratton College-Buffalo,NA,NA,NA,NA,NA,NA,NA,NA,NA,NA,NA,79,903774,No,NA,NA,18745,18745,NA,NA,NA,NA,NA,Private not-for-profit,NA,NA,511,1575,2,102,151,516,2086,NA,NA,NA,NA,0,96,4,NA,NA,NA,NA,NA,NA,NA,23,8,18084,18084,Implied no,Yes,96,520,517,Professions-focused,Professions-focused Associate/Baccalaureate,No research designation,"Higher Access, Medium Earnings",Small
189705,Canisius University,NA,NA,NA,NA,NA,NA,NA,NA,NA,NA,"Not considered for admission, even if submitted (Test Blind)",422,10538245,No,NA,NA,32200,32200,NA,NA,NA,NA,NA,Private not-for-profit,72,13,851,873,119,397,88,1075,2451,59,66,NA,NA,8,77,15,NA,NA,NA,NA,NA,NA,NA,11,23,32200,32200,Implied no,Yes,97,579,958,Professions-focused,Professions-focused Undergraduate/Graduate-Master's Small,No research designation,"Lower Access, Medium Earnings",Small
190044,Clarkson University,25,28,32,23,25,30,25,28,32,11,"Not required for admission, but considered if submitted (Test Optional)",565,26288266,No,50,27000,58058,58058,0.4,0.13,0.48,NA,NA,Private not-for-profit,77,9,1602,694,139,489,58,1665,3348,62,75,0.77,NA,6,67,25,610,660,700,51,590,640,690,13,18,58058,58058,Implied no,Yes,97,533,1555,"Special Focus: Technology, Engineering, and Sciences","Special Focus: Technology, Engineering, and Sciences",Research 2: High Spending and Doctorate Production,"Lower Access, Higher Earnings",Medium
190099,Colgate University,33,34,34,34,35,35,30,32,34,14,"Not required for admission, but considered if submitted (Test Optional)",344,20066849,Yes,60,30184,69886,69886,0.28,0.01,0.71,NA,NA,Private not-for-profit,14,29,1377,1816,257,825,19,2052,3211,85,91,0.21,NA,9,25,66,720,760,780,22,710,740,760,9,7,69886,69886,Implied no,Yes,47,392,384,Special Focus: Arts and Sciences,Special Focus: Arts and Sciences,Research Colleges and Universities,"Lower Access, Higher Earnings",Small
190150,Columbia University in the City of New York,34,35,35,32,35,36,35,35,36,18,"Not required for admission, but considered if submitted (Test Optional)",782,52401694,No,85,36069,68000,68000,0.29,0.14,0.58,NA,NA,Private not-for-profit,4,65,4605,4559,1879,1558,710,2576,35173,81,96,0.16,NA,20,16,63,770,790,800,45,740,760,780,6,0,66722,66722,Implied no,Yes,55,2069,1249,Mixed,Mixed Undergraduate/Graduate-Doctorate Large,Research 1: Very High Spending and Doctorate Production,"Lower Access, Higher Earnings",Large
190415,Cornell University,33,34,35,35,35,36,33,35,35,13,"Not required for admission, but considered if submitted (Test Optional)",1711,105703776,No,80,29441,68380,68380,0.27,0.2,0.53,NA,NA,Private not-for-profit,9,64,7333,8795,1656,3525,503,4960,26793,87,95,0.31,NA,10,32,55,770,790,800,40,730,750,770,9,NA,68380,68380,Implied no,Yes,50,2959,2862,Mixed,Mixed Undergraduate/Graduate-Doctorate Large,Research 1: Very High Spending and Doctorate Production,"Lower Access, Higher Earnings",Large
190503,Culinary Institute of America,17,20,23,14,19,23,16,19,23,5,"Not required for admission, but considered if submitted (Test Optional)",673,13022411,No,50,46938,36900,36900,0.37,0.04,0.6,NA,NA,Private not-for-profit,91,31,1497,1514,233,638,411,1382,3147,50,53,0.6,NA,5,15,79,450,520,583,10,478,545,600,18,12,36900,36900,Implied no,Yes,91,865,1591,Special Focus: Applied and Career Studies,Special Focus: Applied and Career Studies,No research designation,"Higher Access, Medium Earnings",Small
190512,CUNY Bernard M Baruch College,NA,NA,NA,NA,NA,NA,NA,NA,NA,0,"Not required for admission, but considered if submitted (Test Optional)",2305,23311766,No,65,3810,6930,14880,0.61,0.17,0.22,14524,14170,Public,48,19,8226,8270,1031,2532,1641,3021,20081,55,72,0.13,NA,4,81,0,550,650,710,12,550,630,690,19,15,6930,14880,Implied no,Yes,70,9150,1791,Special Focus: Business,Special Focus: Business,Research Colleges and Universities,"Opportunity Colleges and Universities – Higher Access, Higher Earnings",Large
190549,CUNY Brooklyn College,NA,NA,NA,NA,NA,NA,NA,NA,NA,0,"Not required for admission, but considered if submitted (Test Optional)",1361,12905574,No,65,NA,6930,14880,NA,NA,NA,14086,14151,Public,58,10,5203,6359,330,1782,1145,2878,14390,34,54,NA,NA,3,88,0,490,580,680,9,460,560,660,13,24,6930,14880,Implied no,Yes,71,6459,760,Mixed,Mixed Undergraduate/Graduate-Master's Large/Medium,Research Colleges and Universities,"Higher Access, Medium Earnings",Medium
190558,College of Staten Island CUNY,NA,NA,NA,NA,NA,NA,NA,NA,NA,0,"Not required for admission, but considered if submitted (Test Optional)",1738,14818333,No,65,NA,6930,14880,NA,NA,NA,14991,14795,Public,92,17,4896,5155,203,2196,593,4089,11033,27,46,NA,NA,2,90,0,430,510,630,7,460,530,620,17,27,6930,14880,Implied no,Yes,66,4852,1022,Mixed,Mixed Undergraduate/Graduate-Master's Large/Medium,Research Colleges and Universities,"Higher Access, Lower Earnings",Medium
190567,CUNY City College,NA,NA,NA,NA,NA,NA,NA,NA,NA,0,"Not required for admission, but considered if submitted (Test Optional)",2263,22092825,No,65,NA,6930,14880,NA,NA,NA,14470,14403,Public,60,12,6308,6674,569,2543,938,1653,15544,29,57,NA,NA,4,83,0,530,640,730,11,540,620,700,15,25,6930,14880,Implied no,Yes,75,7480,1374,Mixed,Mixed Undergraduate/Graduate-Doctorate Medium,Research 2: High Spending and Doctorate Production,"Higher Access, Medium Earnings",Medium
190576,CUNY Graduate School and University Center,NA,NA,NA,NA,NA,NA,NA,NA,NA,NA,"Not considered for admission, even if submitted (Test Blind)",NA,NA,No,65,NA,6930,14880,NA,NA,NA,NA,NA,Public,68,12,996,2490,62,12,1172,655,9536,NA,NA,NA,NA,0,92,8,NA,NA,NA,NA,NA,NA,NA,13,NA,6930,14880,Implied no,Yes,57,1245,461,Professions-focused,Professions-focused Undergraduate/Graduate-Doctorate Medium,Research 1: Very High Spending and Doctorate Production,Not Classified in SAEC,Medium
190594,CUNY Hunter College,NA,NA,NA,NA,NA,NA,NA,NA,NA,0,"Not required for admission, but considered if submitted (Test Optional)",2728,26611575,No,65,12907,6930,14880,0.51,0.08,0.42,14239,13905,Public,54,17,5863,11164,752,2897,1149,3348,22538,38,57,0.09,NA,5,82,0,550,640,720,11,550,640,700,14,27,6930,14880,Implied no,Yes,70,9709,1169,Mixed,Mixed Undergraduate/Graduate-Doctorate Large,Research 2: High Spending and Doctorate Production,"Higher Access, Medium Earnings",Large
190600,CUNY John Jay College of Criminal Justice,NA,NA,NA,NA,NA,NA,NA,NA,NA,0,"Not required for admission, but considered if submitted (Test Optional)",1765,17590077,No,65,NA,6930,14880,NA,NA,NA,14201,14212,Public,57,19,4318,7624,411,2128,1363,1699,13763,41,56,NA,NA,4,89,0,450,530,600,8,480,550,620,16,20,6930,14880,Implied no,Yes,73,6982,950,Professions-focused,Professions-focused Undergraduate/Graduate-Master's Large/Medium,Research Colleges and Universities,"Higher Access, Medium Earnings",Medium
190637,CUNY Lehman College,NA,NA,NA,NA,NA,NA,NA,NA,NA,0,"Not required for admission, but considered if submitted (Test Optional)",1277,12963166,No,65,NA,6930,14880,NA,NA,NA,14136,14121,Public,57,12,4044,7573,351,1545,1523,873,13324,32,51,NA,NA,4,84,0,410,470,560,4,440,500,590,15,21,6930,14880,Implied no,Yes,73,6727,1308,Professions-focused,Professions-focused Undergraduate/Graduate-Master's Large/Medium,Research Colleges and Universities,"Opportunity Colleges and Universities – Higher Access, Higher Earnings",Medium
190646,CUNY Medgar Evers College,NA,NA,NA,NA,NA,NA,NA,NA,NA,0,"Not required for admission, but considered if submitted (Test Optional)",643,5413332,No,65,NA,6930,14880,NA,NA,NA,14715,14771,Public,86,6,1050,2686,81,586,333,67,3736,8,20,NA,NA,4,92,0,410,440,500,3,440,480,520,13,28,6930,14880,Implied no,Yes,67,2165,402,Special Focus: Arts and Sciences,Special Focus: Arts and Sciences,No research designation,"Higher Access, Medium Earnings",Medium
190655,CUNY New York City College of Technology,NA,NA,NA,NA,NA,NA,NA,NA,NA,0,"Not required for admission, but considered if submitted (Test Optional)",2698,22140625,No,65,NA,6930,14880,NA,NA,NA,14067,14110,Public,80,18,7665,6821,617,3585,1224,1501,14486,7,21,NA,NA,4,88,0,440,500,570,5,460,510,570,16,33,6930,14880,Implied no,Yes,66,7580,719,Professions-focused,Professions-focused Baccalaureate Medium,Research Colleges and Universities,"Higher Access, Medium Earnings",Medium
190664,CUNY Queens College,NA,NA,NA,NA,NA,NA,NA,NA,NA,0,"Not required for admission, but considered if submitted (Test Optional)",1617,14644934,No,65,NA,6930,14880,NA,NA,NA,14783,14367,Public,64,12,6563,6901,834,1751,1153,2485,15965,33,53,NA,NA,9,74,0,510,560,640,7,500,560,650,13,22,6930,14880,Implied no,Yes,62,6602,1169,Mixed,Mixed Undergraduate/Graduate-Master's Large/Medium,Research Colleges and Universities,"Higher Access, Medium Earnings",Large
190691,CUNY York College,NA,NA,NA,NA,NA,NA,NA,NA,NA,0,"Not required for admission, but considered if submitted (Test Optional)",553,5062107,No,65,NA,6930,14880,NA,NA,NA,14288,14330,Public,64,8,2230,3687,202,766,544,194,6174,15,32,NA,NA,5,93,0,380,420,480,4,410,460,480,13,39,6930,14880,Implied no,Yes,50,2364,368,Professions-focused,Professions-focused Baccalaureate Medium,No research designation,"Higher Access, Medium Earnings",Medium
190716,D'Youville  University,NA,NA,NA,NA,NA,NA,NA,NA,NA,0,"Not required for admission, but considered if submitted (Test Optional)",241,6368484,No,NA,NA,33600,33600,NA,NA,NA,NA,NA,Private not-for-profit,81,11,341,917,90,252,103,629,2556,36,67,NA,13200,12,71,12,485,560,610,12,510,570,610,14,21,33600,33600,Implied no,Yes,100,509,847,Special Focus: Other Health Professions,Special Focus: Other Health Professions,No research designation,"Lower Access, Higher Earnings",Small
190725,Daemen University,NA,NA,NA,NA,NA,NA,NA,NA,NA,NA,"Not considered for admission, even if submitted (Test Blind)",374,9688337,No,25,NA,34508,34508,NA,NA,NA,NA,NA,Private not-for-profit,68,11,439,1214,33,292,295,1221,2540,47,59,NA,14230,3,90,7,NA,NA,NA,NA,NA,NA,NA,12,NA,34508,34508,Yes,Yes,95,834,1142,Professions-focused,Professions-focused Undergraduate/Graduate-Doctorate Small,No research designation,"Lower Access, Medium Earnings",Small
190761,Dominican University New York,NA,NA,NA,NA,NA,NA,NA,NA,NA,NA,"Not considered for admission, even if submitted (Test Blind)",298,4110542,No,40,NA,33120,33120,NA,NA,NA,NA,NA,Private not-for-profit,63,19,411,704,47,289,91,272,1396,35,52,NA,NA,3,76,20,NA,NA,NA,NA,NA,NA,NA,13,NA,33120,33120,Implied no,Yes,95,527,834,Professions-focused,Professions-focused Undergraduate/Graduate-Doctorate Small,No research designation,"Opportunity Colleges and Universities – Higher Access, Higher Earnings",Small
191126,Fashion Institute of Technology,NA,NA,NA,NA,NA,NA,NA,NA,NA,NA,"Not considered for admission, even if submitted (Test Blind)",553,4592184,No,50,25112,5290,15870,0.69,0,0.31,25296,26838,Public,60,56,1457,6467,956,1335,659,2947,8206,NA,NA,0.38,NA,10,53,36,NA,NA,NA,NA,NA,NA,NA,16,8,7170,21692,Implied no,Yes,46,2509,2335,Professions-focused,Professions-focused Associate/Baccalaureate,No research designation,"Opportunity Colleges and Universities – Higher Access, Higher Earnings",Medium
191241,Fordham University,30,32,33,32,34,35,27,29,32,6,"Not required for admission, but considered if submitted (Test Optional)",2297,82664870,No,75,34347,62990,62990,0.51,0.003,0.49,NA,NA,Private not-for-profit,59,10,4131,6451,817,2492,321,4637,16150,76,82,0.52,24090,8,38,51,660,710,750,18,660,700,730,14,10,62990,62990,Implied no,Yes,87,2208,4887,Mixed,Mixed Undergraduate/Graduate-Doctorate Medium,Research 2: High Spending and Doctorate Production,"Lower Access, Higher Earnings",Medium
191515,Hamilton College,33,34,35,NA,NA,NA,NA,NA,NA,16,"Not required for admission, but considered if submitted (Test Optional)",258,14321931,Yes,65,21012,68280,68280,0.27,0.002,0.73,NA,NA,Private not-for-profit,14,39,902,1129,168,453,10,1263,2031,80,91,0.43,NA,9,29,62,730,760,780,34,720,740,770,9,6,68280,68280,Implied no,Yes,53,363,599,Special Focus: Arts and Sciences,Special Focus: Arts and Sciences,Research Colleges and Universities,"Lower Access, Higher Earnings",Small
191533,Hartwick College,NA,NA,NA,NA,NA,NA,NA,NA,NA,0,"Not required for admission, but considered if submitted (Test Optional)",360,13164967,No,NA,NA,53832,53832,NA,NA,NA,NA,NA,Private not-for-profit,70,10,419,678,48,314,33,661,1097,42,53,NA,NA,7,76,16,530,590,620,5,540,610,670,10,34,53832,53832,Implied no,Implied no,99,396,898,Mixed,Mixed Baccalaureate,No research designation,"Higher Access, Medium Earnings",Small
191630,Hobart William Smith Colleges,28,30,32,28,31,33,25,27,30,7,"Not required for admission, but considered if submitted (Test Optional)",462,22375681,No,NA,31113,63404,63404,0.33,0,0.67,NA,NA,Private not-for-profit,64,15,834,960,107,553,99,1181,1841,60,77,0.72,NA,3,39,58,580,640,685,22,610,660,700,11,14,63404,63404,Implied no,Yes,97,406,1192,Special Focus: Arts and Sciences,Special Focus: Arts and Sciences,Research Colleges and Universities,"Lower Access, Higher Earnings",Small
191649,Hofstra University,28,30,32,26,30,34,26,27,30,4,"Not required for admission, but considered if submitted (Test Optional)",1569,55010192,No,70,41167,56545,56545,0.5,0.03,0.48,NA,NA,Private not-for-profit,68,10,2812,3769,255,1754,240,2852,10685,59,69,0.57,NA,2,64,34,610,650,700,25,620,660,700,13,23,56545,56545,Yes,Yes,94,1573,2760,Professions-focused,Professions-focused Undergraduate/Graduate-Doctorate Medium,Research 2: High Spending and Doctorate Production,"Lower Access, Higher Earnings",Medium
191676,Houghton University,26,29,31,28,32,33,26,26,29,3,"Not required for admission, but considered if submitted (Test Optional)",234,2316980,No,NA,NA,17800,17800,NA,NA,NA,NA,NA,Private not-for-profit,89,23,480,682,53,214,31,658,1200,55,67,NA,NA,8,59,33,570,640,680,24,600,635,695,12,NA,17800,17800,Implied no,Yes,85,281,471,Special Focus: Arts and Sciences,Special Focus: Arts and Sciences,No research designation,"Lower Access, Lower Earnings",Small
191931,Iona University,24,27,29,NA,NA,NA,NA,NA,NA,2,"Not required for admission, but considered if submitted (Test Optional)",800,24623943,No,NA,NA,45060,45060,NA,NA,NA,NA,NA,Private not-for-profit,87,13,1547,1835,84,952,107,1681,3958,50,56,NA,18820,2,79,20,540,590,650,7,570,610,650,16,NA,45060,45060,Implied no,Yes,86,886,1371,Professions-focused,Professions-focused Undergraduate/Graduate-Master's Large/Medium,No research designation,"Higher Access, Medium Earnings",Medium
191968,Ithaca College,27,28,30,25,29,33,23,26,27,5,"Not required for admission, but considered if submitted (Test Optional)",1194,39939195,No,60,41143,53540,53540,0.33,0.03,0.64,NA,NA,Private not-for-profit,69,12,1949,2319,136,1050,78,3030,4767,66,76,0.66,NA,2,43,55,600,640,680,20,630,670,710,10,NA,52616,52616,Implied no,Yes,97,832,2818,Professions-focused,Professions-focused Undergraduate/Graduate-Master's Large/Medium,No research designation,"Lower Access, Medium Earnings",Medium
192110,The Juilliard School,NA,NA,NA,NA,NA,NA,NA,NA,NA,NA,"Not considered for admission, even if submitted (Test Blind)",91,3530200,No,110,NA,54400,54400,NA,NA,NA,NA,NA,Private not-for-profit,9,63,346,296,179,120,16,179,1073,85,91,NA,22410,33,8,58,NA,NA,NA,NA,NA,NA,NA,4,2,54400,54400,Implied no,Yes,71,86,131,"Special Focus: Arts, Music, and Design","Special Focus: Arts, Music, and Design",No research designation,"Lower Access, Lower Earnings",Small
192192,Keuka College,NA,NA,NA,NA,NA,NA,NA,NA,NA,0,"Not required for admission, but considered if submitted (Test Optional)",214,6449444,No,NA,NA,37780,37780,NA,NA,NA,NA,NA,Private not-for-profit,68,14,236,732,4,286,91,754,1366,52,58,NA,NA,0,93,7,NA,NA,NA,1,NA,NA,NA,10,NA,37780,37780,Implied no,Yes,100,460,693,Professions-focused,Professions-focused Undergraduate/Graduate-Master's Small,No research designation,"Lower Access, Medium Earnings",Small
192271,LIM College,19,20,25,16,22,25,17,20,22,7,"Not required for admission, but considered if submitted (Test Optional)",255,3298354,No,40,NA,32644,32644,NA,NA,NA,NA,NA,Private for-profit,96,19,135,1053,97,226,132,437,1467,41,49,NA,NA,9,23,68,460,500,558,19,500,530,580,20,NA,32644,32644,Implied no,Yes,95,431,708,Special Focus: Business,Special Focus: Business,No research designation,"Opportunity Colleges and Universities – Higher Access, Higher Earnings",Small
192323,Le Moyne College,25,29,30,24,26,30,26,27,29,2,"Not required for admission, but considered if submitted (Test Optional)",603,17890165,No,NA,32414,39090,39090,0.48,0.01,0.51,NA,NA,Private not-for-profit,83,11,1016,1513,76,619,164,1815,3091,65,73,0.86,NA,2,87,11,580,615,660,16,580,630,670,12,NA,39090,39090,Implied no,Yes,89,795,1635,Mixed,Mixed Undergraduate/Graduate-Master's Small,No research designation,"Lower Access, Medium Earnings",Small
192448,Long Island University,21,26,30,20,25,30,18,24,26,4,"Not required for admission, but considered if submitted (Test Optional)",1077,32994148,No,50,NA,40248,40248,NA,NA,NA,NA,NA,Private not-for-profit,86,8,5043,7029,249,1426,529,5521,16689,44,55,NA,NA,5,75,20,550,600,680,24,560,620,670,15,30,40248,40248,Implied no,Yes,40,2015,3396,Special Focus: Other Health Professions,Special Focus: Other Health Professions,Research 2: High Spending and Doctorate Production,"Opportunity Colleges and Universities – Higher Access, Higher Earnings",Medium
192703,Manhattan College,25,26,29,23,25,28,23,25,28,2,"Not required for admission, but considered if submitted (Test Optional)",726,24740349,No,75,NA,48400,48400,NA,NA,NA,NA,NA,Private not-for-profit,79,8,1641,1103,99,626,106,1127,3225,51,64,NA,18800,3,76,21,600,635,678,9,580,640,680,15,22,48400,48400,Implied no,Yes,93,1054,454,Mixed,Mixed Undergraduate/Graduate-Master's Small,No research designation,"Opportunity Colleges and Universities – Higher Access, Higher Earnings",Small
192712,Manhattan School of Music,NA,NA,NA,NA,NA,NA,NA,NA,NA,NA,"Not considered for admission, even if submitted (Test Blind)",123,3198154,No,125,NA,55750,55750,NA,NA,NA,NA,NA,Private not-for-profit,41,25,270,282,186,144,9,200,1084,67,78,NA,NA,36,13,48,NA,NA,NA,NA,NA,NA,NA,6,5,55750,55750,Implied no,Yes,84,65,180,"Special Focus: Arts, Music, and Design","Special Focus: Arts, Music, and Design",No research designation,"Lower Access, Lower Earnings",Small
192749,Manhattanville College,NA,NA,NA,NA,NA,NA,NA,NA,NA,NA,"Not considered for admission, even if submitted (Test Blind)",331,10528822,No,75,NA,42484,42484,NA,NA,NA,NA,NA,Private not-for-profit,87,11,578,888,33,337,157,773,2512,51,58,NA,NA,2,78,20,NA,NA,NA,NA,NA,NA,NA,12,31,42484,42484,Implied no,Yes,93,467,1044,Mixed,Mixed Undergraduate/Graduate-Master's Small,No research designation,"Higher Access, Medium Earnings",Small
192819,Marist College,25,29,31,25,29,34,24,25,26,3,"Not required for admission, but considered if submitted (Test Optional)",1230,30832333,No,50,37846,46920,46920,0.49,0,0.51,NA,NA,Private not-for-profit,57,20,2333,3218,109,1267,122,3726,6356,70,80,0.6,NA,3,45,52,590,630,660,10,600,650,680,15,16,46920,46920,Implied no,Yes,83,801,2564,Mixed,Mixed Undergraduate/Graduate-Master's Large/Medium,No research designation,"Lower Access, Higher Earnings",Medium
192864,Marymount Manhattan College,24,26,27,24,28,30,21,24,27,5,"Not required for admission, but considered if submitted (Test Optional)",492,13455249,No,60,NA,39936,39936,NA,NA,NA,NA,NA,Private not-for-profit,83,6,280,1321,45,418,62,680,1601,40,49,NA,NA,0,25,68,520,570,650,14,585,630,673,7,30,39936,39936,Implied no,Yes,88,468,1172,Special Focus: Arts and Sciences,Special Focus: Arts and Sciences,No research designation,"Higher Access, Medium Earnings",Small
193016,Mercy University,NA,NA,NA,NA,NA,NA,NA,NA,NA,NA,"Not considered for admission, even if submitted (Test Blind)",1138,20101981,No,40,NA,21980,21980,NA,NA,NA,NA,NA,Private not-for-profit,86,14,2246,4528,162,1064,614,1107,8991,32,45,NA,NA,3,91,6,NA,NA,NA,NA,NA,NA,NA,16,27,21980,21980,Implied no,Yes,71,3244,2952,Professions-focused,Professions-focused Undergraduate/Graduate-Doctorate Medium,No research designation,"Higher Access, Medium Earnings",Medium
193292,Molloy College,22,25,28,NA,NA,NA,NA,NA,NA,4,"Not required for admission, but considered if submitted (Test Optional)",600,15753117,No,45,NA,38100,38100,NA,NA,NA,NA,NA,Private not-for-profit,82,12,876,2364,34,621,267,1308,5005,47,70,NA,NA,1,90,9,548,590,650,17,540,590,640,12,NA,38100,38100,Implied no,Yes,83,1097,2107,Special Focus: Other Health Professions,Special Focus: Other Health Professions,No research designation,"Opportunity Colleges and Universities – Higher Access, Higher Earnings",Medium
193308,Monroe College,NA,NA,NA,NA,NA,NA,NA,NA,NA,NA,"Not considered for admission, even if submitted (Test Blind)",1042,16203292,No,35,NA,16344,16344,NA,NA,NA,NA,NA,Private for-profit,68,43,2036,4169,643,1180,580,244,8141,56,60,NA,NA,11,81,8,NA,NA,NA,NA,NA,NA,NA,17,11,16344,16344,Implied no,Yes,74,3525,2836,Professions-focused,Professions-focused Undergraduate/Graduate-Master's Large/Medium,No research designation,"Higher Access, Medium Earnings",Medium
193353,Mount Saint Mary College,19,23,28,16,22,30,18,19,24,6,"Not required for admission, but considered if submitted (Test Optional)",181,5130393,No,NA,NA,41820,41820,NA,NA,NA,NA,NA,Private not-for-profit,89,7,798,1343,22,201,134,1174,2491,48,65,NA,NA,0,86,14,NA,NA,NA,2,NA,NA,NA,12,NA,41820,41820,Implied no,Yes,60,422,848,Professions-focused,Professions-focused Undergraduate/Graduate-Master's Small,No research designation,"Opportunity Colleges and Universities – Higher Access, Higher Earnings",Small
193399,University of Mount Saint Vincent,NA,NA,NA,NA,NA,NA,NA,NA,NA,0,"Not required for admission, but considered if submitted (Test Optional)",450,14112900,No,NA,NA,42900,42900,NA,NA,NA,NA,NA,Private not-for-profit,85,14,629,2096,86,410,837,1173,3774,0,57,NA,14900,6,79,14,533,565,588,2,478,525,590,12,35,42900,42900,Implied no,Implied no,68,1108,1278,Mixed,Mixed Undergraduate/Graduate-Master's Small,No research designation,"Opportunity Colleges and Universities – Higher Access, Higher Earnings",Small
193584,Nazareth University,23,24,32,NA,NA,NA,NA,NA,NA,2,"Not required for admission, but considered if submitted (Test Optional)",445,12145073,No,NA,NA,40300,40300,NA,NA,NA,NA,NA,Private not-for-profit,75,12,541,1341,22,439,85,1468,2401,63,73,NA,NA,0,86,13,540,610,670,9,530,610,650,8,22,40300,40300,Implied no,Yes,98,499,1326,Professions-focused,Professions-focused Undergraduate/Graduate-Doctorate Small,No research designation,"Lower Access, Medium Earnings",Small
193654,The New School,NA,NA,NA,NA,NA,NA,NA,NA,NA,NA,"Not considered for admission, even if submitted (Test Blind)",1341,29735458,No,50,39204,57173,57173,0.04,0.001,0.95,NA,NA,Private not-for-profit,63,21,1536,5055,2253,1328,358,1973,9068,47,69,0.3,NA,36,13,48,NA,NA,NA,NA,NA,NA,NA,9,14,57374,57374,Implied no,Yes,97,1027,1711,"Special Focus: Arts, Music, and Design","Special Focus: Arts, Music, and Design",Research 2: High Spending and Doctorate Production,"Lower Access, Medium Earnings",Medium
193900,New York University,34,34,35,NA,NA,NA,NA,NA,NA,10,"Not required for admission, but considered if submitted (Test Optional)",2152,115995949,No,85,25802,62796,62796,0.31,0.1,0.59,NA,NA,Private not-for-profit,9,55,11827,17233,7611,5666,977,6395,56832,74,88,0.28,NA,25,26,49,760,780,800,28,720,740,760,8,5,62796,62796,Implied no,Yes,41,5297,5677,Mixed,Mixed Undergraduate/Graduate-Doctorate Large,Research 1: Very High Spending and Doctorate Production,"Lower Access, Higher Earnings",Very Large
193973,Niagara University,22,25,28,20,23,26,20,23,26,3,"Not required for admission, but considered if submitted (Test Optional)",578,19406357,No,NA,NA,37190,37190,NA,NA,NA,NA,NA,Private not-for-profit,87,15,899,1793,695,533,116,1473,4033,67,74,NA,NA,17,71,11,530,580,610,17,530,580,625,10,NA,37190,37190,Implied no,Yes,85,747,1497,Professions-focused,Professions-focused Undergraduate/Graduate-Master's Large/Medium,No research designation,"Lower Access, Medium Earnings",Medium
194091,New York Institute of Technology,24,28,32,23,27,34,23,27,31,2,"Not required for admission, but considered if submitted (Test Optional)",834,26954139,No,50,NA,44060,44060,NA,NA,NA,NA,NA,Private not-for-profit,81,8,2227,1419,290,908,131,744,6877,41,59,NA,NA,8,84,8,600,670,730,22,590,640,690,12,28,44060,44060,Implied no,Yes,95,1513,1497,Mixed,Mixed Undergraduate/Graduate-Doctorate Medium,Research Colleges and Universities,"Opportunity Colleges and Universities – Higher Access, Higher Earnings",Medium
194310,Pace University,24,27,29,24,28,31,22,25,27,3,"Not required for admission, but considered if submitted (Test Optional)",1915,67284817,No,50,NA,51382,51382,NA,NA,NA,NA,NA,Private not-for-profit,76,8,2811,5227,691,1850,467,3440,13634,46,60,NA,NA,5,46,48,580,620,660,13,600,640,680,14,27,51602,51602,Implied no,Yes,91,2228,3673,Professions-focused,Professions-focused Undergraduate/Graduate-Doctorate Medium,Research Colleges and Universities,"Opportunity Colleges and Universities – Higher Access, Higher Earnings",Medium
194499,Plaza College,NA,NA,NA,NA,NA,NA,NA,NA,NA,NA,"Not considered for admission, even if submitted (Test Blind)",210,1399642,No,100,NA,14000,14000,NA,NA,NA,NA,NA,Private for-profit,30,55,198,791,0,206,126,128,1002,NA,NA,NA,NA,0,84,16,NA,NA,NA,NA,NA,NA,NA,28,5,14000,14000,Implied no,Yes,98,719,677,Special Focus: Other Health Professions,Special Focus: Other Health Professions,No research designation,"Higher Access, Lower Earnings",Small
194578,Pratt Institute-Main,26,29,31,25,31,34,23,26,28,2,"Not required for admission, but considered if submitted (Test Optional)",611,15898959,No,50,31017,59821,59821,0.05,0.001,0.95,NA,NA,Private not-for-profit,73,18,1120,2847,1067,1135,51,1271,5356,38,74,0.48,NA,26,22,52,560,630,690,16,590,650,700,9,7,59821,59821,Implied no,Yes,80,723,1325,"Special Focus: Arts, Music, and Design","Special Focus: Arts, Music, and Design",No research designation,"Lower Access, Medium Earnings",Medium
194824,Rensselaer Polytechnic Institute,30,33,34,NA,NA,NA,NA,NA,NA,11,"Not required for admission, but considered if submitted (Test Optional)",1481,64449335,No,70,41725,62500,62500,0.38,0.17,0.45,NA,NA,Private not-for-profit,63,12,3950,1791,419,1314,74,2572,7040,72,84,0.53,NA,4,37,58,705,740,770,49,670,710,740,14,NA,62500,62500,Implied no,Yes,92,1186,3036,"Special Focus: Technology, Engineering, and Sciences","Special Focus: Technology, Engineering, and Sciences",Research 1: Very High Spending and Doctorate Production,"Lower Access, Higher Earnings",Medium
194958,Roberts Wesleyan University,NA,NA,NA,NA,NA,NA,NA,NA,NA,2,"Not required for admission, but considered if submitted (Test Optional)",205,6077217,No,NA,NA,37408,37408,NA,NA,NA,NA,NA,Private not-for-profit,71,19,473,920,47,204,56,895,1960,57,67,NA,NA,1,68,21,485,580,635,9,505,590,670,7,NA,37408,37408,Implied no,Yes,86,374,639,Professions-focused,Professions-focused Undergraduate/Graduate-Master's Small,No research designation,"Higher Access, Medium Earnings",Small
195003,Rochester Institute of Technology,29,32,33,27,32,35,27,30,33,9,"Not required for admission, but considered if submitted (Test Optional)",3007,105476885,No,65,40336,58324,58324,0.46,0.07,0.47,NA,NA,Private not-for-profit,67,16,9286,4981,517,3042,286,7974,17098,28,71,0.7,NA,3,44,51,650,690,740,40,650,680,720,13,NA,58260,58260,Implied no,Implied no,90,3834,7447,Mixed,Mixed Undergraduate/Graduate-Doctorate Medium,Research 2: High Spending and Doctorate Production,"Lower Access, Higher Earnings",Medium
195030,University of Rochester,31,33,34,33,34,35,30,33,35,6,"Not required for admission, but considered if submitted (Test Optional)",1117,50823658,Yes,50,32304,65870,65870,0.21,0.12,0.68,NA,NA,Private not-for-profit,40,15,3103,3477,1454,1317,94,2537,11946,71,85,0.47,NA,25,30,45,730,770,790,19,680,720,750,9,4,65870,65870,Implied no,Yes,67,1167,2688,Mixed,Mixed Undergraduate/Graduate-Doctorate Medium,Research 1: Very High Spending and Doctorate Production,"Lower Access, Higher Earnings",Medium
195128,Russell Sage College,NA,NA,NA,NA,NA,NA,NA,NA,NA,NA,"Not considered for admission, even if submitted (Test Blind)",190,5566031,No,NA,NA,36614,36614,NA,NA,NA,NA,NA,Private not-for-profit,53,19,408,839,8,255,211,713,2790,44,56,NA,NA,0,89,11,NA,NA,NA,NA,NA,NA,NA,10,NA,36614,36614,Implied no,Implied no,98,454,844,Professions-focused,Professions-focused Undergraduate/Graduate-Doctorate Small,No research designation,"Higher Access, Medium Earnings",Small
195164,St Bonaventure University,24,26,30,24,25,33,24,26,27,2,"Not required for admission, but considered if submitted (Test Optional)",570,16940293,No,NA,NA,40500,40500,NA,NA,NA,NA,NA,Private not-for-profit,82,17,1066,976,105,591,67,1573,2752,59,67,NA,NA,4,77,18,530,590,640,19,535,600,650,13,26,40500,40500,Implied no,Yes,99,512,1785,Professions-focused,Professions-focused Undergraduate/Graduate-Master's Small,No research designation,"Lower Access, Medium Earnings",Small
195173,St. Francis College,NA,NA,NA,NA,NA,NA,NA,NA,NA,NA,NA,491,9821286,No,NA,NA,28425,28425,NA,NA,NA,NA,NA,Private not-for-profit,NA,NA,554,1165,215,393,67,281,4567,37,52,NA,NA,6,88,6,NA,NA,NA,NA,NA,NA,NA,15,NA,28425,28425,Implied no,Yes,96,1077,561,Professions-focused,Professions-focused Baccalaureate Small,No research designation,"Opportunity Colleges and Universities – Higher Access, Higher Earnings",Small
195216,St Lawrence University,30,32,33,NA,NA,NA,NA,NA,NA,5,"Not required for admission, but considered if submitted (Test Optional)",540,26343591,No,NA,39318,65450,65450,0.33,0.01,0.66,NA,NA,Private not-for-profit,54,13,930,1019,210,424,19,1459,1991,68,79,0.6,NA,15,36,50,610,660,710,15,645,690,710,11,14,65450,65450,Implied no,Yes,97,440,1112,Special Focus: Arts and Sciences,Special Focus: Arts and Sciences,No research designation,"Lower Access, Medium Earnings",Small
195234,The College of Saint Rose,NA,NA,NA,NA,NA,NA,NA,NA,NA,NA,NA,NA,NA,NA,NA,NA,NA,NA,NA,NA,NA,NA,NA,Private not-for-profit,NA,NA,NA,NA,NA,NA,NA,NA,NA,NA,NA,NA,NA,NA,NA,NA,NA,NA,NA,NA,NA,NA,NA,NA,NA,NA,NA,NA,NA,NA,NA,NA,Professions-focused,Professions-focused Undergraduate/Graduate-Master's Large/Medium,No research designation,"Higher Access, Medium Earnings",Medium
195243,St. Thomas Aquinas College,NA,NA,NA,NA,NA,NA,NA,NA,NA,0,"Not required for admission, but considered if submitted (Test Optional)",244,7620824,No,30,NA,38400,38400,NA,NA,NA,NA,NA,Private not-for-profit,93,12,980,909,97,241,75,938,2037,43,54,NA,NA,12,68,21,470,540,565,2,410,460,520,16,28,38400,38400,Implied no,Yes,68,388,509,Professions-focused,Professions-focused Baccalaureate Small,No research designation,"Higher Access, Medium Earnings",Small
195304,Sarah Lawrence College,28,30,31,28,32,34,25,27,28,4,"Not required for admission, but considered if submitted (Test Optional)",371,14408972,No,NA,34204,66292,66292,0.22,0.01,0.77,NA,NA,Private not-for-profit,62,15,324,1258,83,417,43,941,1798,59,71,0.58,NA,7,15,78,590,670,690,9,650,690,740,10,26,66292,66292,Implied no,Yes,85,180,615,Special Focus: Arts and Sciences,Special Focus: Arts and Sciences,No research designation,"Lower Access, Medium Earnings",Small
195474,Siena College,27,31,33,NA,NA,NA,NA,NA,NA,2,"Not required for admission, but considered if submitted (Test Optional)",781,24925480,No,50,41000,44505,44505,0.63,0,0.37,NA,NA,Private not-for-profit,69,12,1587,1880,113,759,139,2486,3720,69,75,0.73,NA,2,83,15,560,600,680,10,550,620,680,12,19,44505,44505,Implied no,Yes,93,856,2307,Mixed,Mixed Baccalaureate,No research designation,"Lower Access, Medium Earnings",Small
195526,Skidmore College,31,32,33,32,34,35,27,29,32,10,"Not required for admission, but considered if submitted (Test Optional)",386,20876184,No,65,29395,65970,65970,0.24,0.004,0.76,NA,NA,Private not-for-profit,21,27,1087,1617,199,666,29,1736,2704,75,83,0.44,NA,6,32,62,660,680,730,23,680,710,750,8,13,65970,65970,Implied no,Yes,57,354,917,Special Focus: Arts and Sciences,Special Focus: Arts and Sciences,No research designation,"Lower Access, Medium Earnings",Small
195544,St. Joseph's University-New York,24,26,29,22,25,27,21,25,27,3,"Not required for admission, but considered if submitted (Test Optional)",481,10716738,No,25,NA,35840,35840,NA,NA,NA,NA,NA,Private not-for-profit,72,13,1064,2109,113,520,354,1660,3899,58,69,NA,NA,2,92,6,550,590,630,18,560,590,640,12,22,35840,35840,Implied no,Yes,89,1145,1754,Professions-focused,Professions-focused Undergraduate/Graduate-Master's Large/Medium,No research designation,"Higher Access, Medium Earnings",Medium
195720,St. John Fisher University,23,27,28,23,24,25,22,25,26,1,"Not required for admission, but considered if submitted (Test Optional)",611,14988105,No,NA,NA,40090,40090,NA,NA,NA,NA,NA,Private not-for-profit,66,20,1085,1486,6,680,110,2020,3693,65,74,NA,NA,1,93,6,560,610,650,23,560,600,650,11,17,40090,40090,Implied no,Yes,98,743,1756,Professions-focused,Professions-focused Undergraduate/Graduate-Doctorate Small,No research designation,"Lower Access, Medium Earnings",Small
195809,St. John's University-New York,24,27,29,24,27,32,21,25,26,2,"Not required for admission, but considered if submitted (Test Optional)",2664,95847169,No,NA,NA,51410,51410,NA,NA,NA,NA,NA,Private not-for-profit,83,12,6906,8734,335,2350,267,6810,19389,52,66,NA,NA,3,83,13,570,620,670,23,580,620,670,16,NA,51919,51919,Implied no,Yes,61,3798,4321,Professions-focused,Professions-focused Undergraduate/Graduate-Doctorate Large,Research Colleges and Universities,"Opportunity Colleges and Universities – Higher Access, Higher Earnings",Large
196006,SUNY College of Technology at Alfred,20,22,24,16,20,26,18,19,22,1,"Not required for admission, but considered if submitted (Test Optional)",1174,11699806,No,50,NA,7070,15015,NA,NA,NA,25313,25385,Public,76,16,2327,1454,10,1125,262,2613,3781,38,54,NA,NA,0,94,5,490,550,600,9,500,540,600,16,21,7070,15015,Implied no,Yes,78,1684,2138,Special Focus: Applied and Career Studies,Special Focus: Applied and Career Studies,No research designation,"Opportunity Colleges and Universities – Higher Access, Higher Earnings",Small
196015,SUNY College of Technology at Canton,NA,NA,NA,NA,NA,NA,NA,NA,NA,NA,"Not considered for admission, even if submitted (Test Blind)",401,3899038,No,50,NA,7070,11900,NA,NA,NA,24663,24906,Public,92,16,1491,1968,55,539,320,1879,3459,36,42,NA,NA,2,95,3,NA,NA,NA,NA,NA,NA,NA,18,27,7070,14097,Implied no,Yes,75,1439,1682,Professions-focused,Professions-focused Baccalaureate Medium,No research designation,"Higher Access, Medium Earnings",Medium
196024,SUNY College of Technology at Delhi,18,20,23,14,19,23,16,17,19,1,"Not required for admission, but considered if submitted (Test Optional)",655,6698014,No,50,NA,7070,11060,NA,NA,NA,26767,26944,Public,89,14,1398,1483,5,944,294,1571,3056,23,38,NA,NA,0,96,4,460,480,580,6,450,520,580,13,28,7070,11060,Implied no,Yes,72,1244,1406,Professions-focused,Professions-focused Baccalaureate Small,No research designation,"Higher Access, Medium Earnings",Small
196033,SUNY College of Agriculture and Technology at Cobleskill,NA,NA,NA,NA,NA,NA,NA,NA,NA,NA,"Not considered for admission, even if submitted (Test Blind)",467,4288618,No,50,NA,7070,16980,NA,NA,NA,27550,27786,Public,84,19,838,1150,19,618,134,1404,1988,46,52,NA,NA,0,87,13,NA,NA,NA,NA,NA,NA,NA,15,29,7070,16980,Implied no,Yes,75,764,981,Professions-focused,Professions-focused Baccalaureate Small,Research Colleges and Universities,"Higher Access, Lower Earnings",Small
196042,Farmingdale State College,20,25,28,NA,NA,NA,NA,NA,NA,2,"Not required for admission, but considered if submitted (Test Optional)",1026,9210579,No,50,NA,7070,16980,NA,NA,NA,18621,18966,Public,63,27,5846,4161,287,1822,953,3762,10039,42,57,NA,NA,4,95,1,520,570,620,19,520,570,620,18,24,7070,16980,Implied no,Yes,52,3413,2178,Professions-focused,Professions-focused Baccalaureate Medium,No research designation,"Higher Access, Medium Earnings",Medium
196051,SUNY Morrisville,NA,NA,NA,NA,NA,NA,NA,NA,NA,0,"Not required for admission, but considered if submitted (Test Optional)",683,7191933,No,50,NA,7070,17490,NA,NA,NA,26790,26833,Public,92,14,1153,1014,57,772,112,1180,2186,30,39,NA,NA,1,94,4,480,540,610,1,510,590,620,14,31,7070,17490,Implied no,Yes,84,1121,1336,Professions-focused,Professions-focused Associate/Baccalaureate,No research designation,"Higher Access, Medium Earnings",Small
196060,University at Albany,NA,NA,NA,NA,NA,NA,NA,NA,NA,0,"Not required for admission, but considered if submitted (Test Optional)",2720,30490525,No,50,NA,7070,27460,NA,NA,NA,28646,28802,Public,69,13,5803,6863,458,2828,1252,4625,17560,54,61,NA,NA,4,91,5,NA,NA,NA,0,NA,NA,NA,16,27,7070,27460,Implied no,Yes,85,5326,6207,Mixed,Mixed Undergraduate/Graduate-Doctorate Medium,Research 1: Very High Spending and Doctorate Production,"Higher Access, Medium Earnings",Medium
196079,Binghamton University,30,32,32,30,33,35,27,30,32,9,"Not required for admission, but considered if submitted (Test Optional)",1875,21312053,No,50,27208,7070,26950,0.35,0.14,0.52,30169,30345,Public,39,16,7034,7635,591,3248,755,7525,18816,74,82,0.52,NA,4,82,14,670,710,760,44,670,700,740,18,14,7070,26950,Implied no,Yes,57,4051,5680,Mixed,Mixed Undergraduate/Graduate-Doctorate Large,Research 1: Very High Spending and Doctorate Production,"Lower Access, Higher Earnings",Large
196088,University at Buffalo,27,29,32,24,28,33,25,28,30,3,"Not required for admission, but considered if submitted (Test Optional)",3234,34483794,No,50,27097,7070,27670,0.45,0.2,0.35,30684,30785,Public,74,14,11049,9310,2384,4265,1420,8880,31903,60,75,0.52,NA,8,88,3,610,650,700,28,600,640,680,11,14,7070,27670,Implied no,Yes,61,6778,8133,Mixed,Mixed Undergraduate/Graduate-Doctorate Large,Research 1: Very High Spending and Doctorate Production,"Lower Access, Medium Earnings",Large
196097,Stony Brook University,29,31,33,29,33,35,27,31,34,3,"Not required for admission, but considered if submitted (Test Optional)",3497,32470158,No,50,23558,7070,28880,0.44,0.21,0.36,30380,30539,Public,49,15,8900,9363,1857,4042,1344,4530,26689,65,76,0.45,NA,13,78,9,680,730,770,34,650,690,730,19,14,7070,28880,Implied no,Yes,70,6920,6195,Mixed,Mixed Undergraduate/Graduate-Doctorate Large,Research 1: Very High Spending and Doctorate Production,"Opportunity Colleges and Universities – Higher Access, Higher Earnings",Large
196103,SUNY College of Environmental Science and Forestry,NA,NA,NA,NA,NA,NA,NA,NA,NA,NA,"Not considered for admission, even if submitted (Test Blind)",378,3288372,No,50,21811,7070,20030,0.31,0.1,0.6,28063,28133,Public,63,18,1090,1291,40,418,210,1650,2757,56,66,0.58,NA,0,69,30,NA,NA,NA,NA,NA,NA,NA,14,26,7070,20030,Implied no,Yes,60,461,723,Mixed,Mixed Baccalaureate,Research 2: High Spending and Doctorate Production,"Lower Access, Medium Earnings",Small
196112,SUNY Polytechnic Institute,22,25,30,23,27,32,22,27,32,3,"Not required for admission, but considered if submitted (Test Optional)",389,3250883,No,50,NA,7070,19660,NA,NA,NA,23133,23741,Public,81,9,1294,679,27,373,332,1284,2733,43,55,NA,NA,2,95,3,520,610,690,37,505,590,680,13,28,7070,19660,Implied no,Yes,78,744,803,Professions-focused,Professions-focused Undergraduate/Graduate-Master's Small,Research Colleges and Universities,"Opportunity Colleges and Universities – Higher Access, Higher Earnings",Small
196121,SUNY Brockport,23,25,26,21,23,25,NA,NA,NA,2,"Not required for admission, but considered if submitted (Test Optional)",1089,11215711,No,50,NA,7070,14140,NA,NA,NA,25968,26046,Public,71,14,2448,3368,109,1297,764,3971,7482,41,55,NA,NA,4,94,2,550,600,640,14,550,590,640,17,29,7070,14140,Implied no,Yes,71,2182,3258,Professions-focused,Professions-focused Undergraduate/Graduate-Master's Large/Medium,No research designation,"Higher Access, Medium Earnings",Medium
196130,SUNY Buffalo State University,NA,NA,NA,NA,NA,NA,NA,NA,NA,0,"Not required for admission, but considered if submitted (Test Optional)",1440,16843331,No,50,NA,7070,18190,NA,NA,NA,23730,24279,Public,73,9,2326,2929,49,1226,439,2392,6188,23,33,NA,NA,0,94,4,490,510,610,9,490,560,630,14,40,7070,18190,Implied no,Yes,80,3059,2759,Professions-focused,Professions-focused Undergraduate/Graduate-Master's Large/Medium,Research Colleges and Universities,"Higher Access, Medium Earnings",Medium
196149,State University of New York at Cortland,NA,NA,NA,NA,NA,NA,NA,NA,NA,NA,"Not considered for admission, even if submitted (Test Blind)",765,6314034,No,50,NA,7070,16980,NA,NA,NA,28016,28108,Public,60,13,2786,3125,57,1394,402,4497,6938,56,68,NA,NA,1,93,5,NA,NA,NA,NA,NA,NA,NA,15,25,7070,16980,Implied no,Yes,58,1618,3582,Professions-focused,Professions-focused Undergraduate/Graduate-Master's Large/Medium,No research designation,"Opportunity Colleges and Universities – Higher Access, Higher Earnings",Medium
196158,SUNY at Fredonia,23,27,28,NA,NA,NA,NA,NA,NA,2,"Not required for admission, but considered if submitted (Test Optional)",611,5992122,No,50,NA,7070,18010,NA,NA,NA,25769,25879,Public,78,14,1208,1563,50,690,144,2079,3179,37,50,NA,NA,2,92,5,570,610,690,7,590,630,680,11,31,7070,18010,Implied no,Yes,80,1117,1873,Professions-focused,Professions-focused Baccalaureate Medium,No research designation,"Opportunity Colleges and Universities – Higher Access, Higher Earnings",Medium
196167,SUNY College at Geneseo,26,30,31,NA,NA,NA,NA,NA,NA,1,"Not required for admission, but considered if submitted (Test Optional)",934,7910163,No,50,25814,7070,17640,0.55,0.09,0.36,27609,27709,Public,66,10,1379,2502,43,971,172,3034,3945,64,71,0.62,NA,1,98,1,590,630,670,4,600,640,670,16,21,7070,17640,Implied no,Implied no,81,1069,1962,Special Focus: Arts and Sciences,Special Focus: Arts and Sciences,No research designation,"Lower Access, Higher Earnings",Medium
196176,State University of New York at New Paltz,25,28,29,24,26,30,23,25,27,3,"Not required for admission, but considered if submitted (Test Optional)",797,8039585,No,50,27604,7070,17320,0.54,0.03,0.43,28393,28428,Public,62,11,2552,4310,63,1134,598,4000,7898,58,72,0.56,NA,1,93,6,570,610,650,12,600,640,690,16,20,7070,17320,Implied no,Yes,57,2075,2732,Mixed,Mixed Undergraduate/Graduate-Master's Large/Medium,No research designation,"Higher Access, Medium Earnings",Medium
196185,SUNY Oneonta,25,28,30,23,26,31,23,26,28,5,"Not required for admission, but considered if submitted (Test Optional)",1091,10937590,No,50,NA,7070,18020,NA,NA,NA,28711,28821,Public,70,11,1920,2761,9,1214,300,3179,5337,61,69,NA,NA,0,98,2,550,600,650,20,570,610,660,13,25,7070,18020,Implied no,Yes,76,1745,2777,Mixed,Mixed Undergraduate/Graduate-Master's Large/Medium,No research designation,"Opportunity Colleges and Universities – Higher Access, Higher Earnings",Medium
196194,State University of New York at Oswego,23,26,29,NA,NA,NA,NA,NA,NA,3,"Not required for admission, but considered if submitted (Test Optional)",1013,11147115,No,50,NA,7070,16980,NA,NA,NA,26909,27052,Public,81,10,2686,2831,149,1265,528,3599,6715,50,60,NA,NA,3,92,5,540,600,640,23,530,580,630,15,26,7070,16980,Implied no,Implied no,81,2238,2955,Professions-focused,Professions-focused Undergraduate/Graduate-Master's Large/Medium,No research designation,"Higher Access, Medium Earnings",Medium
196200,SUNY College at Potsdam,NA,NA,NA,NA,NA,NA,NA,NA,NA,1,"Not required for admission, but considered if submitted (Test Optional)",402,4481034,No,50,NA,7070,16980,NA,NA,NA,24887,25083,Public,78,10,887,1224,23,353,155,1306,2832,33,45,NA,NA,1,96,3,NA,NA,NA,0,NA,NA,NA,11,33,7070,16980,Implied no,Yes,76,891,1216,Special Focus: Arts and Sciences,Special Focus: Arts and Sciences,No research designation,"Higher Access, Medium Earnings",Small
196219,SUNY at Purchase College,27,29,30,31,32,35,21,26,27,14,"Not required for admission, but considered if submitted (Test Optional)",552,5758488,No,50,24784,7070,17320,0.29,0.03,0.69,29043,29043,Public,74,13,1356,1901,65,750,244,1533,3333,52,63,0.59,NA,2,79,19,565,630,670,46,620,670,710,12,23,7070,17320,Implied no,Yes,67,1124,1327,Special Focus: Arts and Sciences,Special Focus: Arts and Sciences,No research designation,"Higher Access, Lower Earnings",Small
196237,SUNY Old Westbury,NA,NA,NA,NA,NA,NA,NA,NA,NA,NA,"Not considered for admission, even if submitted (Test Blind)",532,5426574,No,50,NA,7070,17490,NA,NA,NA,21143,21287,Public,84,12,1816,2444,137,801,565,1009,4709,27,45,NA,NA,2,96,2,NA,NA,NA,NA,NA,NA,NA,17,28,7070,17490,Implied no,Implied no,62,1988,1139,Special Focus: Arts and Sciences,Special Focus: Arts and Sciences,No research designation,"Higher Access, Medium Earnings",Medium
196246,State University of New York at Plattsburgh,22,24,28,20,21,28,16,18,24,1,"Not required for admission, but considered if submitted (Test Optional)",630,8022074,No,50,NA,7070,16980,NA,NA,NA,27866,28244,Public,78,12,1543,2282,148,798,359,2385,4540,44,59,NA,NA,3,92,5,540,570,610,6,540,590,640,15,28,7070,16980,Implied no,Yes,73,1561,2195,Professions-focused,Professions-focused Baccalaureate Medium,No research designation,"Higher Access, Medium Earnings",Medium
196255,SUNY Downstate Health Sciences University,NA,NA,NA,NA,NA,NA,NA,NA,NA,NA,NA,NA,NA,Not applicable,50,NA,NA,NA,NA,NA,NA,NA,NA,Public,NA,NA,63,230,2,0,164,81,2220,NA,NA,NA,NA,NA,NA,NA,NA,NA,NA,NA,NA,NA,NA,9,NA,7070,18910,Yes,Yes,20,9,122,Special Focus: Medical Schools and Centers,Special Focus: Medical Schools and Centers,Research Colleges and Universities,Not Classified in SAEC,Small
196264,Empire State University,NA,NA,NA,NA,NA,NA,NA,NA,NA,NA,NA,78,642966,No,NA,NA,7070,16980,NA,NA,NA,20024,19699,Public,NA,NA,2703,5692,53,198,1625,3790,10469,28,36,NA,NA,3,92,5,NA,NA,NA,NA,NA,NA,NA,17,19,7070,16980,Implied no,Yes,62,2863,2638,Professions-focused,Professions-focused Undergraduate/Graduate-Master's Large/Medium,No research designation,"Higher Access, Medium Earnings",Medium
196291,SUNY Maritime College,22,27,28,NA,NA,NA,NA,NA,NA,5,"Not required for admission, but considered if submitted (Test Optional)",164,1452261,No,50,NA,7070,17640,NA,NA,NA,29786,29786,Public,72,30,1130,155,26,378,42,802,1413,31,66,NA,NA,1,81,17,553,600,648,27,570,600,640,15,26,7070,17640,Implied no,Yes,58,275,482,Professions-focused,Professions-focused Baccalaureate Small,No research designation,"Lower Access, Higher Earnings",Small
196307,Upstate Medical University,NA,NA,NA,NA,NA,NA,NA,NA,NA,NA,NA,NA,NA,Not applicable,NA,NA,NA,NA,NA,NA,NA,NA,NA,Public,NA,NA,40,126,2,0,75,109,1341,NA,NA,NA,NA,NA,NA,NA,NA,NA,NA,NA,NA,NA,NA,8,NA,7070,18910,Implied no,Yes,64,32,66,Special Focus: Medical Schools and Centers,Special Focus: Medical Schools and Centers,Research 2: High Spending and Doctorate Production,Not Classified in SAEC,Small
196413,Syracuse University,29,31,32,29,33,35,26,28,31,9,"Not required for admission, but considered if submitted (Test Optional)",2792,101675905,No,85,35822,63710,63710,0.3,0.09,0.61,NA,NA,Private not-for-profit,46,19,7049,8908,1438,3839,355,9047,22589,73,84,0.46,NA,6,31,63,630,680,720,22,640,680,720,15,10,63710,63710,Implied no,Yes,79,2686,5102,Mixed,Mixed Undergraduate/Graduate-Doctorate Large,Research 1: Very High Spending and Doctorate Production,"Lower Access, Higher Earnings",Large
196592,Touro University,24,30,32,25,29,34,21,26,30,2,"Not required for admission, but considered if submitted (Test Optional)",360,3643689,No,60,NA,21630,21630,NA,NA,NA,NA,NA,Private not-for-profit,61,43,1381,3491,128,569,667,2780,11937,64,76,NA,NA,4,71,18,588,660,723,11,630,680,730,10,10,19472,19472,Implied no,Yes,67,1518,1231,Mixed,Mixed Undergraduate/Graduate-Doctorate Medium,Research Colleges and Universities,"Higher Access, Medium Earnings",Medium
196653,Trocaire College,NA,NA,NA,NA,NA,NA,NA,NA,NA,NA,"Not considered for admission, even if submitted (Test Blind)",47,596275,No,NA,NA,20240,20240,NA,NA,NA,NA,NA,Private not-for-profit,97,42,165,904,1,82,252,518,1069,NA,NA,NA,NA,0,100,0,NA,NA,NA,NA,NA,NA,NA,9,30,20240,20240,Implied no,Yes,78,554,783,Special Focus: Nursing,Special Focus: Nursing,No research designation,"Opportunity Colleges and Universities – Higher Access, Higher Earnings",Small
196680,Excelsior University,NA,NA,NA,NA,NA,NA,NA,NA,NA,NA,NA,NA,NA,Not applicable,NA,NA,NA,NA,NA,NA,NA,NA,NA,Private not-for-profit,NA,NA,5447,6103,89,205,839,6428,12941,NA,NA,NA,NA,3,35,60,NA,NA,NA,NA,NA,NA,NA,21,NA,NA,NA,Implied no,Yes,37,3587,4314,Professions-focused,Professions-focused Undergraduate/Graduate-Master's Large/Medium,No research designation,Not Classified in SAEC,Large
196866,Union College,29,31,33,29,33,35,27,29,32,11,"Not required for admission, but considered if submitted (Test Optional)",529,22500372,No,60,NA,68688,68688,NA,NA,NA,NA,NA,Private not-for-profit,44,14,1095,970,218,500,24,1283,2065,73,80,NA,NA,15,28,57,650,700,760,32,660,690,720,9,12,68688,68688,Implied no,Yes,92,299,917,Special Focus: Arts and Sciences,Special Focus: Arts and Sciences,No research designation,"Lower Access, Higher Earnings",Small
197018,United Talmudical Seminary,NA,NA,NA,NA,NA,NA,NA,NA,NA,NA,NA,475,7036634,No,0,NA,15000,15000,NA,NA,NA,NA,NA,Private not-for-profit,NA,NA,2241,0,56,633,156,2182,2241,1,58,NA,NA,5,94,1,NA,NA,NA,NA,NA,NA,NA,15,12,15000,15000,Implied no,Yes,98,1754,0,Special Focus: Theological Studies,Special Focus: Theological Studies,No research designation,Not Classified in SAEC,Small
197036,United States Military Academy,27,31,33,26,32,34,26,29,32,32,Required to be considered for admission,NA,NA,Yes,NA,NA,NA,NA,0.03,0,0.97,NA,NA,Public,12,78,3479,994,60,1195,0,2808,4473,84,87,NA,0,1,7,92,600,670,720,68,600,660,710,6,NA,NA,NA,Implied no,Implied no,NA,NA,NA,Mixed,Mixed Baccalaureate,Research Colleges and Universities,Not Classified in SAEC,Medium
197045,Utica University,NA,NA,NA,NA,NA,NA,NA,NA,NA,0,"Not required for admission, but considered if submitted (Test Optional)",571,9568699,No,40,NA,25830,25830,NA,NA,NA,NA,NA,Private not-for-profit,92,13,1032,1297,11,436,229,1520,3627,46,56,NA,NA,3,84,13,510,540,590,3,480,570,660,12,5,25830,25830,Implied no,Implied no,76,870,1722,Professions-focused,Professions-focused Undergraduate/Graduate-Doctorate Medium,No research designation,"Lower Access, Medium Earnings",Medium
197133,Vassar College,33,33,35,NA,NA,NA,NA,NA,NA,12,"Not required for admission, but considered if submitted (Test Optional)",376,21598485,No,65,21968,70050,70050,0.28,0.001,0.72,NA,NA,Private not-for-profit,19,29,941,1521,150,661,8,1329,2462,84,91,0.43,18240,8,29,63,720,750,780,31,730,750,770,7,5,70050,70050,Implied no,Yes,57,498,1003,Special Focus: Arts and Sciences,Special Focus: Arts and Sciences,Research Colleges and Universities,"Lower Access, Medium Earnings",Small
197151,School of Visual Arts,NA,NA,NA,NA,NA,NA,NA,NA,NA,0,"Not required for admission, but considered if submitted (Test Optional)",496,8702199,No,50,NA,51400,51400,NA,NA,NA,NA,NA,Private for-profit,93,21,865,2390,1591,604,180,484,3812,57,76,NA,NA,47,21,32,578,650,760,7,610,670,730,9,10,51400,51400,Implied no,Implied no,60,536,884,"Special Focus: Arts, Music, and Design","Special Focus: Arts, Music, and Design",No research designation,"Lower Access, Lower Earnings",Medium
197197,Wagner College,23,26,28,23,25,30,22,25,26,6,"Not required for admission, but considered if submitted (Test Optional)",398,15083103,No,60,NA,51200,51200,NA,NA,NA,NA,NA,Private not-for-profit,88,20,647,1019,137,454,196,925,2001,59,65,NA,NA,0,52,41,590,620,630,14,600,620,660,11,27,51200,51200,Implied no,Yes,99,379,849,Professions-focused,Professions-focused Undergraduate/Graduate-Master's Small,No research designation,"Lower Access, Higher Earnings",Small
197708,Yeshiva University,29,31,33,30,33,34,26,28,32,16,"Not required for admission, but considered if submitted (Test Optional)",582,18338627,No,65,22394,47150,47150,0.38,0.003,0.62,NA,NA,Private not-for-profit,56,61,1620,1310,196,544,40,1787,6965,81,85,0.34,NA,9,38,52,670,740,770,19,670,700,740,7,9,47150,47150,Implied no,Yes,87,418,500,Mixed,Mixed Undergraduate/Graduate-Doctorate Medium,Research 2: High Spending and Doctorate Production,"Lower Access, Medium Earnings",Medium
197735,Yeshivath Viznitz,NA,NA,NA,NA,NA,NA,NA,NA,NA,NA,NA,263,3175904,No,NA,NA,12000,12000,NA,NA,NA,NA,NA,Private not-for-profit,NA,NA,1159,0,32,363,54,1127,1389,0,69,NA,4200,5,87,2,NA,NA,NA,NA,NA,NA,NA,10,17,12000,12000,Implied no,Yes,94,887,0,Special Focus: Theological Studies,Special Focus: Theological Studies,No research designation,Not Classified in SAEC,Small
197869,Appalachian State University,21,25,27,20,23,27,19,23,26,23,"Not required for admission, but considered if submitted (Test Optional)",1935,15507179,No,65,24172,4242,21875,0.52,0.07,0.41,23131,23169,Public,90,18,8742,10818,131,4038,1577,15315,21570,59,75,0.49,NA,0,86,14,550,590,620,9,570,610,660,16,18,4242,21875,Yes,Implied no,44,5125,7102,Professions-focused,Professions-focused Undergraduate/Graduate-Master's Large/Medium,Research 2: High Spending and Doctorate Production,"Higher Access, Medium Earnings",Large
197911,Barton College,NA,NA,NA,NA,NA,NA,NA,NA,NA,0,"Not required for admission, but considered if submitted (Test Optional)",281,7661854,No,NA,NA,37000,37000,NA,NA,NA,NA,NA,Private not-for-profit,94,10,528,621,53,261,90,537,1235,35,46,NA,NA,2,79,18,NA,NA,NA,0,NA,NA,NA,14,NA,37000,37000,Implied no,Yes,87,434,741,Professions-focused,Professions-focused Baccalaureate Small,No research designation,"Higher Access, Medium Earnings",Small
197984,Belmont Abbey College,18,22,26,17,21,25,17,21,25,84,"Not required for admission, but considered if submitted (Test Optional)",397,4036667,No,NA,NA,19500,19500,NA,NA,NA,NA,NA,Private not-for-profit,75,13,710,588,73,398,104,823,1388,42,47,NA,NA,6,35,58,470,530,590,90,490,550,610,12,NA,19500,19500,Yes,Yes,91,375,738,Professions-focused,Professions-focused Baccalaureate Small,No research designation,"Lower Access, Medium Earnings",Small
198136,Campbell University,NA,NA,NA,NA,NA,NA,NA,NA,NA,NA,"Not considered for admission, even if submitted (Test Blind)",563,20567777,No,NA,NA,38880,38880,NA,NA,NA,NA,NA,Private not-for-profit,87,10,1275,1424,56,616,268,1569,4963,48,60,NA,NA,2,79,19,NA,NA,NA,NA,NA,NA,NA,13,30,38880,38880,Implied no,Yes,89,1055,1092,Professions-focused,Professions-focused Undergraduate/Graduate-Doctorate Medium,No research designation,"Higher Access, Medium Earnings",Medium
198215,Catawba College,17,21,25,15,20,24,16,19,24,33,"Not required for admission, but considered if submitted (Test Optional)",304,9365538,No,NA,NA,34300,34300,NA,NA,NA,NA,NA,Private not-for-profit,75,13,603,659,86,325,104,671,1376,47,47,NA,NA,7,70,23,510,560,650,14,520,550,650,13,NA,34300,34300,Implied no,Yes,96,458,594,Professions-focused,Professions-focused Baccalaureate Small,No research designation,"Higher Access, Medium Earnings",Small
198385,Davidson College,31,33,34,NA,NA,NA,NA,NA,NA,23,"Not required for admission, but considered if submitted (Test Optional)",337,17441311,Yes,50,31805,63580,63580,0.26,0,0.74,NA,NA,Private not-for-profit,13,48,878,991,201,520,13,1128,1869,86,91,0.2,NA,13,19,68,705,740,780,28,695,720,750,8,NA,63850,63850,Implied no,Yes,67,335,165,Special Focus: Arts and Sciences,Special Focus: Arts and Sciences,Research Colleges and Universities,"Lower Access, Higher Earnings",Small
198419,Duke University,34,35,35,35,35,36,32,35,35,30,"Not required for admission, but considered if submitted (Test Optional)",757,49600484,Yes,85,27515,66325,66325,0.21,0.08,0.71,NA,NA,Private not-for-profit,6,59,3017,3506,693,1740,52,2285,17499,87,97,0.25,NA,9,15,73,760,780,800,48,740,760,770,5,1,66325,66325,Implied no,Yes,53,910,885,Mixed,Mixed Undergraduate/Graduate-Doctorate Medium,Research 1: Very High Spending and Doctorate Production,"Lower Access, Higher Earnings",Medium
198464,East Carolina University,21,24,26,20,22,26,18,23,26,13,"Not required for admission, but considered if submitted (Test Optional)",2161,21126232,No,75,27515,4452,20729,0.45,0.16,0.39,23814,23867,Public,89,17,8978,12467,185,4022,1767,12942,26940,43,63,0.6,NA,0,82,17,530,570,610,6,540,590,630,17,27,4452,20729,Yes,Yes,53,6781,8254,Professions-focused,Professions-focused Undergraduate/Graduate-Doctorate Large,Research 1: Very High Spending and Doctorate Production,"Lower Access, Higher Earnings",Large
198507,Elizabeth City State University,16,19,22,15,16,21,15,17,21,11,"Not required for admission, but considered if submitted (Test Optional)",307,3294686,No,30,NA,1000,5000,NA,NA,NA,17539,17701,Public,64,12,1060,1094,23,423,281,403,2258,24,44,NA,NA,0,69,26,450,495,520,3,470,520,560,19,28,1000,5000,Implied no,Yes,76,1096,1105,Professions-focused,Professions-focused Baccalaureate Small,No research designation,"Higher Access, Medium Earnings",Small
198516,Elon University,23,25,28,23,25,27,21,24,27,1,"Not required for admission, but considered if submitted (Test Optional)",1291,23066823,No,60,36129,46451,46451,0.5,0,0.5,NA,NA,Private not-for-profit,66,13,2627,3825,119,1607,72,4881,7239,80,84,0.34,NA,0,21,77,550,590,630,2,580,610,650,11,NA,46451,46451,Implied no,Yes,70,635,1565,Professions-focused,Professions-focused Undergraduate/Graduate-Doctorate Medium,Research Colleges and Universities,"Lower Access, Higher Earnings",Medium
198543,Fayetteville State University,15,17,19,13,15,18,14,16,18,8,"Not required for admission, but considered if submitted (Test Optional)",693,6082505,No,50,NA,1000,5000,NA,NA,NA,16530,16652,Public,82,15,1929,4145,79,794,1002,845,7107,24,38,NA,NA,1,75,21,430,500,540,2,460,490,550,20,29,1000,5000,Implied no,Yes,81,3307,2687,Professions-focused,Professions-focused Undergraduate/Graduate-Master's Large/Medium,Research Colleges and Universities,"Higher Access, Medium Earnings",Medium
198561,Gardner-Webb University,19,22,25,19,22,25,17,21,25,38,"Not required for admission, but considered if submitted (Test Optional)",409,11079030,No,0,NA,33780,33780,NA,NA,NA,NA,NA,Private not-for-profit,77,11,705,1156,2,450,236,910,3104,48,54,NA,NA,3,59,37,480,530,590,10,495,555,608,12,36,33770,33770,Implied no,Yes,82,682,868,Professions-focused,Professions-focused Undergraduate/Graduate-Doctorate Medium,No research designation,"Lower Access, Medium Earnings",Medium
198613,Guilford College,18,21,24,NA,NA,NA,NA,NA,NA,24,"Not required for admission, but considered if submitted (Test Optional)",364,12164491,No,NA,NA,40400,40400,NA,NA,NA,NA,NA,Private not-for-profit,80,10,581,551,18,340,45,493,1180,36,46,NA,NA,1,79,20,570,580,610,5,550,600,650,12,34,40400,40400,Yes,Yes,86,507,588,Special Focus: Arts and Sciences,Special Focus: Arts and Sciences,No research designation,"Higher Access, Medium Earnings",Small
198695,High Point University,24,30,33,22,25,29,20,24,27,13,"Not required for admission, but considered if submitted (Test Optional)",1396,31639616,No,50,NA,39714,39714,NA,NA,NA,NA,NA,Private not-for-profit,75,12,2283,2852,21,1528,92,3814,6331,66,72,NA,NA,0,25,73,550,600,650,15,560,610,670,21,NA,39714,39714,Implied no,Yes,88,593,2058,Professions-focused,Professions-focused Undergraduate/Graduate-Doctorate Medium,No research designation,"Lower Access, Medium Earnings",Medium
198756,Johnson C Smith University,NA,NA,NA,NA,NA,NA,NA,NA,NA,NA,"Not considered for admission, even if submitted (Test Blind)",260,3961973,No,25,NA,19270,19270,NA,NA,NA,NA,NA,Private not-for-profit,45,13,599,653,29,396,116,9,1302,22,34,NA,NA,2,45,53,NA,NA,NA,NA,NA,NA,NA,12,NA,19270,19270,Implied no,Yes,93,735,789,Mixed,Mixed Baccalaureate,No research designation,"Higher Access, Medium Earnings",Small
198835,Lenoir-Rhyne University,NA,NA,NA,NA,NA,NA,NA,NA,NA,NA,"Not considered for admission, even if submitted (Test Blind)",376,8823512,No,NA,NA,31000,31000,NA,NA,NA,NA,NA,Private not-for-profit,85,11,689,783,109,348,134,907,2256,35,48,NA,13400,2,68,29,NA,NA,NA,NA,NA,NA,NA,15,NA,31000,31000,Implied no,Yes,88,579,823,Professions-focused,Professions-focused Undergraduate/Graduate-Doctorate Small,No research designation,"Higher Access, Medium Earnings",Small
198899,Mars Hill University,NA,NA,NA,NA,NA,NA,NA,NA,NA,NA,"Not considered for admission, even if submitted (Test Blind)",313,9723514,No,NA,NA,37736,37736,NA,NA,NA,NA,NA,Private not-for-profit,68,31,534,527,59,347,85,673,1110,34,45,NA,12258,7,51,41,NA,NA,NA,NA,NA,NA,NA,11,18,37736,37736,Implied no,Yes,99,463,622,Professions-focused,Professions-focused Baccalaureate Small,No research designation,"Higher Access, Medium Earnings",Small
198950,Meredith College,23,25,29,21,25,29,20,24,26,14,"Not required for admission, but considered if submitted (Test Optional)",325,10762644,No,40,NA,45460,45460,NA,NA,NA,NA,NA,Private not-for-profit,74,18,4,1202,31,272,48,719,1465,63,70,NA,13280,0,82,18,510,560,680,11,588,625,668,10,23,45460,45460,Implied no,Implied no,96,470,718,Special Focus: Arts and Sciences,Special Focus: Arts and Sciences,No research designation,"Lower Access, Medium Earnings",Small
198969,Methodist University,22,24,27,21,23,26,20,23,25,15,"Not required for admission, but considered if submitted (Test Optional)",341,10051431,No,50,NA,40500,40500,NA,NA,NA,NA,NA,Private not-for-profit,75,15,834,633,100,316,145,648,1822,29,43,NA,NA,10,59,31,530,580,620,10,550,590,630,11,39,40500,40500,Implied no,Yes,93,593,833,Professions-focused,Professions-focused Undergraduate/Graduate-Doctorate Small,No research designation,"Higher Access, Medium Earnings",Small
199069,University of Mount Olive,18,20,24,16,21,22,17,19,24,10,"Not required for admission, but considered if submitted (Test Optional)",269,5303668,No,NA,NA,26216,26216,NA,NA,NA,NA,NA,Private not-for-profit,76,20,632,1312,104,289,249,982,2109,34,48,NA,NA,5,72,22,NA,NA,NA,0,NA,NA,NA,17,28,26216,26216,Implied no,Yes,81,866,1335,Professions-focused,Professions-focused Baccalaureate Small,No research designation,"Higher Access, Medium Earnings",Small
199102,North Carolina A & T State University,17,20,23,16,19,22,16,18,23,20,"Not required for admission, but considered if submitted (Test Optional)",2242,22875990,No,60,NA,3540,17400,NA,NA,NA,20402,20427,Public,50,15,4740,7757,59,2736,696,343,14311,36,57,NA,NA,0,57,41,510,550,590,19,510,550,600,20,22,3540,17400,Yes,Yes,74,6389,6690,Mixed,Mixed Undergraduate/Graduate-Master's Large/Medium,Research 2: High Spending and Doctorate Production,"Higher Access, Medium Earnings",Medium
199111,University of North Carolina Asheville,23,26,29,22,26,30,20,23,26,17,"Not required for admission, but considered if submitted (Test Optional)",562,4317853,No,75,21646,4122,21470,0.47,0.01,0.52,21592,21685,Public,92,11,1244,1788,64,725,286,2183,3056,43,54,0.54,NA,1,84,13,570,605,660,7,600,650,700,13,34,4122,21470,Yes,Implied no,81,939,1121,Special Focus: Arts and Sciences,Special Focus: Arts and Sciences,Research Colleges and Universities,"Higher Access, Medium Earnings",Small
199120,University of North Carolina at Chapel Hill,28,31,34,27,33,35,26,29,33,41,"Not required for admission, but considered if submitted (Test Optional)",1786,31815492,No,85,20382,7019,39228,0.45,0.13,0.42,26062,26055,Public,15,45,8197,12688,1169,4640,980,11124,32438,84,91,0.26,NA,5,84,11,700,750,780,28,690,730,750,15,5,7019,39228,Yes,Yes,50,4139,2705,Mixed,Mixed Undergraduate/Graduate-Doctorate Large,Research 1: Very High Spending and Doctorate Production,"Lower Access, Higher Earnings",Large
199139,University of North Carolina at Charlotte,21,25,28,20,23,27,20,25,27,25,"Not required for admission, but considered if submitted (Test Optional)",2663,21212493,No,75,25453,3812,19065,0.45,0.3,0.25,23033,23010,Public,80,24,12780,12088,604,4657,2568,11435,31091,50,69,0.54,NA,1,90,9,570,630,670,15,570,620,660,21,21,3812,19065,Yes,Yes,49,8134,9405,Mixed,Mixed Undergraduate/Graduate-Doctorate Large,Research 1: Very High Spending and Doctorate Production,"Higher Access, Medium Earnings",Large
199148,University of North Carolina at Greensboro,22,24,27,21,23,27,19,22,25,10,"Not required for admission, but considered if submitted (Test Optional)",2237,22062792,No,65,24025,4422,20773,0.5,0.18,0.33,21331,21373,Public,89,21,4850,9566,231,2433,1793,5377,18012,39,56,0.65,NA,1,93,5,560,590,670,2,590,615,685,18,27,4422,20773,Yes,Yes,69,7095,6477,Mixed,Mixed Undergraduate/Graduate-Doctorate Large,Research 2: High Spending and Doctorate Production,"Higher Access, Medium Earnings",Large
199157,North Carolina Central University,19,20,22,16,20,21,17,19,23,3,"Not required for admission, but considered if submitted (Test Optional)",1268,15214332,No,50,NA,3728,16764,NA,NA,NA,26498,26556,Public,87,11,1995,4600,25,1753,624,263,8579,26,42,NA,NA,0,71,28,NA,NA,NA,0,NA,NA,NA,16,33,3728,16764,Yes,Yes,74,3503,3759,Mixed,Mixed Undergraduate/Graduate-Doctorate Medium,Research Colleges and Universities,"Higher Access, Medium Earnings",Medium
199184,University of North Carolina School of the Arts,22,26,29,23,26,31,22,24,26,12,"Not required for admission, but considered if submitted (Test Optional)",138,1776903,No,95,NA,6497,24231,NA,NA,NA,26633,26470,Public,30,55,382,564,36,239,43,508,1111,74,78,NA,NA,3,47,50,540,600,650,11,600,670,720,6,16,6497,24231,Yes,Yes,67,237,421,"Special Focus: Arts, Music, and Design","Special Focus: Arts, Music, and Design",No research designation,"Lower Access, Lower Earnings",Small
199193,North Carolina State University at Raleigh,28,30,32,26,30,34,26,28,32,29,"Not required for admission, but considered if submitted (Test Optional)",2863,33424161,No,85,25344,6535,30583,0.48,0.2,0.32,26399,26425,Public,42,32,14264,14158,722,5839,1659,18505,38464,68,85,0.45,NA,1,86,12,650,690,750,18,650,680,720,15,9,6535,30583,Yes,Yes,51,5345,9140,Mixed,Mixed Undergraduate/Graduate-Doctorate Large,Research 1: Very High Spending and Doctorate Production,"Lower Access, Higher Earnings",Very Large
199209,North Carolina Wesleyan University,NA,NA,NA,NA,NA,NA,NA,NA,NA,NA,"Not considered for admission, even if submitted (Test Blind)",246,7761702,No,NA,NA,34936,34936,NA,NA,NA,NA,NA,Private not-for-profit,80,18,586,676,172,261,128,251,1419,29,42,NA,NA,15,64,21,NA,NA,NA,NA,NA,NA,NA,13,35,34936,34936,Implied no,Yes,89,602,775,Professions-focused,Professions-focused Baccalaureate Small,No research designation,"Higher Access, Medium Earnings",Small
199218,University of North Carolina Wilmington,24,27,29,23,26,30,23,25,27,12,"Not required for admission, but considered if submitted (Test Optional)",1490,9943945,No,80,27202,4443,21318,0.55,0.09,0.36,26579,26547,Public,64,21,5618,9636,261,2754,1883,11921,18848,56,71,0.52,NA,1,87,11,610,630,660,5,620,650,680,17,22,4443,21318,Yes,Yes,50,3472,5237,Professions-focused,Professions-focused Undergraduate/Graduate-Doctorate Large,Research 2: High Spending and Doctorate Production,"Lower Access, Medium Earnings",Large
199281,University of North Carolina at Pembroke,18,20,23,15,18,22,16,19,22,10,"Not required for admission, but considered if submitted (Test Optional)",697,5119035,No,55,NA,1000,5000,NA,NA,NA,17187,17261,Public,93,11,2024,3413,230,801,803,1818,7674,27,44,NA,NA,7,81,9,480,530,600,2,490,550,600,14,31,1000,5000,Implied no,Yes,70,2747,2334,Mixed,Mixed Undergraduate/Graduate-Master's Large/Medium,No research designation,"Lower Access, Medium Earnings",Medium
199412,Queens University of Charlotte,20,24,27,20,23,28,18,23,25,11,"Not required for admission, but considered if submitted (Test Optional)",399,13601425,No,NA,NA,43200,43200,NA,NA,NA,NA,NA,Private not-for-profit,62,9,469,756,156,261,109,636,1599,53,61,NA,NA,2,43,45,580,600,670,13,560,620,670,9,NA,43200,43200,Implied no,Yes,97,330,967,Professions-focused,Professions-focused Undergraduate/Graduate-Master's Small,No research designation,"Lower Access, Medium Earnings",Small
199759,Southeastern Baptist Theological Seminary,21,23,24,21,24,29,19,22,26,20,"Not required for admission, but considered if submitted (Test Optional)",29,195332,No,40,NA,10008,10008,NA,NA,NA,NA,NA,Private not-for-profit,75,79,519,438,1,118,89,767,3220,9,17,NA,NA,19,61,20,460,510,590,27,540,600,660,9,NA,10008,10008,Implied no,Yes,38,143,0,Special Focus: Theological Studies,Special Focus: Theological Studies,No research designation,Not Classified in SAEC,Medium
199847,Wake Forest University,32,33,34,34,35,35,29,31,34,26,"Not required for admission, but considered if submitted (Test Optional)",484,30548739,No,85,33453,66470,66470,0.35,0.01,0.64,NA,NA,Private not-for-profit,22,36,2461,3029,317,1464,49,3574,9322,84,89,0.22,NA,3,12,84,710,740,770,22,700,730,750,10,NA,66470,66470,Implied no,Yes,41,552,765,Mixed,Mixed Undergraduate/Graduate-Doctorate Medium,Research 2: High Spending and Doctorate Production,"Lower Access, Higher Earnings",Medium
199962,Wingate University,18,22,25,16,20,24,17,20,24,11,"Not required for admission, but considered if submitted (Test Optional)",707,25787407,No,NA,NA,41316,41316,NA,NA,NA,NA,NA,Private not-for-profit,91,3,1108,1565,281,780,178,1067,3458,38,46,NA,NA,7,57,36,500,550,600,8,510,550,610,15,38,42256,42256,Implied no,Yes,99,1090,1277,Professions-focused,Professions-focused Undergraduate/Graduate-Doctorate Small,No research designation,"Higher Access, Medium Earnings",Small
199999,Winston-Salem State University,15,17,20,12,15,19,15,16,18,11,"Not required for admission, but considered if submitted (Test Optional)",798,8025424,No,50,NA,3401,14057,NA,NA,NA,23161,23147,Public,78,13,1110,3082,31,931,385,212,4782,30,47,NA,NA,0,75,24,400,450,500,4,430,480,520,15,28,3401,14057,Yes,Yes,80,2765,2894,Professions-focused,Professions-focused Baccalaureate Medium,Research Colleges and Universities,"Opportunity Colleges and Universities – Higher Access, Higher Earnings",Medium
200004,Western Carolina University,19,23,25,18,21,25,17,21,25,19,"Not required for admission, but considered if submitted (Test Optional)",1692,10140651,No,65,NA,1000,5000,NA,NA,NA,19969,19992,Public,82,13,4283,5829,201,2052,1003,7586,11686,44,60,NA,NA,0,75,22,520,570,610,5,560,610,660,16,27,1000,5000,Implied no,Yes,65,3467,4426,Professions-focused,Professions-focused Undergraduate/Graduate-Master's Large/Medium,Research Colleges and Universities,"Lower Access, Medium Earnings",Medium
200022,Bismarck State College,NA,NA,NA,NA,NA,NA,NA,NA,NA,NA,NA,512,2584888,No,35,NA,4167,6251,NA,NA,NA,15577,15771,Public,NA,NA,2106,2100,42,905,295,3347,4206,NA,NA,NA,NA,1,91,8,NA,NA,NA,NA,NA,NA,NA,13,15,4167,6251,Implied no,Yes,39,591,823,Professions-focused,Professions-focused Associate Large/Medium,No research designation,"Higher Access, Medium Earnings",Medium
200059,Dickinson State University,NA,NA,NA,NA,NA,NA,NA,NA,NA,NA,"Not considered for admission, even if submitted (Test Blind)",197,1116407,No,35,NA,7470,7470,NA,NA,NA,20533,20567,Public,37,52,559,780,23,255,130,1001,1410,23,48,NA,NA,4,45,51,NA,NA,NA,NA,NA,NA,NA,16,18,7470,7470,Implied no,Yes,73,296,475,Professions-focused,Professions-focused Baccalaureate Small,No research designation,"Higher Access, Medium Earnings",Small
200156,University of Jamestown,NA,NA,NA,NA,NA,NA,NA,NA,NA,NA,"Not considered for admission, even if submitted (Test Blind)",245,4299250,No,NA,NA,24000,24000,NA,NA,NA,NA,NA,Private not-for-profit,88,36,590,459,64,310,64,753,1376,37,49,NA,NA,11,39,50,NA,NA,NA,NA,NA,NA,NA,13,NA,24000,24000,Implied no,Yes,97,246,592,Professions-focused,Professions-focused Undergraduate/Graduate-Doctorate Small,No research designation,"Lower Access, Medium Earnings",Small
200217,University of Mary,21,23,26,19,22,26,19,22,26,37,"Not required for admission, but considered if submitted (Test Optional)",555,7548711,No,30,NA,19940,19940,NA,NA,NA,NA,NA,Private not-for-profit,75,41,1149,1672,80,562,214,2169,3861,57,67,NA,NA,3,35,62,530,590,660,7,580,620,680,14,20,19940,19940,Implied no,Yes,83,555,1178,Professions-focused,Professions-focused Undergraduate/Graduate-Doctorate Medium,No research designation,"Lower Access, Medium Earnings",Medium
200226,Mayville State University,NA,NA,NA,NA,NA,NA,NA,NA,NA,NA,NA,87,665481,No,35,NA,6517,9775,NA,NA,NA,20333,20657,Public,NA,NA,432,635,19,119,123,812,1134,23,40,NA,NA,6,50,45,NA,NA,NA,NA,NA,NA,NA,14,5,6517,9775,Implied no,Yes,59,270,385,Professions-focused,Professions-focused Baccalaureate Small,No research designation,"Higher Access, Medium Earnings",Small
200253,Minot State University,18,20,24,16,20,23,17,19,24,54,"Not required for admission, but considered if submitted (Test Optional)",320,1925148,No,35,NA,7168,7168,NA,NA,NA,19108,19339,Public,65,78,977,1522,235,353,269,1676,2751,29,45,NA,NA,12,66,22,430,530,570,6,500,530,570,11,16,7168,7168,Implied no,Yes,73,605,903,Professions-focused,Professions-focused Baccalaureate Small,No research designation,"Higher Access, Medium Earnings",Small
200280,University of North Dakota,NA,NA,NA,NA,NA,NA,NA,NA,NA,NA,"Not considered for admission, even if submitted (Test Blind)",1475,9827886,No,35,32406,9237,13856,0.48,0.11,0.41,25415,25605,Public,77,35,6150,4883,429,2205,1025,8410,15019,39,61,0.42,NA,3,38,59,NA,NA,NA,NA,NA,NA,NA,17,24,9237,13856,Implied no,Yes,58,1750,4198,Professions-focused,Professions-focused Undergraduate/Graduate-Doctorate Medium,Research 1: Very High Spending and Doctorate Production,"Lower Access, Medium Earnings",Medium
200332,North Dakota State University-Main Campus,19,23,25,16,20,23,16,22,25,2,"Not required for admission, but considered if submitted (Test Optional)",1765,11311889,No,NA,NA,9309,13963,NA,NA,NA,23774,23716,Public,95,32,4748,5014,99,2197,569,8124,11952,46,64,NA,NA,1,37,62,NA,NA,NA,0,NA,NA,NA,19,22,9309,13963,Implied no,Yes,73,1930,5090,Mixed,Mixed Undergraduate/Graduate-Doctorate Medium,Research 1: Very High Spending and Doctorate Production,"Lower Access, Medium Earnings",Medium
200572,Valley City State University,17,20,24,15,19,22,16,20,23,63,"Not required for admission, but considered if submitted (Test Optional)",173,1291759,No,35,NA,6619,11583,NA,NA,NA,20500,20468,Public,99,54,706,945,32,173,144,1271,1806,37,53,NA,8796,5,61,34,410,480,540,5,420,450,530,12,21,6619,11583,Implied no,Yes,47,274,481,Professions-focused,Professions-focused Baccalaureate Small,No research designation,"Higher Access, Medium Earnings",Small
200800,University of Akron Main Campus,17,21,25,15,20,24,16,20,25,64,"Not required for admission, but considered if submitted (Test Optional)",1938,22386658,No,NA,NA,10735,18415,NA,NA,NA,25997,26284,Public,60,18,5731,5429,236,1967,576,7485,13332,29,52,NA,NA,0,91,7,440,510,590,14,460,530,600,17,24,10735,18415,Yes,Yes,67,3332,3710,Professions-focused,Professions-focused Undergraduate/Graduate-Doctorate Medium,Research 2: High Spending and Doctorate Production,"Higher Access, Medium Earnings",Medium
200846,University of Akron Wayne College,16,20,23,14,20,22,15,18,23,82,"Not required for admission, but considered if submitted (Test Optional)",115,953993,No,NA,NA,6988,14668,NA,NA,NA,15256,15993,Public,90,41,580,831,1,141,31,1221,1411,NA,NA,NA,NA,0,100,0,390,430,550,5,440,450,550,42,23,6988,14668,Yes,Yes,28,170,121,Not classified,Not classified,No research designation,Not Classified in SAEC,Not classified
201104,Ashland University,20,22,25,18,22,25,18,23,26,48,"Not required for admission, but considered if submitted (Test Optional)",511,10646815,No,NA,NA,29940,29940,NA,NA,NA,NA,NA,Private not-for-profit,76,16,1374,1603,61,464,133,2366,4106,49,60,NA,NA,0,83,15,530,560,598,7,505,560,610,14,26,29940,29940,Yes,Yes,70,901,1185,Professions-focused,Professions-focused Undergraduate/Graduate-Doctorate Medium,No research designation,"Higher Access, Medium Earnings",Medium
201195,Baldwin Wallace University,22,25,29,21,25,29,23,25,28,16,"Not required for admission, but considered if submitted (Test Optional)",730,20289570,No,NA,NA,38832,38832,NA,NA,NA,NA,NA,Private not-for-profit,76,19,1312,1550,16,700,149,2185,3305,57,67,NA,NA,1,78,21,510,580,640,18,550,590,650,12,22,38832,38832,Implied no,Yes,98,818,2309,Professions-focused,Professions-focused Undergraduate/Graduate-Master's Small,No research designation,"Lower Access, Medium Earnings",Small
201432,Bowling Green State University-Firelands,NA,NA,NA,NA,NA,NA,NA,NA,NA,NA,NA,341,1993734,No,45,NA,5980,13968,NA,NA,NA,21662,22070,Public,NA,NA,788,1309,4,671,93,1488,2097,NA,NA,NA,NA,0,91,9,NA,NA,NA,NA,NA,NA,NA,18,50,5704,13692,Yes,Yes,36,540,578,Mixed,Mixed Associate/Baccalaureate,No research designation,"Opportunity Colleges and Universities – Higher Access, Higher Earnings",Small
201441,Bowling Green State University-Main Campus,19,22,26,17,21,24,17,21,25,61,"Not required for admission, but considered if submitted (Test Optional)",2961,27567413,No,45,NA,11960,19948,NA,NA,NA,32965,33007,Public,81,21,6396,8387,450,3521,492,11382,17594,48,61,NA,NA,3,84,13,500,550,600,21,500,560,610,17,21,11405,19393,Yes,Yes,70,3239,6718,Professions-focused,Professions-focused Undergraduate/Graduate-Doctorate Large,Research 2: High Spending and Doctorate Production,"Lower Access, Medium Earnings",Large
201548,Capital University,18,21,25,16,20,24,17,20,25,39,"Not required for admission, but considered if submitted (Test Optional)",410,14133287,No,NA,NA,42744,42744,NA,NA,NA,NA,NA,Private not-for-profit,70,12,695,914,21,374,90,1058,2263,55,60,NA,NA,1,90,9,460,490,590,15,450,520,590,9,NA,42744,42744,Implied no,Implied no,94,592,1096,Professions-focused,Professions-focused Undergraduate/Graduate-Doctorate Medium,No research designation,"Higher Access, Medium Earnings",Medium
201645,Case Western Reserve University,32,34,34,33,35,35,31,34,35,23,"Not required for admission, but considered if submitted (Test Optional)",1361,57042992,No,75,28464,66020,66020,0.31,0.17,0.52,NA,NA,Private not-for-profit,37,12,3396,3132,749,1619,42,2202,12475,73,87,0.42,NA,7,13,75,730,770,780,46,700,740,760,9,NA,66020,66020,Implied no,Implied no,84,1084,2933,Mixed,Mixed Undergraduate/Graduate-Doctorate Medium,Research 1: Very High Spending and Doctorate Production,"Lower Access, Higher Earnings",Medium
201654,Cedarville University,22,26,29,22,26,31,21,25,28,44,"Not required for admission, but considered if submitted (Test Optional)",1017,22553843,No,30,NA,36950,36950,NA,NA,NA,NA,NA,Private not-for-profit,65,34,2657,3133,134,1176,99,4439,6318,62,73,NA,NA,4,39,57,550,600,670,35,580,630,690,14,NA,36950,36950,Implied no,Yes,77,748,1637,Professions-focused,Professions-focused Baccalaureate Medium,No research designation,"Lower Access, Medium Earnings",Medium
201672,Central Ohio Technical College,NA,NA,NA,NA,NA,NA,NA,NA,NA,NA,NA,121,681283,No,NA,NA,5256,8016,NA,NA,NA,14426,14764,Public,NA,NA,923,2259,1,459,355,2020,3182,NA,NA,NA,NA,0,100,0,NA,NA,NA,NA,NA,NA,NA,16,14,5256,8016,Implied no,Yes,38,776,457,Special Focus: Other Health Professions,Special Focus: Other Health Professions,No research designation,"Higher Access, Lower Earnings",Medium
201690,Central State University,NA,NA,NA,NA,NA,NA,NA,NA,NA,NA,"Not considered for admission, even if submitted (Test Blind)",521,9718476,No,NA,NA,5638,7638,NA,NA,NA,21892,21929,Public,99,19,960,1705,253,537,178,260,2708,13,23,NA,NA,8,55,31,NA,NA,NA,NA,NA,NA,NA,16,34,5638,7638,Yes,Yes,92,1807,1428,Professions-focused,Professions-focused Baccalaureate Medium,Research Colleges and Universities,"Higher Access, Medium Earnings",Medium
201885,University of Cincinnati-Main Campus,24,27,29,22,25,30,23,26,29,30,"Not required for admission, but considered if submitted (Test Optional)",4994,40932407,No,50,27571,12298,27632,0.47,0.2,0.33,32328,32171,Public,85,23,16375,16658,1646,6584,1078,22789,45026,42,75,0.53,NA,4,74,22,590,640,700,11,570,620,670,19,NA,11685,27019,Yes,Yes,63,6108,12154,Professions-focused,Professions-focused Undergraduate/Graduate-Doctorate Large,Research 1: Very High Spending and Doctorate Production,"Lower Access, Medium Earnings",Very Large
201928,Cincinnati State Technical and Community College,NA,NA,NA,NA,NA,NA,NA,NA,NA,NA,NA,310,2401538,No,15,NA,4527,9054,NA,NA,NA,12367,12229,Public,NA,NA,3615,6068,143,1040,928,5150,9683,NA,NA,NA,NA,0,91,9,NA,NA,NA,NA,NA,NA,NA,10,22,4527,9054,Implied no,Yes,36,2563,2325,Professions-focused,Professions-focused Associate Large/Medium,No research designation,"Higher Access, Medium Earnings",Medium
201946,University of Cincinnati-Clermont College,NA,NA,NA,NA,NA,NA,NA,NA,NA,NA,NA,240,1404599,No,50,NA,6014,13246,NA,NA,NA,19113,19165,Public,NA,NA,3740,5739,188,596,520,6519,9479,NA,NA,NA,NA,0,86,14,NA,NA,NA,NA,NA,NA,NA,21,23,5903,13135,Yes,Yes,18,1068,1241,Professions-focused,Professions-focused Associate Large/Medium,No research designation,"Opportunity Colleges and Universities – Higher Access, Higher Earnings",Medium
201955,University of Cincinnati-Blue Ash College,NA,NA,NA,NA,NA,NA,NA,NA,NA,NA,NA,857,4910152,No,50,NA,6464,15262,NA,NA,NA,21650,21784,Public,NA,NA,3119,4668,127,1603,269,4707,7787,NA,NA,NA,NA,0,90,10,NA,NA,NA,NA,NA,NA,NA,19,32,6370,15168,Yes,Yes,32,1616,1587,Professions-focused,Professions-focused Associate Large/Medium,No research designation,"Opportunity Colleges and Universities – Higher Access, Higher Earnings",Medium
201964,Ohio Christian University,NA,NA,NA,NA,NA,NA,NA,NA,NA,2,"Not required for admission, but considered if submitted (Test Optional)",117,1719120,No,25,NA,23250,23250,NA,NA,NA,NA,NA,Private not-for-profit,38,49,550,738,3,181,114,941,1431,42,50,NA,NA,1,78,22,NA,NA,NA,1,NA,NA,NA,14,23,17840,17840,Implied no,Yes,52,451,568,Professions-focused,Professions-focused Baccalaureate Small,No research designation,"Higher Access, Medium Earnings",Small
201973,Clark State College,NA,NA,NA,NA,NA,NA,NA,NA,NA,NA,NA,86,445236,No,15,NA,3656,7312,NA,NA,NA,17149,16812,Public,NA,NA,1720,3357,25,581,630,3518,5077,NA,NA,NA,NA,0,98,2,NA,NA,NA,NA,NA,NA,NA,13,26,3656,7312,Implied no,Yes,43,1803,1934,Professions-focused,Professions-focused Associate Large/Medium,No research designation,"Higher Access, Medium Earnings",Medium
202134,Cleveland State University,NA,NA,NA,NA,NA,NA,NA,NA,NA,NA,"Not considered for admission, even if submitted (Test Blind)",1411,13820869,No,NA,NA,12872,18394,NA,NA,NA,26282,27159,Public,91,16,4440,5042,597,1580,1078,5237,14074,34,51,NA,NA,0,94,6,NA,NA,NA,NA,NA,NA,NA,16,27,12872,18392,Yes,Yes,70,3828,6974,Professions-focused,Professions-focused Undergraduate/Graduate-Doctorate Medium,Research 2: High Spending and Doctorate Production,"Higher Access, Medium Earnings",Medium
202222,Columbus State Community College,NA,NA,NA,NA,NA,NA,NA,NA,NA,NA,NA,1257,6626128,No,50,NA,5488,11224,NA,NA,NA,13371,13381,Public,NA,NA,12612,15469,665,4431,1536,11557,28081,NA,NA,NA,NA,4,96,1,NA,NA,NA,NA,NA,NA,NA,18,18,5488,11224,Implied no,Yes,32,6862,4793,Mixed,Mixed Associate Large,No research designation,"Higher Access, Lower Earnings",Very Large
202480,University of Dayton,25,29,31,24,28,33,25,27,31,27,"Not required for admission, but considered if submitted (Test Optional)",1797,60051463,No,NA,NA,49140,49140,NA,NA,NA,NA,NA,Private not-for-profit,65,12,4080,3660,226,1680,162,6105,10506,65,80,NA,NA,4,54,41,600,650,690,9,600,640,690,14,NA,49140,49140,Implied no,Implied no,93,1293,3306,Mixed,Mixed Undergraduate/Graduate-Doctorate Medium,Research 1: Very High Spending and Doctorate Production,"Lower Access, Higher Earnings",Medium
202523,Denison University,30,31,33,29,33,35,26,28,31,22,"Not required for admission, but considered if submitted (Test Optional)",596,22754626,No,NA,38899,67000,67000,0.32,0.003,0.68,NA,NA,Private not-for-profit,17,24,1141,1253,421,621,23,1441,2394,72,79,0.39,16400,19,23,58,660,710,760,29,660,700,730,9,17,67000,67000,Implied no,Yes,95,302,1215,Special Focus: Arts and Sciences,Special Focus: Arts and Sciences,No research designation,"Lower Access, Higher Earnings",Small
202648,Edison State Community College,NA,NA,NA,NA,NA,NA,NA,NA,NA,NA,NA,173,1028103,No,NA,NA,3848,7695,NA,NA,NA,12332,13472,Public,NA,NA,1825,2799,1,362,95,3919,4624,NA,NA,NA,NA,0,98,2,NA,NA,NA,NA,NA,NA,NA,23,17,3848,7695,Implied no,Yes,54,778,269,Professions-focused,Professions-focused Associate Large/Medium,No research designation,"Lower Access, Medium Earnings",Medium
202763,The University of Findlay,NA,NA,NA,NA,NA,NA,NA,NA,NA,NA,"Not considered for admission, even if submitted (Test Blind)",613,16729904,No,NA,NA,39664,39664,NA,NA,NA,NA,NA,Private not-for-profit,83,17,1450,2612,79,577,7,3085,5016,37,58,NA,NA,0,77,23,NA,NA,NA,NA,NA,NA,NA,12,27,39664,39664,Implied no,Yes,57,581,1386,Professions-focused,Professions-focused Undergraduate/Graduate-Doctorate Medium,No research designation,"Lower Access, Medium Earnings",Medium
202806,Franklin University,NA,NA,NA,NA,NA,NA,NA,NA,NA,NA,NA,49,253113,No,30,NA,9552,9552,NA,NA,NA,NA,NA,Private not-for-profit,NA,NA,2280,3908,7,260,1373,3462,9457,3,3,NA,NA,0,78,22,NA,NA,NA,NA,NA,NA,NA,17,67,9552,9552,Implied no,Yes,59,2162,2359,Special Focus: Business,Special Focus: Business,No research designation,"Opportunity Colleges and Universities – Higher Access, Higher Earnings",Medium
203085,Heidelberg University,NA,NA,NA,NA,NA,NA,NA,NA,NA,NA,"Not considered for admission, even if submitted (Test Blind)",286,7825823,No,NA,NA,32900,32900,NA,NA,NA,NA,NA,Private not-for-profit,86,18,522,447,0,293,23,803,1091,45,52,NA,NA,0,80,20,NA,NA,NA,NA,NA,NA,NA,14,18,32900,32900,Yes,Yes,98,306,758,Mixed,Mixed Undergraduate/Graduate-Master's Small,No research designation,"Lower Access, Medium Earnings",Small
203128,Hiram College,NA,NA,NA,NA,NA,NA,NA,NA,NA,NA,"Not considered for admission, even if submitted (Test Blind)",229,4288140,No,NA,NA,27100,27100,NA,NA,NA,NA,NA,Private not-for-profit,94,13,539,487,16,211,66,573,1061,49,55,NA,NA,1,70,28,NA,NA,NA,NA,NA,NA,NA,11,NA,26897,26897,Implied no,Yes,71,312,549,Mixed,Mixed Baccalaureate,No research designation,"Higher Access, Medium Earnings",Small
203368,John Carroll University,25,29,32,24,29,32,25,27,29,14,"Not required for admission, but considered if submitted (Test Optional)",555,19860745,No,NA,NA,48700,48700,NA,NA,NA,NA,NA,Private not-for-profit,81,16,1260,1079,131,596,125,1814,2864,72,79,NA,NA,0,69,31,580,620,670,13,600,620,660,13,NA,48700,48700,Implied no,Yes,96,471,1250,Mixed,Mixed Undergraduate/Graduate-Master's Small,No research designation,"Lower Access, Higher Earnings",Small
203447,Kent State University at Ashtabula,NA,NA,NA,NA,NA,NA,NA,NA,NA,NA,NA,78,400685,No,50,NA,7386,17236,NA,NA,NA,17411,17513,Public,NA,NA,629,1110,8,111,80,1365,1739,0,1,NA,NA,0,97,3,NA,NA,NA,NA,NA,NA,NA,22,24,8105,17863,Yes,Yes,43,341,386,Special Focus: Other Health Professions,Special Focus: Other Health Professions,No research designation,"Higher Access, Medium Earnings",Small
203456,Kent State University at East Liverpool,NA,NA,NA,NA,NA,NA,NA,NA,NA,NA,NA,19,97689,No,50,NA,7386,17236,NA,NA,NA,19121,18635,Public,NA,NA,423,773,10,34,46,951,1196,0,0,NA,NA,0,94,6,NA,NA,NA,NA,NA,NA,NA,37,18,8105,17863,Yes,Yes,33,110,140,Special Focus: Other Health Professions,Special Focus: Other Health Professions,No research designation,"Opportunity Colleges and Universities – Higher Access, Higher Earnings",Small
203465,Kent State University at Stark,NA,NA,NA,NA,NA,NA,NA,NA,NA,NA,NA,221,1139549,No,50,NA,7386,17236,NA,NA,NA,15874,15936,Public,NA,NA,1302,2224,17,363,176,2791,3569,0,1,NA,NA,0,99,1,NA,NA,NA,NA,NA,NA,NA,24,20,8105,17863,Yes,Yes,42,670,833,Mixed,Mixed Associate Medium,No research designation,"Opportunity Colleges and Universities – Higher Access, Higher Earnings",Medium
203474,Kent State University at Trumbull,NA,NA,NA,NA,NA,NA,NA,NA,NA,NA,NA,132,851484,No,50,NA,7386,17236,NA,NA,NA,18013,18371,Public,NA,NA,750,1398,5,158,125,1716,2148,1,2,NA,NA,0,98,2,NA,NA,NA,NA,NA,NA,NA,32,16,8105,17863,Yes,Yes,52,423,380,Mixed,Mixed Associate/Baccalaureate,No research designation,"Opportunity Colleges and Universities – Higher Access, Higher Earnings",Small
203483,Kent State University at Tuscarawas,NA,NA,NA,NA,NA,NA,NA,NA,NA,NA,NA,164,780992,No,50,NA,7386,17236,NA,NA,NA,17228,17539,Public,NA,NA,824,1275,8,256,107,1736,2099,1,4,NA,NA,0,98,2,NA,NA,NA,NA,NA,NA,NA,22,15,8105,17863,Yes,Yes,51,405,440,Professions-focused,Professions-focused Associate/Baccalaureate,No research designation,"Opportunity Colleges and Universities – Higher Access, Higher Earnings",Small
203492,Kent State University at Salem,NA,NA,NA,NA,NA,NA,NA,NA,NA,NA,NA,92,472402,No,50,NA,7386,17236,NA,NA,NA,18436,18446,Public,NA,NA,530,1103,6,148,94,1314,1633,1,2,NA,NA,0,99,1,NA,NA,NA,NA,NA,NA,NA,26,18,8105,17863,Yes,Yes,45,301,358,Professions-focused,Professions-focused Associate/Baccalaureate,No research designation,"Opportunity Colleges and Universities – Higher Access, Higher Earnings",Small
203517,Kent State University at Kent,18,21,25,17,21,25,17,20,25,43,"Not required for admission, but considered if submitted (Test Optional)",4023,40536610,No,50,NA,13054,22904,NA,NA,NA,30321,30567,Public,86,20,7895,12946,825,4304,813,15269,26374,49,64,NA,NA,4,80,16,500,550,610,17,510,570,630,20,17,12742,21397,Yes,Yes,77,5598,9849,Professions-focused,Professions-focused Undergraduate/Graduate-Doctorate Large,Research 1: Very High Spending and Doctorate Production,"Higher Access, Medium Earnings",Large
203526,Kent State University at Geauga,NA,NA,NA,NA,NA,NA,NA,NA,NA,NA,NA,108,518287,No,50,NA,7386,17236,NA,NA,NA,16692,16480,Public,NA,NA,758,1446,21,215,119,1628,2204,1,1,NA,NA,0,100,0,NA,NA,NA,NA,NA,NA,NA,33,22,8105,17863,Yes,Yes,33,305,367,Mixed,Mixed Associate Small,No research designation,"Higher Access, Medium Earnings",Small
203535,Kenyon College,31,32,33,34,35,35,27,29,33,10,"Not required for admission, but considered if submitted (Test Optional)",371,15111040,Yes,NA,24612,71196,71196,0.3,0.002,0.7,NA,NA,Private not-for-profit,31,18,986,1263,214,439,13,1353,2249,66,82,0.37,NA,10,12,78,678,700,760,11,680,720,743,9,NA,71196,71196,Implied no,Yes,65,208,463,Special Focus: Arts and Sciences,Special Focus: Arts and Sciences,No research designation,"Lower Access, Medium Earnings",Small
203580,Lake Erie College,NA,NA,NA,NA,NA,NA,NA,NA,NA,NA,"Not considered for admission, even if submitted (Test Blind)",187,5213429,No,NA,NA,35634,35634,NA,NA,NA,NA,NA,Private not-for-profit,70,20,454,487,26,190,191,567,1108,30,38,NA,NA,0,75,22,NA,NA,NA,NA,NA,NA,NA,12,NA,35634,35634,Implied no,Yes,83,277,406,Professions-focused,Professions-focused Undergraduate/Graduate-Master's Small,No research designation,"Higher Access, Medium Earnings",Small
203678,James A. Rhodes State College,NA,NA,NA,NA,NA,NA,NA,NA,NA,NA,NA,139,783657,No,NA,NA,4560,9120,NA,NA,NA,14161,14578,Public,NA,NA,1488,2636,0,326,87,3125,4124,NA,NA,NA,NA,0,100,0,NA,NA,NA,NA,NA,NA,NA,18,14,4560,9120,Implied no,Yes,21,595,307,Special Focus: Other Health Professions,Special Focus: Other Health Professions,No research designation,"Higher Access, Medium Earnings",Medium
203748,Lorain County Community College,NA,NA,NA,NA,NA,NA,NA,NA,NA,NA,NA,533,2765886,No,NA,NA,4432,8373,NA,NA,NA,9307,9860,Public,NA,NA,3651,5699,34,1277,384,6531,9350,NA,NA,NA,NA,0,99,1,NA,NA,NA,NA,NA,NA,NA,14,18,4432,8373,Implied no,Yes,81,2401,698,Mixed,Mixed Associate Medium,No research designation,"Higher Access, Lower Earnings",Medium
203775,Malone University,18,21,24,16,20,24,17,20,24,65,"Not required for admission, but considered if submitted (Test Optional)",218,5942924,No,NA,NA,35840,35840,NA,NA,NA,NA,NA,Private not-for-profit,76,23,435,557,20,230,36,711,1256,37,45,NA,NA,2,85,13,460,500,590,10,470,520,590,14,NA,35840,35840,Implied no,Yes,81,321,578,Professions-focused,Professions-focused Undergraduate/Graduate-Master's Small,No research designation,"Lower Access, Medium Earnings",Small
203845,Marietta College,17,21,24,17,21,24,16,20,23,49,"Not required for admission, but considered if submitted (Test Optional)",314,9908063,No,NA,NA,38508,38508,NA,NA,NA,NA,NA,Private not-for-profit,79,13,538,485,26,235,32,838,1109,49,61,NA,NA,0,70,29,530,540,600,12,510,540,600,10,NA,38508,38508,Implied no,Yes,97,364,745,Mixed,Mixed Baccalaureate,No research designation,"Lower Access, Medium Earnings",Small
203881,Marion Technical College,NA,NA,NA,NA,NA,NA,NA,NA,NA,NA,NA,115,628181,No,20,NA,5970,10600,NA,NA,NA,12812,13026,Public,NA,NA,1410,1936,0,322,157,2536,3346,NA,NA,NA,NA,0,100,0,NA,NA,NA,NA,NA,NA,NA,14,12,5970,10600,Implied no,Yes,26,680,240,Professions-focused,Professions-focused Associate Small,No research designation,"Opportunity Colleges and Universities – Higher Access, Higher Earnings",Small
203960,Mercy College of Ohio,15,17,20,13,15,18,15,17,19,47,"Not required for admission, but considered if submitted (Test Optional)",33,366435,No,NA,NA,16500,16500,NA,NA,NA,NA,NA,Private not-for-profit,93,46,123,861,0,102,195,658,1096,16,56,NA,NA,0,78,22,380,470,500,18,410,470,510,5,21,16500,16500,Implied no,Yes,83,327,441,Special Focus: Nursing,Special Focus: Nursing,No research designation,"Opportunity Colleges and Universities – Higher Access, Higher Earnings",Small
204006,Miami University-Hamilton,NA,NA,NA,NA,NA,NA,NA,NA,NA,NA,NA,252,1301865,No,35,NA,6791,18707,NA,NA,NA,15398,15352,Public,NA,NA,1084,1354,92,558,213,1629,2480,12,24,NA,NA,1,84,16,NA,NA,NA,NA,NA,NA,NA,12,30,6360,18159,Yes,Yes,42,712,761,Professions-focused,Professions-focused Baccalaureate Small,No research designation,"Higher Access, Medium Earnings",Small
204015,Miami University-Middletown,NA,NA,NA,NA,NA,NA,NA,NA,NA,NA,NA,113,516250,No,35,NA,6791,18707,NA,NA,NA,15144,14890,Public,NA,NA,536,654,43,158,88,910,1190,20,30,NA,NA,1,99,1,NA,NA,NA,NA,NA,NA,NA,15,28,6360,18159,Yes,Yes,39,330,345,Professions-focused,Professions-focused Baccalaureate Small,No research designation,"Higher Access, Medium Earnings",Small
204024,Miami University-Oxford,25,28,30,24,28,32,25,27,30,24,"Not required for admission, but considered if submitted (Test Optional)",3655,50938713,No,50,30757,14928,37988,0.64,0.09,0.27,38757,38757,Public,75,14,8048,8768,422,4192,398,13871,18838,70,80,0.43,NA,1,64,35,610,660,700,8,610,650,690,16,14,14420,35866,Yes,Yes,86,2074,5477,Professions-focused,Professions-focused Undergraduate/Graduate-Master's Large/Medium,Research 2: High Spending and Doctorate Production,"Lower Access, Medium Earnings",Large
204185,University of Mount Union,18,21,25,15,20,23,17,21,25,55,"Not required for admission, but considered if submitted (Test Optional)",535,13694521,No,NA,NA,36100,36100,NA,NA,NA,NA,NA,Private not-for-profit,78,23,1093,1114,30,669,81,1723,2461,50,59,NA,12720,0,83,16,450,540,620,16,460,540,620,15,29,36100,36100,Implied no,Yes,92,536,1473,Professions-focused,Professions-focused Baccalaureate Small,No research designation,"Lower Access, Medium Earnings",Small
204194,Mount Vernon Nazarene University,18,22,25,17,21,25,18,22,25,29,"Not required for admission, but considered if submitted (Test Optional)",277,7447441,No,25,NA,36684,36684,NA,NA,NA,NA,NA,Private not-for-profit,84,29,554,805,4,303,61,1073,1671,56,68,NA,NA,4,86,10,518,620,670,5,528,570,645,13,NA,26719,26719,Implied no,Yes,73,494,818,Professions-focused,Professions-focused Undergraduate/Graduate-Master's Small,No research designation,"Lower Access, Medium Earnings",Small
204200,Mount St. Joseph University,20,25,28,21,24,28,18,23,26,17,"Not required for admission, but considered if submitted (Test Optional)",323,9449857,No,NA,NA,36950,36950,NA,NA,NA,NA,NA,Private not-for-profit,59,25,712,833,0,303,58,1181,2265,46,56,NA,NA,0,69,31,460,540,560,6,470,530,580,12,NA,36950,36950,Implied no,Implied no,73,441,790,Professions-focused,Professions-focused Undergraduate/Graduate-Doctorate Small,No research designation,"Higher Access, Medium Earnings",Small
204255,Zane State College,NA,NA,NA,NA,NA,NA,NA,NA,NA,NA,NA,118,616245,No,NA,NA,5970,11730,NA,NA,NA,13728,13935,Public,NA,NA,699,1070,0,261,65,1573,1769,NA,NA,NA,NA,0,100,0,NA,NA,NA,NA,NA,NA,NA,17,15,5970,11730,Implied no,Yes,32,296,183,Professions-focused,Professions-focused Associate Small,No research designation,"Higher Access, Medium Earnings",Small
204264,Muskingum University,17,19,22,15,19,22,16,19,23,66,"Not required for admission, but considered if submitted (Test Optional)",373,9308357,No,0,NA,31550,31550,NA,NA,NA,NA,NA,Private not-for-profit,82,17,703,820,20,353,86,1154,1751,47,56,NA,NA,0,83,17,450,490,545,10,460,510,560,14,NA,30894,30894,Implied no,Yes,86,596,1234,Professions-focused,Professions-focused Baccalaureate Small,No research designation,"Higher Access, Medium Earnings",Small
204422,North Central State College,NA,NA,NA,NA,NA,NA,NA,NA,NA,NA,NA,154,868813,No,NA,NA,4310,8621,NA,NA,NA,9671,10118,Public,NA,NA,966,1587,7,386,69,2066,2553,NA,NA,NA,NA,0,100,0,NA,NA,NA,NA,NA,NA,NA,17,19,5388,10766,Implied no,Implied no,35,533,360,Professions-focused,Professions-focused Associate Small,No research designation,"Higher Access, Medium Earnings",Small
204486,University of Northwestern Ohio,NA,NA,NA,NA,NA,NA,NA,NA,NA,NA,NA,679,3616946,No,20,NA,12600,12600,NA,NA,NA,NA,NA,Private not-for-profit,NA,NA,2052,443,117,842,142,1964,2525,25,32,NA,NA,5,31,64,NA,NA,NA,NA,NA,NA,NA,24,6,12020,12020,Implied no,Yes,63,873,1501,Special Focus: Applied and Career Studies,Special Focus: Applied and Career Studies,No research designation,"Lower Access, Higher Earnings",Small
204501,Oberlin College,31,32,34,33,35,36,27,30,33,17,"Not required for admission, but considered if submitted (Test Optional)",773,27658131,No,NA,26565,66410,66410,0.22,0.004,0.78,NA,NA,Private not-for-profit,34,19,1185,1711,278,700,28,1762,2909,60,81,0.45,NA,0,6,82,660,710,760,32,700,740,760,9,NA,66410,66410,Implied no,Yes,97,286,920,Special Focus: Arts and Sciences,Special Focus: Arts and Sciences,No research designation,"Lower Access, Medium Earnings",Small
204617,Ohio Dominican University,NA,NA,NA,NA,NA,NA,NA,NA,NA,1,"Not required for admission, but considered if submitted (Test Optional)",233,6242069,No,NA,NA,35110,35110,NA,NA,NA,NA,NA,Private not-for-profit,94,11,419,424,41,208,47,411,1209,33,41,NA,NA,2,93,5,NA,NA,NA,0,NA,NA,NA,12,11,35110,35110,Implied no,Yes,84,330,506,Professions-focused,Professions-focused Undergraduate/Graduate-Master's Small,No research designation,"Higher Access, Medium Earnings",Small
204635,Ohio Northern University,24,26,29,22,25,29,24,26,29,41,"Not required for admission, but considered if submitted (Test Optional)",571,15814579,No,NA,NA,38250,38250,NA,NA,NA,NA,NA,Private not-for-profit,74,20,1477,1229,47,686,51,2188,3140,59,72,NA,NA,1,85,13,590,630,710,9,585,630,690,13,NA,38250,38250,Implied no,Yes,90,534,1415,Mixed,Mixed Undergraduate/Graduate-Doctorate Small,No research designation,"Lower Access, Higher Earnings",Small
204705,Ohio State University-Newark Campus,NA,NA,NA,NA,NA,NA,NA,NA,NA,NA,NA,911,7099852,No,60,NA,9205,35983,NA,NA,NA,21946,22063,Public,NA,NA,1283,1260,6,1520,108,1370,2544,1,3,NA,12358,0,99,1,NA,NA,NA,NA,NA,NA,NA,29,47,9205,35983,Yes,Yes,64,950,803,Mixed,Mixed Associate/Baccalaureate,No research designation,"Opportunity Colleges and Universities – Higher Access, Higher Earnings",Small
204796,Ohio State University-Main Campus,28,30,32,27,31,34,26,29,32,31,"Not required for admission, but considered if submitted (Test Optional)",5613,73814087,No,60,NA,12180,38958,NA,NA,NA,30409,30305,Public,61,22,23142,23673,3564,9607,3401,27832,61443,72,88,NA,14738,9,64,28,670,720,760,17,640,680,720,16,7,12180,38958,Yes,Yes,62,9209,13156,Mixed,Mixed Undergraduate/Graduate-Doctorate Large,Research 1: Very High Spending and Doctorate Production,"Lower Access, Higher Earnings",Very Large
204802,Ohio University-Eastern Campus,NA,NA,NA,NA,NA,NA,NA,NA,NA,NA,NA,88,520458,No,20,NA,6362,9444,NA,NA,NA,10689,10777,Public,NA,NA,428,807,1,74,21,1070,1235,13,20,NA,NA,0,99,1,NA,NA,NA,NA,NA,NA,NA,15,25,6362,9444,Yes,Yes,18,113,83,Mixed,Mixed Baccalaureate,No research designation,"Lower Access, Medium Earnings",Small
204820,Ohio University-Chillicothe Campus,NA,NA,NA,NA,NA,NA,NA,NA,NA,NA,NA,164,842184,No,20,NA,6362,9444,NA,NA,NA,11167,11356,Public,NA,NA,736,1434,11,204,41,1854,2170,9,12,NA,NA,0,97,3,NA,NA,NA,NA,NA,NA,NA,17,17,6362,9444,Yes,Yes,25,308,356,Professions-focused,Professions-focused Associate/Baccalaureate,No research designation,"Opportunity Colleges and Universities – Higher Access, Higher Earnings",Small
204839,Ohio University-Southern Campus,NA,NA,NA,NA,NA,NA,NA,NA,NA,NA,NA,106,571134,No,20,NA,6362,9444,NA,NA,NA,11253,11607,Public,NA,NA,584,1132,3,108,38,1443,1716,14,16,NA,NA,0,75,25,NA,NA,NA,NA,NA,NA,NA,13,26,6362,9444,Yes,Yes,20,212,201,Special Focus: Nursing,Special Focus: Nursing,No research designation,"Opportunity Colleges and Universities – Higher Access, Higher Earnings",Small
204848,Ohio University-Lancaster Campus,NA,NA,NA,NA,NA,NA,NA,NA,NA,NA,NA,178,887001,No,20,22891,6362,9444,0.05,0,0.95,10820,10984,Public,NA,NA,761,1366,11,193,30,1820,2127,5,11,0.47,NA,0,99,1,NA,NA,NA,NA,NA,NA,NA,16,24,6362,9444,Yes,Yes,20,233,232,Professions-focused,Professions-focused Associate/Baccalaureate,No research designation,"Lower Access, Medium Earnings",Medium
204857,Ohio University-Main Campus,22,25,28,21,24,27,20,24,27,32,"Not required for admission, but considered if submitted (Test Optional)",4293,40450452,No,50,NA,14158,24838,NA,NA,NA,30588,30586,Public,85,19,7802,12642,220,4484,1094,16623,26323,50,65,NA,NA,1,85,14,540,590,640,12,550,600,650,18,20,14158,24838,Yes,Yes,68,4052,9079,Professions-focused,Professions-focused Undergraduate/Graduate-Doctorate Large,Research 1: Very High Spending and Doctorate Production,"Opportunity Colleges and Universities – Higher Access, Higher Earnings",Large
204866,Ohio University-Zanesville Campus,NA,NA,NA,NA,NA,NA,NA,NA,NA,NA,NA,109,540971,No,20,NA,6362,9444,NA,NA,NA,10920,11041,Public,NA,NA,623,1386,7,139,52,1707,2009,17,20,NA,NA,0,100,0,NA,NA,NA,NA,NA,NA,NA,13,27,6362,9444,Yes,Yes,20,234,245,Special Focus: Nursing,Special Focus: Nursing,No research designation,"Opportunity Colleges and Universities – Higher Access, Higher Earnings",Small
204909,Ohio Wesleyan University,NA,NA,NA,NA,NA,NA,NA,NA,NA,NA,"Not considered for admission, even if submitted (Test Blind)",428,19465897,No,NA,35019,53264,53264,0.47,0,0.53,NA,NA,Private not-for-profit,56,13,667,858,85,432,39,1085,1525,51,59,0.73,NA,5,71,24,NA,NA,NA,NA,NA,NA,NA,12,27,53624,53624,Implied no,Yes,99,409,901,Special Focus: Arts and Sciences,Special Focus: Arts and Sciences,No research designation,"Lower Access, Medium Earnings",Small
204936,Otterbein University,22,25,28,21,24,28,21,24,27,25,"Not required for admission, but considered if submitted (Test Optional)",519,14492049,No,NA,NA,35024,35024,NA,NA,NA,NA,NA,Private not-for-profit,85,18,875,1336,16,586,98,1517,2332,57,68,NA,NA,0,86,14,NA,NA,NA,0,NA,NA,NA,12,19,35024,35024,Implied no,Yes,95,649,1126,Professions-focused,Professions-focused Baccalaureate Small,No research designation,"Higher Access, Medium Earnings",Small
205203,University of Rio Grande,NA,NA,NA,NA,NA,NA,NA,NA,NA,NA,NA,160,1425654,No,NA,NA,19600,19600,NA,NA,NA,NA,NA,Private not-for-profit,NA,NA,844,1193,217,459,103,1392,2258,25,36,NA,10800,7,75,14,NA,NA,NA,NA,NA,NA,NA,20,21,19600,19600,Implied no,Yes,57,666,1077,Special Focus: Other Health Professions,Special Focus: Other Health Professions,No research designation,"Higher Access, Medium Earnings",Small
205443,Shawnee State University,NA,NA,NA,NA,NA,NA,NA,NA,NA,NA,NA,536,4191764,No,NA,NA,10626,17358,NA,NA,NA,21744,21974,Public,NA,NA,1256,1738,59,531,134,1628,3231,37,54,NA,NA,2,87,11,NA,NA,NA,NA,NA,NA,NA,12,22,9448,16032,Yes,Yes,82,1150,1151,Professions-focused,Professions-focused Baccalaureate Small,No research designation,"Opportunity Colleges and Universities – Higher Access, Higher Earnings",Small
205470,Sinclair Community College,NA,NA,NA,NA,NA,NA,NA,NA,NA,NA,NA,874,4214360,No,NA,NA,4129,7876,NA,NA,NA,10591,11003,Public,NA,NA,8364,11051,461,3391,1566,12270,19415,NA,NA,NA,NA,4,95,0,NA,NA,NA,NA,NA,NA,NA,16,16,4129,7876,Implied no,Yes,58,5415,3670,Professions-focused,Professions-focused Associate Large/Medium,No research designation,"Higher Access, Medium Earnings",Large
205957,Franciscan University of Steubenville,22,25,29,22,25,32,20,24,27,21,"Not required for admission, but considered if submitted (Test Optional)",648,13946567,No,NA,NA,33500,33500,NA,NA,NA,NA,NA,Private not-for-profit,58,42,1502,1717,53,723,145,2186,3976,65,75,NA,NA,2,19,80,520,590,650,29,590,630,700,17,16,33500,33500,Implied no,Yes,88,686,1564,Professions-focused,Professions-focused Undergraduate/Graduate-Master's Large/Medium,No research designation,"Lower Access, Medium Earnings",Medium
206048,Tiffin University,15,18,21,14,17,21,16,17,21,50,"Not required for admission, but considered if submitted (Test Optional)",473,10356024,No,75,NA,32790,32790,NA,NA,NA,NA,NA,Private not-for-profit,80,11,1286,1556,116,517,167,1104,3831,32,40,NA,NA,4,69,27,440,500,555,21,470,500,555,22,33,32790,32790,Implied no,Yes,62,840,1338,Professions-focused,Professions-focused Undergraduate/Graduate-Master's Large/Medium,No research designation,"Higher Access, Lower Earnings",Medium
206084,University of Toledo,23,26,29,21,24,28,22,25,28,24,"Not required for admission, but considered if submitted (Test Optional)",1784,16415259,No,40,NA,10593,19953,NA,NA,NA,26432,26512,Public,92,19,5272,5741,885,1917,656,7195,14358,36,58,NA,NA,7,76,17,550,600,650,10,550,600,650,18,NA,10102,19462,Yes,Yes,71,3145,4160,Professions-focused,Professions-focused Undergraduate/Graduate-Doctorate Medium,Research 1: Very High Spending and Doctorate Production,"Lower Access, Medium Earnings",Medium
206437,Walsh University,20,24,27,18,21,25,17,23,26,20,"Not required for admission, but considered if submitted (Test Optional)",332,7949943,No,NA,NA,34230,34230,NA,NA,NA,NA,NA,Private not-for-profit,71,19,792,731,127,379,163,782,2192,55,58,NA,NA,7,78,15,530,610,650,4,510,600,630,14,NA,31515,31515,Implied no,Yes,82,403,769,Professions-focused,Professions-focused Undergraduate/Graduate-Doctorate Small,No research designation,"Lower Access, Higher Earnings",Small
206446,Washington State Community College,NA,NA,NA,NA,NA,NA,NA,NA,NA,NA,NA,81,425907,No,NA,NA,4128,4152,NA,NA,NA,12533,12847,Public,NA,NA,700,1325,0,328,68,1782,2025,NA,NA,NA,NA,0,84,16,NA,NA,NA,NA,NA,NA,NA,14,15,4128,4152,Implied no,Yes,37,467,355,Professions-focused,Professions-focused Associate Small,No research designation,"Higher Access, Medium Earnings",Small
206507,Wilmington College,16,19,23,13,18,22,16,18,22,58,"Not required for admission, but considered if submitted (Test Optional)",262,4418862,No,NA,41198,30732,30732,0.14,0,0.86,NA,NA,Private not-for-profit,92,20,473,533,20,292,132,713,1040,38,47,0.53,NA,2,84,14,400,590,610,4,450,580,610,12,NA,30732,30732,Implied no,Yes,98,359,703,Professions-focused,Professions-focused Baccalaureate Small,No research designation,"Higher Access, Medium Earnings",Small
206525,Wittenberg University,21,24,28,20,23,27,19,24,26,23,"Not required for admission, but considered if submitted (Test Optional)",382,13200500,No,NA,NA,44966,44966,NA,NA,NA,NA,NA,Private not-for-profit,72,12,638,589,11,381,85,853,1285,48,53,NA,NA,0,74,25,480,580,625,9,500,570,650,12,30,44966,44966,Implied no,Yes,98,449,1100,Special Focus: Arts and Sciences,Special Focus: Arts and Sciences,No research designation,"Higher Access, Medium Earnings",Small
206589,The College of Wooster,27,30,33,26,30,34,25,27,30,22,"Not required for admission, but considered if submitted (Test Optional)",452,21547723,No,NA,31730,61120,61120,0.36,0.002,0.64,NA,NA,Private not-for-profit,60,11,819,919,246,372,26,1060,1738,63,74,0.51,NA,12,41,47,590,650,720,25,630,680,740,10,NA,61120,61120,Implied no,Yes,98,392,838,Special Focus: Arts and Sciences,Special Focus: Arts and Sciences,No research designation,"Lower Access, Medium Earnings",Small
206604,Wright State University-Main Campus,NA,NA,NA,NA,NA,NA,NA,NA,NA,NA,"Not considered for admission, even if submitted (Test Blind)",1304,11659926,No,NA,NA,11472,21172,NA,NA,NA,23903,24373,Public,96,20,3353,4152,405,1740,680,5117,10603,28,42,NA,NA,14,82,4,NA,NA,NA,NA,NA,NA,NA,16,NA,10941,20641,Yes,Yes,76,2416,2927,Mixed,Mixed Undergraduate/Graduate-Doctorate Medium,Research 2: High Spending and Doctorate Production,"Higher Access, Medium Earnings",Medium
206613,Wright State University-Lake Campus,NA,NA,NA,NA,NA,NA,NA,NA,NA,NA,NA,190,846492,No,NA,NA,7678,17378,NA,NA,NA,15385,16340,Public,NA,NA,552,804,3,278,113,1220,1356,29,35,NA,NA,0,95,4,NA,NA,NA,NA,NA,NA,NA,13,NA,7322,17022,Yes,Yes,75,296,333,Professions-focused,Professions-focused Baccalaureate Small,No research designation,"Higher Access, Lower Earnings",Small
206622,Xavier University,22,25,29,21,25,31,20,25,28,28,"Not required for admission, but considered if submitted (Test Optional)",1225,39307696,No,NA,NA,50410,50410,NA,NA,NA,NA,NA,Private not-for-profit,86,7,1909,2330,71,927,237,3070,5501,59,68,NA,NA,2,45,53,550,600,650,13,553,610,660,10,NA,49195,49195,Implied no,Yes,94,774,2500,Professions-focused,Professions-focused Undergraduate/Graduate-Doctorate Medium,No research designation,"Lower Access, Higher Earnings",Medium
206695,Youngstown State University,19,22,25,18,21,24,18,22,26,50,"Not required for admission, but considered if submitted (Test Optional)",1429,12032514,No,45,NA,11045,11405,NA,NA,NA,21695,21708,Public,84,29,4167,5233,926,1827,859,6246,12204,30,50,NA,10920,26,63,11,500,560,610,10,510,560,620,20,19,9790,10150,Yes,Yes,73,2822,3254,Professions-focused,Professions-focused Undergraduate/Graduate-Doctorate Medium,Research Colleges and Universities,"Lower Access, Medium Earnings",Medium
206862,Southern Nazarene University,NA,NA,NA,NA,NA,NA,NA,NA,NA,NA,NA,346,8018614,No,NA,NA,29400,29400,NA,NA,NA,NA,NA,Private not-for-profit,NA,NA,658,798,37,299,66,715,2198,48,49,NA,NA,4,61,36,NA,NA,NA,NA,NA,NA,NA,15,NA,29400,29400,Implied no,Yes,83,735,945,Professions-focused,Professions-focused Undergraduate/Graduate-Doctorate Small,No research designation,"Opportunity Colleges and Universities – Higher Access, Higher Earnings",Small
206914,Cameron University,NA,NA,NA,NA,NA,NA,NA,NA,NA,NA,NA,345,3267262,No,20,NA,5415,14835,NA,NA,NA,20052,19862,Public,NA,NA,1247,2060,66,501,287,1510,3696,23,38,NA,NA,2,91,7,NA,NA,NA,NA,NA,NA,NA,18,23,5415,14835,Yes,Yes,81,1258,845,Professions-focused,Professions-focused Baccalaureate Medium,No research designation,"Higher Access, Medium Earnings",Medium
206941,University of Central Oklahoma,18,21,24,17,21,24,16,18,23,83,Required to be considered for admission,1459,10435020,No,40,NA,7580,18466,NA,NA,NA,26218,26392,Public,78,43,4120,6657,349,1968,1049,5591,12554,17,37,NA,NA,4,90,5,NA,NA,NA,0,NA,NA,NA,18,28,7580,18466,Yes,Yes,79,3814,3468,Professions-focused,Professions-focused Undergraduate/Graduate-Master's Large/Medium,Research Colleges and Universities,"Higher Access, Medium Earnings",Medium
207041,East Central University,17,20,24,16,20,24,16,18,22,60,"Not required for admission, but considered if submitted (Test Optional)",328,3035687,No,20,NA,6300,16110,NA,NA,NA,18486,18459,Public,58,42,1060,1584,197,529,329,1263,3377,23,34,NA,NA,1,81,12,440,510,560,3,460,530,560,18,21,6300,16110,Yes,Yes,85,1028,884,Professions-focused,Professions-focused Undergraduate/Graduate-Master's Large/Medium,No research designation,"Higher Access, Medium Earnings",Medium
207209,Langston University,NA,NA,NA,NA,NA,NA,NA,NA,NA,NA,NA,338,3812436,No,NA,NA,4653,12406,NA,NA,NA,20963,21394,Public,NA,NA,743,999,97,565,121,52,1937,26,32,NA,NA,7,74,1,NA,NA,NA,NA,NA,NA,NA,17,12,4653,12406,Implied no,Yes,88,1182,1047,Professions-focused,Professions-focused Baccalaureate Small,Research Colleges and Universities,"Higher Access, Medium Earnings",Small
207236,Murray State College,NA,NA,NA,NA,NA,NA,NA,NA,NA,NA,NA,152,1079775,No,NA,NA,4830,9030,NA,NA,NA,20726,20726,Public,NA,NA,919,2030,68,301,89,1505,2949,NA,NA,NA,NA,1,80,11,NA,NA,NA,NA,NA,NA,NA,18,14,4830,9030,Implied no,Yes,88,622,1061,Professions-focused,Professions-focused Associate Small,No research designation,"Opportunity Colleges and Universities – Higher Access, Higher Earnings",Small
207263,Northeastern State University,18,20,23,16,20,23,16,18,22,73,"Not required for admission, but considered if submitted (Test Optional)",532,4731025,No,25,NA,6920,16400,NA,NA,NA,21298,21551,Public,100,39,1942,3169,189,671,811,2042,6751,21,35,NA,NA,2,88,8,428,505,543,4,438,525,593,16,19,6920,16400,Yes,Yes,72,2251,1797,Professions-focused,Professions-focused Undergraduate/Graduate-Doctorate Medium,No research designation,"Opportunity Colleges and Universities – Higher Access, Higher Earnings",Medium
207306,Northwestern Oklahoma State University,16,19,21,15,18,21,15,17,19,100,Required to be considered for admission,320,2883669,No,NA,NA,5448,11142,NA,NA,NA,18612,18672,Public,65,39,736,1051,28,348,209,1122,2079,22,30,NA,NA,1,73,26,383,450,518,18,420,460,518,15,18,5448,11142,Implied no,Implied no,93,714,642,Professions-focused,Professions-focused Baccalaureate Small,No research designation,"Higher Access, Medium Earnings",Small
207324,Oklahoma Christian University,19,22,26,20,23,27,17,22,26,59,"Not required for admission, but considered if submitted (Test Optional)",312,5192048,No,25,NA,25800,25800,NA,NA,NA,NA,NA,Private not-for-profit,97,36,935,1163,0,413,168,1322,2851,44,56,NA,NA,6,60,34,510,570,630,19,500,560,640,19,15,25800,25800,Implied no,Yes,88,637,867,Mixed,Mixed Undergraduate/Graduate-Master's Small,No research designation,"Lower Access, Medium Earnings",Small
207342,University of Oklahoma-Health Sciences Center,NA,NA,NA,NA,NA,NA,NA,NA,NA,NA,NA,NA,NA,Not applicable,50,NA,NA,NA,NA,NA,NA,NA,NA,Public,NA,NA,151,1063,10,0,665,692,3680,NA,NA,NA,NA,NA,NA,NA,NA,NA,NA,NA,NA,NA,NA,8,NA,5539,23328,Yes,Yes,39,327,597,Special Focus: Medical Schools and Centers,Special Focus: Medical Schools and Centers,Research 2: High Spending and Doctorate Production,Not Classified in SAEC,Small
207351,Oklahoma Panhandle State University,NA,NA,NA,NA,NA,NA,NA,NA,NA,NA,NA,157,1205770,No,NA,NA,4128,4711,NA,NA,NA,14985,15055,Public,NA,NA,452,569,65,159,245,478,1021,17,20,NA,NA,7,49,40,NA,NA,NA,NA,NA,NA,NA,17,36,4128,4711,Yes,Yes,73,511,681,Professions-focused,Professions-focused Baccalaureate Small,No research designation,"Higher Access, Medium Earnings",Small
207388,Oklahoma State University-Main Campus,20,23,27,19,22,26,18,22,26,65,"Not required for admission, but considered if submitted (Test Optional)",4269,44195030,No,50,NA,5417,20937,NA,NA,NA,28296,28290,Public,75,27,10552,11812,334,5030,1586,14691,27278,52,68,NA,NA,1,59,39,510,570,620,20,530,580,630,19,10,5417,20937,Yes,Yes,87,5970,7935,Professions-focused,Professions-focused Undergraduate/Graduate-Doctorate Large,Research 1: Very High Spending and Doctorate Production,"Lower Access, Higher Earnings",Large
207397,Oklahoma State University-Oklahoma City,NA,NA,NA,NA,NA,NA,NA,NA,NA,NA,NA,198,1129635,No,NA,NA,3119,8904,NA,NA,NA,12840,12881,Public,NA,NA,1387,2572,47,764,474,2019,3959,NA,NA,NA,NA,0,98,2,NA,NA,NA,NA,NA,NA,NA,17,35,3119,8904,Yes,Yes,37,1309,807,Professions-focused,Professions-focused Associate Large/Medium,No research designation,"Higher Access, Medium Earnings",Medium
207403,Oklahoma Baptist University,17,18,19,16,17,19,16,16,17,57,"Not required for admission, but considered if submitted (Test Optional)",427,10630728,No,NA,NA,31700,31700,NA,NA,NA,NA,NA,Private not-for-profit,49,21,657,770,13,374,68,831,1569,43,52,NA,NA,1,69,30,530,560,610,21,540,580,630,16,33,31700,31700,Implied no,Yes,90,245,326,Professions-focused,Professions-focused Baccalaureate Small,No research designation,"Lower Access, Medium Earnings",Small
207458,Oklahoma City University,21,24,27,18,22,25,21,24,29,50,"Not required for admission, but considered if submitted (Test Optional)",374,8712129,No,55,NA,30698,30698,NA,NA,NA,NA,NA,Private not-for-profit,77,20,512,1002,75,335,255,922,2966,57,65,NA,NA,0,43,54,510,560,610,33,540,600,650,11,9,29804,29804,Yes,Yes,94,346,649,Mixed,Mixed Undergraduate/Graduate-Doctorate Small,No research designation,"Lower Access, Higher Earnings",Small
207500,University of Oklahoma-Norman Campus,23,26,29,22,26,30,21,24,27,40,"Not required for admission, but considered if submitted (Test Optional)",4447,50501911,No,50,NA,5220,22800,NA,NA,NA,28895,28872,Public,77,29,11141,12188,715,5593,1162,12834,30851,58,75,NA,NA,2,48,50,560,613,660,23,580,625,670,18,NA,5220,22800,Yes,Yes,87,5500,7117,Mixed,Mixed Undergraduate/Graduate-Doctorate Large,Research 1: Very High Spending and Doctorate Production,"Lower Access, Higher Earnings",Large
207564,Oklahoma State University Institute of Technology,NA,NA,NA,NA,NA,NA,NA,NA,NA,NA,NA,597,3955682,No,NA,NA,4574,10184,NA,NA,NA,17152,17256,Public,NA,NA,1498,898,18,617,220,1220,2396,NA,NA,NA,NA,1,89,10,NA,NA,NA,NA,NA,NA,NA,16,10,4574,10184,Implied no,Yes,90,1035,819,Professions-focused,Professions-focused Associate/Baccalaureate,No research designation,"Opportunity Colleges and Universities – Higher Access, Higher Earnings",Small
207582,Oral Roberts University,22,24,28,22,24,31,20,22,25,7,"Not required for admission, but considered if submitted (Test Optional)",721,17436742,No,35,NA,33800,33800,NA,NA,NA,NA,NA,Private not-for-profit,99,19,2176,2841,803,935,261,1820,5936,49,57,NA,NA,22,33,45,540,580,650,11,580,620,660,18,24,33800,33800,Implied no,Yes,69,1287,1899,Professions-focused,Professions-focused Baccalaureate Medium,No research designation,"Higher Access, Medium Earnings",Medium
207661,Rogers State University,NA,NA,NA,NA,NA,NA,NA,NA,NA,NA,NA,263,1851480,No,NA,NA,4840,13500,NA,NA,NA,21064,21064,Public,NA,NA,1227,1908,62,480,360,1637,3272,19,31,NA,NA,0,89,3,NA,NA,NA,NA,NA,NA,NA,18,21,4840,13500,Yes,Yes,59,1242,1132,Professions-focused,Professions-focused Baccalaureate Small,No research designation,"Higher Access, Medium Earnings",Small
207670,Rose State College,NA,NA,NA,NA,NA,NA,NA,NA,NA,NA,NA,698,4348072,No,NA,NA,3778,10155,NA,NA,NA,17938,18655,Public,NA,NA,2575,5183,1,1362,233,3498,7758,NA,NA,NA,NA,1,98,2,NA,NA,NA,NA,NA,NA,NA,21,14,3778,10155,Implied no,Implied no,62,2123,939,Mixed,Mixed Associate Medium,No research designation,"Higher Access, Medium Earnings",Medium
207722,University of Science and Arts of Oklahoma,21,23,26,21,24,28,18,20,24,51,"Not required for admission, but considered if submitted (Test Optional)",263,3436772,No,NA,33546,6630,17820,0.3,0.01,0.69,20580,20662,Public,66,36,365,662,66,230,107,597,1027,31,44,0.3,NA,3,78,3,510,540,580,2,580,660,700,13,17,6630,17820,Yes,Yes,92,468,340,Special Focus: Arts and Sciences,Special Focus: Arts and Sciences,No research designation,"Higher Access, Medium Earnings",Small
207847,Southeastern Oklahoma State University,18,21,24,17,20,24,16,19,23,63,"Not required for admission, but considered if submitted (Test Optional)",419,4607387,No,30,NA,6840,16050,NA,NA,NA,18338,18594,Public,76,51,1354,1870,52,540,435,1712,5851,24,32,NA,NA,1,68,31,490,530,593,8,490,530,593,25,32,6600,15810,Implied no,Yes,78,1334,1008,Professions-focused,Professions-focused Undergraduate/Graduate-Master's Large/Medium,No research designation,"Higher Access, Medium Earnings",Medium
207865,Southwestern Oklahoma State University,NA,NA,NA,NA,NA,NA,NA,NA,NA,NA,NA,614,5468034,No,NA,NA,7143,7173,NA,NA,NA,23359,23334,Public,NA,NA,1625,2722,74,752,292,2630,5186,27,41,NA,NA,3,90,7,NA,NA,NA,NA,NA,NA,NA,19,17,7143,7173,Implied no,Yes,83,1554,1235,Professions-focused,Professions-focused Undergraduate/Graduate-Doctorate Medium,No research designation,"Higher Access, Medium Earnings",Medium
207971,University of Tulsa,25,30,34,25,32,35,25,29,34,52,"Not required for admission, but considered if submitted (Test Optional)",558,28998109,No,50,NA,48340,48340,NA,NA,NA,NA,NA,Private not-for-profit,62,23,1368,1484,151,733,165,1407,3914,60,72,NA,NA,4,52,44,613,700,770,23,610,710,760,10,NA,48340,48340,Implied no,Implied no,97,670,817,Mixed,Mixed Undergraduate/Graduate-Doctorate Medium,Research 2: High Spending and Doctorate Production,"Lower Access, Higher Earnings",Medium
208390,Chemeketa Community College,NA,NA,NA,NA,NA,NA,NA,NA,NA,NA,NA,982,6746300,No,NA,NA,4680,12375,NA,NA,NA,15038,16151,Public,NA,NA,3644,4454,16,1757,221,4102,8098,NA,NA,NA,NA,0,98,2,NA,NA,NA,NA,NA,NA,NA,22,18,4680,12375,Implied no,Yes,52,2621,1292,Mixed,Mixed Associate Medium,No research designation,"Higher Access, Medium Earnings",Medium
208646,Eastern Oregon University,NA,NA,NA,NA,NA,NA,NA,NA,NA,NA,"Not considered for admission, even if submitted (Test Blind)",240,2017031,No,50,NA,9045,23400,NA,NA,NA,26888,26718,Public,98,20,1021,1481,21,316,355,1675,2894,29,43,NA,NA,0,59,41,NA,NA,NA,NA,NA,NA,NA,14,27,9000,22545,Implied no,Yes,63,871,933,Professions-focused,Professions-focused Baccalaureate Medium,No research designation,"Higher Access, Medium Earnings",Medium
208822,George Fox University,20,24,29,19,22,28,19,24,27,4,"Not required for admission, but considered if submitted (Test Optional)",581,15425173,No,NA,NA,42030,42030,NA,NA,NA,NA,NA,Private not-for-profit,94,18,1411,1943,19,711,213,2246,4916,66,72,NA,NA,1,55,45,510,580,660,8,560,620,680,17,22,40600,40600,Implied no,Yes,78,704,1625,Professions-focused,Professions-focused Undergraduate/Graduate-Doctorate Medium,No research designation,"Higher Access, Medium Earnings",Medium
209038,Lane Community College,NA,NA,NA,NA,NA,NA,NA,NA,NA,NA,NA,729,6254332,No,NA,NA,5202,12078,NA,NA,NA,17844,18699,Public,NA,NA,3242,3568,123,1468,657,4342,6810,NA,NA,NA,NA,0,95,4,NA,NA,NA,NA,NA,NA,NA,16,18,5202,12078,Implied no,Implied no,45,2093,1102,Mixed,Mixed Associate Medium,No research designation,"Higher Access, Medium Earnings",Medium
209056,Lewis & Clark College,NA,NA,NA,NA,NA,NA,NA,NA,NA,NA,"Not considered for admission, even if submitted (Test Blind)",553,23237831,No,NA,28265,64394,64394,0.43,0.01,0.57,NA,NA,Private not-for-profit,78,10,796,1343,127,482,54,1340,3504,63,75,0.42,NA,8,19,73,NA,NA,NA,NA,NA,NA,NA,12,21,64394,64394,Implied no,Yes,98,445,1445,Mixed,Mixed Undergraduate/Graduate-Doctorate Small,Research Colleges and Universities,"Lower Access, Medium Earnings",Small
209065,Linfield University,NA,NA,NA,NA,NA,NA,NA,NA,NA,NA,"Not considered for admission, even if submitted (Test Blind)",345,12473904,No,NA,NA,49980,49980,NA,NA,NA,NA,NA,Private not-for-profit,85,17,586,1066,22,381,169,949,1709,55,70,NA,NA,1,62,36,NA,NA,NA,NA,NA,NA,NA,10,NA,50324,50324,Implied no,Yes,95,509,1408,Special Focus: Nursing,Special Focus: Nursing,No research designation,"Opportunity Colleges and Universities – Higher Access, Higher Earnings",Small
209250,Mt Hood Community College,NA,NA,NA,NA,NA,NA,NA,NA,NA,NA,NA,586,5963094,No,NA,NA,4464,9036,NA,NA,NA,19076,17462,Public,NA,NA,3453,3023,66,865,560,3121,6476,NA,NA,NA,NA,0,93,7,NA,NA,NA,NA,NA,NA,NA,20,11,4464,9036,Implied no,Yes,32,1501,825,Mixed,Mixed Associate Medium,No research designation,"Higher Access, Lower Earnings",Medium
209490,Oregon Health & Science University,NA,NA,NA,NA,NA,NA,NA,NA,NA,NA,NA,NA,NA,Not applicable,60,NA,NA,NA,NA,NA,NA,NA,NA,Public,NA,NA,154,682,7,0,362,522,2942,NA,NA,NA,NA,NA,NA,NA,NA,NA,NA,NA,NA,NA,NA,5,NA,15624,28656,Yes,Yes,62,228,445,Special Focus: Medical Schools and Centers,Special Focus: Medical Schools and Centers,Research 2: High Spending and Doctorate Production,Not Classified in SAEC,Small
209506,Oregon Institute of Technology,18,23,27,16,21,25,17,21,25,5,"Not required for admission, but considered if submitted (Test Optional)",382,3768198,No,50,NA,10964,34900,NA,NA,NA,27317,27524,Public,95,11,2463,2697,46,530,398,3247,5299,29,53,NA,NA,0,77,23,500,570,620,7,500,580,650,17,24,10964,34900,Implied no,Yes,39,883,1125,Professions-focused,Professions-focused Baccalaureate Medium,Research Colleges and Universities,"Lower Access, Higher Earnings",Medium
209542,Oregon State University,24,27,31,23,27,32,24,26,30,4,"Not required for admission, but considered if submitted (Test Optional)",3678,41303215,No,65,26345,11910,35700,0.52,0.21,0.27,31739,31653,Public,77,20,15869,15384,962,4778,2763,19714,37163,47,70,0.43,NA,3,55,42,560,640,700,10,580,650,700,18,16,11910,35700,Implied no,Yes,65,6832,9771,Mixed,Mixed Undergraduate/Graduate-Doctorate Large,Research 1: Very High Spending and Doctorate Production,"Lower Access, Higher Earnings",Large
209551,University of Oregon,23,27,30,22,26,31,20,25,27,5,"Not required for admission, but considered if submitted (Test Optional)",4203,40180434,No,65,28197,13404,41865,0.46,0.18,0.36,34838,34793,Public,88,14,9063,11559,287,5087,842,12474,24404,58,72,0.4,16611,1,48,51,550,620,670,8,580,640,690,19,17,12726,39922,Yes,Yes,70,4262,5847,Mixed,Mixed Undergraduate/Graduate-Doctorate Large,Research 1: Very High Spending and Doctorate Production,"Lower Access, Medium Earnings",Large
209612,Pacific University,18,20,29,16,21,27,18,19,26,5,"Not required for admission, but considered if submitted (Test Optional)",390,14484164,No,NA,NA,55036,55036,NA,NA,NA,NA,NA,Private not-for-profit,90,13,680,909,32,351,121,665,3427,55,67,NA,NA,1,42,56,420,550,610,5,480,580,630,10,NA,55036,55036,Implied no,Yes,91,448,1299,Mixed,Mixed Undergraduate/Graduate-Doctorate Medium,Research Colleges and Universities,"Higher Access, Medium Earnings",Medium
209807,Portland State University,NA,NA,NA,NA,NA,NA,NA,NA,NA,0,"Not required for admission, but considered if submitted (Test Optional)",1280,13604923,No,60,NA,9675,29070,NA,NA,NA,21320,21590,Public,91,18,6707,8707,431,1502,2031,6982,19951,34,53,NA,NA,2,78,20,NA,NA,NA,1,NA,NA,NA,17,24,9114,27132,Implied no,Yes,54,6641,5151,Mixed,Mixed Undergraduate/Graduate-Doctorate Large,Research 2: High Spending and Doctorate Production,"Higher Access, Medium Earnings",Large
209825,University of Portland,25,26,31,24,29,34,23,27,29,3,"Not required for admission, but considered if submitted (Test Optional)",726,30882370,No,NA,28145,56800,56800,0.55,0.003,0.45,NA,NA,Private not-for-profit,89,10,1053,1933,95,711,91,1126,3285,69,80,0.49,NA,2,35,63,580,650,700,6,580,640,670,9,17,56800,56800,Implied no,Yes,98,693,1211,Mixed,Mixed Baccalaureate,No research designation,"Lower Access, Higher Earnings",Medium
209922,Reed College,30,33,34,32,34,35,27,31,34,21,"Not required for admission, but considered if submitted (Test Optional)",202,11199975,No,NA,29615,69040,69040,0.22,0.01,0.77,NA,NA,Private not-for-profit,25,13,557,789,124,303,12,773,1358,57,71,0.47,NA,8,16,77,610,690,770,52,680,730,750,9,21,69040,69040,Implied no,Yes,55,210,572,Special Focus: Arts and Sciences,Special Focus: Arts and Sciences,Research Colleges and Universities,"Lower Access, Medium Earnings",Small
210146,Southern Oregon University,NA,NA,NA,NA,NA,NA,NA,NA,NA,NA,"Not considered for admission, even if submitted (Test Blind)",541,4754082,No,60,NA,10170,29295,NA,NA,NA,27075,27636,Public,89,29,1594,2641,36,527,292,1694,5113,21,43,NA,NA,0,61,35,NA,NA,NA,NA,NA,NA,NA,23,NA,10170,29295,Implied no,Implied no,48,1062,1202,Mixed,Mixed Undergraduate/Graduate-Master's Large/Medium,No research designation,"Higher Access, Medium Earnings",Medium
210331,Corban University,NA,NA,NA,NA,NA,NA,NA,NA,NA,NA,"Not considered for admission, even if submitted (Test Blind)",142,3509481,No,NA,NA,39030,39030,NA,NA,NA,NA,NA,Private not-for-profit,94,27,410,476,4,152,79,540,1029,54,61,NA,NA,16,53,24,NA,NA,NA,NA,NA,NA,NA,17,1,37172,37172,Implied no,Yes,70,229,316,Professions-focused,Professions-focused Undergraduate/Graduate-Master's Small,No research designation,"Higher Access, Medium Earnings",Small
210401,Willamette University,28,31,33,NA,NA,NA,NA,NA,NA,9,"Not required for admission, but considered if submitted (Test Optional)",504,19192147,No,NA,26664,50880,50880,0.25,0,0.75,NA,NA,Private not-for-profit,77,14,625,1036,56,421,52,1040,2180,62,71,0.55,NA,2,31,67,600,670,710,18,640,690,730,13,NA,50880,50880,Implied no,Yes,97,370,618,Mixed,Mixed Undergraduate/Graduate-Doctorate Small,No research designation,"Lower Access, Medium Earnings",Small
210429,Western Oregon University,NA,NA,NA,NA,NA,NA,NA,NA,NA,NA,"Not considered for admission, even if submitted (Test Blind)",586,6000990,No,NA,NA,9450,30105,NA,NA,NA,25024,25062,Public,98,19,1126,2041,20,559,382,1761,3722,29,47,NA,NA,1,84,14,NA,NA,NA,NA,NA,NA,NA,13,NA,9450,30105,Implied no,Implied no,90,1375,2467,Special Focus: Arts and Sciences,Special Focus: Arts and Sciences,No research designation,"Higher Access, Medium Earnings",Medium
210571,Albright College,NA,NA,NA,NA,NA,NA,NA,NA,NA,NA,"Not considered for admission, even if submitted (Test Blind)",343,7912749,No,NA,NA,27836,27836,NA,NA,NA,NA,NA,Private not-for-profit,76,7,576,654,34,323,68,542,1380,42,51,NA,NA,0,67,30,NA,NA,NA,NA,NA,NA,NA,11,NA,27836,27836,Implied no,Implied no,95,661,971,Special Focus: Arts and Sciences,Special Focus: Arts and Sciences,No research designation,"Higher Access, Medium Earnings",Small
210669,Allegheny College,25,29,30,25,28,32,22,26,28,8,"Not required for admission, but considered if submitted (Test Optional)",282,12686198,No,NA,43196,55860,55860,0.16,0,0.84,NA,NA,Private not-for-profit,55,10,567,604,69,326,23,804,1171,67,73,0.64,NA,7,53,40,563,610,668,25,610,640,690,8,NA,55860,55860,Implied no,Yes,98,351,694,Special Focus: Arts and Sciences,Special Focus: Arts and Sciences,No research designation,"Lower Access, Medium Earnings",Small
210739,DeSales University,27,28,28,26,27,29,25,27,28,1,"Not required for admission, but considered if submitted (Test Optional)",436,13476361,No,NA,NA,45000,45000,NA,NA,NA,NA,NA,Private not-for-profit,77,17,786,1380,4,510,129,1453,2972,64,72,NA,NA,0,70,30,540,580,620,25,550,600,640,12,18,45000,45000,Implied no,Yes,89,511,1372,Professions-focused,Professions-focused Undergraduate/Graduate-Doctorate Medium,No research designation,"Lower Access, Higher Earnings",Medium
210775,Alvernia University,NA,NA,NA,NA,NA,NA,NA,NA,NA,0,"Not required for admission, but considered if submitted (Test Optional)",413,11990939,No,NA,NA,43000,43000,NA,NA,NA,NA,NA,Private not-for-profit,58,13,776,1416,69,442,62,1337,2796,39,56,NA,NA,4,69,27,523,575,628,6,570,595,658,14,32,43000,43000,Implied no,Yes,87,743,1692,Special Focus: Other Health Professions,Special Focus: Other Health Professions,No research designation,"Opportunity Colleges and Universities – Higher Access, Higher Earnings",Small
210809,American College of Financial Services,NA,NA,NA,NA,NA,NA,NA,NA,NA,NA,NA,NA,NA,Not applicable,NA,NA,NA,NA,NA,NA,NA,NA,NA,Private not-for-profit,NA,NA,3826,1318,0,0,1023,2377,5514,NA,NA,NA,NA,NA,NA,NA,NA,NA,NA,NA,NA,NA,NA,67,NA,NA,NA,Implied no,Implied no,11,0,0,Not classified,Special Focus: Business,No research designation,Not Classified in SAEC,Medium
211088,Arcadia University,NA,NA,NA,NA,NA,NA,NA,NA,NA,0,"Not required for admission, but considered if submitted (Test Optional)",412,14298611,No,NA,NA,48760,48760,NA,NA,NA,NA,NA,Private not-for-profit,80,7,748,1282,98,602,142,1083,3404,59,67,NA,NA,0,64,36,515,580,615,9,550,610,650,10,25,48760,48760,Implied no,Yes,84,535,1162,Mixed,Mixed Undergraduate/Graduate-Doctorate Small,No research designation,"Higher Access, Medium Earnings",Small
211273,Bryn Mawr College,29,31,33,30,34,35,25,28,31,21,"Not required for admission, but considered if submitted (Test Optional)",259,12957567,Yes,NA,27434,64500,64500,0.22,0.02,0.76,NA,NA,Private not-for-profit,29,32,0,1360,178,380,6,690,1679,71,82,0.44,NA,13,10,76,620,680,760,50,660,710,750,8,10,64500,64500,Implied no,Yes,73,199,665,Special Focus: Arts and Sciences,Special Focus: Arts and Sciences,Research Colleges and Universities,"Lower Access, Higher Earnings",Small
211291,Bucknell University,30,32,33,31,33,35,27,29,32,10,"Not required for admission, but considered if submitted (Test Optional)",603,26974510,No,50,45610,67446,67446,0.46,0.01,0.53,NA,NA,Private not-for-profit,29,30,1875,2045,181,991,37,2860,3969,82,86,0.42,NA,4,19,77,660,700,740,29,650,700,730,9,7,67446,67446,Implied no,Implied no,60,476,1333,Special Focus: Arts and Sciences,Special Focus: Arts and Sciences,Research Colleges and Universities,"Lower Access, Higher Earnings",Small
211431,Carlow University,NA,NA,NA,NA,NA,NA,NA,NA,NA,3,"Not required for admission, but considered if submitted (Test Optional)",215,6070043,No,NA,NA,34546,34546,NA,NA,NA,NA,NA,Private not-for-profit,87,16,219,1136,13,173,213,891,2416,49,60,NA,NA,0,95,5,460,535,570,26,500,545,598,12,38,34546,34546,Implied no,Yes,84,578,931,Special Focus: Other Health Professions,Special Focus: Other Health Professions,No research designation,"Opportunity Colleges and Universities – Higher Access, Higher Earnings",Small
211440,Carnegie Mellon University,34,35,35,33,35,36,34,35,36,22,"Not required for admission, but considered if submitted (Test Optional)",877,42189626,No,75,31298,64596,64596,0.21,0.11,0.68,NA,NA,Private not-for-profit,12,46,3765,3612,1405,1808,59,1597,15888,81,94,0.29,NA,22,9,68,770,790,800,53,730,750,770,5,2,64596,64596,Implied no,Yes,48,1169,2447,"Special Focus: Technology, Engineering, and Sciences","Special Focus: Technology, Engineering, and Sciences",Research 1: Very High Spending and Doctorate Production,"Lower Access, Higher Earnings",Medium
211468,Cedar Crest College,NA,NA,NA,NA,NA,NA,NA,NA,NA,NA,"Not considered for admission, even if submitted (Test Blind)",154,5131702,No,NA,NA,45664,45664,NA,NA,NA,NA,NA,Private not-for-profit,84,14,74,796,55,155,100,395,1290,51,60,NA,NA,1,70,29,NA,NA,NA,NA,NA,NA,NA,9,29,45664,45664,Implied no,Yes,95,386,623,Professions-focused,Professions-focused Undergraduate/Graduate-Master's Small,No research designation,"Higher Access, Medium Earnings",Small
211556,Chatham University,21,26,30,21,26,32,21,23,26,8,"Not required for admission, but considered if submitted (Test Optional)",331,9961560,No,NA,NA,43518,43518,NA,NA,NA,NA,NA,Private not-for-profit,62,13,465,1085,38,272,100,951,2309,52,63,NA,NA,1,62,36,520,570,625,22,550,610,670,10,28,43518,43518,Implied no,Yes,82,328,797,Mixed,Mixed Undergraduate/Graduate-Doctorate Small,No research designation,"Lower Access, Medium Earnings",Small
211583,Chestnut Hill College,NA,NA,NA,NA,NA,NA,NA,NA,NA,NA,"Not considered for admission, even if submitted (Test Blind)",173,5119046,No,25,NA,39200,39200,NA,NA,NA,NA,NA,Private not-for-profit,74,7,376,492,25,162,85,256,1288,35,49,NA,12600,6,57,37,NA,NA,NA,NA,NA,NA,NA,10,NA,39200,39200,Implied no,Yes,96,464,699,Professions-focused,Professions-focused Undergraduate/Graduate-Master's Small,No research designation,"Higher Access, Medium Earnings",Small
211981,Delaware Valley University,23,27,30,22,26,31,19,24,26,10,"Not required for admission, but considered if submitted (Test Optional)",483,14921708,No,NA,NA,42140,42140,NA,NA,NA,NA,NA,Private not-for-profit,93,20,666,1102,6,428,101,1153,2199,45,56,NA,NA,0,53,47,530,580,640,63,560,610,663,14,30,42140,42140,Implied no,Yes,90,526,1311,Professions-focused,Professions-focused Baccalaureate Small,No research designation,"Higher Access, Medium Earnings",Small
212009,Dickinson College,30,32,33,25,28,30,30,33,35,5,"Not required for admission, but considered if submitted (Test Optional)",506,22506143,No,NA,28899,65100,65100,0.35,0,0.65,NA,NA,Private not-for-profit,42,21,923,1388,296,646,9,1527,2314,68,80,0.58,NA,7,26,67,640,680,720,23,670,700,740,11,NA,65100,65100,Implied no,Yes,93,281,849,Special Focus: Arts and Sciences,Special Focus: Arts and Sciences,No research designation,"Lower Access, Higher Earnings",Small
212054,Drexel University,27,30,32,26,31,34,26,27,31,5,"Not required for admission, but considered if submitted (Test Optional)",2844,99684965,No,50,39000,60042,60042,0.49,0.09,0.42,NA,NA,Private not-for-profit,79,8,6758,6551,1203,2399,709,5373,21153,30,78,0.62,NA,9,46,44,620,680,740,34,620,660,700,9,NA,60042,60042,Implied no,Yes,92,3636,6702,Professions-focused,Professions-focused Undergraduate/Graduate-Doctorate Large,Research 1: Very High Spending and Doctorate Production,"Lower Access, Higher Earnings",Large
212106,Duquesne University,26,29,32,25,30,33,25,28,30,4,"Not required for admission, but considered if submitted (Test Optional)",1473,43968603,No,NA,57640,48986,48986,0.48,0.09,0.44,NA,NA,Private not-for-profit,84,13,2017,3354,168,1441,208,4132,8234,67,77,0.66,NA,1,73,25,580,620,670,20,600,640,670,12,NA,48986,48986,Implied no,Yes,98,1058,3524,Professions-focused,Professions-focused Undergraduate/Graduate-Doctorate Medium,Research 2: High Spending and Doctorate Production,"Lower Access, Higher Earnings",Medium
212115,East Stroudsburg University of Pennsylvania,22,23,23,20,21,24,20,22,24,1,"Not required for admission, but considered if submitted (Test Optional)",1310,11653357,No,25,NA,7716,15432,NA,NA,NA,27741,27917,Public,92,19,2206,2685,38,1386,384,2524,5633,29,43,NA,NA,1,80,19,500,540,590,11,500,540,590,21,28,7716,15432,Implied no,Yes,81,1949,2681,Professions-focused,Professions-focused Undergraduate/Graduate-Master's Large/Medium,Research Colleges and Universities,"Higher Access, Medium Earnings",Medium
212133,Eastern University,NA,NA,NA,NA,NA,NA,NA,NA,NA,0,"Not required for admission, but considered if submitted (Test Optional)",446,11969911,No,NA,NA,37680,37680,NA,NA,NA,NA,NA,Private not-for-profit,91,21,915,1585,109,591,539,986,8727,50,60,NA,NA,0,62,38,NA,NA,NA,1,NA,NA,NA,21,11,37680,37680,Implied no,Yes,91,867,1184,Professions-focused,Professions-focused Undergraduate/Graduate-Master's Large/Medium,No research designation,"Higher Access, Medium Earnings",Medium
212197,Elizabethtown College,26,27,31,23,26,31,23,29,31,1,"Not required for admission, but considered if submitted (Test Optional)",523,12062322,No,NA,48658,37250,37250,0.45,0.01,0.54,NA,NA,Private not-for-profit,78,18,792,1111,37,498,69,1581,2283,69,76,0.75,NA,2,70,28,545,600,650,30,560,600,660,13,NA,37250,37250,Implied no,Yes,96,387,1209,Mixed,Mixed Baccalaureate,No research designation,"Lower Access, Medium Earnings",Small
212577,Franklin and Marshall College,30,32,33,31,33,35,28,30,32,9,"Not required for admission, but considered if submitted (Test Optional)",444,18604014,No,62,32863,70566,70566,0.36,0.01,0.63,NA,NA,Private not-for-profit,28,17,877,931,306,477,6,1068,1808,76,84,0.6,NA,17,29,55,650,680,733,25,660,695,730,9,11,70566,70566,Implied no,Yes,71,302,850,Special Focus: Arts and Sciences,Special Focus: Arts and Sciences,Research Colleges and Universities,"Lower Access, Higher Earnings",Small
212601,Gannon University,NA,NA,NA,NA,NA,NA,NA,NA,NA,NA,"Not considered for admission, even if submitted (Test Blind)",520,15495381,No,NA,NA,39270,39270,NA,NA,NA,NA,NA,Private not-for-profit,74,11,1176,1592,435,554,97,1685,4189,53,67,NA,NA,22,53,25,NA,NA,NA,NA,NA,NA,NA,11,19,39270,39270,Implied no,Yes,75,696,1882,Professions-focused,Professions-focused Undergraduate/Graduate-Doctorate Medium,No research designation,"Lower Access, Medium Earnings",Medium
212656,Geneva College,NA,NA,NA,NA,NA,NA,NA,NA,NA,NA,NA,253,5543973,No,45,NA,32080,32080,NA,NA,NA,NA,NA,Private not-for-profit,NA,NA,657,603,28,376,34,921,1366,58,61,NA,NA,0,70,28,NA,NA,NA,NA,NA,NA,NA,15,NA,32080,32080,Yes,Yes,86,359,894,Mixed,Mixed Baccalaureate,No research designation,"Lower Access, Medium Earnings",Small
212674,Gettysburg College,29,31,32,28,32,34,26,27,29,8,"Not required for admission, but considered if submitted (Test Optional)",588,28924567,No,60,36569,66640,66640,0.4,0.002,0.6,NA,NA,Private not-for-profit,39,16,1070,1034,291,508,12,1302,2812,75,83,0.65,NA,16,23,60,630,680,740,27,640,690,720,10,15,66640,66640,Implied no,Yes,95,490,1113,Special Focus: Arts and Sciences,Special Focus: Arts and Sciences,No research designation,"Lower Access, Higher Earnings",Small
212805,Grove City College,23,27,31,23,28,34,20,25,29,19,"Not required for admission, but considered if submitted (Test Optional)",364,3201111,No,NA,43018,21700,21700,0.45,0.04,0.52,NA,NA,Private not-for-profit,72,37,1220,1121,24,565,34,2099,2383,77,83,0.44,12230,1,49,50,558,622,685,51,583,643,703,13,7,21700,21700,Implied no,Implied no,68,0,0,Mixed,Mixed Baccalaureate,No research designation,Not Classified in SAEC,Small
212832,Gwynedd Mercy University,NA,NA,NA,NA,NA,NA,NA,NA,NA,100,"Not required for admission, but considered if submitted (Test Optional)",184,5070014,No,NA,NA,38812,38812,NA,NA,NA,NA,NA,Private not-for-profit,90,17,388,913,2,212,110,680,2017,46,65,NA,NA,0,82,18,493,530,588,100,530,560,598,12,NA,39528,39528,Implied no,Yes,68,363,799,Special Focus: Nursing,Special Focus: Nursing,No research designation,"Opportunity Colleges and Universities – Higher Access, Higher Earnings",Small
212911,Haverford College,33,34,35,34,35,36,31,33,35,17,"Not required for admission, but considered if submitted (Test Optional)",180,11473624,No,65,16085,69884,69884,0.28,0.01,0.72,NA,NA,Private not-for-profit,12,43,616,815,157,387,7,703,1431,76,90,0.24,NA,12,12,76,740,760,780,39,720,750,770,8,7,69884,69884,Implied no,Yes,46,220,130,Special Focus: Arts and Sciences,Special Focus: Arts and Sciences,Research Colleges and Universities,"Lower Access, Higher Earnings",Small
212984,Holy Family University,NA,NA,NA,NA,NA,NA,NA,NA,NA,1,"Not required for admission, but considered if submitted (Test Optional)",465,12370483,No,NA,NA,34080,34080,NA,NA,NA,NA,NA,Private not-for-profit,71,21,793,1850,60,518,318,1346,3225,42,60,NA,NA,1,85,14,430,520,570,6,480,540,580,14,22,34080,34080,Implied no,Yes,87,1003,1702,Special Focus: Nursing,Special Focus: Nursing,No research designation,"Opportunity Colleges and Universities – Higher Access, Higher Earnings",Small
213011,Immaculata University,NA,NA,NA,NA,NA,NA,NA,NA,NA,0,"Not required for admission, but considered if submitted (Test Optional)",271,5166902,No,NA,NA,28130,28130,NA,NA,NA,NA,NA,Private not-for-profit,86,13,513,1139,23,289,103,1144,2512,55,71,NA,NA,0,70,30,578,620,663,8,578,640,660,11,21,28130,28130,Implied no,Yes,67,349,769,Professions-focused,Professions-focused Undergraduate/Graduate-Doctorate Small,No research designation,"Lower Access, Higher Earnings",Small
213020,Indiana University of Pennsylvania-Main Campus,20,22,27,17,20,25,17,23,25,2,"Not required for admission, but considered if submitted (Test Optional)",1962,17961127,No,NA,NA,7716,11200,NA,NA,NA,26848,26898,Public,91,24,2866,4487,137,1788,293,5553,9073,39,54,NA,NA,1,95,4,480,530,580,28,490,550,600,23,22,7716,11200,Implied no,Yes,84,2734,4384,Professions-focused,Professions-focused Undergraduate/Graduate-Doctorate Medium,Research 2: High Spending and Doctorate Production,"Opportunity Colleges and Universities – Higher Access, Higher Earnings",Medium
213251,Juniata College,22,27,30,22,26,31,21,23,28,3,"Not required for admission, but considered if submitted (Test Optional)",390,18386049,No,NA,44438,57500,57500,0.35,0.01,0.64,NA,NA,Private not-for-profit,79,17,597,645,117,367,32,838,1321,70,74,0.67,NA,3,69,28,560,600,650,29,570,620,670,11,15,57500,57500,Implied no,Yes,99,352,812,Special Focus: Arts and Sciences,Special Focus: Arts and Sciences,No research designation,"Lower Access, Medium Earnings",Small
213321,King's College,NA,NA,NA,NA,NA,NA,NA,NA,NA,1,"Not required for admission, but considered if submitted (Test Optional)",395,13526327,No,NA,NA,42000,42000,NA,NA,NA,NA,NA,Private not-for-profit,93,14,808,760,23,427,54,1115,1939,52,60,NA,NA,1,71,28,530,580,620,24,540,590,650,13,NA,42000,42000,Implied no,Yes,94,483,1184,Professions-focused,Professions-focused Baccalaureate Small,No research designation,"Lower Access, Medium Earnings",Small
213349,Kutztown University of Pennsylvania,NA,NA,NA,NA,NA,NA,NA,NA,NA,0,"Not required for admission, but considered if submitted (Test Optional)",1514,11233371,No,35,NA,7716,12220,NA,NA,NA,29866,29866,Public,91,18,2685,3621,94,1271,419,4536,7467,41,54,NA,NA,0,87,13,550,590,640,8,570,620,670,20,25,7716,12590,Implied no,Yes,85,2097,4023,Professions-focused,Professions-focused Undergraduate/Graduate-Master's Large/Medium,No research designation,"Lower Access, Medium Earnings",Medium
213358,La Roche University,15,16,22,13,17,21,14,15,24,4,"Not required for admission, but considered if submitted (Test Optional)",137,3162396,No,NA,NA,32600,32600,NA,NA,NA,NA,NA,Private not-for-profit,76,10,827,1001,116,146,75,1297,2153,46,56,NA,NA,6,73,18,460,530,600,16,480,560,600,11,16,32600,32600,Implied no,Yes,30,232,427,Professions-focused,Professions-focused Undergraduate/Graduate-Master's Small,No research designation,"Higher Access, Medium Earnings",Small
213367,La Salle University,NA,NA,NA,NA,NA,NA,NA,NA,NA,NA,"Not considered for admission, even if submitted (Test Blind)",412,12722574,No,NA,NA,36000,36000,NA,NA,NA,NA,NA,Private not-for-profit,97,9,707,1373,109,509,179,708,3153,50,58,NA,NA,3,72,24,NA,NA,NA,NA,NA,NA,NA,12,NA,36000,36000,Implied no,Yes,88,844,1031,Professions-focused,Professions-focused Undergraduate/Graduate-Doctorate Medium,No research designation,"Opportunity Colleges and Universities – Higher Access, Higher Earnings",Medium
213376,Lackawanna College,NA,NA,NA,NA,NA,NA,NA,NA,NA,NA,NA,331,3036317,No,NA,NA,17450,17450,NA,NA,NA,NA,NA,Private not-for-profit,NA,NA,863,1348,6,471,233,1230,2211,67,67,NA,NA,0,88,12,NA,NA,NA,NA,NA,NA,NA,21,27,17450,17450,Implied no,Implied no,79,1154,1394,Professions-focused,Professions-focused Associate/Baccalaureate,No research designation,"Higher Access, Medium Earnings",Medium
213385,Lafayette College,31,31,33,31,34,35,27,30,33,10,"Not required for admission, but considered if submitted (Test Optional)",428,19134759,No,65,38169,64248,64248,0.34,0.003,0.65,NA,NA,Private not-for-profit,31,22,1386,1389,189,698,20,1844,2775,80,88,0.36,NA,7,15,78,680,720,760,24,670,710,740,10,10,64248,64248,Implied no,Yes,61,322,542,Special Focus: Arts and Sciences,Special Focus: Arts and Sciences,No research designation,"Lower Access, Higher Earnings",Small
213400,Lancaster Bible College,NA,NA,NA,NA,NA,NA,NA,NA,NA,1,"Not required for admission, but considered if submitted (Test Optional)",177,3150026,No,25,NA,29990,29990,NA,NA,NA,NA,NA,Private not-for-profit,56,34,792,1001,0,326,232,1178,2519,63,68,NA,NA,1,55,44,540,580,615,17,530,600,665,19,12,29990,29990,Implied no,Yes,71,631,873,Special Focus: Theological Studies,Special Focus: Theological Studies,No research designation,Not Classified in SAEC,Small
213507,Lebanon Valley College,NA,NA,NA,NA,NA,NA,NA,NA,NA,0,"Not required for admission, but considered if submitted (Test Optional)",476,18398983,No,NA,NA,50600,50600,NA,NA,NA,NA,NA,Private not-for-profit,84,19,759,961,18,443,45,1431,2146,58,65,NA,NA,0,83,17,560,620,650,20,580,620,652,11,27,50600,50600,Implied no,Yes,95,425,1181,Professions-focused,Professions-focused Undergraduate/Graduate-Doctorate Small,No research designation,"Lower Access, Medium Earnings",Small
213543,Lehigh University,31,32,34,31,34,35,28,31,33,9,"Not required for admission, but considered if submitted (Test Optional)",994,46450573,No,75,39806,63930,63930,0.44,0.1,0.46,NA,NA,Private not-for-profit,26,28,3075,2836,394,1501,50,3522,7692,80,88,0.48,NA,5,25,69,690,730,770,30,680,710,730,10,NA,63930,63930,Implied no,Yes,57,1029,2125,Mixed,Mixed Undergraduate/Graduate-Doctorate Medium,Research 1: Very High Spending and Doctorate Production,"Lower Access, Higher Earnings",Medium
213598,Lincoln University,NA,NA,NA,NA,NA,NA,NA,NA,NA,0,"Not required for admission, but considered if submitted (Test Optional)",503,6916141,No,NA,NA,8900,14852,NA,NA,NA,28505,28505,Public,66,12,558,987,33,424,51,11,1670,30,44,NA,NA,1,44,55,400,430,460,1,420,490,500,12,30,8900,14852,Yes,Yes,88,1179,1357,Professions-focused,Professions-focused Baccalaureate Small,No research designation,"Higher Access, Medium Earnings",Small
213668,Lycoming College,NA,NA,NA,NA,NA,NA,NA,NA,NA,1,"Not required for admission, but considered if submitted (Test Optional)",293,12736786,No,NA,NA,49024,49024,NA,NA,NA,NA,NA,Private not-for-profit,74,13,498,514,35,270,27,629,1012,52,60,NA,NA,0,51,43,540,580,650,19,540,580,650,10,30,49024,49024,Implied no,Yes,99,406,759,Special Focus: Arts and Sciences,Special Focus: Arts and Sciences,No research designation,"Higher Access, Medium Earnings",Small
213826,Marywood University,18,24,30,19,23,27,17,24,26,2,"Not required for admission, but considered if submitted (Test Optional)",416,12302937,No,35,NA,39490,39490,NA,NA,NA,NA,NA,Private not-for-profit,61,17,652,1181,8,437,80,1377,2530,49,72,NA,NA,0,69,31,530,570,610,28,530,590,640,11,13,39490,39490,Implied no,Yes,95,599,1516,Professions-focused,Professions-focused Undergraduate/Graduate-Master's Small,No research designation,"Lower Access, Medium Earnings",Small
213987,Mercyhurst University,NA,NA,NA,NA,NA,NA,NA,NA,NA,NA,"Not considered for admission, even if submitted (Test Blind)",575,19520853,No,NA,NA,42840,42840,NA,NA,NA,NA,NA,Private not-for-profit,81,20,959,1315,131,575,112,1610,2632,58,64,NA,NA,5,53,42,NA,NA,NA,NA,NA,NA,NA,14,38,42840,42840,Implied no,Yes,93,718,1483,Professions-focused,Professions-focused Baccalaureate Small,No research designation,"Lower Access, Medium Earnings",Small
213996,Messiah University,26,27,31,24,29,33,24,26,30,6,"Not required for admission, but considered if submitted (Test Optional)",595,15812567,No,50,NA,41300,41300,NA,NA,NA,NA,NA,Private not-for-profit,79,29,1095,1523,55,564,78,1967,3373,70,75,NA,NA,1,66,33,540,610,670,52,570,620,680,12,19,41300,41300,Implied no,Yes,90,508,1400,Professions-focused,Professions-focused Undergraduate/Graduate-Doctorate Small,No research designation,"Lower Access, Medium Earnings",Small
214041,Millersville University of Pennsylvania,NA,NA,NA,NA,NA,NA,NA,NA,NA,0,"Not required for admission, but considered if submitted (Test Optional)",927,5694562,No,NA,NA,7716,19290,NA,NA,NA,26851,26913,Public,86,18,2435,3388,84,1205,548,4248,6975,39,58,NA,NA,1,90,9,500,540,590,18,520,570,620,19,24,7716,19290,Implied no,Yes,67,1556,2934,Mixed,Mixed Undergraduate/Graduate-Master's Large/Medium,No research designation,"Higher Access, Medium Earnings",Medium
214069,Misericordia University,NA,NA,NA,NA,NA,NA,NA,NA,NA,NA,"Not considered for admission, even if submitted (Test Blind)",407,11015707,No,NA,NA,38400,38400,NA,NA,NA,NA,NA,Private not-for-profit,71,17,649,1071,11,462,72,1377,2200,62,72,NA,NA,0,72,28,NA,NA,NA,NA,NA,NA,NA,11,NA,38400,38400,Implied no,Yes,93,454,1240,Special Focus: Other Health Professions,Special Focus: Other Health Professions,No research designation,"Lower Access, Higher Earnings",Small
214157,Moravian University,24,25,29,NA,NA,NA,NA,NA,NA,2,"Not required for admission, but considered if submitted (Test Optional)",511,17507586,No,NA,NA,51569,51569,NA,NA,NA,NA,NA,Private not-for-profit,54,16,764,1228,20,535,113,1293,2745,67,72,NA,NA,1,67,32,530,580,630,19,540,600,655,10,20,51569,51569,Implied no,Yes,91,640,1503,Mixed,Mixed Undergraduate/Graduate-Master's Small,No research designation,"Lower Access, Medium Earnings",Small
214166,Mount Aloysius College,NA,NA,NA,NA,NA,NA,NA,NA,NA,0,"Not required for admission, but considered if submitted (Test Optional)",321,5957915,No,NA,NA,25654,25654,NA,NA,NA,NA,NA,Private not-for-profit,82,25,1005,1937,45,318,69,1477,2955,32,52,NA,14310,4,91,5,445,530,570,10,473,540,598,11,29,27127,27127,Implied no,Yes,37,454,915,Special Focus: Other Health Professions,Special Focus: Other Health Professions,No research designation,"Lower Access, Medium Earnings",Small
214175,Muhlenberg College,29,30,33,30,34,35,25,26,30,6,"Not required for admission, but considered if submitted (Test Optional)",423,17996689,No,50,35288,62035,62035,0.24,0.002,0.76,NA,NA,Private not-for-profit,72,13,730,1007,20,466,35,1180,1788,67,82,0.7,NA,1,26,73,610,650,700,16,640,680,710,9,NA,62035,62035,Implied no,Yes,94,379,943,Special Focus: Arts and Sciences,Special Focus: Arts and Sciences,No research designation,"Lower Access, Higher Earnings",Small
214272,Neumann University,NA,NA,NA,NA,NA,NA,NA,NA,NA,NA,"Not considered for admission, even if submitted (Test Blind)",369,10594395,No,NA,NA,37020,37020,NA,NA,NA,NA,NA,Private not-for-profit,81,10,644,1014,33,349,113,724,2244,36,53,NA,NA,3,69,28,NA,NA,NA,NA,NA,NA,NA,13,NA,37020,37020,Implied no,Yes,86,725,1192,Professions-focused,Professions-focused Undergraduate/Graduate-Doctorate Small,No research designation,"Higher Access, Medium Earnings",Small
214591,Pennsylvania State University-Penn State Erie-Behrend College,25,27,31,22,26,28,24,27,29,4,"Not required for admission, but considered if submitted (Test Optional)",650,6993747,No,65,NA,15388,26374,NA,NA,NA,34402,34081,Public,97,15,2025,1219,158,896,101,2440,3336,32,43,NA,NA,6,74,20,560,610,660,31,560,610,650,12,24,15388,26374,Implied no,Yes,74,931,1789,Mixed,Mixed Baccalaureate,Research Colleges and Universities,"Lower Access, Higher Earnings",Small
214689,Pennsylvania State University-Penn State Altoona,22,26,28,20,24,26,18,24,27,3,"Not required for admission, but considered if submitted (Test Optional)",662,7340515,No,65,NA,15388,26374,NA,NA,NA,32749,32559,Public,98,10,1272,1099,108,847,78,1622,2371,12,16,NA,NA,5,61,35,540,580,640,24,530,600,650,13,45,15388,26374,Implied no,Yes,73,711,1299,Professions-focused,Professions-focused Baccalaureate Small,No research designation,"Lower Access, Higher Earnings",Small
214704,Pennsylvania State University-Penn State Berks,18,20,27,14,22,26,18,20,25,1,"Not required for admission, but considered if submitted (Test Optional)",403,3790191,No,65,NA,15388,26374,NA,NA,NA,32805,32242,Public,99,9,1101,779,68,561,128,1089,1884,23,30,NA,NA,4,71,25,540,580,635,25,550,600,640,13,34,15388,26374,Implied no,Yes,68,558,1005,Professions-focused,Professions-focused Baccalaureate Small,No research designation,"Opportunity Colleges and Universities – Higher Access, Higher Earnings",Small
214713,Pennsylvania State University-Penn State Harrisburg,22,27,31,20,24,31,23,26,31,3,"Not required for admission, but considered if submitted (Test Optional)",754,6970708,No,65,NA,15388,26374,NA,NA,NA,32782,32521,Public,98,11,2410,1637,570,1020,221,1867,4478,18,26,NA,NA,20,54,27,570,610,660,23,550,610,650,15,46,15388,26374,Implied no,Yes,63,1088,1727,Mixed,Mixed Baccalaureate,Research Colleges and Universities,"Lower Access, Higher Earnings",Medium
214731,Pennsylvania State University-Penn State Brandywine,NA,NA,NA,NA,NA,NA,NA,NA,NA,1,"Not required for admission, but considered if submitted (Test Optional)",317,2888969,No,65,NA,14624,24808,NA,NA,NA,31395,31088,Public,98,17,773,463,34,398,59,588,1236,14,25,NA,NA,1,80,19,530,590,660,29,550,610,650,15,28,14624,24808,Implied no,Yes,67,412,600,Mixed,Mixed Baccalaureate,No research designation,"Opportunity Colleges and Universities – Higher Access, Higher Earnings",Small
214777,Pennsylvania State University-Main Campus,27,30,32,26,30,33,26,28,31,5,"Not required for admission, but considered if submitted (Test Optional)",3364,38134326,No,65,48037,20066,41212,0.51,0.17,0.31,39493,39694,Public,61,17,22467,20137,3989,9167,347,26656,50737,71,86,0.52,NA,7,53,40,620,670,720,31,620,660,700,16,2,20066,41212,Implied no,Yes,50,5862,16852,Mixed,Mixed Undergraduate/Graduate-Doctorate Large,Research 1: Very High Spending and Doctorate Production,"Lower Access, Medium Earnings",Very Large
214801,Pennsylvania State University-Penn State Abington,23,26,27,21,26,28,21,25,26,2,"Not required for admission, but considered if submitted (Test Optional)",725,7165367,No,65,NA,14684,25080,NA,NA,NA,28923,28795,Public,97,11,1683,1201,176,715,150,1275,2885,12,20,NA,NA,9,70,21,530,590,630,25,540,585,635,14,39,14684,25080,Implied no,Yes,71,1200,1437,Mixed,Mixed Baccalaureate,No research designation,"Opportunity Colleges and Universities – Higher Access, Higher Earnings",Small
215062,University of Pennsylvania,34,35,36,35,35,36,34,35,36,17,"Not required for admission, but considered if submitted (Test Optional)",1235,80840371,No,75,32558,60920,60920,0.22,0.2,0.59,NA,NA,Private not-for-profit,5,68,5152,6326,1591,2393,99,3136,29109,86,97,0.18,NA,13,15,70,770,790,800,50,740,760,770,8,NA,60920,60920,Implied no,Yes,52,1918,1129,Mixed,Mixed Undergraduate/Graduate-Doctorate Large,Research 1: Very High Spending and Doctorate Production,"Lower Access, Higher Earnings",Large
215114,Cairn University-Langhorne,NA,NA,NA,NA,NA,NA,NA,NA,NA,0,"Not required for admission, but considered if submitted (Test Optional)",197,4218923,No,25,NA,33234,33234,NA,NA,NA,NA,NA,Private not-for-profit,88,45,419,437,29,229,76,570,1097,34,60,NA,NA,0,59,41,460,550,570,7,540,560,590,11,27,33234,33234,Implied no,Yes,89,273,454,Professions-focused,Professions-focused Undergraduate/Graduate-Master's Small,No research designation,"Lower Access, Medium Earnings",Small
215266,University of Pittsburgh-Bradford,20,24,28,20,22,27,21,25,30,3,"Not required for admission, but considered if submitted (Test Optional)",296,4850715,No,NA,39905,13660,25534,0.42,0.17,0.4,30189,30478,Public,89,8,490,519,31,301,68,683,1009,40,51,0.55,NA,3,61,34,500,550,580,34,510,570,620,12,36,13660,25534,Implied no,Yes,93,469,617,Professions-focused,Professions-focused Baccalaureate Small,No research designation,"Opportunity Colleges and Universities – Higher Access, Higher Earnings",Small
215275,University of Pittsburgh-Greensburg,17,25,26,15,19,23,16,21,25,2,"Not required for admission, but considered if submitted (Test Optional)",358,4539758,No,NA,NA,13660,25534,NA,NA,NA,29915,30141,Public,95,17,601,720,20,376,97,945,1321,32,40,NA,NA,1,89,8,510,565,620,18,545,590,633,14,47,13660,25534,Implied no,Yes,83,500,750,Special Focus: Arts and Sciences,Special Focus: Arts and Sciences,No research designation,"Opportunity Colleges and Universities – Higher Access, Higher Earnings",Small
215284,University of Pittsburgh-Johnstown,22,25,27,19,23,25,19,25,27,2,"Not required for admission, but considered if submitted (Test Optional)",464,5664945,No,NA,NA,13660,25534,NA,NA,NA,30124,30349,Public,95,18,1016,797,33,410,115,1261,1813,40,56,NA,NA,2,88,9,485,550,610,49,500,550,610,14,32,13660,25534,Implied no,Yes,83,628,1116,Mixed,Mixed Baccalaureate,No research designation,"Opportunity Colleges and Universities – Higher Access, Higher Earnings",Small
215293,University of Pittsburgh-Pittsburgh Campus,29,31,33,27,32,35,26,29,32,10,"Not required for admission, but considered if submitted (Test Optional)",2413,39801072,No,55,NA,20556,40060,NA,NA,NA,37986,38105,Public,58,13,11031,14869,970,4595,903,16583,35724,72,85,NA,NA,3,64,33,640,680,740,40,640,680,720,13,11,20556,40060,Implied no,Yes,47,3518,9086,Mixed,Mixed Undergraduate/Graduate-Doctorate Large,Research 1: Very High Spending and Doctorate Production,"Lower Access, Higher Earnings",Large
215442,Point Park University,NA,NA,NA,NA,NA,NA,NA,NA,NA,NA,"Not considered for admission, even if submitted (Test Blind)",514,13445774,No,NA,NA,37650,37650,NA,NA,NA,NA,NA,Private not-for-profit,97,10,829,1508,104,521,224,1461,3448,52,59,NA,NA,4,53,43,NA,NA,NA,NA,NA,NA,NA,12,25,37650,37650,Implied no,Yes,94,887,1692,Mixed,Mixed Undergraduate/Graduate-Doctorate Medium,No research designation,"Higher Access, Medium Earnings",Medium
215655,Robert Morris University,NA,NA,NA,NA,NA,NA,NA,NA,NA,0,"Not required for admission, but considered if submitted (Test Optional)",699,19312365,No,30,NA,34360,34360,NA,NA,NA,NA,NA,Private not-for-profit,90,10,2234,2091,231,633,185,2209,5275,52,66,NA,NA,5,73,22,NA,NA,NA,0,NA,NA,NA,14,33,34360,34360,Implied no,Yes,69,878,1559,Professions-focused,Professions-focused Undergraduate/Graduate-Doctorate Medium,No research designation,"Lower Access, Medium Earnings",Medium
215743,Saint Francis University,21,25,27,20,23,26,19,24,27,9,"Not required for admission, but considered if submitted (Test Optional)",374,11822280,No,NA,NA,42900,42900,NA,NA,NA,NA,NA,Private not-for-profit,77,20,1048,1519,51,403,55,2119,2963,70,74,NA,NA,0,69,25,520,560,610,38,530,580,620,16,0,25288,25288,Implied no,Implied no,62,430,902,Professions-focused,Professions-focused Undergraduate/Graduate-Doctorate Small,No research designation,"Lower Access, Higher Earnings",Small
215770,Saint Joseph's University,28,29,31,27,30,32,24,27,28,2,"Not required for admission, but considered if submitted (Test Optional)",1193,44097780,No,NA,NA,53060,53060,NA,NA,NA,NA,NA,Private not-for-profit,89,14,2325,2719,105,1332,137,3396,7159,75,79,NA,NA,2,58,41,580,620,670,24,590,630,680,11,9,53060,53060,Implied no,Yes,95,951,2715,Professions-focused,Professions-focused Undergraduate/Graduate-Doctorate Medium,Research 2: High Spending and Doctorate Production,"Lower Access, Higher Earnings",Medium
215798,Saint Vincent College,20,22,27,16,22,27,17,20,25,8,"Not required for admission, but considered if submitted (Test Optional)",293,9703252,No,NA,NA,41180,41180,NA,NA,NA,NA,NA,Private not-for-profit,62,20,765,519,30,329,36,966,1440,62,69,NA,NA,2,72,26,510,560,610,53,510,555,620,11,16,41180,41180,Implied no,Yes,100,342,1044,Special Focus: Arts and Sciences,Special Focus: Arts and Sciences,No research designation,"Lower Access, Medium Earnings",Small
215929,University of Scranton,25,27,30,24,27,33,23,25,29,4,"Not required for admission, but considered if submitted (Test Optional)",989,35214592,No,NA,43007,53208,53208,0.48,0.001,0.52,NA,NA,Private not-for-profit,81,11,1601,2012,22,875,59,2650,4724,77,80,0.74,NA,0,45,55,570,610,658,25,590,620,660,11,NA,53208,53208,Implied no,Yes,94,882,2341,Professions-focused,Professions-focused Undergraduate/Graduate-Doctorate Medium,No research designation,"Lower Access, Higher Earnings",Medium
215947,Seton Hill University,19,23,27,NA,NA,NA,NA,NA,NA,7,"Not required for admission, but considered if submitted (Test Optional)",316,10569323,No,NA,NA,42294,42294,NA,NA,NA,NA,NA,Private not-for-profit,80,14,541,960,0,330,52,1165,1927,57,67,NA,14222,1,75,22,510,550,620,36,510,560,620,13,25,42294,42294,Implied no,Yes,95,490,1108,Professions-focused,Professions-focused Undergraduate/Graduate-Master's Small,No research designation,"Lower Access, Medium Earnings",Small
216010,Shippensburg University of Pennsylvania,16,22,28,21,22,29,14,21,25,1,"Not required for admission, but considered if submitted (Test Optional)",986,6661194,No,45,NA,9570,11574,NA,NA,NA,30755,30785,Public,87,18,2078,2293,39,1094,191,3263,5161,41,56,NA,NA,0,90,10,NA,NA,NA,0,NA,NA,NA,18,22,9570,11574,Implied no,Yes,83,1316,2571,Professions-focused,Professions-focused Undergraduate/Graduate-Master's Large/Medium,No research designation,"Higher Access, Medium Earnings",Medium
216038,Slippery Rock University of Pennsylvania,18,22,26,16,21,25,16,20,25,3,"Not required for admission, but considered if submitted (Test Optional)",1112,7630111,No,30,NA,7716,11574,NA,NA,NA,25486,25537,Public,71,34,3038,3797,227,1548,473,5705,8376,51,66,NA,NA,1,89,10,480,530,580,19,500,560,610,20,18,7716,11574,Implied no,Yes,72,2071,4118,Professions-focused,Professions-focused Undergraduate/Graduate-Doctorate Medium,No research designation,"Higher Access, Medium Earnings",Medium
216278,Susquehanna University,21,26,29,21,26,32,20,25,28,6,"Not required for admission, but considered if submitted (Test Optional)",562,27518885,No,NA,NA,58750,58750,NA,NA,NA,NA,NA,Private not-for-profit,81,14,963,1283,29,610,33,1699,2255,75,82,NA,NA,1,62,38,540,600,640,41,560,630,660,13,NA,58750,58750,Implied no,Yes,94,558,1477,Mixed,Mixed Baccalaureate,No research designation,"Lower Access, Medium Earnings",Small
216287,Swarthmore College,33,34,35,35,35,36,31,33,35,16,"Not required for admission, but considered if submitted (Test Optional)",236,14545685,Yes,60,33077,65058,65058,0.27,0.03,0.71,NA,NA,Private not-for-profit,7,44,776,847,219,427,0,490,1623,76,92,0.18,NA,14,10,77,750,780,790,39,740,760,770,7,NA,65058,65058,Implied no,Yes,58,337,184,Special Focus: Arts and Sciences,Special Focus: Arts and Sciences,Research Colleges and Universities,"Lower Access, Higher Earnings",Small
216339,Temple University,NA,NA,NA,NA,NA,NA,NA,NA,NA,NA,"Not considered for admission, even if submitted (Test Blind)",3303,49008118,No,55,41808,21995,37942,0.51,0.06,0.44,40957,40903,Public,80,15,9483,11974,946,4857,1294,8516,29640,59,75,0.69,NA,3,60,37,NA,NA,NA,NA,NA,NA,NA,12,13,21989,37789,Implied no,Yes,79,6944,11582,Professions-focused,Professions-focused Undergraduate/Graduate-Doctorate Large,Research 1: Very High Spending and Doctorate Production,"Opportunity Colleges and Universities – Higher Access, Higher Earnings",Large
216366,Thomas Jefferson University,25,27,30,25,30,33,19,24,28,2,"Not required for admission, but considered if submitted (Test Optional)",781,27340846,No,50,42807,46175,46175,0.37,0.02,0.61,NA,NA,Private not-for-profit,81,12,995,2777,76,697,684,1638,8238,58,69,0.95,NA,0,63,36,580,620,670,23,580,620,660,12,23,46175,46175,Implied no,Yes,90,1398,3212,Special Focus: Medical Schools and Centers,Special Focus: Medical Schools and Centers,Research 2: High Spending and Doctorate Production,Not Classified in SAEC,Medium
216524,Ursinus College,28,29,32,30,33,34,25,27,32,3,"Not required for admission, but considered if submitted (Test Optional)",405,18125521,No,NA,48451,60360,60360,0.4,0.01,0.6,NA,NA,Private not-for-profit,92,12,783,719,8,378,59,1073,1502,63,73,0.71,NA,1,56,43,590,645,680,23,610,660,705,10,NA,60360,60360,Implied no,Yes,99,300,976,Special Focus: Arts and Sciences,Special Focus: Arts and Sciences,No research designation,"Lower Access, Medium Earnings",Small
216597,Villanova University,32,33,34,33,35,35,30,32,34,9,"Not required for admission, but considered if submitted (Test Optional)",814,38753436,No,80,41677,66838,66838,0.54,0.03,0.44,NA,NA,Private not-for-profit,27,28,3241,3763,130,1740,106,4740,10041,89,92,0.43,NA,1,21,77,710,740,770,19,685,710,740,10,7,66838,66838,Implied no,Yes,53,849,2472,Mixed,Mixed Undergraduate/Graduate-Doctorate Medium,Research 2: High Spending and Doctorate Production,"Lower Access, Higher Earnings",Medium
216667,Washington & Jefferson College,NA,NA,NA,NA,NA,NA,NA,NA,NA,NA,"Not considered for admission, even if submitted (Test Blind)",314,6327654,No,NA,NA,28572,28572,NA,NA,NA,NA,NA,Private not-for-profit,81,13,707,599,23,402,52,1004,1309,65,70,NA,NA,1,71,28,NA,NA,NA,NA,NA,NA,NA,11,23,28572,28572,Implied no,Yes,100,362,805,Special Focus: Arts and Sciences,Special Focus: Arts and Sciences,No research designation,"Lower Access, Higher Earnings",Small
216694,Waynesburg University,19,21,23,17,19,21,18,22,23,3,"Not required for admission, but considered if submitted (Test Optional)",335,8365206,No,NA,NA,28960,28960,NA,NA,NA,NA,NA,Private not-for-profit,90,19,499,531,6,261,36,826,1231,54,66,NA,NA,0,65,35,460,540,620,15,470,550,630,12,24,28960,28960,Implied no,Yes,98,419,803,Professions-focused,Professions-focused Undergraduate/Graduate-Master's Small,No research designation,"Lower Access, Medium Earnings",Small
216764,West Chester University of Pennsylvania,24,27,28,22,25,27,21,24,26,1,"Not required for admission, but considered if submitted (Test Optional)",2230,12730929,No,45,36753,7716,19290,0.67,0.04,0.3,28299,28394,Public,78,22,6062,8387,39,3022,1047,10474,17171,53,71,0.69,NA,0,86,13,540,580,620,14,560,600,650,20,17,7716,19290,Implied no,Yes,61,3643,7797,Professions-focused,Professions-focused Undergraduate/Graduate-Doctorate Medium,Research 2: High Spending and Doctorate Production,"Lower Access, Medium Earnings",Medium
216807,Westminster College,NA,NA,NA,NA,NA,NA,NA,NA,NA,NA,"Not considered for admission, even if submitted (Test Blind)",310,10091570,No,NA,NA,39540,39540,NA,NA,NA,NA,NA,Private not-for-profit,93,12,560,577,4,269,18,781,1191,52,65,NA,NA,1,66,33,NA,NA,NA,NA,NA,NA,NA,12,NA,39540,39540,Implied no,Yes,91,310,774,Mixed,Mixed Baccalaureate,No research designation,"Lower Access, Medium Earnings",Small
216852,Widener University,NA,NA,NA,NA,NA,NA,NA,NA,NA,0,"Not required for admission, but considered if submitted (Test Optional)",890,38898755,No,NA,NA,54660,54660,NA,NA,NA,NA,NA,Private not-for-profit,71,14,1153,1822,47,945,74,1523,5713,61,68,NA,NA,0,70,29,530,580,640,9,550,600,650,11,NA,54660,54660,Implied no,Yes,93,922,2014,Professions-focused,Professions-focused Undergraduate/Graduate-Doctorate Medium,No research designation,"Lower Access, Higher Earnings",Medium
216931,Wilkes University,22,27,29,20,27,31,21,25,29,2,"Not required for admission, but considered if submitted (Test Optional)",509,14416791,No,NA,NA,41518,41518,NA,NA,NA,NA,NA,Private not-for-profit,91,9,1001,1075,170,647,102,1364,5381,54,63,NA,NA,15,65,20,490,550,620,19,530,570,630,13,25,41518,41518,Implied no,Yes,88,674,1418,Mixed,Mixed Undergraduate/Graduate-Doctorate Medium,No research designation,"Lower Access, Higher Earnings",Medium
217013,Wilson College,NA,NA,NA,NA,NA,NA,NA,NA,NA,0,"Not required for admission, but considered if submitted (Test Optional)",183,3245688,No,NA,NA,25950,25950,NA,NA,NA,NA,NA,Private not-for-profit,92,21,291,1088,15,183,130,1076,1907,33,48,NA,NA,1,60,31,450,500,570,13,480,500,610,15,37,25950,25950,Implied no,Yes,61,277,796,Professions-focused,Professions-focused Undergraduate/Graduate-Master's Small,No research designation,"Higher Access, Medium Earnings",Small
217059,York College of Pennsylvania,21,24,28,18,25,28,18,23,27,2,"Not required for admission, but considered if submitted (Test Optional)",795,13854652,No,NA,NA,23000,23000,NA,NA,NA,NA,NA,Private not-for-profit,74,15,1450,1919,36,822,189,2339,3825,47,64,NA,NA,0,67,32,500,570,630,24,520,590,640,15,22,23000,23000,Implied no,Yes,89,929,1923,Professions-focused,Professions-focused Baccalaureate Medium,No research designation,"Lower Access, Medium Earnings",Medium
217156,Brown University,34,35,35,35,35,36,32,34,35,24,"Not required for admission, but considered if submitted (Test Optional)",888,54516529,Yes,75,34735,68612,68612,0.2,0.13,0.68,NA,NA,Private not-for-profit,5,65,3811,4099,1069,1719,154,2401,11956,77,96,0.18,NA,17,3,79,770,780,800,61,740,760,780,6,NA,68612,68612,Implied no,Yes,49,1071,742,Mixed,Mixed Undergraduate/Graduate-Doctorate Medium,Research 1: Very High Spending and Doctorate Production,"Lower Access, Higher Earnings",Medium
217165,Bryant University,27,28,28,NA,NA,NA,NA,NA,NA,1,"Not required for admission, but considered if submitted (Test Optional)",934,26184899,No,50,58075,51780,51780,0.72,0,0.28,NA,NA,Private not-for-profit,65,14,2064,1136,180,883,102,2324,3636,77,80,0.63,NA,7,12,81,580,620,670,11,610,640,660,13,15,51780,51780,Implied no,Yes,95,406,1669,Special Focus: Business,Special Focus: Business,No research designation,"Lower Access, Higher Earnings",Small
217235,Johnson & Wales University-Providence,22,25,27,20,22,26,20,24,26,2,"Not required for admission, but considered if submitted (Test Optional)",1048,29722089,No,NA,NA,41782,41782,NA,NA,NA,NA,NA,Private not-for-profit,88,16,1463,2445,113,1092,136,2279,4303,39,50,NA,NA,1,15,84,430,500,570,14,460,530,590,14,22,41782,41782,Implied no,Yes,98,1187,2834,Professions-focused,Professions-focused Undergraduate/Graduate-Master's Large/Medium,No research designation,"Higher Access, Medium Earnings",Medium
217305,New England Institute of Technology,NA,NA,NA,NA,NA,NA,NA,NA,NA,NA,"Not considered for admission, even if submitted (Test Blind)",434,5032012,No,NA,NA,34875,34875,NA,NA,NA,NA,NA,Private not-for-profit,67,23,1015,781,1,418,188,940,1922,NA,NA,NA,NA,0,49,49,NA,NA,NA,NA,NA,NA,NA,11,NA,34875,34875,Implied no,Yes,81,742,1219,Special Focus: Applied and Career Studies,Special Focus: Applied and Career Studies,No research designation,"Opportunity Colleges and Universities – Higher Access, Higher Earnings",Small
217402,Providence College,29,31,32,28,31,34,26,28,32,5,"Not required for admission, but considered if submitted (Test Optional)",992,31618349,No,65,44385,62520,62520,0.44,0.03,0.53,NA,NA,Private not-for-profit,51,19,1946,2290,71,1223,58,3355,4666,83,86,0.69,NA,1,9,90,620,660,690,19,630,670,700,11,12,62520,62520,Implied no,Yes,78,563,2391,Professions-focused,Professions-focused Undergraduate/Graduate-Master's Large/Medium,Research Colleges and Universities,"Lower Access, Higher Earnings",Medium
217420,Rhode Island College,NA,NA,NA,NA,NA,NA,NA,NA,NA,0,"Not required for admission, but considered if submitted (Test Optional)",757,5076139,No,50,NA,9765,25764,NA,NA,NA,17309,17454,Public,92,23,1655,3499,5,1149,577,2446,6155,27,48,NA,NA,0,87,13,420,480,540,19,450,510,580,15,NA,9765,25764,Implied no,Yes,74,2012,2252,Professions-focused,Professions-focused Undergraduate/Graduate-Master's Large/Medium,Research Colleges and Universities,"Higher Access, Medium Earnings",Medium
217484,University of Rhode Island,NA,NA,NA,NA,NA,NA,NA,NA,NA,0,"Not required for admission, but considered if submitted (Test Optional)",3139,39481515,No,65,40247,14630,34834,0.52,0.11,0.38,34314,34321,Public,72,15,5999,8377,183,2995,622,10203,17210,59,72,0.7,NA,1,42,57,500,570,630,27,520,590,650,17,17,14630,34834,Implied no,Yes,83,3188,7213,Mixed,Mixed Undergraduate/Graduate-Doctorate Large,Research 1: Very High Spending and Doctorate Production,"Lower Access, Higher Earnings",Large
217493,Rhode Island School of Design,31,32,34,35,35,35,28,30,33,3,"Not required for admission, but considered if submitted (Test Optional)",157,6001002,No,60,30617,61564,61564,NA,NA,NA,NA,NA,Private not-for-profit,19,41,612,1475,692,518,43,442,2520,49,89,0.34,NA,44,2,55,708,760,780,15,688,720,750,8,4,61564,61564,Implied no,Yes,36,310,598,"Special Focus: Arts, Music, and Design","Special Focus: Arts, Music, and Design",Research Colleges and Universities,"Lower Access, Higher Earnings",Small
217518,Roger Williams University,24,26,29,23,24,26,21,25,27,2,"Not required for admission, but considered if submitted (Test Optional)",1005,23307552,No,55,NA,44088,44088,NA,NA,NA,NA,NA,Private not-for-profit,88,13,1943,2095,61,918,168,2788,4350,64,69,NA,NA,0,20,78,560,600,650,19,580,620,660,10,24,44867,44867,Implied no,Yes,82,664,2252,Professions-focused,Professions-focused Baccalaureate Medium,Research Colleges and Universities,"Lower Access, Medium Earnings",Medium
217536,Salve Regina University,26,28,29,26,28,33,21,25,27,2,"Not required for admission, but considered if submitted (Test Optional)",552,17857101,No,50,NA,49300,49300,NA,NA,NA,NA,NA,Private not-for-profit,68,13,644,1491,70,557,152,1581,2791,72,77,NA,NA,2,13,85,560,600,650,16,600,620,680,12,NA,49300,49300,Implied no,Yes,97,319,1487,Professions-focused,Professions-focused Undergraduate/Graduate-Master's Small,No research designation,"Lower Access, Medium Earnings",Small
217633,Anderson University,22,25,29,21,25,29,20,24,26,32,"Not required for admission, but considered if submitted (Test Optional)",832,21606268,No,40,NA,34020,34020,NA,NA,NA,NA,NA,Private not-for-profit,55,33,1424,2259,0,809,175,3015,4710,64,66,NA,NA,0,69,30,540,580,630,45,560,610,650,13,NA,34020,34020,Implied no,Yes,87,709,1433,Professions-focused,Professions-focused Undergraduate/Graduate-Doctorate Medium,No research designation,"Lower Access, Medium Earnings",Medium
217688,Charleston Southern University,18,21,24,16,21,24,17,19,24,31,"Not required for admission, but considered if submitted (Test Optional)",710,16500514,No,25,NA,31870,31870,NA,NA,NA,NA,NA,Private not-for-profit,96,18,1159,1967,73,796,293,1889,3832,37,47,NA,12200,0,71,28,450,510,560,49,480,530,600,12,NA,31870,31870,Implied no,Yes,86,1005,1412,Professions-focused,Professions-focused Undergraduate/Graduate-Doctorate Medium,No research designation,"Higher Access, Medium Earnings",Medium
217721,Benedict College,NA,NA,NA,NA,NA,NA,NA,NA,NA,NA,"Not considered for admission, even if submitted (Test Blind)",327,4360443,No,25,NA,15400,15400,NA,NA,NA,NA,NA,Private not-for-profit,96,8,792,836,161,390,147,18,1691,13,24,NA,7146,1,60,39,NA,NA,NA,NA,NA,NA,NA,13,6,15708,15708,Implied no,Implied no,88,1056,1073,Professions-focused,Professions-focused Baccalaureate Small,No research designation,"Higher Access, Medium Earnings",Small
217749,Bob Jones University,NA,NA,NA,NA,NA,NA,NA,NA,NA,NA,NA,500,8580439,No,25,NA,22280,22280,NA,NA,NA,NA,NA,Private not-for-profit,NA,NA,1086,1226,171,446,57,1613,2734,57,63,NA,10380,6,41,53,NA,NA,NA,NA,NA,NA,NA,11,29,20752,20752,Implied no,Yes,84,814,589,Professions-focused,Professions-focused Baccalaureate Small,No research designation,"Lower Access, Medium Earnings",Small
217819,College of Charleston,25,27,30,24,27,31,21,25,27,11,"Not required for admission, but considered if submitted (Test Optional)",2493,22395673,No,60,33803,12518,37836,0.62,0.06,0.32,32308,32362,Public,60,12,3518,7362,125,2265,634,8556,11926,57,66,0.49,NA,1,43,56,550,590,640,18,590,630,670,16,25,12518,37836,Implied no,Yes,68,2007,4055,Mixed,Mixed Undergraduate/Graduate-Master's Large/Medium,Research Colleges and Universities,"Lower Access, Medium Earnings",Medium
217864,Citadel Military College of South Carolina,22,25,27,17,21,25,18,22,25,10,"Not required for admission, but considered if submitted (Test Optional)",569,9373419,No,40,NA,8356,33538,NA,NA,NA,33880,33880,Public,23,91,2358,379,22,672,92,1983,3793,68,75,NA,9705,1,54,44,545,600,645,7,540,590,640,11,17,8356,33538,Implied no,Implied no,75,527,971,Professions-focused,Professions-focused Undergraduate/Graduate-Master's Large/Medium,Research Colleges and Universities,"Lower Access, Higher Earnings",Medium
217873,Claflin University,NA,NA,NA,NA,NA,NA,NA,NA,NA,NA,"Not considered for admission, even if submitted (Test Blind)",450,7468002,No,60,NA,16476,16476,NA,NA,NA,NA,NA,Private not-for-profit,65,7,513,1218,39,387,82,41,1852,41,52,NA,NA,2,82,16,NA,NA,NA,NA,NA,NA,NA,13,27,16476,16476,Implied no,Yes,97,1289,1290,Special Focus: Arts and Sciences,Special Focus: Arts and Sciences,No research designation,"Higher Access, Medium Earnings",Small
217882,Clemson University,28,31,32,26,31,34,26,28,31,20,"Not required for admission, but considered if submitted (Test Optional)",3364,38314270,No,70,35341,14038,39350,0.47,0.16,0.37,35178,35015,Public,38,21,10707,12694,212,4880,1580,17696,29077,68,87,0.43,NA,1,56,43,620,660,710,35,620,660,700,16,9,14038,39350,Implied no,Yes,76,3406,7196,Mixed,Mixed Undergraduate/Graduate-Doctorate Large,Research 1: Very High Spending and Doctorate Production,"Lower Access, Higher Earnings",Large
217907,Coker University,NA,NA,NA,NA,NA,NA,NA,NA,NA,NA,"Not considered for admission, even if submitted (Test Blind)",168,4443409,No,NA,NA,32408,32408,NA,NA,NA,NA,NA,Private not-for-profit,94,23,552,668,62,212,132,562,1325,32,40,NA,NA,7,59,30,NA,NA,NA,NA,NA,NA,NA,12,51,32408,32408,Implied no,Yes,64,305,500,Professions-focused,Professions-focused Baccalaureate Small,No research designation,"Higher Access, Medium Earnings",Small
217925,Columbia International University,NA,NA,NA,NA,NA,NA,NA,NA,NA,1,"Not required for admission, but considered if submitted (Test Optional)",109,1853944,No,25,NA,26700,26700,NA,NA,NA,NA,NA,Private not-for-profit,94,35,454,511,44,170,82,649,2914,37,46,NA,11950,2,63,35,NA,NA,NA,1,NA,NA,NA,13,3,26700,26700,Implied no,Yes,70,313,420,Professions-focused,Professions-focused Undergraduate/Graduate-Doctorate Small,No research designation,"Lower Access, Medium Earnings",Small
217934,Columbia College,NA,NA,NA,NA,NA,NA,NA,NA,NA,NA,"Not considered for admission, even if submitted (Test Blind)",187,3076343,No,NA,NA,21414,21414,NA,NA,NA,NA,NA,Private not-for-profit,94,9,288,1103,14,211,292,517,1725,26,37,NA,NA,2,83,14,NA,NA,NA,NA,NA,NA,NA,12,46,19276,19276,Implied no,Implied no,84,685,828,Professions-focused,Professions-focused Undergraduate/Graduate-Master's Small,No research designation,"Higher Access, Medium Earnings",Small
217961,Converse University,19,23,26,19,22,26,17,21,25,17,"Not required for admission, but considered if submitted (Test Optional)",224,4160837,No,NA,NA,24790,24790,NA,NA,NA,NA,NA,Private not-for-profit,68,12,317,856,103,238,67,507,1787,56,62,NA,13830,8,69,24,500,550,620,24,510,580,630,12,NA,24790,24790,Implied no,Yes,98,319,489,Mixed,Mixed Undergraduate/Graduate-Doctorate Small,No research designation,"Higher Access, Medium Earnings",Small
218061,Francis Marion University,16,20,24,15,19,23,16,17,21,11,"Not required for admission, but considered if submitted (Test Optional)",616,7384737,No,41,NA,10384,20768,NA,NA,NA,23340,23850,Public,86,22,1293,2399,96,702,161,1736,4112,24,43,NA,9432,3,90,7,420,480,540,16,450,510,575,13,37,10394,20768,Implied no,Yes,65,1363,1394,Professions-focused,Professions-focused Baccalaureate Medium,No research designation,"Higher Access, Medium Earnings",Medium
218070,Furman University,28,31,32,29,33,35,26,28,31,22,"Not required for admission, but considered if submitted (Test Optional)",617,26414503,No,NA,32172,59360,59360,0.25,0,0.75,NA,NA,Private not-for-profit,43,13,1003,1380,144,608,0,1729,2554,73,79,0.36,NA,8,29,62,610,660,710,27,650,680,720,10,19,59360,59360,Implied no,Yes,99,307,647,Special Focus: Arts and Sciences,Special Focus: Arts and Sciences,No research designation,"Lower Access, Higher Earnings",Small
218113,Greenville Technical College,NA,NA,NA,NA,NA,NA,NA,NA,NA,NA,NA,932,6509319,No,NA,NA,5693,10325,NA,NA,NA,16098,20166,Public,NA,NA,4864,7135,52,1855,638,6649,11999,NA,NA,NA,NA,2,94,5,NA,NA,NA,NA,NA,NA,NA,16,21,5693,10325,Implied no,Yes,75,3611,964,Professions-focused,Professions-focused Associate Large/Medium,No research designation,"Higher Access, Medium Earnings",Medium
218229,Lander University,16,20,23,15,19,22,16,18,22,17,"Not required for admission, but considered if submitted (Test Optional)",834,10201568,No,NA,NA,10700,20300,NA,NA,NA,27159,27277,Public,81,23,1249,2527,87,843,301,2488,4378,36,50,NA,NA,2,88,10,460,510,570,38,490,550,608,18,26,10700,20300,Implied no,Yes,80,1421,1787,Professions-focused,Professions-focused Baccalaureate Medium,No research designation,"Lower Access, Medium Earnings",Medium
218238,Limestone University,NA,NA,NA,NA,NA,NA,NA,NA,NA,NA,"Not considered for admission, even if submitted (Test Blind)",313,6730599,No,NA,NA,26700,26700,NA,NA,NA,NA,NA,Private not-for-profit,97,11,755,790,76,326,159,606,1807,23,34,NA,NA,0,60,30,NA,NA,NA,NA,NA,NA,NA,11,37,26700,26700,Implied no,Yes,89,694,1080,Professions-focused,Professions-focused Baccalaureate Small,No research designation,"Higher Access, Medium Earnings",Small
218335,Medical University of South Carolina,NA,NA,NA,NA,NA,NA,NA,NA,NA,NA,NA,NA,NA,Not applicable,50,NA,NA,NA,NA,NA,NA,NA,NA,Public,NA,NA,30,273,1,0,122,232,3246,NA,NA,NA,NA,NA,NA,NA,NA,NA,NA,NA,NA,NA,NA,11,NA,15622,29030,Implied no,Implied no,43,32,171,Special Focus: Medical Schools and Centers,Special Focus: Medical Schools and Centers,Research 1: Very High Spending and Doctorate Production,Not Classified in SAEC,Small
218414,Newberry College,NA,NA,NA,NA,NA,NA,NA,NA,NA,NA,"Not considered for admission, even if submitted (Test Blind)",457,11178641,No,0,NA,27850,27850,NA,NA,NA,NA,NA,Private not-for-profit,90,10,724,757,37,426,89,765,1536,32,45,NA,13500,8,70,22,NA,NA,NA,NA,NA,NA,NA,15,32,27850,27850,Yes,Yes,99,712,1069,Professions-focused,Professions-focused Baccalaureate Small,No research designation,"Higher Access, Medium Earnings",Small
218441,North Greenville University,20,23,28,19,23,29,17,21,26,20,"Not required for admission, but considered if submitted (Test Optional)",427,8697046,No,35,NA,25600,25600,NA,NA,NA,NA,NA,Private not-for-profit,67,32,936,1084,36,484,159,1423,2304,47,55,NA,NA,1,72,27,520,570,610,29,540,590,630,13,NA,25600,25600,Implied no,Yes,86,644,955,Professions-focused,Professions-focused Baccalaureate Small,No research designation,"Lower Access, Medium Earnings",Small
218539,Presbyterian College,21,23,26,20,23,26,18,22,26,18,"Not required for admission, but considered if submitted (Test Optional)",264,10387100,No,NA,NA,41810,41810,NA,NA,NA,NA,NA,Private not-for-profit,68,12,426,427,41,259,34,510,1095,43,49,NA,NA,1,60,36,480,540,580,31,500,560,620,11,41,41810,41810,Implied no,Yes,95,301,456,Mixed,Mixed Undergraduate/Graduate-Doctorate Small,No research designation,"Lower Access, Medium Earnings",Small
218645,University of South Carolina Aiken,19,22,26,17,21,25,17,22,25,14,"Not required for admission, but considered if submitted (Test Optional)",571,5084111,No,45,31501,10398,20856,0.51,0.16,0.34,21166,21540,Public,79,28,1276,2013,60,666,366,1910,4022,23,40,0.53,NA,1,88,10,470,540,600,23,510,580,620,16,36,10398,20856,Implied no,Yes,71,1221,1351,Professions-focused,Professions-focused Undergraduate/Graduate-Master's Large/Medium,No research designation,"Higher Access, Medium Earnings",Medium
218654,University of South Carolina Beaufort,NA,NA,NA,NA,NA,NA,NA,NA,NA,NA,"Not considered for admission, even if submitted (Test Blind)",432,3754794,No,40,NA,10344,21390,NA,NA,NA,24106,24353,Public,73,26,728,1434,41,547,234,1285,2208,23,34,NA,NA,2,76,21,NA,NA,NA,NA,NA,NA,NA,15,44,10344,21390,Implied no,Yes,72,829,1005,Mixed,Mixed Baccalaureate,No research designation,"Higher Access, Medium Earnings",Small
218663,University of South Carolina-Columbia,26,29,32,25,29,34,24,27,30,15,"Not required for admission, but considered if submitted (Test Optional)",6651,47482378,No,65,NA,12288,35572,NA,NA,NA,31674,31638,Public,60,23,12341,17846,536,7272,1414,21671,38532,70,79,NA,NA,1,54,45,580,630,680,29,600,640,680,19,15,12288,35898,Implied no,Yes,80,5442,11707,Professions-focused,Professions-focused Undergraduate/Graduate-Doctorate Large,Research 1: Very High Spending and Doctorate Production,"Lower Access, Higher Earnings",Large
218724,Coastal Carolina University,21,23,26,20,22,25,18,22,25,8,"Not required for admission, but considered if submitted (Test Optional)",2594,26165311,No,45,NA,11460,29448,NA,NA,NA,26359,26692,Public,75,17,4725,6086,101,2677,711,7935,11348,37,48,NA,NA,1,32,67,520,560,600,23,530,580,620,17,32,11460,29448,Implied no,Yes,77,2704,5843,Professions-focused,Professions-focused Undergraduate/Graduate-Master's Large/Medium,Research Colleges and Universities,"Lower Access, Medium Earnings",Medium
218733,South Carolina State University,NA,NA,NA,NA,NA,NA,NA,NA,NA,NA,"Not considered for admission, even if submitted (Test Blind)",973,11266530,No,25,NA,9528,20218,NA,NA,NA,30007,30015,Public,83,11,1339,1611,2,1042,125,35,3242,21,37,NA,NA,0,70,30,NA,NA,NA,NA,NA,NA,NA,19,27,9528,20218,Implied no,Yes,86,1947,1856,Mixed,Mixed Baccalaureate,Research 2: High Spending and Doctorate Production,"Higher Access, Medium Earnings",Small
218742,University of South Carolina-Upstate,21,23,26,18,21,26,19,23,27,3,"Not required for admission, but considered if submitted (Test Optional)",653,6999627,No,45,NA,11208,22710,NA,NA,NA,24776,25124,Public,67,24,1533,2954,62,757,694,2070,4916,29,43,NA,NA,1,92,5,495,520,570,7,510,560,605,15,35,11208,22710,Implied no,Yes,73,2065,2204,Professions-focused,Professions-focused Baccalaureate Medium,Research Colleges and Universities,"Higher Access, Medium Earnings",Medium
218821,Spartanburg Methodist College,NA,NA,NA,NA,NA,NA,NA,NA,NA,NA,"Not considered for admission, even if submitted (Test Blind)",437,7574893,No,NA,NA,17400,17400,NA,NA,NA,NA,NA,Private not-for-profit,78,28,480,639,7,479,105,495,1119,NA,NA,NA,NA,0,98,2,NA,NA,NA,NA,NA,NA,NA,16,33,17400,17400,Implied no,Implied no,96,638,480,Mixed,Mixed Associate/Baccalaureate,No research designation,"Higher Access, Medium Earnings",Small
218964,Winthrop University,20,24,27,NA,NA,NA,NA,NA,NA,14,"Not required for admission, but considered if submitted (Test Optional)",858,13458628,No,50,NA,13998,27996,NA,NA,NA,30615,30710,Public,79,15,1412,2557,71,900,320,2004,4894,46,57,NA,NA,1,85,14,490,540,590,31,520,575,630,13,20,13998,27996,Implied no,Yes,83,1551,2057,Mixed,Mixed Undergraduate/Graduate-Master's Large/Medium,Research Colleges and Universities,"Higher Access, Medium Earnings",Medium
218973,Wofford College,27,28,31,26,30,34,24,26,29,22,"Not required for admission, but considered if submitted (Test Optional)",501,21075505,No,NA,33945,54080,54080,0.44,0,0.56,NA,NA,Private not-for-profit,52,18,881,936,41,427,22,1427,1817,79,84,0.5,NA,1,53,45,590,626,663,26,608,651,680,12,NA,54080,54080,Implied no,Yes,97,293,764,Special Focus: Arts and Sciences,Special Focus: Arts and Sciences,No research designation,"Lower Access, Higher Earnings",Small
219000,Augustana University,21,24,27,20,23,26,20,24,27,51,"Not required for admission, but considered if submitted (Test Optional)",454,13822120,No,NA,NA,39100,39100,NA,NA,NA,NA,NA,Private not-for-profit,68,26,790,1213,225,534,67,1457,2390,56,73,NA,NA,11,50,39,580,625,690,4,570,630,680,12,13,39100,39100,Implied no,Yes,97,333,967,Professions-focused,Professions-focused Undergraduate/Graduate-Master's Small,No research designation,"Lower Access, Medium Earnings",Small
219046,Black Hills State University,18,21,24,17,20,23,16,19,24,66,"Not required for admission, but considered if submitted (Test Optional)",343,2081890,No,20,NA,7616,10718,NA,NA,NA,21455,21277,Public,96,30,1200,1998,48,490,145,2272,3346,29,43,NA,NA,0,55,44,500,530,570,6,465,530,565,17,NA,7616,10718,Implied no,Yes,41,653,905,Professions-focused,Professions-focused Baccalaureate Medium,No research designation,"Lower Access, Medium Earnings",Medium
219082,Dakota State University,20,24,27,18,22,25,19,24,27,67,"Not required for admission, but considered if submitted (Test Optional)",341,1831471,No,20,NA,7616,10718,NA,NA,NA,25740,25753,Public,88,18,1801,1265,171,383,269,2372,3774,34,49,NA,NA,20,58,22,620,700,760,16,570,620,680,18,NA,7616,10718,Implied no,Yes,44,495,1002,Professions-focused,Professions-focused Undergraduate/Graduate-Master's Large/Medium,Research Colleges and Universities,"Lower Access, Medium Earnings",Medium
219198,Mount Marty University,18,22,25,NA,NA,NA,NA,NA,NA,48,"Not required for admission, but considered if submitted (Test Optional)",141,3679688,No,NA,NA,31500,31500,NA,NA,NA,NA,NA,Private not-for-profit,43,23,556,466,66,170,77,690,1284,41,52,NA,9800,11,53,36,NA,NA,NA,0,NA,NA,NA,12,32,31500,31500,Implied no,Yes,60,245,450,Professions-focused,Professions-focused Undergraduate/Graduate-Doctorate Small,No research designation,"Higher Access, Medium Earnings",Small
219240,Kairos University,NA,NA,NA,NA,NA,NA,NA,NA,NA,0,"Not required for admission, but considered if submitted (Test Optional)",NA,NA,No,25,NA,3600,3600,NA,NA,NA,NA,NA,Private not-for-profit,85,9,48,34,0,3,17,70,1239,NA,NA,NA,NA,33,0,67,NA,NA,NA,0,NA,NA,NA,9,NA,3600,3600,Implied no,Implied no,0,0,0,Special Focus: Theological Studies,Special Focus: Theological Studies,No research designation,Not Classified in SAEC,Small
219259,Northern State University,18,21,24,16,20,23,17,20,25,74,"Not required for admission, but considered if submitted (Test Optional)",294,1893649,No,20,NA,7616,10718,NA,NA,NA,22126,22077,Public,93,35,1267,1902,99,356,91,2569,3708,35,55,NA,NA,2,71,26,490,530,570,2,490,530,590,19,27,7616,10718,Implied no,Yes,35,362,649,Professions-focused,Professions-focused Baccalaureate Medium,No research designation,"Higher Access, Medium Earnings",Medium
219277,Oglala Lakota College,NA,NA,NA,NA,NA,NA,NA,NA,NA,NA,NA,63,805971,No,NA,NA,2016,2016,NA,NA,NA,10277,10494,Public,NA,NA,342,797,0,141,35,23,1188,0,9,NA,NA,0,99,1,NA,NA,NA,NA,NA,NA,NA,10,11,2016,2016,Implied no,Implied no,100,560,0,Professions-focused,Professions-focused Associate/Baccalaureate,No research designation,"Higher Access, Lower Earnings",Small
219347,South Dakota School of Mines and Technology,24,26,30,21,24,28,24,27,29,79,"Not required for admission, but considered if submitted (Test Optional)",405,2160425,No,20,NA,7800,12200,NA,NA,NA,25505,25385,Public,80,38,1714,502,38,476,56,1793,2576,24,52,NA,NA,1,34,65,580,630,680,25,560,600,660,12,1,7800,12200,Implied no,Yes,65,366,876,"Special Focus: Technology, Engineering, and Sciences","Special Focus: Technology, Engineering, and Sciences",Research Colleges and Universities,"Lower Access, Higher Earnings",Small
219356,South Dakota State University,19,22,25,18,21,24,18,23,26,75,"Not required for admission, but considered if submitted (Test Optional)",2081,9311208,No,20,NA,7773,11283,NA,NA,NA,24633,24636,Public,98,34,4748,5971,400,2441,438,8966,12056,46,62,NA,NA,6,51,44,530,560,630,2,530,570,610,17,NA,7773,11283,Implied no,Yes,66,1694,4336,Professions-focused,Professions-focused Undergraduate/Graduate-Doctorate Medium,Research 2: High Spending and Doctorate Production,"Lower Access, Medium Earnings",Medium
219383,University of Sioux Falls,NA,NA,NA,NA,NA,NA,NA,NA,NA,NA,"Not considered for admission, even if submitted (Test Blind)",307,3924189,No,NA,NA,21150,21150,NA,NA,NA,NA,NA,Private not-for-profit,83,15,479,762,17,290,82,935,1450,49,62,NA,NA,1,42,57,NA,NA,NA,NA,NA,NA,NA,18,37,21150,21150,Implied no,Yes,93,368,855,Professions-focused,Professions-focused Undergraduate/Graduate-Master's Small,No research designation,"Higher Access, Medium Earnings",Small
219471,University of South Dakota,19,22,25,17,21,25,18,22,25,62,"Not required for admission, but considered if submitted (Test Optional)",1113,6258808,No,20,NA,7773,11283,NA,NA,NA,24485,24422,Public,99,24,2694,4925,408,1418,317,5900,10619,47,60,NA,NA,14,52,34,595,635,695,4,530,570,620,16,25,7773,11283,Implied no,Yes,55,1319,2865,Professions-focused,Professions-focused Undergraduate/Graduate-Doctorate Medium,Research 2: High Spending and Doctorate Production,"Lower Access, Higher Earnings",Medium
219602,Austin Peay State University,18,21,24,17,21,25,16,19,23,52,"Not required for admission, but considered if submitted (Test Optional)",1387,15659541,No,25,NA,7272,13032,NA,NA,NA,21444,22233,Public,96,27,3653,5273,194,1677,695,4653,10439,27,39,NA,NA,0,89,11,398,490,553,1,445,515,573,14,NA,7272,13032,Implied no,Yes,89,3721,2924,Mixed,Mixed Undergraduate/Graduate-Master's Large/Medium,Research Colleges and Universities,"Higher Access, Medium Earnings",Medium
219709,Belmont University,24,27,30,24,28,33,22,25,28,37,"Not required for admission, but considered if submitted (Test Optional)",1550,37187605,No,50,NA,40560,40560,NA,NA,NA,NA,NA,Private not-for-profit,95,18,2522,4653,65,1547,341,5151,8803,61,70,NA,NA,1,35,64,560,610,660,18,600,650,690,12,NA,40560,40560,Implied no,Yes,84,1521,2513,Professions-focused,Professions-focused Undergraduate/Graduate-Doctorate Medium,No research designation,"Lower Access, Medium Earnings",Medium
219718,Bethel University,15,18,21,14,18,21,15,16,20,88,"Not required for admission, but considered if submitted (Test Optional)",363,6425069,No,30,NA,17376,17376,NA,NA,NA,NA,NA,Private not-for-profit,60,32,1259,1415,81,288,262,1282,2936,14,17,NA,NA,6,82,11,420,460,550,11,410,460,570,15,NA,17376,17376,Implied no,Yes,91,860,1039,Professions-focused,Professions-focused Baccalaureate Medium,No research designation,"Higher Access, Medium Earnings",Medium
219790,Bryan College-Dayton,NA,NA,NA,NA,NA,NA,NA,NA,NA,NA,NA,188,2494973,No,NA,NA,18900,18900,NA,NA,NA,NA,NA,Private not-for-profit,NA,NA,736,829,23,202,47,756,1701,45,50,NA,NA,1,65,28,NA,NA,NA,NA,NA,NA,NA,14,NA,18900,18900,Implied no,Yes,100,280,477,Professions-focused,Professions-focused Undergraduate/Graduate-Master's Small,No research designation,"Lower Access, Medium Earnings",Small
219806,Carson-Newman University,19,22,25,17,21,25,17,21,25,70,"Not required for admission, but considered if submitted (Test Optional)",360,10112497,No,NA,NA,34700,34700,NA,NA,NA,NA,NA,Private not-for-profit,90,17,769,827,80,373,95,1186,2669,45,53,NA,NA,0,73,27,455,540,570,5,500,530,645,12,26,34700,34700,Implied no,Yes,95,557,760,Professions-focused,Professions-focused Undergraduate/Graduate-Doctorate Small,No research designation,"Higher Access, Medium Earnings",Small
219833,Christian Brothers University,19,21,24,18,21,23,16,20,25,59,"Not required for admission, but considered if submitted (Test Optional)",199,6215480,No,NA,NA,38420,38420,NA,NA,NA,NA,NA,Private not-for-profit,87,13,496,659,93,175,106,247,1772,41,55,NA,11055,8,66,26,560,615,680,5,460,590,700,9,25,38420,38420,Implied no,Yes,92,373,350,Professions-focused,Professions-focused Undergraduate/Graduate-Master's Small,No research designation,"Opportunity Colleges and Universities – Higher Access, Higher Earnings",Small
219949,Cumberland University,NA,NA,NA,NA,NA,NA,NA,NA,NA,NA,"Not considered for admission, even if submitted (Test Blind)",667,16477192,No,25,NA,26640,26640,NA,NA,NA,NA,NA,Private not-for-profit,67,41,1157,1588,144,681,176,1717,3457,28,42,NA,NA,0,91,8,NA,NA,NA,NA,NA,NA,NA,19,24,26640,26640,Implied no,Yes,100,803,507,Professions-focused,Professions-focused Associate/Baccalaureate,No research designation,"Opportunity Colleges and Universities – Higher Access, Higher Earnings",Small
219976,Lipscomb University,23,26,30,24,27,33,22,25,28,50,"Not required for admission, but considered if submitted (Test Optional)",708,20280352,No,50,NA,37460,37460,NA,NA,NA,NA,NA,Private not-for-profit,68,25,1328,2008,104,719,169,2241,5017,62,72,NA,NA,3,63,34,570,630,680,12,590,650,700,13,NA,37460,37460,Implied no,Yes,96,788,962,Professions-focused,Professions-focused Undergraduate/Graduate-Doctorate Medium,No research designation,"Lower Access, Higher Earnings",Medium
220075,East Tennessee State University,19,23,26,19,22,27,17,21,25,76,"Not required for admission, but considered if submitted (Test Optional)",1827,18453677,No,25,NA,8376,12426,NA,NA,NA,26849,27042,Public,86,25,4313,6516,182,2138,929,7684,13728,40,53,NA,NA,2,74,24,470,520,580,7,510,560,620,15,22,8120,11630,Implied no,Yes,84,3704,3580,Professions-focused,Professions-focused Undergraduate/Graduate-Doctorate Medium,Research 2: High Spending and Doctorate Production,"Higher Access, Medium Earnings",Medium
220181,Fisk University,19,21,24,16,21,24,16,18,23,66,"Not required for admission, but considered if submitted (Test Optional)",259,5908005,No,0,NA,23880,23880,NA,NA,NA,NA,NA,Private not-for-profit,37,9,382,653,0,374,0,1,1059,24,30,NA,NA,21,25,53,570,770,790,33,570,650,720,12,NA,23880,23880,Implied no,Yes,93,492,502,Special Focus: Arts and Sciences,Special Focus: Arts and Sciences,Research Colleges and Universities,"Higher Access, Medium Earnings",Small
220215,Freed-Hardeman University,19,22,26,18,22,26,17,20,24,90,"Not required for admission, but considered if submitted (Test Optional)",274,4952176,No,NA,NA,25620,25620,NA,NA,NA,NA,NA,Private not-for-profit,60,36,867,1006,0,283,54,1589,2306,64,69,NA,NA,0,56,42,471,507,538,11,481,513,549,10,NA,25620,25620,Implied no,Yes,90,343,658,Professions-focused,Professions-focused Undergraduate/Graduate-Master's Small,No research designation,"Lower Access, Medium Earnings",Small
220516,King University,NA,NA,NA,NA,NA,NA,NA,NA,NA,NA,"Not considered for admission, even if submitted (Test Blind)",162,4271293,No,NA,NA,34220,34220,NA,NA,NA,NA,NA,Private not-for-profit,100,20,399,565,55,147,163,688,1157,45,49,NA,NA,7,41,52,NA,NA,NA,NA,NA,NA,NA,11,37,18423,18423,Implied no,Yes,83,448,594,Professions-focused,Professions-focused Undergraduate/Graduate-Master's Small,No research designation,"Lower Access, Higher Earnings",Small
220552,South College,NA,NA,NA,NA,NA,NA,NA,NA,NA,NA,NA,527,7487792,No,50,NA,16450,16450,NA,NA,NA,NA,NA,Private for-profit,NA,NA,926,7856,291,814,1839,3626,11557,50,53,NA,NA,0,55,44,NA,NA,NA,NA,NA,NA,NA,25,21,16450,16450,Implied no,Yes,65,3126,4002,Special Focus: Other Health Professions,Special Focus: Other Health Professions,No research designation,"Higher Access, Medium Earnings",Medium
220613,Lee University,20,23,27,20,23,28,17,22,25,69,"Not required for admission, but considered if submitted (Test Optional)",544,8414138,No,25,NA,23040,23040,NA,NA,NA,NA,NA,Private not-for-profit,71,35,1244,2027,85,589,149,2379,3714,51,63,NA,NA,4,51,45,500,550,600,21,540,580,630,13,24,23040,23040,Implied no,Yes,76,933,1365,Professions-focused,Professions-focused Baccalaureate Medium,No research designation,"Lower Access, Medium Earnings",Medium
220631,Lincoln Memorial University,18,21,24,16,20,23,17,19,24,63,"Not required for admission, but considered if submitted (Test Optional)",328,6586700,No,NA,NA,26448,26448,NA,NA,NA,NA,NA,Private not-for-profit,63,16,493,1175,114,357,214,1277,6081,37,47,NA,NA,1,38,32,490,550,600,12,510,550,610,10,NA,26448,26448,Implied no,Yes,93,596,795,Special Focus: Medical Schools and Centers,Special Focus: Medical Schools and Centers,No research designation,Not Classified in SAEC,Medium
220701,The University of Tennessee Southern,18,21,24,18,21,25,17,20,23,90,Required to be considered for admission,183,1895590,No,NA,NA,9640,9640,NA,NA,NA,24904,24750,Public,87,26,393,619,73,172,113,768,1046,26,35,NA,NA,8,80,12,470,510,555,6,435,480,555,14,31,9640,9640,Implied no,Implied no,98,343,254,Professions-focused,Professions-focused Baccalaureate Small,No research designation,"Lower Access, Medium Earnings",Small
220710,Maryville College,NA,NA,NA,NA,NA,NA,NA,NA,NA,NA,"Not considered for admission, even if submitted (Test Blind)",317,10509591,No,NA,NA,38370,38370,NA,NA,NA,NA,NA,Private not-for-profit,61,14,515,617,71,281,53,790,1136,39,50,NA,NA,1,67,32,NA,NA,NA,NA,NA,NA,NA,12,15,38370,38370,Implied no,Yes,99,431,662,Mixed,Mixed Baccalaureate,No research designation,"Higher Access, Medium Earnings",Small
220862,University of Memphis,18,21,24,17,21,25,16,19,23,90,Required to be considered for admission,2326,27431651,No,25,NA,8856,13512,NA,NA,NA,24941,25169,Public,72,18,6454,9316,277,1962,962,5920,20276,33,51,NA,NA,3,84,13,435,505,580,4,480,530,600,16,14,8856,13512,Implied no,Yes,82,6913,6355,Professions-focused,Professions-focused Undergraduate/Graduate-Doctorate Large,Research 1: Very High Spending and Doctorate Production,"Higher Access, Medium Earnings",Large
220978,Middle Tennessee State University,20,22,26,19,22,26,17,21,25,93,Required to be considered for admission,2860,30500734,No,25,NA,8204,29512,NA,NA,NA,24093,24289,Public,69,30,8530,9512,427,3149,1624,11377,20488,36,54,NA,12242,1,90,8,490,550,600,6,520,580,630,17,23,8204,29512,Implied no,Yes,79,5618,4951,Professions-focused,Professions-focused Undergraduate/Graduate-Master's Large/Medium,Research 2: High Spending and Doctorate Production,"Higher Access, Medium Earnings",Large
221351,Rhodes College,26,29,32,26,31,34,24,26,30,41,"Not required for admission, but considered if submitted (Test Optional)",479,19245990,No,NA,19997,56300,56300,0.2,0,0.8,NA,NA,Private not-for-profit,50,12,757,1081,114,388,7,1079,1861,79,85,0.55,13620,12,33,55,650,690,753,21,650,695,733,9,14,56300,56300,Implied no,Yes,98,303,965,Special Focus: Arts and Sciences,Special Focus: Arts and Sciences,No research designation,"Lower Access, Higher Earnings",Small
221519,The University of the South,27,29,31,29,32,35,25,27,29,37,"Not required for admission, but considered if submitted (Test Optional)",442,16429422,No,NA,29813,55822,55822,0.33,0.01,0.66,NA,NA,Private not-for-profit,57,18,769,875,58,478,20,1337,1724,73,80,0.43,NA,5,24,71,620,660,680,17,640,670,710,9,18,55822,55822,Implied no,Yes,96,256,542,Special Focus: Arts and Sciences,Special Focus: Arts and Sciences,No research designation,"Lower Access, Medium Earnings",Small
221661,Southern Adventist University,19,22,25,18,22,26,17,20,25,60,"Not required for admission, but considered if submitted (Test Optional)",743,9587353,No,25,NA,26000,26000,NA,NA,NA,NA,NA,Private not-for-profit,65,37,1345,1584,215,703,107,1093,3229,35,55,NA,NA,1,20,75,490,550,640,46,530,590,660,19,5,26000,26000,Implied no,Yes,90,866,1187,Professions-focused,Professions-focused Baccalaureate Small,No research designation,"Higher Access, Medium Earnings",Small
221731,Tennessee Wesleyan University,19,21,23,19,21,25,17,19,24,74,"Not required for admission, but considered if submitted (Test Optional)",168,4148205,No,NA,NA,29414,29414,NA,NA,NA,NA,NA,Private not-for-profit,69,30,329,589,60,183,134,685,1198,35,48,NA,NA,7,86,8,NA,NA,NA,1,NA,NA,NA,12,33,29414,29414,Implied no,Yes,91,336,447,Professions-focused,Professions-focused Baccalaureate Small,No research designation,"Lower Access, Medium Earnings",Small
221740,The University of Tennessee-Chattanooga,20,23,26,20,23,26,17,21,25,94,Required to be considered for admission,2177,21853396,No,30,NA,8458,16522,NA,NA,NA,25308,25489,Public,81,29,4256,5946,70,2489,699,7507,11775,35,50,NA,NA,0,89,10,500,540,590,7,513,560,620,18,NA,8458,16522,Implied no,Yes,81,3274,3706,Professions-focused,Professions-focused Undergraduate/Graduate-Master's Large/Medium,Research Colleges and Universities,"Higher Access, Medium Earnings",Medium
221759,The University of Tennessee-Knoxville,25,28,31,24,28,32,24,26,29,81,Required to be considered for admission,6301,72045753,No,50,31264,11560,30704,0.54,0.17,0.29,33678,33678,Public,42,27,14211,16353,289,6804,1602,23842,38728,57,74,0.41,13356,0,64,35,600,640,690,24,600,640,680,18,16,11560,30704,Implied no,Yes,77,5455,8343,Mixed,Mixed Undergraduate/Graduate-Doctorate Large,Research 1: Very High Spending and Doctorate Production,"Lower Access, Higher Earnings",Large
221768,The University of Tennessee-Martin,19,22,25,19,22,25,17,20,24,98,Required to be considered for admission,1092,11859745,No,30,NA,8802,14842,NA,NA,NA,23027,23079,Public,88,23,2558,4251,36,1220,385,5116,7499,37,53,NA,NA,1,89,9,470,530,600,3,500,580,610,16,18,8802,14842,Implied no,Yes,92,2146,1916,Professions-focused,Professions-focused Undergraduate/Graduate-Master's Large/Medium,No research designation,"Opportunity Colleges and Universities – Higher Access, Higher Earnings",Medium
221838,Tennessee State University,16,19,21,14,18,21,15,17,19,65,Required to be considered for admission,1163,11236203,No,25,NA,7368,21168,NA,NA,NA,25588,25637,Public,70,13,1755,3302,109,880,257,229,6310,22,35,NA,NA,2,41,57,420,460,510,33,460,500,540,13,31,7368,21168,Implied no,Yes,73,3457,3133,Professions-focused,Professions-focused Undergraduate/Graduate-Doctorate Medium,Research 2: High Spending and Doctorate Production,"Higher Access, Medium Earnings",Medium
221847,Tennessee Technological University,20,23,27,20,23,27,18,23,26,95,"Not required for admission, but considered if submitted (Test Optional)",1890,19765919,No,25,NA,9990,14190,NA,NA,NA,25619,25663,Public,76,23,5054,4133,181,2006,586,7297,10511,41,58,NA,NA,1,94,5,520,590,660,2,528,590,650,16,20,9990,14190,Implied no,Yes,82,2743,2972,Mixed,Mixed Undergraduate/Graduate-Master's Large/Medium,Research 2: High Spending and Doctorate Production,"Opportunity Colleges and Universities – Higher Access, Higher Earnings",Medium
221892,Trevecca Nazarene University,18,21,24,18,21,25,16,19,24,80,"Not required for admission, but considered if submitted (Test Optional)",375,8966747,No,NA,NA,29750,29750,NA,NA,NA,NA,NA,Private not-for-profit,69,27,748,1155,216,456,66,1033,3195,41,53,NA,NA,3,70,26,470,535,625,16,510,560,610,20,NA,29750,29750,Implied no,Yes,91,589,717,Professions-focused,Professions-focused Undergraduate/Graduate-Doctorate Medium,No research designation,"Higher Access, Medium Earnings",Medium
221953,Tusculum University,NA,NA,NA,NA,NA,NA,NA,NA,NA,NA,"Not considered for admission, even if submitted (Test Blind)",205,4870557,No,NA,NA,28250,28250,NA,NA,NA,NA,NA,Private not-for-profit,72,16,487,453,44,207,64,505,1103,21,25,NA,NA,13,49,36,NA,NA,NA,NA,NA,NA,NA,18,13,28250,28250,Implied no,Implied no,94,473,542,Professions-focused,Professions-focused Undergraduate/Graduate-Master's Small,No research designation,"Higher Access, Medium Earnings",Small
221971,Union University,22,26,30,21,26,31,18,24,27,78,"Not required for admission, but considered if submitted (Test Optional)",309,9306942,No,35,NA,38500,38500,NA,NA,NA,NA,NA,Private not-for-profit,60,30,749,1185,31,359,164,1174,2713,60,66,NA,NA,1,65,35,560,620,680,15,600,670,710,9,23,36005,36005,Implied no,Yes,84,464,802,Professions-focused,Professions-focused Undergraduate/Graduate-Doctorate Small,No research designation,"Lower Access, Medium Earnings",Small
221999,Vanderbilt University,34,35,35,35,35,36,32,34,35,25,"Not required for admission, but considered if submitted (Test Optional)",1083,69750049,Yes,50,27795,65008,65008,0.33,0.08,0.59,NA,NA,Private not-for-profit,6,61,3435,3786,807,1630,359,2816,13575,87,94,0.17,NA,14,13,73,770,790,800,27,730,750,770,8,NA,65008,65008,Implied no,Yes,68,1446,684,Mixed,Mixed Undergraduate/Graduate-Doctorate Medium,Research 1: Very High Spending and Doctorate Production,"Lower Access, Higher Earnings",Medium
222178,Abilene Christian University,22,25,28,21,25,29,20,24,27,24,"Not required for admission, but considered if submitted (Test Optional)",862,26327551,No,50,NA,43900,43900,NA,NA,NA,NA,NA,Private not-for-profit,66,12,1307,1956,139,906,108,1992,5219,49,59,NA,NA,3,87,9,530,580,620,45,540,600,650,13,0,43900,43900,Implied no,Implied no,97,712,1272,Professions-focused,Professions-focused Undergraduate/Graduate-Doctorate Medium,Research 2: High Spending and Doctorate Production,"Lower Access, Medium Earnings",Medium
222567,Alvin Community College,NA,NA,NA,NA,NA,NA,NA,NA,NA,NA,NA,162,1226485,No,NA,NA,2448,3720,NA,NA,NA,16888,16962,Public,NA,NA,2430,3442,59,692,315,1710,5872,NA,NA,NA,NA,0,98,0,NA,NA,NA,NA,NA,NA,NA,19,26,2448,3720,Implied no,Yes,34,1399,250,Mixed,Mixed Associate Medium,No research designation,"Higher Access, Medium Earnings",Medium
222831,Angelo State University,18,21,24,16,20,24,17,20,24,31,"Not required for admission, but considered if submitted (Test Optional)",1336,12107130,No,50,NA,4495,14335,NA,NA,NA,23082,23441,Public,83,28,4191,5511,249,1494,428,4774,11542,30,44,NA,NA,3,95,2,440,510,560,47,470,520,590,19,12,4495,14335,Yes,Yes,52,2659,2252,Mixed,Mixed Undergraduate/Graduate-Doctorate Medium,No research designation,"Higher Access, Medium Earnings",Medium
222983,Austin College,23,26,29,21,25,28,21,25,26,8,"Not required for admission, but considered if submitted (Test Optional)",295,11133892,No,NA,NA,48470,48470,NA,NA,NA,NA,NA,Private not-for-profit,48,14,567,598,10,357,47,547,1217,63,67,NA,NA,0,92,7,550,590,650,24,550,610,660,11,NA,47936,47936,Implied no,Yes,100,348,564,Special Focus: Arts and Sciences,Special Focus: Arts and Sciences,No research designation,"Lower Access, Medium Earnings",Small
222992,Austin Community College District,NA,NA,NA,NA,NA,NA,NA,NA,NA,NA,NA,1009,9612997,No,NA,NA,2010,10050,NA,NA,NA,15064,15190,Public,NA,NA,17089,22638,513,6618,4199,14196,39727,NA,NA,NA,NA,2,97,1,NA,NA,NA,NA,NA,NA,NA,19,30,2010,10050,Implied no,Yes,27,8641,4641,Mixed,Mixed Associate Large,No research designation,"Higher Access, Lower Earnings",Very Large
223232,Baylor University,27,30,32,26,30,34,25,27,30,18,"Not required for admission, but considered if submitted (Test Optional)",3254,88611565,No,NA,49299,58100,58100,0.42,0.09,0.49,NA,NA,Private not-for-profit,51,14,6061,8854,405,3427,346,8876,20626,68,80,0.44,NA,2,63,35,590,650,700,32,610,650,700,15,NA,58100,58100,Yes,Yes,89,1887,4735,Professions-focused,Professions-focused Undergraduate/Graduate-Doctorate Large,Research 1: Very High Spending and Doctorate Production,"Lower Access, Higher Earnings",Large
223506,Brazosport College,NA,NA,NA,NA,NA,NA,NA,NA,NA,NA,NA,213,707615,No,NA,NA,2376,4038,NA,NA,NA,14618,12167,Public,NA,NA,1702,2110,71,546,78,1480,3812,NA,NA,NA,NA,0,100,0,NA,NA,NA,NA,NA,NA,NA,20,NA,2613,4038,Implied no,Yes,39,704,49,Mixed,Mixed Associate/Baccalaureate,No research designation,"Lower Access, Medium Earnings",Medium
224004,Concordia University Texas,NA,NA,NA,NA,NA,NA,NA,NA,NA,NA,"Not considered for admission, even if submitted (Test Blind)",223,6352143,No,25,NA,23500,23500,NA,NA,NA,NA,NA,Private not-for-profit,91,8,424,764,0,176,129,429,1396,30,45,NA,NA,0,96,4,NA,NA,NA,NA,NA,NA,NA,16,NA,31108,31108,Implied no,Yes,73,577,694,Special Focus: Nursing,Special Focus: Nursing,No research designation,"Opportunity Colleges and Universities – Higher Access, Higher Earnings",Small
224147,Texas A & M University-Corpus Christi,19,22,25,18,21,24,17,21,25,8,"Not required for admission, but considered if submitted (Test Optional)",1515,14539388,No,40,NA,4913,15348,NA,NA,NA,24889,25210,Public,89,21,3311,5009,136,2237,606,2750,11266,25,40,NA,NA,1,97,3,470,530,583,46,500,550,610,19,41,4913,15348,Yes,Yes,65,3356,3262,Mixed,Mixed Undergraduate/Graduate-Doctorate Medium,Research 2: High Spending and Doctorate Production,"Lower Access, Medium Earnings",Medium
224226,Dallas Baptist University,20,23,26,18,23,27,17,20,25,15,"Not required for admission, but considered if submitted (Test Optional)",548,12445366,No,NA,NA,38340,38340,NA,NA,NA,NA,NA,Private not-for-profit,89,11,1173,1612,145,614,254,1582,4124,43,58,NA,NA,0,92,8,470,535,593,29,490,570,620,16,30,38340,38340,Implied no,Yes,85,657,909,Professions-focused,Professions-focused Undergraduate/Graduate-Doctorate Medium,No research designation,"Lower Access, Medium Earnings",Medium
224323,University of Dallas,22,25,29,23,26,33,19,24,26,19,"Not required for admission, but considered if submitted (Test Optional)",345,13593175,No,50,29788,50140,50140,0.35,0.01,0.64,NA,NA,Private not-for-profit,53,20,695,749,31,395,47,777,2078,67,73,0.59,NA,0,50,47,540,590,670,40,580,640,700,11,19,50140,50140,Implied no,Yes,97,370,624,Mixed,Mixed Undergraduate/Graduate-Master's Small,No research designation,"Lower Access, Medium Earnings",Small
224350,Del Mar College,NA,NA,NA,NA,NA,NA,NA,NA,NA,NA,NA,238,2174719,No,NA,NA,2190,3300,NA,NA,NA,12811,12895,Public,NA,NA,4444,5812,368,872,222,1897,10256,NA,NA,NA,NA,1,97,1,NA,NA,NA,NA,NA,NA,NA,12,15,2250,3300,Implied no,Yes,39,3004,475,Professions-focused,Professions-focused Associate Large/Medium,No research designation,"Higher Access, Medium Earnings",Medium
224527,East Texas Baptist University,NA,NA,NA,NA,NA,NA,NA,NA,NA,NA,"Not considered for admission, even if submitted (Test Blind)",366,6976627,No,25,NA,29250,29250,NA,NA,NA,NA,NA,Private not-for-profit,58,35,763,871,16,354,125,1013,1813,42,47,NA,NA,1,86,13,NA,NA,NA,NA,NA,NA,NA,14,37,29250,29250,Implied no,Yes,81,534,843,Professions-focused,Professions-focused Baccalaureate Small,No research designation,"Lower Access, Medium Earnings",Small
224545,Texas A&M University-Texarkana,NA,NA,NA,NA,NA,NA,NA,NA,NA,NA,"Not considered for admission, even if submitted (Test Blind)",227,2437161,No,30,NA,6209,22540,NA,NA,NA,23063,23778,Public,64,17,782,1200,88,405,370,921,2412,17,30,NA,NA,12,77,11,NA,NA,NA,NA,NA,NA,NA,14,NA,6209,22540,Yes,Yes,86,932,805,Special Focus: Arts and Sciences,Special Focus: Arts and Sciences,No research designation,"Higher Access, Medium Earnings",Small
224554,Texas A & M University-Commerce,18,22,24,16,20,23,16,19,24,13,"Not required for admission, but considered if submitted (Test Optional)",943,10695610,No,NA,NA,4790,17090,NA,NA,NA,23339,23438,Public,92,12,4039,5953,113,1178,1296,3903,13252,29,43,NA,10634,0,96,3,430,520,570,35,480,540,580,17,26,4790,17090,Yes,Yes,68,3367,2930,Mixed,Mixed Undergraduate/Graduate-Doctorate Medium,Research 2: High Spending and Doctorate Production,"Higher Access, Medium Earnings",Medium
224615,Dallas College,NA,NA,NA,NA,NA,NA,NA,NA,NA,NA,NA,2484,16015498,No,0,NA,4662,6900,NA,NA,NA,9575,9704,Public,NA,NA,28600,41149,2755,8661,3232,9371,69749,NA,NA,NA,NA,0,99,1,NA,NA,NA,NA,NA,NA,NA,22,14,4662,6900,Implied no,Implied no,34,15646,3694,Mixed,Mixed Associate Large,No research designation,"Higher Access, Medium Earnings",Very Large
224679,Western Technical College,NA,NA,NA,NA,NA,NA,NA,NA,NA,NA,NA,370,651684,No,NA,NA,NA,NA,NA,NA,NA,NA,NA,Private for-profit,NA,NA,1029,177,0,330,32,179,1206,44,44,NA,NA,0,92,8,NA,NA,NA,NA,NA,NA,NA,30,NA,NA,NA,Yes,Yes,36,396,558,Special Focus: Applied and Career Studies,Special Focus: Applied and Career Studies,No research designation,"Lower Access, Higher Earnings",Small
224961,Galveston College,NA,NA,NA,NA,NA,NA,NA,NA,NA,NA,NA,205,1282899,No,NA,NA,2400,5130,NA,NA,NA,15172,15338,Public,NA,NA,838,1567,9,351,191,698,2405,NA,NA,NA,NA,3,93,3,NA,NA,NA,NA,NA,NA,NA,14,16,2400,5130,Implied no,Yes,75,796,186,Professions-focused,Professions-focused Associate Small,No research designation,"Higher Access, Lower Earnings",Small
225070,Grayson College,NA,NA,NA,NA,NA,NA,NA,NA,NA,NA,NA,391,2788315,No,0,NA,3000,4800,NA,NA,NA,13907,14866,Public,NA,NA,1685,2639,1,669,603,2625,4324,NA,NA,NA,NA,0,94,6,NA,NA,NA,NA,NA,NA,NA,20,10,3000,4800,Implied no,Implied no,49,1330,370,Professions-focused,Professions-focused Associate Large/Medium,No research designation,"Higher Access, Medium Earnings",Medium
225247,Hardin-Simmons University,19,22,26,17,21,24,18,21,24,20,"Not required for admission, but considered if submitted (Test Optional)",353,9211621,No,NA,NA,31920,31920,NA,NA,NA,NA,NA,Private not-for-profit,90,12,651,640,41,383,66,708,1665,37,46,NA,NA,0,92,5,500,540,590,32,510,560,600,15,33,31920,31920,Implied no,Yes,98,514,1054,Professions-focused,Professions-focused Undergraduate/Graduate-Doctorate Small,No research designation,"Higher Access, Medium Earnings",Small
225308,Trinity Valley Community College,NA,NA,NA,NA,NA,NA,NA,NA,NA,NA,NA,359,3439862,No,NA,NA,1170,4500,NA,NA,NA,14597,14467,Public,NA,NA,2429,3532,64,2201,610,2669,5961,NA,NA,NA,NA,1,96,3,NA,NA,NA,NA,NA,NA,NA,21,19,1170,4500,Implied no,Yes,39,1568,652,Mixed,Mixed Associate Medium,No research designation,"Higher Access, Medium Earnings",Medium
225399,Houston Christian University,17,20,24,15,19,23,16,19,24,6,"Not required for admission, but considered if submitted (Test Optional)",675,19487481,No,NA,NA,36750,36750,NA,NA,NA,NA,NA,Private not-for-profit,84,11,1182,1717,115,751,291,458,4276,38,49,NA,NA,0,91,6,490,540,590,33,500,550,600,18,35,36750,36750,Implied no,Yes,94,1548,1631,Professions-focused,Professions-focused Undergraduate/Graduate-Doctorate Medium,No research designation,"Higher Access, Medium Earnings",Medium
225414,University of Houston-Clear Lake,20,22,25,19,25,25,16,21,23,6,"Not required for admission, but considered if submitted (Test Optional)",272,3435337,No,45,NA,6024,19368,NA,NA,NA,24512,24622,Public,91,22,2383,3756,57,473,942,1767,8137,34,52,NA,NA,1,98,1,480,525,570,69,490,530,580,15,24,6600,20544,Yes,Yes,62,2763,1709,Mixed,Mixed Undergraduate/Graduate-Doctorate Medium,No research designation,Not Classified in SAEC,Medium
225423,Houston Community College,NA,NA,NA,NA,NA,NA,NA,NA,NA,NA,NA,3077,20825078,No,NA,NA,2904,3624,NA,NA,NA,12028,12009,Public,NA,NA,22304,30949,4670,9413,3518,5666,53253,NA,NA,NA,NA,11,88,1,NA,NA,NA,NA,NA,NA,NA,23,17,2904,3624,Implied no,Yes,39,17744,7271,Mixed,Mixed Associate Large,No research designation,"Higher Access, Medium Earnings",Very Large
225432,University of Houston-Downtown,16,19,22,15,19,22,15,17,21,4,"Not required for admission, but considered if submitted (Test Optional)",1126,11549926,No,50,NA,6252,16092,NA,NA,NA,20893,20749,Public,90,20,4773,7849,227,1181,2156,1257,13730,14,33,NA,NA,1,99,1,460,510,550,41,480,520,560,18,30,6126,15978,Yes,Yes,78,7118,3848,Mixed,Mixed Undergraduate/Graduate-Master's Large/Medium,No research designation,"Higher Access, Medium Earnings",Medium
225502,University of Houston-Victoria,NA,NA,NA,NA,NA,NA,NA,NA,NA,NA,"Not considered for admission, even if submitted (Test Blind)",124,1638022,No,25,NA,5111,14951,NA,NA,NA,21325,21401,Public,96,12,1002,1625,74,221,409,691,3586,14,26,NA,NA,4,94,0,NA,NA,NA,NA,NA,NA,NA,15,33,5111,14903,Implied no,Yes,75,1325,1024,Mixed,Mixed Undergraduate/Graduate-Master's Large/Medium,No research designation,"Opportunity Colleges and Universities – Higher Access, Higher Earnings",Medium
225511,University of Houston,23,26,29,22,25,30,21,24,27,13,"Not required for admission, but considered if submitted (Test Optional)",3846,46761802,No,75,21819,8685,21515,0.44,0.24,0.33,26170,26185,Public,74,27,18861,20396,2210,6218,4584,6482,47980,43,65,0.41,NA,4,93,3,570,620,670,46,590,630,670,22,6,8685,21515,Yes,Yes,61,15798,12021,Mixed,Mixed Undergraduate/Graduate-Doctorate Large,Research 1: Very High Spending and Doctorate Production,"Opportunity Colleges and Universities – Higher Access, Higher Earnings",Very Large
225575,Huston-Tillotson University,16,22,28,16,21,26,15,22,28,6,"Not required for admission, but considered if submitted (Test Optional)",170,856251,No,25,NA,24013,24013,NA,NA,NA,NA,NA,Private not-for-profit,39,23,469,555,191,290,64,72,1059,27,34,NA,NA,31,59,5,370,460,570,5,430,440,590,14,5,24013,24013,Implied no,Yes,85,600,678,Mixed,Mixed Baccalaureate,No research designation,"Higher Access, Medium Earnings",Small
225627,University of the Incarnate Word,NA,NA,NA,NA,NA,NA,NA,NA,NA,NA,"Not considered for admission, even if submitted (Test Blind)",1058,26824639,No,NA,NA,35050,35050,NA,NA,NA,NA,NA,Private not-for-profit,98,9,1657,2981,182,1016,364,688,7047,38,50,NA,NA,0,97,3,NA,NA,NA,NA,NA,NA,NA,12,NA,35050,35050,Implied no,Yes,86,2108,2295,Professions-focused,Professions-focused Undergraduate/Graduate-Doctorate Medium,No research designation,"Opportunity Colleges and Universities – Higher Access, Higher Earnings",Medium
226091,Lamar University,18,22,25,18,22,24,17,21,24,8,"Not required for admission, but considered if submitted (Test Optional)",1326,16260876,No,25,NA,6228,16068,NA,NA,NA,21865,22254,Public,86,22,3320,4864,86,1703,776,3084,17772,19,37,NA,NA,1,97,2,450,520,560,43,480,530,580,20,30,6228,16068,Yes,Yes,74,3718,3343,Mixed,Mixed Undergraduate/Graduate-Doctorate Large,Research 2: High Spending and Doctorate Production,"Opportunity Colleges and Universities – Higher Access, Higher Earnings",Large
226134,Laredo College,NA,NA,NA,NA,NA,NA,NA,NA,NA,NA,NA,1043,7340634,No,NA,NA,2400,3648,NA,NA,NA,11400,11469,Public,NA,NA,4674,6355,8,1640,204,386,11029,NA,NA,NA,NA,1,99,0,NA,NA,NA,NA,NA,NA,NA,39,10,2400,3648,Implied no,Yes,41,3503,0,Mixed,Mixed Associate Medium,No research designation,"Lower Access, Higher Earnings",Medium
226152,Texas A & M International University,16,19,22,14,18,21,16,17,20,6,Required to be considered for admission,1346,15177297,No,NA,NA,3818,13658,NA,NA,NA,15387,15558,Public,44,36,2907,4303,379,1363,544,114,8991,27,46,NA,NA,2,92,1,420,480,530,51,470,510,560,21,24,3818,13658,Implied no,Implied no,82,4510,1821,Mixed,Mixed Undergraduate/Graduate-Master's Large/Medium,Research Colleges and Universities,"Opportunity Colleges and Universities – Higher Access, Higher Earnings",Medium
226231,LeTourneau University,21,25,30,19,24,28,20,26,29,58,"Not required for admission, but considered if submitted (Test Optional)",331,7129665,No,NA,NA,36340,36340,NA,NA,NA,NA,NA,Private not-for-profit,38,22,1746,1441,95,311,87,1120,3330,49,59,NA,11120,4,76,20,490,600,670,96,500,600,660,11,NA,36340,36340,Implied no,Yes,43,429,773,Professions-focused,Professions-focused Baccalaureate Small,No research designation,"Lower Access, Medium Earnings",Small
226383,Lubbock Christian University,19,23,27,20,22,26,17,21,26,18,"Not required for admission, but considered if submitted (Test Optional)",282,4968848,No,50,NA,27880,27880,NA,NA,NA,NA,NA,Private not-for-profit,73,26,531,782,52,316,144,753,1595,36,51,NA,NA,2,90,8,450,520,580,30,500,550,610,11,31,27880,27880,Implied no,Yes,87,453,910,Professions-focused,Professions-focused Undergraduate/Graduate-Master's Small,No research designation,"Lower Access, Medium Earnings",Small
226408,College of the Mainland,NA,NA,NA,NA,NA,NA,NA,NA,NA,NA,NA,369,1915372,No,NA,NA,3450,4140,NA,NA,NA,8017,8357,Public,NA,NA,1904,3223,7,932,347,1809,5127,NA,NA,NA,NA,0,100,0,NA,NA,NA,NA,NA,NA,NA,18,12,3450,4140,Implied no,Yes,41,1338,136,Mixed,Mixed Associate Medium,No research designation,"Higher Access, Lower Earnings",Medium
226471,University of Mary Hardin-Baylor,19,23,26,18,21,25,17,21,24,14,"Not required for admission, but considered if submitted (Test Optional)",820,15842021,No,35,NA,29540,29540,NA,NA,NA,NA,NA,Private not-for-profit,96,6,1073,1730,20,687,166,1328,3321,36,49,NA,12716,0,97,2,470,520,590,39,490,560,610,17,NA,31650,31650,Implied no,Implied no,94,1198,1836,Professions-focused,Professions-focused Undergraduate/Graduate-Master's Large/Medium,No research designation,"Lower Access, Medium Earnings",Medium
226587,McMurry University,18,20,24,17,19,23,17,19,22,7,"Not required for admission, but considered if submitted (Test Optional)",316,7294296,No,NA,NA,31850,31850,NA,NA,NA,NA,NA,Private not-for-profit,57,12,1527,1640,73,331,106,1096,3175,32,44,NA,NA,2,95,2,460,520,570,12,490,520,590,16,36,31850,31850,Implied no,Yes,41,606,749,Professions-focused,Professions-focused Baccalaureate Small,No research designation,"Higher Access, Medium Earnings",Small
226806,Midland College,NA,NA,NA,NA,NA,NA,NA,NA,NA,NA,NA,425,2941616,No,NA,NA,3930,5190,NA,NA,NA,11933,12707,Public,NA,NA,2283,3407,163,972,267,1523,5690,NA,NA,NA,NA,2,96,2,NA,NA,NA,NA,NA,NA,NA,14,21,3930,5190,Implied no,Yes,39,1107,111,Mixed,Mixed Associate Medium,No research designation,"Higher Access, Lower Earnings",Medium
226833,Midwestern State University,NA,NA,NA,NA,NA,NA,NA,NA,NA,NA,"Not considered for admission, even if submitted (Test Blind)",725,8001699,No,40,NA,5877,7827,NA,NA,NA,22373,22652,Public,94,13,1584,2719,246,944,409,1748,5324,25,43,NA,NA,6,87,3,NA,NA,NA,NA,NA,NA,NA,18,NA,5465,7285,Yes,Yes,84,1832,1792,Professions-focused,Professions-focused Undergraduate/Graduate-Master's Large/Medium,No research designation,"Opportunity Colleges and Universities – Higher Access, Higher Earnings",Medium
227146,Navarro College,NA,NA,NA,NA,NA,NA,NA,NA,NA,NA,NA,551,4307754,No,NA,NA,1620,3480,NA,NA,NA,18777,18757,Public,NA,NA,2401,4156,51,1017,278,3122,6557,NA,NA,NA,NA,2,96,2,NA,NA,NA,NA,NA,NA,NA,21,23,1620,3480,Implied no,Yes,44,1997,1186,Mixed,Mixed Associate Medium,No research designation,"Higher Access, Lower Earnings",Medium
227182,Lone Star College System,NA,NA,NA,NA,NA,NA,NA,NA,NA,NA,NA,3325,20996190,No,NA,NA,7470,9390,NA,NA,NA,15521,15521,Public,NA,NA,30529,42548,2647,10629,3273,17440,73077,NA,NA,NA,NA,4,96,0,NA,NA,NA,NA,NA,NA,NA,22,29,5976,7512,Implied no,Yes,29,16470,5206,Mixed,Mixed Associate Large,No research designation,"Higher Access, Lower Earnings",Very Large
227216,University of North Texas,19,23,27,19,23,27,17,21,25,9,"Not required for admission, but considered if submitted (Test Optional)",5616,58451678,No,75,NA,8319,18159,NA,NA,NA,26185,26243,Public,72,24,16017,18441,1545,6730,3539,11751,46864,43,61,NA,11012,7,90,3,480,540,600,43,500,560,630,25,10,8319,18159,Yes,Yes,71,12880,12230,Mixed,Mixed Undergraduate/Graduate-Doctorate Large,Research 1: Very High Spending and Doctorate Production,"Higher Access, Medium Earnings",Very Large
227304,Odessa College,NA,NA,NA,NA,NA,NA,NA,NA,NA,NA,NA,444,2914333,No,NA,NA,3240,4134,NA,NA,NA,13782,13086,Public,NA,NA,4327,5654,82,1518,255,1943,9981,NA,NA,NA,6930,1,95,2,NA,NA,NA,NA,NA,NA,NA,24,NA,3240,4134,Implied no,Yes,31,1848,134,Professions-focused,Professions-focused Associate Large/Medium,No research designation,"Higher Access, Lower Earnings",Medium
227331,Our Lady of the Lake University,NA,NA,NA,NA,NA,NA,NA,NA,NA,NA,NA,281,7322532,No,NA,NA,31112,31112,NA,NA,NA,NA,NA,Private not-for-profit,NA,NA,361,747,39,268,97,87,1968,34,46,NA,NA,2,95,3,NA,NA,NA,NA,NA,NA,NA,11,NA,31112,31112,Implied no,Yes,93,656,679,Professions-focused,Professions-focused Undergraduate/Graduate-Doctorate Small,No research designation,"Higher Access, Medium Earnings",Small
227368,The University of Texas Rio Grande Valley,15,18,21,14,17,21,15,17,20,23,"Not required for admission, but considered if submitted (Test Optional)",4054,47280785,No,NA,NA,7857,17697,NA,NA,NA,16953,16830,Public,94,41,12374,16300,515,7013,1335,564,33881,31,51,NA,NA,1,99,0,420,480,530,27,460,510,560,20,18,7842,17682,Yes,Yes,80,17593,7076,Mixed,Mixed Undergraduate/Graduate-Doctorate Large,Research 2: High Spending and Doctorate Production,"Opportunity Colleges and Universities – Higher Access, Higher Earnings",Very Large
227526,Prairie View A & M University,16,19,21,14,18,21,15,17,20,16,Required to be considered for admission,1560,24598969,No,40,NA,7387,22590,NA,NA,NA,26390,26362,Public,79,18,3001,5876,134,1885,448,100,9922,20,43,NA,NA,1,86,14,410,470,530,63,450,500,550,17,25,7387,22590,Implied no,Yes,95,5594,5808,Mixed,Mixed Undergraduate/Graduate-Master's Large/Medium,Research 2: High Spending and Doctorate Production,"Higher Access, Medium Earnings",Medium
227757,Rice University,34,35,35,35,35,36,33,35,36,22,"Not required for admission, but considered if submitted (Test Optional)",628,35293135,No,75,28418,62874,62874,0.26,0.1,0.64,NA,NA,Private not-for-profit,8,44,2413,2376,622,1147,59,1223,8961,87,95,0.13,NA,16,38,46,770,790,800,48,740,760,770,6,NA,60314,60314,Implied no,Yes,61,779,296,Mixed,Mixed Undergraduate/Graduate-Doctorate Medium,Research 1: Very High Spending and Doctorate Production,"Lower Access, Higher Earnings",Medium
227845,Saint Edward's University,22,26,28,21,23,30,18,23,25,4,"Not required for admission, but considered if submitted (Test Optional)",640,24494239,No,50,NA,50484,50484,NA,NA,NA,NA,NA,Private not-for-profit,81,10,1015,1484,178,453,186,660,3033,52,63,NA,NA,6,83,9,470,540,610,18,500,570,630,12,22,50484,50484,Implied no,Yes,94,1157,1302,Mixed,Mixed Undergraduate/Graduate-Master's Small,Research Colleges and Universities,"Higher Access, Medium Earnings",Small
227854,St Philip's College,NA,NA,NA,NA,NA,NA,NA,NA,NA,NA,NA,538,3878026,No,NA,NA,5400,9810,NA,NA,NA,12034,11985,Public,NA,NA,7500,9799,27,3111,1251,2643,17299,NA,NA,NA,NA,0,98,2,NA,NA,NA,NA,NA,NA,NA,25,12,5400,9810,Implied no,Yes,33,2925,385,Mixed,Mixed Associate Large,No research designation,"Higher Access, Medium Earnings",Large
227863,University of St Thomas,18,21,25,17,21,25,17,19,24,3,"Not required for admission, but considered if submitted (Test Optional)",616,15339904,No,NA,NA,33784,33784,NA,NA,NA,NA,NA,Private not-for-profit,90,30,1429,1936,152,769,303,573,4301,44,69,NA,NA,1,96,3,480,540,600,31,500,550,610,16,NA,33784,33784,Implied no,Yes,74,1237,1026,Professions-focused,Professions-focused Undergraduate/Graduate-Doctorate Medium,No research designation,"Opportunity Colleges and Universities – Higher Access, Higher Earnings",Medium
227881,Sam Houston State University,17,20,24,18,22,26,16,18,22,6,"Not required for admission, but considered if submitted (Test Optional)",2230,23792515,No,50,NA,5856,15696,NA,NA,NA,25428,25505,Public,90,21,6660,11127,127,3270,1810,7885,21039,36,55,NA,NA,0,98,1,450,510,550,52,480,530,570,19,22,5856,15696,Yes,Yes,68,7514,8299,Professions-focused,Professions-focused Undergraduate/Graduate-Master's Large/Medium,Research 2: High Spending and Doctorate Production,"Higher Access, Medium Earnings",Large
227924,San Antonio College,NA,NA,NA,NA,NA,NA,NA,NA,NA,NA,NA,1361,9404289,No,NA,NA,5400,9810,NA,NA,NA,12081,12343,Public,NA,NA,7682,12219,142,3661,1505,3243,19901,NA,NA,NA,NA,1,97,2,NA,NA,NA,NA,NA,NA,NA,26,18,5400,9810,Implied no,Yes,49,6175,903,Mixed,Mixed Associate Large,No research designation,"Higher Access, Medium Earnings",Large
227979,San Jacinto Community College,NA,NA,NA,NA,NA,NA,NA,NA,NA,NA,NA,2701,23895726,No,NA,NA,4320,6690,NA,NA,NA,21251,21293,Public,NA,NA,13026,18786,789,6393,1305,4831,31812,NA,NA,NA,NA,2,98,1,NA,NA,NA,NA,NA,NA,NA,24,11,4320,6690,Implied no,Yes,57,9434,650,Mixed,Mixed Associate Large,No research designation,"Higher Access, Medium Earnings",Very Large
228042,Schreiner University,NA,NA,NA,NA,NA,NA,NA,NA,NA,NA,"Not considered for admission, even if submitted (Test Blind)",281,7100515,No,25,NA,39266,39266,NA,NA,NA,NA,NA,Private not-for-profit,88,15,515,605,41,326,62,508,1326,43,43,NA,NA,0,98,2,NA,NA,NA,NA,NA,NA,NA,13,3,39266,39266,Yes,Yes,96,465,679,Professions-focused,Professions-focused Baccalaureate Small,No research designation,"Higher Access, Medium Earnings",Small
228149,St. Mary's University,15,20,27,14,20,26,14,19,25,11,"Not required for admission, but considered if submitted (Test Optional)",526,14446151,No,NA,NA,36198,36198,NA,NA,NA,NA,NA,Private not-for-profit,98,13,849,1300,151,583,102,370,3456,49,59,NA,NA,0,91,3,435,540,645,41,465,560,665,11,NA,36198,36198,Implied no,Yes,86,829,994,Mixed,Mixed Undergraduate/Graduate-Doctorate Small,No research designation,"Opportunity Colleges and Universities – Higher Access, Higher Earnings",Small
228246,Southern Methodist University,30,32,34,30,33,35,27,30,33,9,"Not required for admission, but considered if submitted (Test Optional)",1072,40221523,No,60,37758,59500,59500,0.35,0.11,0.54,NA,NA,Private not-for-profit,63,18,3557,3728,279,1716,314,4090,12116,76,84,0.29,NA,4,41,54,670,720,750,16,670,700,740,11,10,59500,59500,Implied no,Yes,68,908,1527,Mixed,Mixed Undergraduate/Graduate-Doctorate Medium,Research 1: Very High Spending and Doctorate Production,"Lower Access, Higher Earnings",Medium
228325,Nelson University,NA,NA,NA,NA,NA,NA,NA,NA,NA,1,Required to be considered for admission,267,3223939,No,35,NA,24024,24024,NA,NA,NA,NA,NA,Private not-for-profit,89,57,749,730,11,338,199,724,1794,29,36,NA,NA,0,72,26,430,480,540,99,460,500,550,15,NA,24024,24024,Implied no,Yes,89,675,866,Special Focus: Theological Studies,Special Focus: Theological Studies,No research designation,Not Classified in SAEC,Small
228343,Southwestern University,26,29,30,25,27,31,24,26,29,13,"Not required for admission, but considered if submitted (Test Optional)",397,13959503,No,NA,31464,53288,53288,0.32,0,0.68,NA,NA,Private not-for-profit,43,14,653,787,32,374,55,739,1440,67,73,0.6,NA,2,89,9,550,590,630,44,580,620,670,11,21,53288,53288,Implied no,Yes,98,369,664,Special Focus: Arts and Sciences,Special Focus: Arts and Sciences,No research designation,"Lower Access, Medium Earnings",Small
228431,Stephen F Austin State University,18,21,24,17,21,23,17,19,23,12,"Not required for admission, but considered if submitted (Test Optional)",1693,18105212,No,50,NA,7842,20060,NA,NA,NA,25666,25791,Public,94,17,3370,5759,80,2186,659,5097,10472,39,53,NA,13144,1,98,1,470,520,570,43,500,540,600,16,28,7842,17682,Yes,Yes,67,3712,3951,Mixed,Mixed Undergraduate/Graduate-Master's Large/Medium,Research Colleges and Universities,"Higher Access, Medium Earnings",Medium
228459,Texas State University,19,22,25,18,22,26,17,21,24,6,Required to be considered for admission,5791,72712273,No,75,NA,8606,20086,NA,NA,NA,28003,28073,Public,89,27,14684,21552,733,8195,2849,13172,40674,34,55,NA,NA,5,93,2,480,540,590,41,500,560,610,21,NA,8606,20086,Yes,Yes,60,12866,14170,Mixed,Mixed Undergraduate/Graduate-Master's Large/Medium,Research 2: High Spending and Doctorate Production,"Higher Access, Medium Earnings",Very Large
228501,Sul Ross State University,15,21,24,17,18,24,15,19,21,5,"Not required for admission, but considered if submitted (Test Optional)",166,1789600,No,50,NA,5419,15499,NA,NA,NA,24563,24529,Public,99,18,802,1088,10,209,255,299,2384,22,30,NA,NA,2,95,3,460,500,560,15,470,500,550,11,30,5419,15499,Yes,Yes,73,832,584,Mixed,Mixed Undergraduate/Graduate-Master's Small,Research Colleges and Universities,"Opportunity Colleges and Universities – Higher Access, Higher Earnings",Small
228529,Tarleton State University,19,21,24,16,20,23,17,20,24,14,"Not required for admission, but considered if submitted (Test Optional)",2417,19164937,No,50,NA,4798,14638,NA,NA,NA,24100,24100,Public,90,24,5940,9314,82,2994,1268,9790,17433,33,48,NA,NA,0,97,3,480,530,570,47,500,540,590,20,29,4798,14638,Yes,Yes,68,4709,5481,Professions-focused,Professions-focused Undergraduate/Graduate-Master's Large/Medium,Research 2: High Spending and Doctorate Production,"Higher Access, Medium Earnings",Medium
228644,The University of Texas Health Science Center at San Antonio,NA,NA,NA,NA,NA,NA,NA,NA,NA,NA,NA,NA,NA,Not applicable,105,NA,NA,NA,NA,NA,NA,NA,NA,Public,NA,NA,233,697,4,0,388,186,3786,NA,NA,NA,NA,NA,NA,NA,NA,NA,NA,NA,NA,NA,NA,6,NA,7767,24552,Implied no,Yes,70,288,450,Special Focus: Medical Schools and Centers,Special Focus: Medical Schools and Centers,Research 1: Very High Spending and Doctorate Production,Not Classified in SAEC,Medium
228653,The University of Texas Medical Branch at Galveston,NA,NA,NA,NA,NA,NA,NA,NA,NA,NA,NA,NA,NA,Not applicable,80,NA,NA,NA,NA,NA,NA,NA,NA,Public,NA,NA,107,438,9,0,296,140,3241,NA,NA,NA,NA,NA,NA,NA,NA,NA,NA,NA,NA,NA,NA,10,NA,8580,24189,Implied no,Yes,78,188,347,Special Focus: Medical Schools and Centers,Special Focus: Medical Schools and Centers,Research 2: High Spending and Doctorate Production,Not Classified in SAEC,Medium
228705,Texas A & M University-Kingsville,NA,NA,NA,NA,NA,NA,NA,NA,NA,0,"Not required for admission, but considered if submitted (Test Optional)",1126,12569453,No,40,NA,5137,18133,NA,NA,NA,23971,24060,Public,91,16,2675,2711,72,1286,290,808,6864,25,42,NA,NA,0,99,0,480,530,560,1,510,520,550,18,31,5137,18133,Implied no,Yes,74,2735,1975,Mixed,Mixed Undergraduate/Graduate-Doctorate Medium,Research 2: High Spending and Doctorate Production,"Opportunity Colleges and Universities – Higher Access, Higher Earnings",Medium
228723,Texas A & M University-College Station,25,28,31,24,28,33,24,27,30,21,"Not required for admission, but considered if submitted (Test Optional)",6735,84728561,No,75,27402,9199,36169,0.47,0.26,0.27,32718,32696,Public,57,40,32263,28447,741,12530,2412,31596,78321,61,84,0.37,13008,1,94,5,570,640,710,79,580,630,690,20,10,9092,36169,Yes,Yes,56,11738,15374,Mixed,Mixed Undergraduate/Graduate-Doctorate Large,Research 1: Very High Spending and Doctorate Production,"Lower Access, Higher Earnings",Very Large
228769,The University of Texas at Arlington,19,23,27,18,22,26,17,22,26,12,"Not required for admission, but considered if submitted (Test Optional)",4158,50422313,No,75,NA,9206,26838,NA,NA,NA,24943,25261,Public,80,26,13448,19097,1521,5202,4311,7039,44956,34,54,NA,NA,6,93,1,500,560,620,70,510,560,620,23,24,9206,26838,Yes,Yes,66,13161,9706,Professions-focused,Professions-focused Undergraduate/Graduate-Doctorate Large,Research 1: Very High Spending and Doctorate Production,"Opportunity Colleges and Universities – Higher Access, Higher Earnings",Very Large
228778,The University of Texas at Austin,27,31,33,26,32,35,25,29,33,18,"Not required for admission, but considered if submitted (Test Optional)",3892,53247860,No,75,19919,11688,44908,0.39,0.24,0.37,31214,31247,Public,27,47,18254,24911,1944,9210,1940,13118,53864,74,89,0.36,14828,4,87,8,620,700,770,56,630,690,740,18,NA,11688,44908,Yes,Yes,50,10969,11576,Mixed,Mixed Undergraduate/Graduate-Doctorate Large,Research 1: Very High Spending and Doctorate Production,"Lower Access, Higher Earnings",Very Large
228787,The University of Texas at Dallas,24,28,32,23,27,34,24,28,32,15,"Not required for admission, but considered if submitted (Test Optional)",2573,38360854,No,50,24908,10639,36139,0.47,0.29,0.24,29845,29807,Public,65,20,12297,9561,1205,4196,1748,4496,29886,59,76,0.31,NA,3,92,5,580,650,720,78,580,630,690,23,15,10639,36139,Yes,Yes,62,6415,7080,Mixed,Mixed Undergraduate/Graduate-Doctorate Large,Research 1: Very High Spending and Doctorate Production,"Lower Access, Higher Earnings",Large
228796,The University of Texas at El Paso,17,19,22,15,19,22,16,17,20,2,"Not required for admission, but considered if submitted (Test Optional)",2571,27176959,No,NA,NA,7704,23462,NA,NA,NA,19880,19836,Public,100,34,9583,11535,775,4022,1591,838,25039,23,50,NA,10864,5,93,2,410,470,530,54,450,490,550,21,15,7704,23462,Yes,Yes,73,12691,5513,Mixed,Mixed Undergraduate/Graduate-Doctorate Large,Research 1: Very High Spending and Doctorate Production,"Opportunity Colleges and Universities – Higher Access, Higher Earnings",Large
228802,The University of Texas at Tyler,20,23,26,21,24,30,18,21,25,13,"Not required for admission, but considered if submitted (Test Optional)",903,9879789,No,60,NA,7232,22990,NA,NA,NA,24644,24505,Public,94,27,2988,4695,173,1423,908,3662,10362,44,54,NA,NA,1,98,1,500,540,590,35,510,560,610,17,9,7020,22020,Yes,Yes,68,2896,2331,Professions-focused,Professions-focused Undergraduate/Graduate-Doctorate Medium,Research 2: High Spending and Doctorate Production,"Opportunity Colleges and Universities – Higher Access, Higher Earnings",Medium
228875,Texas Christian University,26,29,31,26,31,34,25,27,30,21,"Not required for admission, but considered if submitted (Test Optional)",1999,69915911,No,50,53083,61650,61650,0.55,0.06,0.39,NA,NA,Private not-for-profit,44,25,4269,6780,494,2453,347,6835,12938,74,85,0.33,NA,4,44,51,560,620,670,22,580,630,680,14,12,61650,61650,Implied no,Yes,81,1563,2738,Professions-focused,Professions-focused Undergraduate/Graduate-Doctorate Medium,Research 2: High Spending and Doctorate Production,"Lower Access, Higher Earnings",Medium
228909,University of North Texas Health Science Center,NA,NA,NA,NA,NA,NA,NA,NA,NA,NA,NA,NA,NA,Not applicable,50,NA,NA,NA,NA,NA,NA,NA,NA,Public,NA,NA,10,31,0,0,21,7,2332,NA,NA,NA,NA,NA,NA,NA,NA,NA,NA,NA,NA,NA,NA,6,NA,8125,22315,Implied no,Yes,71,2,9,Not classified,Special Focus: Medical Schools and Centers,Research Colleges and Universities,Not Classified in SAEC,Small
228981,Texas Lutheran University,NA,NA,NA,NA,NA,NA,NA,NA,NA,NA,"Not considered for admission, even if submitted (Test Blind)",287,7134969,No,NA,NA,35600,35600,NA,NA,NA,NA,NA,Private not-for-profit,96,17,622,697,6,370,45,471,1423,30,54,NA,NA,0,100,0,NA,NA,NA,NA,NA,NA,NA,11,NA,35600,35600,Implied no,Yes,91,444,799,Professions-focused,Professions-focused Baccalaureate Small,No research designation,"Higher Access, Medium Earnings",Small
229018,The University of Texas Permian Basin,17,22,23,17,21,24,14,21,23,5,"Not required for admission, but considered if submitted (Test Optional)",605,5607697,No,40,NA,6578,18846,NA,NA,NA,22955,23886,Public,95,44,1640,2578,235,641,578,1092,5585,25,40,NA,NA,3,95,1,440,500,560,37,470,520,570,19,38,6577,18870,Yes,Yes,65,1773,1330,Mixed,Mixed Undergraduate/Graduate-Master's Large/Medium,Research Colleges and Universities,"Higher Access, Medium Earnings",Medium
229027,The University of Texas at San Antonio,19,23,25,18,21,25,17,21,25,7,"Not required for admission, but considered if submitted (Test Optional)",3706,41996906,No,70,NA,5951,18991,NA,NA,NA,22315,22352,Public,87,27,15260,15867,436,5979,3137,5717,35770,32,53,NA,NA,1,97,2,490,540,600,61,510,560,620,24,20,6266,19189,Yes,Yes,71,13354,11930,Mixed,Mixed Undergraduate/Graduate-Doctorate Large,Research 1: Very High Spending and Doctorate Production,"Opportunity Colleges and Universities – Higher Access, Higher Earnings",Large
229063,Texas Southern University,15,17,19,13,16,19,15,16,17,14,"Not required for admission, but considered if submitted (Test Optional)",1458,14321889,No,42,NA,7437,19737,NA,NA,NA,27121,27052,Public,97,18,2416,4428,66,1628,448,48,8704,7,22,NA,12800,0,78,20,380,430,480,37,420,470,520,19,24,6941,19737,Implied no,Yes,87,4783,4464,Professions-focused,Professions-focused Undergraduate/Graduate-Doctorate Medium,Research 2: High Spending and Doctorate Production,"Higher Access, Medium Earnings",Medium
229115,Texas Tech University,23,25,28,21,24,28,21,24,27,11,"Not required for admission, but considered if submitted (Test Optional)",5637,59157415,No,75,30360,8935,21534,0.46,0.21,0.33,27423,27443,Public,73,27,16266,16314,681,6776,2544,16829,40757,47,69,0.48,NA,2,90,8,540,580,640,33,550,600,640,20,20,8935,21240,Implied no,Yes,70,9057,13410,Mixed,Mixed Undergraduate/Graduate-Doctorate Large,Research 1: Very High Spending and Doctorate Production,"Lower Access, Higher Earnings",Very Large
229160,Texas Wesleyan University,NA,NA,NA,NA,NA,NA,NA,NA,NA,1,"Not required for admission, but considered if submitted (Test Optional)",485,15124352,No,NA,NA,34608,34608,NA,NA,NA,NA,NA,Private not-for-profit,69,14,820,976,130,479,192,516,2487,24,32,NA,NA,0,99,1,520,550,580,16,500,520,520,12,NA,34608,34608,Implied no,Yes,86,884,746,Mixed,Mixed Undergraduate/Graduate-Doctorate Small,No research designation,"Higher Access, Medium Earnings",Small
229179,Texas Woman's University,NA,NA,NA,NA,NA,NA,NA,NA,NA,NA,"Not considered for admission, even if submitted (Test Blind)",1267,13061622,No,50,NA,5712,15552,NA,NA,NA,21972,22234,Public,96,20,1216,8823,105,1596,1129,2911,15361,23,49,NA,NA,1,98,1,NA,NA,NA,NA,NA,NA,NA,16,30,5712,15552,Yes,Yes,65,4316,3900,Professions-focused,Professions-focused Undergraduate/Graduate-Doctorate Large,Research 2: High Spending and Doctorate Production,"Higher Access, Medium Earnings",Large
229267,Trinity University,31,32,34,31,34,35,26,29,32,14,"Not required for admission, but considered if submitted (Test Optional)",658,23681300,No,NA,28790,53352,53352,0.31,0.01,0.69,NA,NA,Private not-for-profit,26,20,1145,1373,130,650,34,1273,2687,72,84,0.41,NA,5,77,18,660,695,750,29,680,710,750,8,14,53352,53352,Implied no,Yes,98,475,1103,Mixed,Mixed Baccalaureate,Research Colleges and Universities,"Lower Access, Higher Earnings",Small
229300,The University of Texas Health Science Center at Houston,NA,NA,NA,NA,NA,NA,NA,NA,NA,NA,NA,NA,NA,Not applicable,NA,NA,NA,NA,NA,NA,NA,NA,NA,Public,NA,NA,74,391,3,0,59,94,4938,NA,NA,NA,NA,NA,NA,NA,NA,NA,NA,NA,NA,NA,NA,5,NA,10038,37422,Implied no,Yes,82,234,329,Special Focus: Medical Schools and Centers,Special Focus: Medical Schools and Centers,Research 1: Very High Spending and Doctorate Production,Not Classified in SAEC,Medium
229337,Texas Tech University Health Sciences Center,NA,NA,NA,NA,NA,NA,NA,NA,NA,NA,NA,NA,NA,Not applicable,75,NA,NA,NA,NA,NA,NA,NA,NA,Public,NA,NA,197,1285,3,0,551,686,5098,NA,NA,NA,NA,NA,NA,NA,NA,NA,NA,NA,NA,NA,NA,7,NA,6672,18972,Yes,Yes,47,365,596,Special Focus: Medical Schools and Centers,Special Focus: Medical Schools and Centers,Research 2: High Spending and Doctorate Production,Not Classified in SAEC,Medium
229355,Tyler Junior College,NA,NA,NA,NA,NA,NA,NA,NA,NA,NA,NA,1583,11312109,No,NA,NA,960,1560,NA,NA,NA,16320,16654,Public,NA,NA,4341,7544,139,2876,690,5199,11885,0,0,NA,NA,1,97,2,NA,NA,NA,NA,NA,NA,NA,18,28,960,1560,Implied no,Yes,44,4274,2266,Mixed,Mixed Associate Medium,No research designation,"Higher Access, Medium Earnings",Medium
229780,Wayland Baptist University,NA,NA,NA,NA,NA,NA,NA,NA,NA,NA,"Not considered for admission, even if submitted (Test Blind)",234,3697344,No,35,NA,22054,22054,NA,NA,NA,NA,NA,Private not-for-profit,56,32,1040,1047,58,347,275,603,2809,9,19,NA,NA,0,90,8,NA,NA,NA,NA,NA,NA,NA,10,NA,22054,22054,Implied no,Yes,67,988,1080,Professions-focused,Professions-focused Undergraduate/Graduate-Master's Large/Medium,No research designation,"Higher Access, Medium Earnings",Medium
229799,Weatherford College,NA,NA,NA,NA,NA,NA,NA,NA,NA,NA,NA,226,1965635,No,5,NA,6600,9360,NA,NA,NA,16141,15978,Public,NA,NA,2357,4163,2,794,465,3665,6520,NA,NA,NA,8220,1,96,3,NA,NA,NA,NA,NA,NA,NA,19,22,6600,9360,Implied no,Yes,48,1193,830,Mixed,Mixed Associate Medium,No research designation,"Lower Access, Lower Earnings",Medium
229814,West Texas A & M University,18,20,23,16,19,23,17,20,23,32,"Not required for admission, but considered if submitted (Test Optional)",1144,8663969,No,NA,NA,6372,8267,NA,NA,NA,23336,23482,Public,99,33,2936,3990,106,1197,846,3492,9045,32,48,NA,NA,1,87,12,470,520,580,48,480,530,590,14,27,6372,8267,Yes,Yes,73,2790,2465,Professions-focused,Professions-focused Undergraduate/Graduate-Master's Large/Medium,Research Colleges and Universities,"Higher Access, Medium Earnings",Medium
230038,Brigham Young University,28,30,32,27,31,34,26,28,31,46,"Not required for admission, but considered if submitted (Test Optional)",2954,17984148,No,35,12839,6688,6688,0.41,0.13,0.45,NA,NA,Private not-for-profit,68,78,15957,16995,930,6147,1248,26549,35873,27,81,0.18,10396,2,39,59,630,680,730,12,640,680,730,21,NA,6688,6688,Implied no,Yes,73,10323,3465,Mixed,Mixed Undergraduate/Graduate-Doctorate Large,Research 1: Very High Spending and Doctorate Production,"Lower Access, Higher Earnings",Very Large
230047,Brigham Young University-Hawaii,21,23,25,20,23,25,19,22,25,24,Required to be considered for admission,238,3033470,No,35,NA,6630,6630,NA,NA,NA,NA,NA,Private not-for-profit,47,75,1214,1692,1762,360,82,507,2906,29,50,NA,7787,40,20,37,480,520,570,12,480,570,620,18,35,6630,6630,Implied no,Implied no,85,433,209,Professions-focused,Professions-focused Baccalaureate Small,No research designation,"Higher Access, Medium Earnings",Small
230171,Utah Tech University,NA,NA,NA,NA,NA,NA,NA,NA,NA,NA,NA,1670,11824539,No,35,NA,5434,17374,NA,NA,NA,21389,20763,Public,NA,NA,5475,7531,221,2251,772,9622,13167,16,28,NA,NA,0,74,25,NA,NA,NA,NA,NA,NA,NA,23,21,5434,17374,Implied no,Yes,50,2750,1899,Special Focus: Arts and Sciences,Special Focus: Arts and Sciences,No research designation,"Higher Access, Medium Earnings",Medium
230418,Ensign College,NA,NA,NA,NA,NA,NA,NA,NA,NA,NA,NA,282,425778,No,NA,28638,4004,4004,0.37,0.01,0.62,NA,NA,Private not-for-profit,NA,NA,3632,3962,852,3664,3586,1765,7594,NA,NA,0.61,NA,8,6,2,NA,NA,NA,NA,NA,NA,NA,26,34,4004,4004,Implied no,Yes,19,489,114,Mixed,Mixed Associate Medium,No research designation,"Lower Access, Medium Earnings",Medium
230597,Snow College,NA,NA,NA,NA,NA,NA,NA,NA,NA,NA,NA,1104,6593020,No,30,NA,3930,13880,NA,NA,NA,11006,12514,Public,NA,NA,2466,3111,247,1637,82,4127,5577,NA,NA,NA,5100,6,88,6,NA,NA,NA,NA,NA,NA,NA,18,19,3930,13880,Implied no,Yes,45,1228,661,Mixed,Mixed Associate Medium,No research designation,"Opportunity Colleges and Universities – Higher Access, Higher Earnings",Medium
230603,Southern Utah University,NA,NA,NA,NA,NA,NA,NA,NA,NA,NA,"Not considered for admission, even if submitted (Test Blind)",2019,19744749,No,NA,NA,6186,20416,NA,NA,NA,19577,19416,Public,82,14,5471,7655,763,2155,657,9078,15444,33,50,NA,NA,8,65,27,NA,NA,NA,NA,NA,NA,NA,22,NA,6186,20416,Implied no,Yes,61,3240,2277,Mixed,Mixed Undergraduate/Graduate-Master's Large/Medium,No research designation,"Lower Access, Higher Earnings",Medium
230728,Utah State University,20,24,28,19,23,28,18,23,27,72,"Not required for admission, but considered if submitted (Test Optional)",3539,30736695,No,50,NA,8295,23869,NA,NA,NA,21705,21654,Public,92,24,11711,13995,225,4598,1230,20717,28904,31,57,NA,NA,1,72,27,530,570,640,13,540,600,650,19,NA,7627,24060,Implied no,Yes,53,6455,4769,Mixed,Mixed Undergraduate/Graduate-Doctorate Large,Research 1: Very High Spending and Doctorate Production,"Lower Access, Medium Earnings",Large
230737,Utah Valley University,NA,NA,NA,NA,NA,NA,NA,NA,NA,NA,NA,2047,11605895,No,NA,NA,5818,17800,NA,NA,NA,13906,14765,Public,NA,NA,22922,22888,761,4712,2911,35033,46807,17,40,NA,NA,1,87,13,NA,NA,NA,NA,NA,NA,NA,26,19,5818,17800,Implied no,Yes,35,10026,3966,Mixed,Mixed Undergraduate/Graduate-Master's Large/Medium,No research designation,"Opportunity Colleges and Universities – Higher Access, Higher Earnings",Very Large
230764,University of Utah,22,26,29,21,25,30,21,25,28,38,"Not required for admission, but considered if submitted (Test Optional)",3934,50133721,No,55,25421,8461,29701,0.37,0.21,0.43,25888,25557,Public,86,26,14569,13495,1591,6001,1522,17685,36894,37,65,0.33,NA,4,53,42,590,640,690,10,600,645,690,19,NA,8461,29701,Implied no,Yes,60,5255,5503,Mixed,Mixed Undergraduate/Graduate-Doctorate Large,Research 1: Very High Spending and Doctorate Production,"Lower Access, Higher Earnings",Large
230782,Weber State University,NA,NA,NA,NA,NA,NA,NA,NA,NA,NA,NA,2105,11387656,No,30,NA,5621,16609,NA,NA,NA,15601,16035,Public,NA,NA,13716,17956,819,3796,1105,23311,32701,23,47,NA,NA,11,79,10,NA,NA,NA,NA,NA,NA,NA,20,20,5621,16609,Implied no,Yes,36,4873,3004,Mixed,Mixed Undergraduate/Graduate-Master's Large/Medium,No research designation,"Higher Access, Medium Earnings",Large
230807,Westminster University,23,25,29,21,24,26,20,24,26,35,"Not required for admission, but considered if submitted (Test Optional)",226,6936762,No,NA,NA,43008,43008,NA,NA,NA,NA,NA,Private not-for-profit,67,10,356,486,40,192,61,543,1155,53,64,NA,NA,1,56,43,530,590,640,9,540,630,670,8,9,43008,43008,Implied no,Yes,98,219,591,Mixed,Mixed Undergraduate/Graduate-Master's Small,No research designation,"Lower Access, Higher Earnings",Small
230852,Champlain College,26,28,29,23,26,29,23,26,28,4,"Not required for admission, but considered if submitted (Test Optional)",508,13750816,No,NA,36357,47400,47400,0.15,0,0.85,NA,NA,Private not-for-profit,83,12,1693,1085,6,366,165,1866,3259,56,65,0.65,NA,1,21,78,600,640,680,13,620,670,700,13,NA,47400,47400,Implied no,Yes,73,722,1497,Professions-focused,Professions-focused Undergraduate/Graduate-Master's Large/Medium,No research designation,"Lower Access, Medium Earnings",Medium
230959,Middlebury College,33,34,35,NA,NA,NA,NA,NA,NA,17,"Not required for admission, but considered if submitted (Test Optional)",286,17059110,No,70,21631,67100,67100,0.4,0.01,0.6,NA,NA,Private not-for-profit,11,44,1283,1477,357,598,9,1486,2803,66,91,0.42,NA,15,5,77,725,760,790,25,720,740,760,8,5,67100,67100,Implied no,Yes,45,445,636,Special Focus: Arts and Sciences,Special Focus: Arts and Sciences,Research Colleges and Universities,"Lower Access, Higher Earnings",Medium
230995,Norwich University,NA,NA,NA,NA,NA,NA,NA,NA,NA,0,"Not required for admission, but considered if submitted (Test Optional)",490,20998967,No,NA,NA,46860,46860,NA,NA,NA,NA,NA,Private not-for-profit,74,14,1826,800,120,536,159,1781,3149,53,60,NA,NA,1,13,85,520,590,670,3,540,600,650,13,NA,46860,46860,Implied no,Yes,90,645,1225,Professions-focused,Professions-focused Undergraduate/Graduate-Master's Large/Medium,No research designation,"Lower Access, Higher Earnings",Medium
231059,Saint Michael's College,26,28,31,24,28,33,22,26,28,4,"Not required for admission, but considered if submitted (Test Optional)",325,13351704,No,NA,42713,48950,48950,0.27,0,0.73,NA,NA,Private not-for-profit,85,12,530,590,45,275,36,865,1323,67,73,0.66,17070,5,28,67,550,590,620,9,570,620,660,10,NA,48950,48950,Implied no,Yes,98,278,678,Special Focus: Arts and Sciences,Special Focus: Arts and Sciences,No research designation,"Lower Access, Medium Earnings",Small
231165,Vermont State University,NA,NA,NA,NA,NA,NA,NA,NA,NA,NA,"Not considered for admission, even if submitted (Test Blind)",497,4079597,No,45,NA,10344,20688,NA,NA,NA,25968,25988,Public,82,23,1852,2256,94,662,535,3265,5093,33,43,NA,NA,2,60,38,NA,NA,NA,NA,NA,NA,NA,13,21,10344,20688,Implied no,Yes,76,1384,2371,Professions-focused,Professions-focused Baccalaureate Medium,No research designation,"Higher Access, Medium Earnings",Medium
231174,University of Vermont,30,31,32,30,34,35,26,28,31,11,"Not required for admission, but considered if submitted (Test Optional)",2681,53344997,No,55,34870,16280,42724,0.41,0.18,0.41,35663,35649,Public,65,16,4530,7746,194,2808,312,10090,14476,70,79,0.54,NA,2,20,78,630,670,710,28,660,690,730,17,NA,16280,42724,Implied no,Yes,88,1599,4555,Mixed,Mixed Undergraduate/Graduate-Doctorate Medium,Research 1: Very High Spending and Doctorate Production,"Lower Access, Medium Earnings",Medium
231420,Averett University,15,26,28,NA,NA,NA,NA,NA,NA,3,"Not required for admission, but considered if submitted (Test Optional)",278,8339357,No,NA,NA,38400,38400,NA,NA,NA,NA,NA,Private not-for-profit,57,18,606,638,96,263,200,612,1476,33,48,NA,NA,7,54,39,478,540,560,7,448,550,583,16,28,38400,38400,Implied no,Yes,87,485,747,Professions-focused,Professions-focused Undergraduate/Graduate-Master's Small,No research designation,"Higher Access, Medium Earnings",Small
231581,Bridgewater College,NA,NA,NA,NA,NA,NA,NA,NA,NA,1,"Not required for admission, but considered if submitted (Test Optional)",429,20286711,No,NA,NA,15000,15000,NA,NA,NA,NA,NA,Private not-for-profit,92,10,741,666,50,366,66,929,1448,45,53,NA,14850,1,80,19,470,590,680,6,550,590,680,13,NA,15000,15000,Implied no,Yes,100,415,839,Special Focus: Arts and Sciences,Special Focus: Arts and Sciences,No research designation,"Higher Access, Medium Earnings",Small
231624,William & Mary,32,33,34,34,35,35,28,30,33,16,"Not required for admission, but considered if submitted (Test Optional)",701,16224002,No,75,31766,18709,43442,0.45,0.09,0.46,43035,43035,Public,34,27,2918,4145,237,1614,183,4402,9818,84,89,0.32,NA,2,59,37,690,730,770,43,710,740,760,12,7,18709,43442,Implied no,Yes,50,867,1510,Mixed,Mixed Undergraduate/Graduate-Doctorate Medium,Research 1: Very High Spending and Doctorate Production,"Lower Access, Higher Earnings",Medium
231651,Regent University,19,25,26,20,25,26,18,23,25,4,"Not required for admission, but considered if submitted (Test Optional)",414,5032109,No,50,NA,19950,19950,NA,NA,NA,NA,NA,Private not-for-profit,38,22,1933,3116,26,690,890,2176,10657,47,58,NA,NA,0,34,65,460,530,600,11,530,600,650,18,17,19950,19950,Implied no,Yes,74,2349,2601,Mixed,Mixed Undergraduate/Graduate-Doctorate Medium,No research designation,"Higher Access, Medium Earnings",Medium
231712,Christopher Newport University,25,27,30,NA,NA,NA,NA,NA,NA,3,"Not required for admission, but considered if submitted (Test Optional)",741,7776200,No,65,NA,10288,24238,NA,NA,NA,33939,33766,Public,86,18,2078,2291,16,1140,187,2968,4454,64,72,NA,NA,0,92,5,510,560,630,38,550,610,660,13,NA,10288,24238,Implied no,Yes,57,711,1617,Special Focus: Arts and Sciences,Special Focus: Arts and Sciences,Research Colleges and Universities,"Lower Access, Medium Earnings",Medium
231785,Bryant & Stratton College-Virginia Beach,NA,NA,NA,NA,NA,NA,NA,NA,NA,NA,NA,131,1561840,No,NA,NA,18190,18190,NA,NA,NA,NA,NA,Private not-for-profit,NA,NA,281,1436,1,180,454,352,1717,0,0,NA,NA,1,73,26,NA,NA,NA,NA,NA,NA,NA,22,23,18062,18062,Implied no,Yes,91,999,1197,Special Focus: Other Health Professions,Special Focus: Other Health Professions,No research designation,"Higher Access, Lower Earnings",Small
232025,Emory & Henry University,20,23,26,18,22,26,17,21,26,11,"Not required for admission, but considered if submitted (Test Optional)",331,10430301,No,NA,NA,39000,39000,NA,NA,NA,NA,NA,Private not-for-profit,84,12,478,605,37,256,51,682,1311,44,56,NA,NA,4,52,44,503,535,583,10,548,585,640,12,28,39000,39000,Implied no,Yes,96,426,653,Mixed,Mixed Undergraduate/Graduate-Doctorate Small,No research designation,"Higher Access, Medium Earnings",Small
232043,Eastern Mennonite University,NA,NA,NA,NA,NA,NA,NA,NA,NA,NA,"Not considered for admission, even if submitted (Test Blind)",178,5763284,No,NA,NA,43070,43070,NA,NA,NA,NA,NA,Private not-for-profit,100,12,349,442,46,183,37,412,1154,56,67,NA,NA,7,63,31,NA,NA,NA,NA,NA,NA,NA,9,25,43070,43070,Implied no,Yes,87,282,480,Professions-focused,Professions-focused Undergraduate/Graduate-Master's Small,No research designation,"Higher Access, Medium Earnings",Small
232186,George Mason University,25,28,30,23,27,31,22,25,27,2,"Not required for admission, but considered if submitted (Test Optional)",3042,39097035,No,70,29366,10392,34860,0.53,0.14,0.33,28764,28604,Public,87,20,14505,13829,1574,4464,2759,9003,39766,46,68,0.47,NA,4,77,14,580,630,680,19,580,640,680,16,17,10392,34860,Implied no,Yes,60,8329,8495,Mixed,Mixed Undergraduate/Graduate-Doctorate Large,Research 1: Very High Spending and Doctorate Production,"Opportunity Colleges and Universities – Higher Access, Higher Earnings",Very Large
232265,Hampton University,13,19,22,13,18,22,14,16,19,16,"Not required for admission, but considered if submitted (Test Optional)",888,16519296,No,50,NA,27482,27482,NA,NA,NA,NA,NA,Private not-for-profit,62,10,1201,2527,56,1147,166,11,4244,44,57,NA,NA,2,18,79,379,460,532,49,411,492,558,15,33,27482,27482,Implied no,Yes,83,1281,1824,Professions-focused,Professions-focused Baccalaureate Medium,Research 2: High Spending and Doctorate Production,"Opportunity Colleges and Universities – Higher Access, Higher Earnings",Medium
232423,James Madison University,24,27,29,NA,NA,NA,NA,NA,NA,3,"Not required for admission, but considered if submitted (Test Optional)",1630,19746283,No,70,31357,8150,25496,0.52,0.12,0.36,31632,31735,Public,72,18,9131,11842,154,4990,777,15137,22740,66,80,0.43,NA,0,69,30,570,610,660,14,600,640,680,17,NA,8150,25496,Implied no,Yes,42,3596,6099,Mixed,Mixed Undergraduate/Graduate-Master's Large/Medium,Research 2: High Spending and Doctorate Production,"Lower Access, Higher Earnings",Large
232557,Liberty University,NA,NA,NA,NA,NA,NA,NA,NA,NA,NA,"Not considered for admission, even if submitted (Test Blind)",4243,52991827,No,50,NA,21611,21611,NA,NA,NA,NA,NA,Private not-for-profit,99,24,24018,28943,426,6021,5727,28945,104327,55,67,NA,NA,1,24,74,NA,NA,NA,NA,NA,NA,NA,18,1,15297,15297,Implied no,Yes,79,20306,24513,Mixed,Mixed Undergraduate/Graduate-Doctorate Large,No research designation,"Higher Access, Medium Earnings",Very Large
232566,Longwood University,19,22,26,NA,NA,NA,NA,NA,NA,3,"Not required for admission, but considered if submitted (Test Optional)",763,10646974,No,50,NA,8746,21078,NA,NA,NA,34718,34588,Public,90,17,951,2363,61,827,122,2381,4612,48,61,NA,NA,1,92,7,500,540,580,25,530,580,630,15,26,8840,21080,Implied no,Yes,74,893,1480,Mixed,Mixed Undergraduate/Graduate-Master's Large/Medium,No research designation,"Opportunity Colleges and Universities – Higher Access, Higher Earnings",Medium
232609,University of Lynchburg,NA,NA,NA,NA,NA,NA,NA,NA,NA,1,"Not required for admission, but considered if submitted (Test Optional)",473,12530087,No,NA,NA,36750,36750,NA,NA,NA,NA,NA,Private not-for-profit,43,15,683,912,205,438,60,909,2316,52,57,NA,NA,23,57,19,460,545,610,11,520,580,620,11,30,36750,36750,Implied no,Yes,100,500,1200,Mixed,Mixed Undergraduate/Graduate-Doctorate Small,No research designation,"Lower Access, Medium Earnings",Small
232672,Mary Baldwin University,NA,NA,NA,NA,NA,NA,NA,NA,NA,NA,NA,296,8327906,No,NA,NA,33727,33727,NA,NA,NA,NA,NA,Private not-for-profit,NA,NA,285,839,32,223,90,530,1772,32,39,NA,NA,0,75,24,NA,NA,NA,NA,NA,NA,NA,15,34,20762,20762,Implied no,Yes,95,634,810,Professions-focused,Professions-focused Undergraduate/Graduate-Doctorate Small,No research designation,"Higher Access, Medium Earnings",Small
232681,University of Mary Washington,27,29,31,27,31,34,24,25,27,4,"Not required for admission, but considered if submitted (Test Optional)",728,7637275,No,50,32786,8940,21860,0.39,0.05,0.57,31592,31137,Public,80,18,1297,2363,104,725,320,2170,3826,57,66,0.46,NA,3,88,10,560,600,660,26,610,660,710,13,26,9117,22295,Implied no,Yes,72,760,1057,Special Focus: Arts and Sciences,Special Focus: Arts and Sciences,No research designation,"Lower Access, Medium Earnings",Medium
232706,Marymount University,NA,NA,NA,NA,NA,NA,NA,NA,NA,NA,"Not considered for admission, even if submitted (Test Blind)",390,10166926,No,NA,NA,39270,39270,NA,NA,NA,NA,NA,Private not-for-profit,93,12,1228,1275,213,466,143,559,4060,42,54,NA,NA,7,64,29,NA,NA,NA,NA,NA,NA,NA,14,30,39270,39270,Implied no,Yes,72,511,760,Professions-focused,Professions-focused Undergraduate/Graduate-Doctorate Medium,Research Colleges and Universities,"Opportunity Colleges and Universities – Higher Access, Higher Earnings",Medium
232937,Norfolk State University,16,19,22,NA,NA,NA,NA,NA,NA,1,"Not required for admission, but considered if submitted (Test Optional)",1054,15868710,No,25,26971,6076,17578,0.42,0.19,0.39,26678,26633,Public,88,13,1759,3651,357,1305,295,98,6053,15,39,0.43,NA,15,65,2,393,445,510,9,430,470,520,15,1,6076,17578,Implied no,Implied no,91,3580,3520,Mixed,Mixed Baccalaureate,Research Colleges and Universities,"Higher Access, Medium Earnings",Medium
232982,Old Dominion University,24,26,29,22,25,29,20,25,28,2,"Not required for admission, but considered if submitted (Test Optional)",2506,29419256,No,50,NA,7800,28305,NA,NA,NA,28912,29446,Public,90,20,8141,9605,226,2721,1738,7198,23743,26,46,NA,NA,1,89,7,530,580,630,13,570,610,650,13,25,7800,28305,Implied no,Yes,64,6529,7193,Mixed,Mixed Undergraduate/Graduate-Doctorate Large,Research 1: Very High Spending and Doctorate Production,"Higher Access, Medium Earnings",Large
233277,Radford University,19,22,26,17,23,24,17,22,24,2,"Not required for admission, but considered if submitted (Test Optional)",1040,12345125,No,NA,NA,8528,21166,NA,NA,NA,28459,28405,Public,90,14,2223,3938,65,1416,752,3949,7812,34,49,NA,NA,1,93,6,450,510,560,11,490,540,600,14,33,8528,21166,Implied no,Yes,76,2118,2894,Professions-focused,Professions-focused Undergraduate/Graduate-Master's Large/Medium,No research designation,"Opportunity Colleges and Universities – Higher Access, Higher Earnings",Medium
233295,Randolph-Macon College,21,26,27,21,23,27,20,25,28,2,"Not required for admission, but considered if submitted (Test Optional)",430,15038023,No,NA,NA,47666,47666,NA,NA,NA,NA,NA,Private not-for-profit,87,19,771,872,17,532,68,1206,1687,63,70,NA,NA,2,80,18,480,520,590,26,500,560,630,11,NA,47666,47666,Implied no,Yes,99,298,860,Special Focus: Arts and Sciences,Special Focus: Arts and Sciences,No research designation,"Lower Access, Medium Earnings",Small
233374,University of Richmond,33,34,35,NA,NA,NA,NA,NA,NA,14,"Not required for admission, but considered if submitted (Test Optional)",466,23784092,No,50,32965,65230,65230,0.24,0.001,0.76,NA,NA,Private not-for-profit,22,23,1406,1649,376,841,90,1854,3722,78,85,0.35,NA,11,12,77,710,750,780,19,700,730,750,7,14,65230,65230,Implied no,Yes,77,524,967,Mixed,Mixed Undergraduate/Graduate-Doctorate Medium,Research Colleges and Universities,"Lower Access, Higher Earnings",Medium
233426,Roanoke College,24,27,31,25,28,30,22,26,27,6,"Not required for admission, but considered if submitted (Test Optional)",531,14967635,No,NA,NA,36040,36040,NA,NA,NA,NA,NA,Private not-for-profit,83,10,855,938,68,468,66,1350,1804,60,67,NA,NA,0,65,32,530,580,640,25,560,610,660,11,9,36040,36040,Implied no,Yes,98,445,1465,Special Focus: Arts and Sciences,Special Focus: Arts and Sciences,No research designation,"Lower Access, Medium Earnings",Small
233541,Shenandoah University,NA,NA,NA,NA,NA,NA,NA,NA,NA,NA,"Not considered for admission, even if submitted (Test Blind)",483,11952675,No,30,NA,35460,35460,NA,NA,NA,NA,NA,Private not-for-profit,77,17,937,1704,40,540,111,1476,4454,56,66,NA,12490,1,61,38,NA,NA,NA,NA,NA,NA,NA,12,23,35460,35460,Implied no,Yes,80,490,1314,Professions-focused,Professions-focused Undergraduate/Graduate-Doctorate Medium,No research designation,"Lower Access, Medium Earnings",Medium
233684,Strayer University-Virginia,NA,NA,NA,NA,NA,NA,NA,NA,NA,NA,NA,8,20159,No,0,NA,13725,13725,NA,NA,NA,NA,NA,Private for-profit,NA,NA,525,1144,19,59,147,425,1998,19,19,NA,NA,0,88,12,NA,NA,NA,NA,NA,NA,NA,47,36,13725,13725,Implied no,Yes,92,1193,1374,Special Focus: Business,Special Focus: Business,No research designation,"Higher Access, Medium Earnings",Medium
233897,University of Virginia's College at Wise,18,20,22,17,21,21,16,18,21,8,"Not required for admission, but considered if submitted (Test Optional)",309,3788969,No,NA,NA,6160,21662,NA,NA,NA,26640,26593,Public,29,15,814,1328,0,284,97,909,2167,32,47,NA,NA,3,76,20,425,500,540,10,520,550,580,14,6,6160,21662,Implied no,Yes,80,760,436,Special Focus: Arts and Sciences,Special Focus: Arts and Sciences,No research designation,"Higher Access, Medium Earnings",Small
233921,Virginia Polytechnic Institute and State University,28,30,32,26,30,34,26,29,32,9,"Not required for admission, but considered if submitted (Test Optional)",4313,39542836,No,60,34527,13152,34362,0.46,0.21,0.33,36980,36951,Public,55,25,17586,13449,1470,7289,1063,17702,38857,69,86,0.45,NA,5,61,34,640,690,740,41,640,670,710,17,NA,13152,34362,Implied no,Yes,52,4664,10256,Mixed,Mixed Undergraduate/Graduate-Doctorate Large,Research 1: Very High Spending and Doctorate Production,"Lower Access, Higher Earnings",Large
234030,Virginia Commonwealth University,22,25,30,21,25,31,18,25,27,3,"Not required for admission, but considered if submitted (Test Optional)",3945,55963166,No,75,29417,13200,35674,0.52,0.15,0.33,39088,38954,Public,93,22,7792,13418,468,4190,1407,8209,28464,46,63,0.58,NA,2,91,6,490,550,620,34,520,580,650,17,21,13200,35674,Implied no,Yes,70,6611,8224,Mixed,Mixed Undergraduate/Graduate-Doctorate Large,Research 1: Very High Spending and Doctorate Production,"Higher Access, Medium Earnings",Large
234076,University of Virginia-Main Campus,32,33,35,34,35,36,30,33,35,14,"Not required for admission, but considered if submitted (Test Optional)",1562,44853063,No,75,25137,18160,55188,0.36,0.16,0.47,39926,39926,Public,17,40,7839,10046,886,3961,862,8723,26409,92,96,0.3,NA,5,66,29,710,750,780,46,700,730,760,15,2,19472,57261,Implied no,Yes,49,2738,3521,Mixed,Mixed Undergraduate/Graduate-Doctorate Large,Research 1: Very High Spending and Doctorate Production,"Lower Access, Higher Earnings",Large
234085,Virginia Military Institute,24,28,31,22,24,27,23,26,29,3,"Not required for admission, but considered if submitted (Test Optional)",362,8623068,Yes,NA,NA,10368,41960,NA,NA,NA,34824,34824,Public,71,32,1307,220,30,445,28,1056,1527,68,76,NA,NA,1,64,35,500,590,640,4,550,590,630,9,20,10368,41960,Implied no,Yes,68,257,928,Special Focus: Arts and Sciences,Special Focus: Arts and Sciences,No research designation,"Lower Access, Higher Earnings",Small
234155,Virginia State University,14,18,20,NA,NA,NA,NA,NA,NA,1,"Not required for admission, but considered if submitted (Test Optional)",1325,16492270,No,NA,NA,5701,17532,NA,NA,NA,27661,27661,Public,89,14,2101,3023,55,1489,264,100,5605,24,39,NA,NA,0,68,31,400,450,520,10,440,495,550,13,NA,5701,17532,Implied no,Yes,91,3483,3654,Special Focus: Arts and Sciences,Special Focus: Arts and Sciences,Research 2: High Spending and Doctorate Production,"Higher Access, Medium Earnings",Medium
234164,Virginia Union University,NA,NA,NA,NA,NA,NA,NA,NA,NA,0,"Not required for admission, but considered if submitted (Test Optional)",346,6063361,No,25,NA,12250,12250,NA,NA,NA,NA,NA,Private not-for-profit,98,14,578,627,15,331,103,7,1646,25,34,NA,NA,0,60,20,400,400,410,10,450,450,475,16,35,12630,12630,Implied no,Yes,85,844,873,Mixed,Mixed Undergraduate/Graduate-Master's Small,No research designation,"Higher Access, Medium Earnings",Small
234173,Virginia Wesleyan University,NA,NA,NA,NA,NA,NA,NA,NA,NA,0,"Not required for admission, but considered if submitted (Test Optional)",369,11041743,No,NA,NA,36550,36550,NA,NA,NA,NA,NA,Private not-for-profit,73,12,830,919,53,330,85,542,1853,36,42,NA,11920,3,72,25,NA,NA,NA,0,NA,NA,NA,15,44,36550,36550,Implied no,Yes,73,441,732,Special Focus: Arts and Sciences,Special Focus: Arts and Sciences,No research designation,"Higher Access, Medium Earnings",Small
234207,Washington and Lee University,33,34,34,34,35,35,30,32,34,20,"Not required for admission, but considered if submitted (Test Optional)",319,20398333,Yes,60,33308,66800,66800,0.2,0,0.8,NA,NA,Private not-for-profit,14,41,922,964,158,472,5,1279,2241,89,94,0.26,NA,10,17,74,720,750,780,24,710,730,760,7,NA,66800,66800,Implied no,Yes,65,215,275,Mixed,Mixed Undergraduate/Graduate-Doctorate Small,No research designation,"Lower Access, Higher Earnings",Small
234669,Bellevue College,NA,NA,NA,NA,NA,NA,NA,NA,NA,NA,NA,310,2061450,No,NA,NA,4205,10271,NA,NA,NA,20729,20309,Public,NA,NA,5478,7007,839,1533,671,3462,12485,NA,NA,NA,NA,0,97,3,NA,NA,NA,NA,NA,NA,NA,14,24,4205,10271,Implied no,Yes,18,1128,329,Mixed,Mixed Associate/Baccalaureate,No research designation,"Higher Access, Medium Earnings",Medium
234696,Bellingham Technical College,NA,NA,NA,NA,NA,NA,NA,NA,NA,NA,NA,135,1084098,No,NA,NA,3290,4116,NA,NA,NA,16373,16104,Public,NA,NA,963,1084,3,392,235,1052,2047,NA,NA,NA,NA,0,97,3,NA,NA,NA,NA,NA,NA,NA,24,17,3290,4116,Implied no,Yes,52,570,146,Special Focus: Applied and Career Studies,Special Focus: Applied and Career Studies,No research designation,"Opportunity Colleges and Universities – Higher Access, Higher Earnings",Small
234711,Big Bend Community College,NA,NA,NA,NA,NA,NA,NA,NA,NA,NA,NA,239,1807145,No,NA,NA,4773,5333,NA,NA,NA,22176,21661,Public,NA,NA,719,1138,12,383,124,656,1857,NA,NA,NA,NA,0,87,11,NA,NA,NA,NA,NA,NA,NA,17,12,4773,5333,Implied no,Yes,53,624,121,Mixed,Mixed Associate Small,No research designation,"Higher Access, Medium Earnings",Small
234827,Central Washington University,NA,NA,NA,NA,NA,NA,NA,NA,NA,NA,"Not considered for admission, even if submitted (Test Blind)",1259,11099335,No,60,NA,7231,25340,NA,NA,NA,28802,28816,Public,91,20,4620,5697,168,1618,811,5724,10811,36,54,NA,NA,0,94,6,NA,NA,NA,NA,NA,NA,NA,15,NA,7231,25340,Implied no,Yes,58,2850,3154,Professions-focused,Professions-focused Undergraduate/Graduate-Master's Large/Medium,Research Colleges and Universities,"Opportunity Colleges and Universities – Higher Access, Higher Earnings",Medium
234845,Centralia College,NA,NA,NA,NA,NA,NA,NA,NA,NA,NA,NA,275,1712673,No,NA,NA,4772,5157,NA,NA,NA,20656,19910,Public,NA,NA,889,1355,3,455,125,1285,2244,NA,NA,NA,NA,0,90,8,NA,NA,NA,NA,NA,NA,NA,16,12,4772,5157,Implied no,Yes,46,634,0,Mixed,Mixed Associate/Baccalaureate,No research designation,"Opportunity Colleges and Universities – Higher Access, Higher Earnings",Small
234915,City University of Seattle,NA,NA,NA,NA,NA,NA,NA,NA,NA,NA,NA,NA,NA,Not applicable,NA,NA,NA,NA,NA,NA,NA,NA,NA,Private not-for-profit,NA,NA,552,635,39,16,90,216,2007,NA,NA,NA,NA,13,81,6,NA,NA,NA,NA,NA,NA,NA,5,NA,13929,13929,Implied no,Yes,17,129,143,Special Focus: Business,Special Focus: Business,No research designation,"Opportunity Colleges and Universities – Higher Access, Higher Earnings",Small
234933,Clark College,NA,NA,NA,NA,NA,NA,NA,NA,NA,NA,NA,607,4025592,No,NA,NA,4907,10857,NA,NA,NA,20320,19668,Public,NA,NA,2928,4535,54,1434,244,3714,7463,NA,NA,NA,NA,0,94,6,NA,NA,NA,NA,NA,NA,NA,12,12,4907,10857,Implied no,Yes,39,1715,1538,Mixed,Mixed Associate Medium,No research designation,"Higher Access, Lower Earnings",Medium
234951,Clover Park Technical College,NA,NA,NA,NA,NA,NA,NA,NA,NA,NA,NA,204,1606951,No,NA,NA,5740,5740,NA,NA,NA,18807,18882,Public,NA,NA,1377,2031,22,487,350,1202,3408,NA,NA,NA,NA,0,99,1,NA,NA,NA,NA,NA,NA,NA,20,10,5740,5740,Implied no,Yes,31,548,163,Special Focus: Applied and Career Studies,Special Focus: Applied and Career Studies,No research designation,"Higher Access, Lower Earnings",Medium
234979,Columbia Basin College,NA,NA,NA,NA,NA,NA,NA,NA,NA,NA,NA,732,5392522,No,NA,NA,5875,7883,NA,NA,NA,18345,18261,Public,NA,NA,3250,4260,9,1385,268,2621,7510,NA,NA,NA,NA,0,95,5,NA,NA,NA,NA,NA,NA,NA,20,12,5875,7883,Implied no,Implied no,46,1716,288,Mixed,Mixed Associate/Baccalaureate,No research designation,"Higher Access, Medium Earnings",Medium
235097,Eastern Washington University,NA,NA,NA,NA,NA,NA,NA,NA,NA,NA,"Not considered for admission, even if submitted (Test Blind)",1140,11401230,No,60,NA,7521,24894,NA,NA,NA,24064,24478,Public,91,23,3022,3930,40,1357,643,4257,10492,28,43,NA,NA,1,93,6,NA,NA,NA,NA,NA,NA,NA,18,NA,7521,25518,Implied no,Yes,66,2543,2539,Mixed,Mixed Undergraduate/Graduate-Doctorate Medium,Research Colleges and Universities,"Opportunity Colleges and Universities – Higher Access, Higher Earnings",Medium
235103,Edmonds College,NA,NA,NA,NA,NA,NA,NA,NA,NA,NA,NA,228,1562941,No,NA,NA,4206,10271,NA,NA,NA,20838,20062,Public,NA,NA,2891,3658,520,704,390,1948,6549,NA,NA,NA,NA,0,94,5,NA,NA,NA,NA,NA,NA,NA,11,21,4206,10271,Implied no,Yes,25,813,284,Mixed,Mixed Associate Medium,No research designation,"Higher Access, Lower Earnings",Medium
235149,Everett Community College,NA,NA,NA,NA,NA,NA,NA,NA,NA,NA,NA,365,2642656,No,NA,NA,4725,10864,NA,NA,NA,20956,20451,Public,NA,NA,2730,3968,174,1236,305,2708,6698,NA,NA,NA,NA,0,98,2,NA,NA,NA,NA,NA,NA,NA,17,16,4725,10864,Implied no,Yes,31,1056,162,Mixed,Mixed Associate Medium,No research designation,"Higher Access, Lower Earnings",Medium
235167,The Evergreen State College,23,26,29,23,26,30,19,24,26,5,"Not required for admission, but considered if submitted (Test Optional)",321,3680494,No,50,NA,8088,30729,NA,NA,NA,27939,28477,Public,96,25,902,1374,5,317,389,1287,2490,30,41,NA,NA,0,74,24,495,560,590,7,540,630,663,17,NA,8088,30729,Implied no,Yes,56,876,835,Special Focus: Arts and Sciences,Special Focus: Arts and Sciences,No research designation,"Higher Access, Medium Earnings",Small
235237,Pierce College District,NA,NA,NA,NA,NA,NA,NA,NA,NA,NA,NA,401,2720716,No,NA,NA,4775,5333,NA,NA,NA,18163,18085,Public,NA,NA,3037,5100,155,1406,526,2891,8137,NA,NA,NA,NA,0,97,3,NA,NA,NA,NA,NA,NA,NA,13,20,4775,5333,Implied no,Yes,32,1571,849,Mixed,Mixed Associate Medium,No research designation,"Higher Access, Lower Earnings",Medium
235316,Gonzaga University,27,29,31,25,30,33,24,27,30,22,"Not required for admission, but considered if submitted (Test Optional)",1251,41770625,No,60,29599,54380,54380,0.59,0.01,0.41,NA,NA,Private not-for-profit,82,17,2451,2830,259,1251,154,3261,7470,74,86,0.46,NA,1,51,48,590,640,680,7,600,650,700,12,8,54380,54380,Implied no,Yes,97,744,1836,Mixed,Mixed Undergraduate/Graduate-Doctorate Medium,No research designation,"Lower Access, Higher Earnings",Medium
235334,Grays Harbor College,NA,NA,NA,NA,NA,NA,NA,NA,NA,NA,NA,186,1343718,No,NA,NA,4772,11732,NA,NA,NA,16700,15708,Public,NA,NA,739,838,0,218,83,829,1577,NA,NA,NA,NA,0,86,13,NA,NA,NA,NA,NA,NA,NA,14,12,4772,11732,Implied no,Yes,73,460,72,Mixed,Mixed Associate Small,No research designation,"Higher Access, Medium Earnings",Small
235343,Green River College,NA,NA,NA,NA,NA,NA,NA,NA,NA,NA,NA,341,2454618,No,NA,NA,4205,4757,NA,NA,NA,21713,22040,Public,NA,NA,3796,4171,854,1105,334,2065,7967,NA,NA,NA,NA,0,98,2,NA,NA,NA,NA,NA,NA,NA,11,16,4205,4757,Implied no,Yes,31,1361,470,Mixed,Mixed Associate/Baccalaureate,No research designation,"Higher Access, Lower Earnings",Medium
235431,Highline College,NA,NA,NA,NA,NA,NA,NA,NA,NA,NA,NA,272,1910995,No,NA,NA,3742,3742,NA,NA,NA,18971,18812,Public,NA,NA,2037,3555,281,790,445,844,5592,NA,NA,NA,NA,0,98,2,NA,NA,NA,NA,NA,NA,NA,13,20,3742,3742,Implied no,Yes,36,970,97,Mixed,Mixed Associate Medium,No research designation,"Higher Access, Lower Earnings",Medium
235671,Bates Technical College,NA,NA,NA,NA,NA,NA,NA,NA,NA,NA,NA,144,1509031,No,NA,NA,4694,10832,NA,NA,NA,18559,18837,Public,NA,NA,2400,1683,9,370,231,1856,4083,NA,NA,NA,NA,0,99,1,NA,NA,NA,NA,NA,NA,NA,21,8,4694,10832,Implied no,Yes,21,438,96,Special Focus: Applied and Career Studies,Special Focus: Applied and Career Studies,No research designation,"Higher Access, Medium Earnings",Medium
235699,Lake Washington Institute of Technology,NA,NA,NA,NA,NA,NA,NA,NA,NA,NA,NA,135,928796,No,NA,NA,3291,8804,NA,NA,NA,15597,16339,Public,NA,NA,1530,2034,235,495,302,1242,3564,NA,NA,NA,NA,0,97,1,NA,NA,NA,NA,NA,NA,NA,18,15,3291,8804,Implied no,Yes,31,450,163,Professions-focused,Professions-focused Associate/Baccalaureate,No research designation,"Higher Access, Lower Earnings",Medium
235750,Lower Columbia College,NA,NA,NA,NA,NA,NA,NA,NA,NA,NA,NA,206,1352087,No,NA,NA,4206,5583,NA,NA,NA,17004,16169,Public,NA,NA,869,1855,27,446,169,1649,2724,NA,NA,NA,NA,0,85,15,NA,NA,NA,NA,NA,NA,NA,15,8,4206,5583,Implied no,Yes,52,876,314,Mixed,Mixed Associate Small,No research designation,"Higher Access, Medium Earnings",Small
236072,North Seattle College,NA,NA,NA,NA,NA,NA,NA,NA,NA,NA,NA,165,1141012,No,NA,NA,4488,5046,NA,NA,NA,19392,18943,Public,NA,NA,2080,3489,233,675,435,1618,5569,NA,NA,NA,NA,0,96,3,NA,NA,NA,NA,NA,NA,NA,18,29,4488,5046,Implied no,Yes,37,686,109,Professions-focused,Professions-focused Associate/Baccalaureate,No research designation,"Higher Access, Lower Earnings",Medium
236133,Northwest University,NA,NA,NA,NA,NA,NA,NA,NA,NA,2,"Not required for admission, but considered if submitted (Test Optional)",149,3876471,No,NA,NA,35535,35535,NA,NA,NA,NA,NA,Private not-for-profit,83,31,272,403,66,160,79,381,1053,64,68,NA,11180,5,84,11,500,550,650,15,540,600,700,9,NA,35535,35535,Implied no,Implied no,94,172,374,Professions-focused,Professions-focused Undergraduate/Graduate-Master's Small,No research designation,"Higher Access, Medium Earnings",Small
236188,Olympic College,NA,NA,NA,NA,NA,NA,NA,NA,NA,NA,NA,280,1962076,No,NA,NA,3922,9465,NA,NA,NA,15333,15585,Public,NA,NA,2460,3324,53,1115,252,2675,5784,NA,NA,NA,NA,0,98,2,NA,NA,NA,NA,NA,NA,NA,17,20,4197,9465,Implied no,Yes,35,890,345,Mixed,Mixed Associate Medium,No research designation,"Higher Access, Medium Earnings",Medium
236230,Pacific Lutheran University,22,25,28,21,24,26,19,26,29,2,"Not required for admission, but considered if submitted (Test Optional)",612,24830760,No,NA,NA,50720,50720,NA,NA,NA,NA,NA,Private not-for-profit,78,14,886,1560,109,550,209,1085,2797,41,69,NA,NA,6,82,12,500,550,600,15,540,610,660,12,24,50096,50096,Yes,Yes,94,844,1058,Special Focus: Arts and Sciences,Special Focus: Arts and Sciences,No research designation,"Higher Access, Medium Earnings",Small
236258,Peninsula College,NA,NA,NA,NA,NA,NA,NA,NA,NA,NA,NA,126,901842,No,NA,NA,4205,4757,NA,NA,NA,18567,18514,Public,NA,NA,769,1384,37,269,106,1103,2153,NA,NA,NA,NA,0,96,4,NA,NA,NA,NA,NA,NA,NA,16,16,4205,4757,Implied no,Yes,50,577,135,Mixed,Mixed Associate Small,No research designation,"Higher Access, Medium Earnings",Small
236328,University of Puget Sound,27,29,31,25,29,30,23,26,29,10,"Not required for admission, but considered if submitted (Test Optional)",457,16076830,No,65,30675,62310,62310,0.33,0.01,0.67,NA,NA,Private not-for-profit,72,11,697,897,7,430,65,1053,1864,2,68,0.52,NA,1,33,67,560,610,670,31,610,670,710,10,15,62310,62310,Implied no,Yes,99,282,704,Special Focus: Arts and Sciences,Special Focus: Arts and Sciences,No research designation,"Lower Access, Medium Earnings",Small
236382,Renton Technical College,NA,NA,NA,NA,NA,NA,NA,NA,NA,NA,NA,192,1451460,No,NA,NA,5044,6105,NA,NA,NA,17348,17585,Public,NA,NA,1652,1172,7,431,303,599,2824,NA,NA,NA,NA,0,98,2,NA,NA,NA,NA,NA,NA,NA,19,12,5000,6081,Implied no,Yes,42,637,93,Special Focus: Applied and Career Studies,Special Focus: Applied and Career Studies,No research designation,"Higher Access, Lower Earnings",Medium
236452,Saint Martin's University,16,19,20,16,17,21,14,15,20,4,"Not required for admission, but considered if submitted (Test Optional)",256,8615466,No,NA,NA,44900,44900,NA,NA,NA,NA,NA,Private not-for-profit,90,13,518,671,48,245,187,435,1390,43,52,NA,NA,2,85,13,515,550,620,12,510,565,610,11,30,44900,44900,Implied no,Yes,90,531,870,Mixed,Mixed Baccalaureate,No research designation,"Opportunity Colleges and Universities – Higher Access, Higher Earnings",Small
236504,South Seattle College,NA,NA,NA,NA,NA,NA,NA,NA,NA,NA,NA,195,1459236,No,NA,NA,4488,5046,NA,NA,NA,15628,15385,Public,NA,NA,3614,1596,93,430,216,1611,5210,NA,NA,NA,NA,0,99,1,NA,NA,NA,NA,NA,NA,NA,33,15,4458,5046,Implied no,Yes,21,498,194,Mixed,Mixed Associate Medium,No research designation,"Higher Access, Lower Earnings",Medium
236513,Seattle Central College,NA,NA,NA,NA,NA,NA,NA,NA,NA,NA,NA,386,2626897,No,NA,NA,4773,5334,NA,NA,NA,18046,17889,Public,NA,NA,2306,3090,660,1049,461,1159,5396,NA,NA,NA,NA,0,95,4,NA,NA,NA,NA,NA,NA,NA,17,24,4488,5046,Implied no,Yes,44,1069,166,Professions-focused,Professions-focused Associate Large/Medium,No research designation,"Higher Access, Lower Earnings",Medium
236577,Seattle Pacific University,NA,NA,NA,NA,NA,NA,NA,NA,NA,NA,"Not considered for admission, even if submitted (Test Blind)",376,11865975,No,50,NA,39492,39492,NA,NA,NA,NA,NA,Private not-for-profit,83,16,625,1151,124,379,117,546,2261,47,62,NA,NA,0,77,21,NA,NA,NA,NA,NA,NA,NA,13,25,39492,39492,Implied no,Yes,97,739,1023,Mixed,Mixed Undergraduate/Graduate-Doctorate Small,No research designation,"Higher Access, Medium Earnings",Small
236595,Seattle University,23,27,30,24,27,34,22,27,30,1,"Not required for admission, but considered if submitted (Test Optional)",1032,36481905,No,60,24720,55620,55620,0.6,0.01,0.4,NA,NA,Private not-for-profit,77,14,1617,2461,304,888,309,1171,7189,67,76,0.65,NA,4,56,39,580,650,720,8,620,660,710,10,NA,55620,55620,Implied no,Yes,97,986,2066,Mixed,Mixed Undergraduate/Graduate-Doctorate Medium,Research Colleges and Universities,"Lower Access, Higher Earnings",Medium
236610,Shoreline Community College,NA,NA,NA,NA,NA,NA,NA,NA,NA,NA,NA,209,1250055,No,NA,NA,4263,7053,NA,NA,NA,16859,16671,Public,NA,NA,1844,2633,615,631,386,1326,4477,NA,NA,NA,NA,0,95,4,NA,NA,NA,NA,NA,NA,NA,13,15,4263,7053,Implied no,Yes,27,563,193,Mixed,Mixed Associate Medium,No research designation,"Higher Access, Lower Earnings",Medium
236638,Skagit Valley College,NA,NA,NA,NA,NA,NA,NA,NA,NA,NA,NA,318,2108879,No,NA,NA,4772,6872,NA,NA,NA,15051,14866,Public,NA,NA,1693,2335,17,664,195,1858,4028,NA,NA,NA,NA,0,94,3,NA,NA,NA,NA,NA,NA,NA,16,12,4772,6782,Implied no,Yes,36,856,191,Mixed,Mixed Associate Medium,No research designation,"Higher Access, Medium Earnings",Medium
236656,South Puget Sound Community College,NA,NA,NA,NA,NA,NA,NA,NA,NA,NA,NA,347,2243361,No,NA,NA,4772,5333,NA,NA,NA,18958,17888,Public,NA,NA,1948,2923,56,881,289,2241,4871,NA,NA,NA,NA,0,97,2,NA,NA,NA,NA,NA,NA,NA,17,16,4777,5338,Implied no,Yes,40,952,209,Mixed,Mixed Associate Medium,No research designation,"Higher Access, Medium Earnings",Medium
236692,Spokane Community College,NA,NA,NA,NA,NA,NA,NA,NA,NA,NA,NA,585,4478319,No,NA,NA,4772,5923,NA,NA,NA,14020,13839,Public,NA,NA,2955,3858,62,1234,386,3545,6813,NA,NA,NA,NA,0,93,7,NA,NA,NA,NA,NA,NA,NA,14,12,4772,5923,Implied no,Yes,49,1992,1327,Professions-focused,Professions-focused Associate Large/Medium,No research designation,"Higher Access, Medium Earnings",Medium
236708,Spokane Falls Community College,NA,NA,NA,NA,NA,NA,NA,NA,NA,NA,NA,387,2625749,No,NA,NA,4772,5923,NA,NA,NA,16088,15685,Public,NA,NA,1710,2609,37,1019,338,2595,4319,NA,NA,NA,NA,0,94,6,NA,NA,NA,NA,NA,NA,NA,12,21,4772,5923,Implied no,Yes,48,1151,673,Mixed,Mixed Associate Medium,No research designation,"Higher Access, Medium Earnings",Medium
236753,Tacoma Community College,NA,NA,NA,NA,NA,NA,NA,NA,NA,NA,NA,452,3303418,No,NA,NA,4772,10911,NA,NA,NA,17155,16766,Public,NA,NA,2177,4022,203,1176,443,1889,6199,NA,NA,NA,NA,0,94,2,NA,NA,NA,NA,NA,NA,NA,17,20,4772,10911,Implied no,Yes,41,1487,695,Mixed,Mixed Associate Medium,No research designation,"Higher Access, Lower Earnings",Medium
236887,Walla Walla Community College,NA,NA,NA,NA,NA,NA,NA,NA,NA,NA,NA,385,2920749,No,NA,NA,5279,6700,NA,NA,NA,18978,19268,Public,NA,NA,1445,1522,4,524,219,1397,2967,NA,NA,NA,NA,0,74,26,NA,NA,NA,NA,NA,NA,NA,18,13,5279,6700,Implied no,Yes,49,935,371,Professions-focused,Professions-focused Associate Large/Medium,No research designation,"Higher Access, Medium Earnings",Medium
236896,Walla Walla University,NA,NA,NA,NA,NA,NA,NA,NA,NA,NA,NA,315,6444387,No,NA,NA,33012,33012,NA,NA,NA,NA,NA,Private not-for-profit,NA,NA,675,638,140,326,54,610,1426,32,58,NA,NA,19,35,47,NA,NA,NA,NA,NA,NA,NA,14,28,33012,33012,Implied no,Implied no,91,324,588,Professions-focused,Professions-focused Baccalaureate Small,No research designation,"Higher Access, Medium Earnings",Small
236939,Washington State University,NA,NA,NA,NA,NA,NA,NA,NA,NA,NA,"Not considered for admission, even if submitted (Test Blind)",3441,37460196,No,70,24330,11305,27864,0.46,0.2,0.34,28236,27648,Public,87,20,10005,11450,518,4350,1977,12282,25685,41,60,0.44,NA,1,84,14,NA,NA,NA,NA,NA,NA,NA,15,NA,11305,27864,Implied no,Yes,68,6003,6644,Mixed,Mixed Undergraduate/Graduate-Doctorate Large,Research 1: Very High Spending and Doctorate Production,"Higher Access, Medium Earnings",Large
236948,University of Washington-Seattle Campus,NA,NA,NA,NA,NA,NA,NA,NA,NA,NA,"Not considered for admission, even if submitted (Test Blind)",2984,48210869,No,80,19249,11869,42105,0.44,0.27,0.29,31974,32446,Public,39,27,22246,18438,3924,7196,1585,10744,56997,74,85,0.25,NA,12,64,24,NA,NA,NA,NA,NA,NA,NA,20,NA,11869,42105,Implied no,Implied no,38,5868,5885,Mixed,Mixed Undergraduate/Graduate-Doctorate Large,Research 1: Very High Spending and Doctorate Production,"Lower Access, Higher Earnings",Very Large
236975,Wenatchee Valley College,NA,NA,NA,NA,NA,NA,NA,NA,NA,NA,NA,307,2772638,No,NA,NA,4772,5141,NA,NA,NA,20393,20827,Public,NA,NA,1153,1914,2,519,98,1014,3067,NA,NA,NA,NA,0,94,5,NA,NA,NA,NA,NA,NA,NA,14,8,4080,4582,Implied no,Implied no,44,770,117,Mixed,Mixed Associate Small,No research designation,"Higher Access, Medium Earnings",Small
237011,Western Washington University,24,28,31,24,29,33,22,25,28,2,"Not required for admission, but considered if submitted (Test Optional)",2900,20016279,No,70,NA,8240,27365,NA,NA,NA,30401,30359,Public,93,23,5929,7823,143,3019,925,9429,14710,40,65,NA,15629,1,83,16,560,620,680,9,590,660,710,18,NA,8240,27365,Implied no,Yes,58,2863,4003,Mixed,Mixed Undergraduate/Graduate-Master's Large/Medium,Research Colleges and Universities,"Opportunity Colleges and Universities – Higher Access, Higher Earnings",Medium
237039,Whatcom Community College,NA,NA,NA,NA,NA,NA,NA,NA,NA,NA,NA,184,1127645,No,NA,NA,3561,8889,NA,NA,NA,19868,19672,Public,NA,NA,1510,2164,25,557,257,1709,3674,NA,NA,NA,NA,0,94,6,NA,NA,NA,NA,NA,NA,NA,11,16,3742,9320,Implied no,Yes,33,712,186,Mixed,Mixed Associate Medium,No research designation,"Higher Access, Medium Earnings",Medium
237057,Whitman College,29,31,33,33,34,35,26,29,30,7,"Not required for admission, but considered if submitted (Test Optional)",418,16924386,No,50,25640,63510,63510,0.31,0,0.69,NA,NA,Private not-for-profit,38,14,672,889,220,390,29,867,1561,60,81,0.4,NA,17,35,47,640,700,740,9,670,710,740,10,12,63510,63510,Implied no,Yes,91,252,827,Special Focus: Arts and Sciences,Special Focus: Arts and Sciences,No research designation,"Lower Access, Medium Earnings",Small
237066,Whitworth University,21,25,29,21,25,31,20,24,26,5,"Not required for admission, but considered if submitted (Test Optional)",532,21815501,No,NA,NA,51500,51500,NA,NA,NA,NA,NA,Private not-for-profit,90,14,839,1028,100,525,60,1171,2314,63,71,NA,NA,3,78,19,540,590,660,13,550,630,670,11,21,51500,51500,Implied no,Yes,96,571,1080,Special Focus: Arts and Sciences,Special Focus: Arts and Sciences,No research designation,"Higher Access, Medium Earnings",Small
237109,Yakima Valley College,NA,NA,NA,NA,NA,NA,NA,NA,NA,NA,NA,443,3531155,No,30,NA,4772,5333,NA,NA,NA,21213,21199,Public,NA,NA,1215,2594,2,780,148,950,3809,NA,NA,NA,NA,0,95,5,NA,NA,NA,NA,NA,NA,NA,15,17,4772,5333,Implied no,Implied no,56,1341,255,Mixed,Mixed Associate/Baccalaureate,No research designation,"Higher Access, Medium Earnings",Medium
237215,Bluefield State University,17,20,22,15,18,21,16,19,21,11,"Not required for admission, but considered if submitted (Test Optional)",198,1943203,No,NA,NA,9648,17376,NA,NA,NA,22339,21839,Public,97,33,445,672,2,219,147,752,1141,17,30,NA,NA,0,64,32,430,485,540,50,440,490,540,13,25,9648,17376,Implied no,Yes,76,551,687,Professions-focused,Professions-focused Baccalaureate Small,No research designation,"Higher Access, Medium Earnings",Small
237312,University of Charleston,NA,NA,NA,NA,NA,NA,NA,NA,NA,NA,"Not considered for admission, even if submitted (Test Blind)",217,5670640,No,25,NA,33300,33300,NA,NA,NA,NA,NA,Private not-for-profit,62,17,1449,899,176,270,586,1549,3062,36,44,NA,NA,16,51,33,NA,NA,NA,NA,NA,NA,NA,15,32,22117,22117,Implied no,Yes,62,656,740,Special Focus: Business,Special Focus: Business,No research designation,"Opportunity Colleges and Universities – Higher Access, Higher Earnings",Medium
237330,Concord University,17,20,24,16,21,24,16,19,22,21,"Not required for admission, but considered if submitted (Test Optional)",426,4716670,No,NA,NA,9464,20800,NA,NA,NA,21396,20434,Public,93,18,651,958,66,436,150,1264,1943,31,39,NA,NA,4,66,30,390,460,530,57,440,490,560,16,28,9464,20800,Implied no,Yes,89,729,682,Mixed,Mixed Undergraduate/Graduate-Master's Small,No research designation,"Higher Access, Medium Earnings",Small
237367,Fairmont State University,17,20,23,16,20,23,16,18,21,31,Required to be considered for admission,589,5037330,No,NA,NA,6626,16630,NA,NA,NA,19512,20018,Public,99,34,1288,1800,37,651,179,2681,3305,37,44,NA,NA,1,88,11,360,465,510,78,450,510,560,14,18,6746,16750,Implied no,Yes,70,1050,1202,Professions-focused,Professions-focused Baccalaureate Medium,No research designation,"Higher Access, Medium Earnings",Medium
237385,Glenville State University,NA,NA,NA,NA,NA,NA,NA,NA,NA,NA,NA,245,2326570,No,NA,NA,8496,10272,NA,NA,NA,23591,23591,Public,NA,NA,796,889,50,330,63,1372,1765,34,35,NA,NA,5,81,14,NA,NA,NA,NA,NA,NA,NA,13,17,8496,10272,Implied no,Yes,73,630,695,Special Focus: Arts and Sciences,Special Focus: Arts and Sciences,No research designation,"Higher Access, Medium Earnings",Small
237525,Marshall University,19,21,24,18,22,25,17,20,24,51,"Not required for admission, but considered if submitted (Test Optional)",1661,22336541,No,NA,NA,7568,18748,NA,NA,NA,21548,22022,Public,96,28,3891,5255,96,1831,494,6830,11958,32,51,NA,NA,0,76,23,430,500,560,71,480,540,590,16,18,7568,18748,Implied no,Yes,84,3185,3255,Professions-focused,Professions-focused Undergraduate/Graduate-Doctorate Medium,Research 2: High Spending and Doctorate Production,"Higher Access, Medium Earnings",Medium
237686,West Virginia University at Parkersburg,NA,NA,NA,NA,NA,NA,NA,NA,NA,NA,NA,316,2361058,No,NA,NA,4512,9024,NA,NA,NA,9420,9420,Public,NA,NA,1071,1657,14,431,176,2520,2728,NA,NA,NA,NA,0,93,6,NA,NA,NA,NA,NA,NA,NA,17,7,5376,9324,Implied no,Yes,51,847,467,Professions-focused,Professions-focused Associate/Baccalaureate,No research designation,"Higher Access, Medium Earnings",Small
237701,Potomac State College of West Virginia University,NA,NA,NA,NA,NA,NA,NA,NA,NA,NA,NA,344,2370296,No,NA,NA,5280,13200,NA,NA,NA,16652,17619,Public,NA,NA,411,666,12,316,42,908,1077,NA,NA,NA,NA,2,78,21,NA,NA,NA,NA,NA,NA,NA,13,28,5280,13200,Implied no,Yes,69,431,341,Mixed,Mixed Associate/Baccalaureate,No research designation,"Opportunity Colleges and Universities – Higher Access, Higher Earnings",Small
237783,Salem University,NA,NA,NA,NA,NA,NA,NA,NA,NA,NA,NA,88,754056,No,NA,NA,11400,11400,NA,NA,NA,NA,NA,Private for-profit,NA,NA,305,587,92,197,220,538,1083,16,17,NA,NA,12,54,32,NA,NA,NA,NA,NA,NA,NA,19,59,11520,11520,Implied no,Yes,88,570,548,Special Focus: Business,Special Focus: Business,No research designation,"Higher Access, Medium Earnings",Small
237792,Shepherd University,19,21,24,19,22,24,16,18,22,8,"Not required for admission, but considered if submitted (Test Optional)",538,4433434,No,45,NA,6702,15774,NA,NA,NA,19175,19601,Public,97,32,1194,1838,22,505,254,2204,3339,35,51,NA,NA,0,71,29,410,485,540,54,468,540,600,17,9,6702,15774,Implied no,Yes,65,856,1141,Mixed,Mixed Baccalaureate,No research designation,"Higher Access, Lower Earnings",Medium
237899,West Virginia State University,15,18,20,11,17,23,16,18,22,2,"Not required for admission, but considered if submitted (Test Optional)",276,2482114,No,20,NA,8930,14350,NA,NA,NA,19596,19772,Public,96,6,1302,1808,69,326,122,2311,3246,30,39,NA,NA,4,63,32,350,420,490,2,410,510,550,13,15,8930,14350,Yes,Yes,33,669,596,Special Focus: Arts and Sciences,Special Focus: Arts and Sciences,Research Colleges and Universities,"Higher Access, Medium Earnings",Medium
237932,West Liberty University,18,22,24,16,21,24,16,19,23,36,"Not required for admission, but considered if submitted (Test Optional)",356,2580357,No,NA,NA,8877,17426,NA,NA,NA,23527,23809,Public,97,32,761,1173,53,416,120,1438,2299,43,56,NA,NA,1,58,40,420,480,543,61,470,520,580,12,1,8877,17426,Implied no,Yes,65,638,879,Professions-focused,Professions-focused Undergraduate/Graduate-Master's Small,No research designation,"Higher Access, Medium Earnings",Small
237950,West Virginia University Institute of Technology,19,21,23,17,20,23,17,19,22,32,"Not required for admission, but considered if submitted (Test Optional)",303,3050626,No,NA,NA,8424,21072,NA,NA,NA,20285,18907,Public,37,52,671,607,103,279,61,1005,1278,25,33,NA,NA,10,81,10,420,490,550,78,460,520,570,13,32,8424,21072,Implied no,Yes,60,397,353,Mixed,Mixed Baccalaureate,No research designation,"Lower Access, Higher Earnings",Small
237969,West Virginia Wesleyan College,16,21,23,17,20,23,16,19,23,16,"Not required for admission, but considered if submitted (Test Optional)",306,8920008,No,35,NA,32648,32648,NA,NA,NA,NA,NA,Private not-for-profit,93,23,473,498,86,295,56,640,1055,45,57,NA,NA,6,59,35,420,501,560,41,472,533,600,13,NA,32648,32648,Implied no,Yes,97,353,613,Mixed,Mixed Baccalaureate,No research designation,"Higher Access, Medium Earnings",Small
238032,West Virginia University,20,23,26,19,22,26,18,22,26,24,"Not required for admission, but considered if submitted (Test Optional)",4113,50847211,No,50,36010,10104,28608,0.4,0.17,0.43,25827,26415,Public,89,25,8807,9399,314,4129,650,14806,23643,48,64,0.63,NA,1,41,58,490,540,600,58,520,570,620,19,21,10104,28608,Implied no,Yes,76,4018,8328,Mixed,Mixed Undergraduate/Graduate-Doctorate Large,Research 1: Very High Spending and Doctorate Production,"Lower Access, Medium Earnings",Large
238193,Alverno College,NA,NA,NA,NA,NA,NA,NA,NA,NA,NA,"Not considered for admission, even if submitted (Test Blind)",143,3873344,No,NA,NA,33216,33216,NA,NA,NA,NA,NA,Private not-for-profit,86,17,16,657,7,89,65,194,1317,29,51,NA,NA,0,94,6,NA,NA,NA,NA,NA,NA,NA,13,NA,33216,33216,Implied no,Yes,74,400,414,Professions-focused,Professions-focused Undergraduate/Graduate-Master's Small,No research designation,"Higher Access, Medium Earnings",Small
238333,Beloit College,24,26,30,24,26,33,20,24,27,7,"Not required for admission, but considered if submitted (Test Optional)",216,10177772,No,NA,31969,60364,60364,0.28,0,0.72,NA,NA,Private not-for-profit,63,9,488,516,129,224,28,534,1004,55,71,0.77,NA,9,22,69,610,635,710,8,590,685,720,12,NA,60364,60364,Implied no,Yes,92,281,509,Special Focus: Arts and Sciences,Special Focus: Arts and Sciences,No research designation,"Higher Access, Medium Earnings",Small
238458,Carroll University,21,24,27,20,23,27,20,23,26,26,"Not required for admission, but considered if submitted (Test Optional)",614,15739446,No,NA,NA,38040,38040,NA,NA,NA,NA,NA,Private not-for-profit,67,18,847,1734,99,722,93,1765,3138,60,71,NA,14280,5,65,29,530,580,630,10,510,610,640,14,NA,38040,38040,Implied no,Yes,95,601,1538,Professions-focused,Professions-focused Undergraduate/Graduate-Doctorate Small,No research designation,"Lower Access, Medium Earnings",Small
238476,Carthage College,20,23,25,20,22,26,18,19,25,3,"Not required for admission, but considered if submitted (Test Optional)",777,18480056,No,35,NA,38750,38750,NA,NA,NA,NA,NA,Private not-for-profit,87,11,1139,1536,42,762,101,1713,2844,56,64,NA,13450,1,36,63,NA,NA,NA,0,NA,NA,NA,14,NA,38750,38750,Implied no,Yes,99,716,2283,Professions-focused,Professions-focused Baccalaureate Small,No research designation,"Lower Access, Medium Earnings",Small
238616,Concordia University-Wisconsin,22,24,28,21,26,29,17,22,26,5,"Not required for admission, but considered if submitted (Test Optional)",443,9471065,No,NA,NA,34950,34950,NA,NA,NA,NA,NA,Private not-for-profit,78,14,957,1444,71,434,148,1683,5253,57,69,NA,NA,0,54,34,NA,NA,NA,0,NA,NA,NA,11,NA,34950,34950,Implied no,Yes,83,675,1518,Professions-focused,Professions-focused Undergraduate/Graduate-Doctorate Medium,No research designation,"Lower Access, Medium Earnings",Medium
238661,Edgewood College,NA,NA,NA,NA,NA,NA,NA,NA,NA,NA,"Not considered for admission, even if submitted (Test Blind)",213,5087527,No,NA,NA,35860,35860,NA,NA,NA,NA,NA,Private not-for-profit,76,16,466,770,14,274,80,948,2459,44,60,NA,13250,0,81,18,NA,NA,NA,NA,NA,NA,NA,15,33,35860,35860,Implied no,Yes,90,305,698,Professions-focused,Professions-focused Undergraduate/Graduate-Doctorate Small,No research designation,"Higher Access, Medium Earnings",Small
238980,Lakeland University,NA,NA,NA,NA,NA,NA,NA,NA,NA,NA,"Not considered for admission, even if submitted (Test Blind)",199,4887295,No,35,NA,31900,31900,NA,NA,NA,NA,NA,Private not-for-profit,86,16,1097,1314,15,175,175,1499,2813,34,42,NA,NA,0,66,33,NA,NA,NA,NA,NA,NA,NA,12,NA,31900,31900,Implied no,Yes,44,583,1035,Special Focus: Business,Special Focus: Business,No research designation,"Opportunity Colleges and Universities – Higher Access, Higher Earnings",Small
239017,Lawrence University,24,29,31,23,28,33,23,26,28,33,"Not required for admission, but considered if submitted (Test Optional)",335,14300338,No,NA,31359,56670,56670,0.2,0.01,0.79,NA,NA,Private not-for-profit,64,17,683,734,159,351,58,843,1417,57,77,0.53,NA,11,28,62,590,670,710,21,610,680,710,7,NA,56670,56670,Implied no,Yes,98,310,685,Special Focus: Arts and Sciences,Special Focus: Arts and Sciences,No research designation,"Lower Access, Medium Earnings",Small
239080,Marian University,NA,NA,NA,NA,NA,NA,NA,NA,NA,0,"Not required for admission, but considered if submitted (Test Optional)",204,4448129,No,NA,NA,34650,34650,NA,NA,NA,NA,NA,Private not-for-profit,75,18,386,635,55,219,128,667,1246,30,44,NA,8476,3,49,27,NA,NA,NA,0,NA,NA,NA,11,35,34650,34650,Implied no,Yes,87,350,835,Professions-focused,Professions-focused Baccalaureate Small,No research designation,"Higher Access, Medium Earnings",Small
239105,Marquette University,26,28,31,25,29,32,25,27,30,26,"Not required for admission, but considered if submitted (Test Optional)",1881,62064573,No,NA,33897,50070,50070,0.53,0.1,0.37,NA,NA,Private not-for-profit,81,14,3542,4503,129,2149,106,5185,11746,69,83,0.59,NA,1,35,64,590,640,680,14,610,650,680,14,NA,50070,50070,Implied no,Yes,93,1406,2936,Mixed,Mixed Undergraduate/Graduate-Doctorate Medium,Research 2: High Spending and Doctorate Production,"Lower Access, Higher Earnings",Medium
239318,Milwaukee School of Engineering,NA,NA,NA,NA,NA,NA,NA,NA,NA,NA,"Not considered for admission, even if submitted (Test Blind)",671,24825116,No,NA,39651,48240,48240,0.54,0.002,0.46,NA,NA,Private not-for-profit,59,17,1914,790,127,638,125,1796,2953,47,67,0.75,NA,5,51,44,NA,NA,NA,NA,NA,NA,NA,12,22,48240,48240,Implied no,Yes,98,646,1503,"Special Focus: Technology, Engineering, and Sciences","Special Focus: Technology, Engineering, and Sciences",Research Colleges and Universities,"Lower Access, Higher Earnings",Small
239390,Mount Mary University,18,19,21,15,19,22,16,18,19,17,"Not required for admission, but considered if submitted (Test Optional)",171,4941472,No,NA,NA,34690,34690,NA,NA,NA,NA,NA,Private not-for-profit,62,14,34,718,9,116,43,199,1182,35,43,NA,10420,0,88,12,NA,NA,NA,1,NA,NA,NA,9,34,34690,34690,Implied no,Yes,90,464,491,Professions-focused,Professions-focused Undergraduate/Graduate-Master's Small,No research designation,"Higher Access, Medium Earnings",Small
239716,Saint Norbert College,21,24,28,21,25,29,20,24,26,32,"Not required for admission, but considered if submitted (Test Optional)",490,15421639,No,NA,NA,44620,44620,NA,NA,NA,NA,NA,Private not-for-profit,86,14,881,1089,29,386,31,1592,2032,67,72,NA,NA,2,75,23,508,555,610,5,525,580,680,14,23,44620,44620,Implied no,Yes,82,307,909,Special Focus: Arts and Sciences,Special Focus: Arts and Sciences,No research designation,"Lower Access, Medium Earnings",Small
240107,Viterbo University,22,24,26,20,23,25,19,23,26,47,"Not required for admission, but considered if submitted (Test Optional)",251,5916763,No,NA,NA,33500,33500,NA,NA,NA,NA,NA,Private not-for-profit,72,16,369,930,27,200,146,1013,2094,57,68,NA,NA,2,69,29,NA,NA,NA,2,NA,NA,NA,10,NA,33500,33500,Implied no,Implied no,84,379,839,Professions-focused,Professions-focused Undergraduate/Graduate-Doctorate Small,No research designation,"Lower Access, Medium Earnings",Small
240189,University of Wisconsin-Whitewater,17,20,24,16,20,23,17,19,24,71,"Not required for admission, but considered if submitted (Test Optional)",1115,6338890,No,0,NA,7119,17219,NA,NA,NA,18608,18719,Public,86,25,5069,5015,50,2160,595,7834,11746,42,63,NA,NA,0,85,14,NA,NA,NA,0,NA,NA,NA,21,NA,7119,17219,Implied no,Yes,46,2468,4538,Professions-focused,Professions-focused Undergraduate/Graduate-Master's Large/Medium,No research designation,"Higher Access, Medium Earnings",Medium
240268,University of Wisconsin-Eau Claire,22,25,27,20,24,27,20,24,26,44,"Not required for admission, but considered if submitted (Test Optional)",1107,6268721,No,25,NA,7931,17517,NA,NA,NA,21690,21705,Public,82,28,3717,5634,219,2044,358,7959,10049,44,65,NA,NA,1,69,30,NA,NA,NA,0,NA,NA,NA,19,NA,7931,17517,Implied no,Implied no,48,1827,3916,Professions-focused,Professions-focused Undergraduate/Graduate-Master's Large/Medium,No research designation,"Lower Access, Medium Earnings",Medium
240277,University of Wisconsin-Green Bay,18,22,24,17,21,24,17,21,25,32,"Not required for admission, but considered if submitted (Test Optional)",679,5168046,No,0,NA,7125,15713,NA,NA,NA,19090,19366,Public,89,25,4176,6456,186,1318,575,7905,11174,36,53,NA,NA,6,87,6,NA,NA,NA,0,NA,NA,NA,25,NA,7125,15713,Implied no,Yes,37,2151,2699,Special Focus: Arts and Sciences,Special Focus: Arts and Sciences,Research Colleges and Universities,"Higher Access, Medium Earnings",Medium
240329,University of Wisconsin-La Crosse,22,25,27,21,24,27,20,24,27,34,"Not required for admission, but considered if submitted (Test Optional)",1001,4503835,No,25,NA,8333,17780,NA,NA,NA,19565,19593,Public,76,43,4096,5405,77,2325,299,8399,10446,51,71,NA,NA,0,82,18,NA,NA,NA,0,NA,NA,NA,20,NA,8333,17780,Implied no,Implied no,44,1351,3966,Mixed,Mixed Undergraduate/Graduate-Master's Large/Medium,Research Colleges and Universities,"Lower Access, Medium Earnings",Medium
240338,Wisconsin Lutheran College,23,26,29,22,25,29,22,25,28,32,"Not required for admission, but considered if submitted (Test Optional)",251,6180720,No,NA,NA,35550,35550,NA,NA,NA,NA,NA,Private not-for-profit,78,20,466,491,6,249,28,719,1027,52,64,NA,12250,0,69,31,440,540,590,2,530,550,640,11,27,35550,35550,Implied no,Yes,97,292,691,Professions-focused,Professions-focused Baccalaureate Small,No research designation,"Lower Access, Medium Earnings",Small
240365,University of Wisconsin-Oshkosh,18,21,25,17,20,24,17,20,25,30,"Not required for admission, but considered if submitted (Test Optional)",859,5673762,No,NA,NA,7061,14975,NA,NA,NA,19357,19652,Public,87,21,5038,6956,152,1417,294,9633,12953,27,54,NA,NA,3,88,10,NA,NA,NA,0,NA,NA,NA,22,NA,7061,14975,Implied no,Yes,30,2036,3071,Professions-focused,Professions-focused Undergraduate/Graduate-Master's Large/Medium,No research designation,"Higher Access, Medium Earnings",Medium
240374,University of Wisconsin-Parkside,17,21,25,16,21,25,16,18,23,29,"Not required for admission, but considered if submitted (Test Optional)",299,2271774,No,NA,NA,6978,16137,NA,NA,NA,18129,18199,Public,75,26,1415,1769,58,522,330,1855,3925,23,40,NA,NA,2,84,14,NA,NA,NA,0,NA,NA,NA,20,NA,6978,16137,Implied no,Yes,50,1143,1165,Mixed,Mixed Undergraduate/Graduate-Master's Large/Medium,No research designation,"Higher Access, Medium Earnings",Medium
240392,Herzing University-Madison,NA,NA,NA,NA,NA,NA,NA,NA,NA,NA,"Not considered for admission, even if submitted (Test Blind)",137,770089,No,NA,NA,12360,12360,NA,NA,NA,NA,NA,Private not-for-profit,94,69,308,2213,0,387,170,842,5274,13,22,NA,NA,0,18,82,NA,NA,NA,NA,NA,NA,NA,19,NA,12360,12360,Implied no,Yes,92,1513,1497,Special Focus: Other Health Professions,Special Focus: Other Health Professions,No research designation,"Higher Access, Medium Earnings",Medium
240417,University of Wisconsin-Stout,20,23,27,18,22,25,18,23,27,32,"Not required for admission, but considered if submitted (Test Optional)",551,3490594,No,0,NA,7715,16279,NA,NA,NA,22807,22797,Public,88,24,3483,2653,302,1187,399,4958,6926,28,55,NA,NA,4,60,36,NA,NA,NA,0,NA,NA,NA,18,NA,7715,16279,Implied no,Yes,44,1454,2927,Professions-focused,Professions-focused Undergraduate/Graduate-Master's Large/Medium,No research designation,"Higher Access, Medium Earnings",Medium
240426,University of Wisconsin-Superior,18,21,24,17,20,23,17,19,23,17,"Not required for admission, but considered if submitted (Test Optional)",170,949448,No,0,NA,7081,14995,NA,NA,NA,20369,19860,Public,93,19,735,1302,198,272,185,1577,2833,29,42,NA,NA,15,51,33,NA,NA,NA,0,NA,NA,NA,18,NA,7081,14995,Implied no,Yes,54,643,906,Professions-focused,Professions-focused Undergraduate/Graduate-Master's Small,Research Colleges and Universities,"Higher Access, Medium Earnings",Small
240444,University of Wisconsin-Madison,29,31,33,28,32,34,27,30,33,29,"Not required for admission, but considered if submitted (Test Optional)",2801,49693542,No,70,27733,10006,40506,0.34,0.24,0.42,28631,28679,Public,45,29,17815,20225,4101,8514,1373,22291,51044,75,90,0.33,NA,9,45,46,710,750,780,15,670,710,740,18,NA,10006,40506,Implied no,Yes,43,5863,7498,Mixed,Mixed Undergraduate/Graduate-Doctorate Large,Research 1: Very High Spending and Doctorate Production,"Lower Access, Higher Earnings",Very Large
240453,University of Wisconsin-Milwaukee,18,21,25,17,21,25,16,19,24,66,"Not required for admission, but considered if submitted (Test Optional)",2996,19015816,No,NA,NA,8772,20772,NA,NA,NA,22885,22756,Public,91,24,8005,10283,393,3464,1111,10256,22450,31,53,NA,NA,1,90,9,NA,NA,NA,0,NA,NA,NA,17,NA,8772,20772,Implied no,Yes,67,5908,7490,Mixed,Mixed Undergraduate/Graduate-Doctorate Large,Research 1: Very High Spending and Doctorate Production,"Higher Access, Medium Earnings",Large
240462,University of Wisconsin-Platteville,21,24,28,20,23,26,21,25,28,28,"Not required for admission, but considered if submitted (Test Optional)",1114,5325240,No,0,NA,7126,16085,NA,NA,NA,21109,21266,Public,89,30,3723,2322,43,1310,274,5264,6389,33,61,NA,NA,0,78,22,NA,NA,NA,0,NA,NA,NA,20,NA,7126,16085,Implied no,Yes,58,1322,2652,Mixed,Mixed Undergraduate/Graduate-Master's Large/Medium,No research designation,"Lower Access, Higher Earnings",Medium
240471,University of Wisconsin-River Falls,19,23,26,18,22,25,18,22,25,19,"Not required for admission, but considered if submitted (Test Optional)",846,3532573,No,0,NA,7121,15583,NA,NA,NA,19786,19781,Public,82,25,1851,3029,49,1133,214,4175,5243,42,57,NA,NA,1,47,52,NA,NA,NA,0,NA,NA,NA,19,NA,7121,15583,Implied no,Yes,53,973,2009,Professions-focused,Professions-focused Baccalaureate Medium,Research Colleges and Universities,"Lower Access, Medium Earnings",Medium
240480,University of Wisconsin-Stevens Point,20,23,26,19,22,26,18,22,25,44,"Not required for admission, but considered if submitted (Test Optional)",1414,7089534,No,0,NA,7378,16398,NA,NA,NA,20097,20079,Public,92,23,3234,4256,30,1852,412,6365,8233,37,57,NA,NA,0,89,11,NA,NA,NA,0,NA,NA,NA,21,NA,7378,16398,Implied no,Implied no,62,2129,3618,Mixed,Mixed Undergraduate/Graduate-Master's Large/Medium,Research Colleges and Universities,"Higher Access, Medium Earnings",Medium
240514,Central Wyoming College,NA,NA,NA,NA,NA,NA,NA,NA,NA,NA,NA,202,1748742,No,NA,NA,3150,9450,NA,NA,NA,16255,16891,Public,NA,NA,928,1277,55,304,87,1175,2205,NA,NA,NA,NA,13,69,18,NA,NA,NA,NA,NA,NA,NA,15,19,3150,9450,Implied no,Yes,43,390,204,Professions-focused,Professions-focused Associate Small,No research designation,"Higher Access, Lower Earnings",Small
240620,Laramie County Community College,NA,NA,NA,NA,NA,NA,NA,NA,NA,NA,NA,470,2936470,No,NA,NA,3150,9450,NA,NA,NA,12690,13504,Public,NA,NA,1499,2694,28,801,259,2313,4193,NA,NA,NA,NA,1,78,21,NA,NA,NA,NA,NA,NA,NA,15,19,3150,9450,Implied no,Yes,46,1056,713,Professions-focused,Professions-focused Associate Large/Medium,No research designation,"Higher Access, Medium Earnings",Medium
240657,Northwest College,NA,NA,NA,NA,NA,NA,NA,NA,NA,NA,NA,268,2256596,No,NA,NA,3150,9450,NA,NA,NA,17448,16898,Public,NA,NA,663,823,105,312,81,1121,1486,NA,NA,NA,NA,16,61,22,NA,NA,NA,NA,NA,NA,NA,14,11,3150,9450,Implied no,Yes,55,246,98,Professions-focused,Professions-focused Associate Small,No research designation,"Higher Access, Medium Earnings",Small
240693,Western Wyoming Community College,NA,NA,NA,NA,NA,NA,NA,NA,NA,NA,NA,279,1725477,No,NA,NA,3150,9450,NA,NA,NA,14282,14532,Public,NA,NA,1069,1584,19,387,75,2006,2653,NA,NA,NA,NA,0,88,10,NA,NA,NA,NA,NA,NA,NA,11,15,3150,9450,Implied no,Implied no,41,476,291,Professions-focused,Professions-focused Associate Small,No research designation,"Higher Access, Medium Earnings",Small
240727,University of Wyoming,NA,NA,NA,NA,NA,NA,NA,NA,NA,NA,"Not considered for admission, even if submitted (Test Blind)",1288,13153291,No,40,NA,5190,21600,NA,NA,NA,24842,24818,Public,97,24,3706,4424,149,1434,826,6123,10813,39,59,NA,NA,3,58,37,NA,NA,NA,NA,NA,NA,NA,13,24,5190,21600,Implied no,Yes,74,1877,2318,Mixed,Mixed Undergraduate/Graduate-Doctorate Medium,Research 1: Very High Spending and Doctorate Production,"Lower Access, Medium Earnings",Medium
243744,Stanford University,34,35,35,35,35,36,33,35,36,19,"Not required for admission, but considered if submitted (Test Optional)",1035,64951754,Yes,90,26815,65127,65127,0.19,0.11,0.7,NA,NA,Private not-for-profit,4,82,3840,4064,965,1693,56,1754,18625,51,92,0.12,NA,17,38,45,770,790,800,51,740,760,780,6,1,65127,65127,Implied no,Yes,66,1543,499,Mixed,Mixed Undergraduate/Graduate-Doctorate Large,Research 1: Very High Spending and Doctorate Production,"Lower Access, Higher Earnings",Large
243780,Purdue University-Main Campus,27,31,34,26,32,35,26,30,34,25,Required to be considered for admission,3702,41809999,No,60,30506,9718,28520,0.39,0.2,0.41,24607,24591,Public,50,29,26428,18391,4429,11467,3096,24089,58658,65,83,0.35,NA,9,41,47,600,690,760,79,600,660,720,14,NA,9718,28520,Implied no,Yes,43,5175,8949,Mixed,Mixed Undergraduate/Graduate-Doctorate Large,Research 1: Very High Spending and Doctorate Production,"Lower Access, Higher Earnings",Very Large
243823,Parker University,NA,NA,NA,NA,NA,NA,NA,NA,NA,NA,NA,49,599705,No,50,NA,17472,17472,NA,NA,NA,NA,NA,Private not-for-profit,NA,NA,186,435,5,66,179,173,2308,50,50,NA,NA,2,94,5,NA,NA,NA,NA,NA,NA,NA,8,6,26208,26208,Implied no,Yes,94,252,329,Special Focus: Other Health Professions,Special Focus: Other Health Professions,No research designation,"Opportunity Colleges and Universities – Higher Access, Higher Earnings",Small
245953,Mid-America Christian University,17,19,19,16,18,20,15,17,18,20,"Not required for admission, but considered if submitted (Test Optional)",147,2013193,No,NA,NA,19752,19752,NA,NA,NA,NA,NA,Private not-for-profit,92,69,619,1187,89,238,229,938,2397,29,39,NA,NA,2,86,12,NA,NA,NA,2,NA,NA,NA,14,4,19752,19752,Implied no,Yes,77,863,951,Professions-focused,Professions-focused Undergraduate/Graduate-Master's Small,No research designation,"Higher Access, Medium Earnings",Small
246354,Palo Alto College,NA,NA,NA,NA,NA,NA,NA,NA,NA,NA,NA,850,5935203,No,NA,NA,5400,9810,NA,NA,NA,11751,11946,Public,NA,NA,4762,7633,8,2457,727,1511,12395,NA,NA,NA,NA,1,98,1,NA,NA,NA,NA,NA,NA,NA,31,12,5400,9810,Implied no,Yes,37,2746,253,Mixed,Mixed Associate Medium,No research designation,"Higher Access, Medium Earnings",Medium
247834,Collin County Community College District,NA,NA,NA,NA,NA,NA,NA,NA,NA,NA,NA,1478,9624376,No,NA,NA,3750,6000,NA,NA,NA,14984,15237,Public,NA,NA,17908,21640,2689,5870,1813,14963,39548,NA,NA,NA,NA,0,80,1,NA,NA,NA,NA,NA,NA,NA,21,26,3750,6000,Implied no,Yes,22,6127,2774,Mixed,Mixed Associate Large,No research designation,"Lower Access, Medium Earnings",Very Large
248934,ECPI University,NA,NA,NA,NA,NA,NA,NA,NA,NA,NA,"Not considered for admission, even if submitted (Test Blind)",729,5675377,No,15,NA,17424,17424,NA,NA,NA,NA,NA,Private for-profit,75,26,4958,7206,24,1040,1401,3794,12572,27,28,NA,NA,0,59,41,NA,NA,NA,NA,NA,NA,NA,13,17,17424,17424,Yes,Yes,64,6050,6446,Special Focus: Applied and Career Studies,Special Focus: Applied and Career Studies,No research designation,"Higher Access, Medium Earnings",Medium
262086,University of Massachusetts Global,NA,NA,NA,NA,NA,NA,NA,NA,NA,NA,NA,31,112090,No,NA,NA,12000,12000,NA,NA,NA,34139,35325,Public,NA,NA,1580,3510,2,178,694,2744,8996,NA,NA,NA,NA,0,26,74,NA,NA,NA,NA,NA,NA,NA,24,NA,12000,12000,Implied no,Implied no,62,1238,1269,Mixed,Mixed Undergraduate/Graduate-Doctorate Medium,No research designation,"Lower Access, Higher Earnings",Medium
364016,Paradise Valley Community College,NA,NA,NA,NA,NA,NA,NA,NA,NA,NA,NA,308,1416357,No,NA,NA,2328,8928,NA,NA,NA,17857,18375,Public,NA,NA,2640,3508,64,957,538,3149,6148,NA,NA,NA,NA,0,99,0,NA,NA,NA,NA,NA,NA,NA,14,25,2328,8929,Implied no,Yes,28,1037,382,Mixed,Mixed Associate Medium,No research designation,"Lower Access, Medium Earnings",Medium
366252,Pennsylvania College of Technology,NA,NA,NA,NA,NA,NA,NA,NA,NA,NA,NA,752,6741284,No,NA,NA,15450,23190,NA,NA,NA,32974,33192,Public,NA,NA,2932,1594,1,1212,284,3791,4575,37,45,NA,NA,0,85,15,NA,NA,NA,NA,NA,NA,NA,14,16,15450,23190,Yes,Yes,68,1432,2589,Special Focus: Applied and Career Studies,Special Focus: Applied and Career Studies,No research designation,"Opportunity Colleges and Universities – Higher Access, Higher Earnings",Medium
366711,California State University-San Marcos,NA,NA,NA,NA,NA,NA,NA,NA,NA,NA,"Not considered for admission, even if submitted (Test Blind)",1784,19843704,No,70,NA,6084,18684,NA,NA,NA,21389,21649,Public,95,14,6352,8625,139,2624,2162,3622,16237,28,55,NA,NA,1,97,2,NA,NA,NA,NA,NA,NA,NA,24,4,6084,18684,Implied no,Implied no,63,6070,4038,Mixed,Mixed Undergraduate/Graduate-Master's Large/Medium,Research Colleges and Universities,"Higher Access, Medium Earnings",Medium
377555,University of Washington-Bothell Campus,NA,NA,NA,NA,NA,NA,NA,NA,NA,0,"Not required for admission, but considered if submitted (Test Optional)",490,7973428,No,60,14851,11869,42105,0.79,0.05,0.16,27276,26908,Public,91,24,2977,2495,158,1118,600,1522,6058,49,65,0.29,NA,1,95,2,NA,NA,NA,1,NA,NA,NA,22,NA,11869,42105,Implied no,Implied no,46,1503,1044,Mixed,Mixed Undergraduate/Graduate-Master's Large/Medium,Research Colleges and Universities,"Higher Access, Medium Earnings",Medium
377564,University of Washington-Tacoma Campus,NA,NA,NA,NA,NA,NA,NA,NA,NA,NA,"Not considered for admission, even if submitted (Test Blind)",535,6506394,No,60,NA,11869,42105,NA,NA,NA,26084,25346,Public,83,21,2226,1981,73,721,747,1403,4965,50,63,NA,NA,1,94,3,NA,NA,NA,NA,NA,NA,NA,15,NA,11869,42105,Implied no,Yes,67,1592,1097,Mixed,Mixed Undergraduate/Graduate-Master's Large/Medium,Research Colleges and Universities,"Higher Access, Medium Earnings",Medium
380368,Fond du Lac Tribal and Community College,NA,NA,NA,NA,NA,NA,NA,NA,NA,NA,NA,51,392880,No,NA,NA,5418,5418,NA,NA,NA,19672,19659,Public,NA,NA,681,1108,0,131,93,1209,1789,NA,NA,NA,NA,0,88,12,NA,NA,NA,NA,NA,NA,NA,16,23,5418,5418,Implied no,Yes,30,284,191,Professions-focused,Professions-focused Associate Small,No research designation,"Higher Access, Medium Earnings",Small
384412,University of the Potomac-Washington DC Campus,NA,NA,NA,NA,NA,NA,NA,NA,NA,NA,NA,0,0,No,100,NA,5760,5760,NA,NA,NA,NA,NA,Private for-profit,NA,NA,306,503,19,229,16,20,1241,9,27,NA,NA,17,44,36,NA,NA,NA,NA,NA,NA,NA,11,NA,5760,5760,Implied no,Yes,38,65,25,Special Focus: Business,Special Focus: Business,No research designation,"Lower Access, Medium Earnings",Small
385619,Everglades University,NA,NA,NA,NA,NA,NA,NA,NA,NA,NA,"Not considered for admission, even if submitted (Test Blind)",337,3781299,No,50,NA,20880,20880,NA,NA,NA,NA,NA,Private not-for-profit,81,66,1389,1400,2,449,288,1113,3242,61,61,NA,NA,0,55,37,NA,NA,NA,NA,NA,NA,NA,17,1,20880,20880,Implied no,Implied no,95,1706,1752,Professions-focused,Professions-focused Undergraduate/Graduate-Master's Small,No research designation,"Higher Access, Medium Earnings",Small
392257,The College of Health Care Professions-Northwest,NA,NA,NA,NA,NA,NA,NA,NA,NA,NA,NA,1470,8940220,No,NA,NA,NA,NA,NA,NA,NA,NA,NA,Private for-profit,NA,NA,300,4230,4,908,610,490,4530,NA,NA,NA,NA,0,89,11,NA,NA,NA,NA,NA,NA,NA,36,NA,NA,NA,Implied no,Yes,68,3708,3926,Special Focus: Other Health Professions,Special Focus: Other Health Professions,No research designation,"Higher Access, Lower Earnings",Medium
406024,Galen College of Nursing-Tampa Bay,NA,NA,NA,NA,NA,NA,NA,NA,NA,NA,NA,133,1008736,No,NA,NA,16848,16848,NA,NA,NA,NA,NA,Private for-profit,NA,NA,188,1277,0,259,530,542,1465,100,100,NA,NA,0,98,2,NA,NA,NA,NA,NA,NA,NA,12,NA,16848,16848,Implied no,Yes,63,787,1306,Special Focus: Nursing,Special Focus: Nursing,No research designation,"Opportunity Colleges and Universities – Higher Access, Higher Earnings",Small
406033,Galen College of Nursing-San Antonio,NA,NA,NA,NA,NA,NA,NA,NA,NA,NA,NA,458,3243628,No,NA,NA,16848,16848,NA,NA,NA,NA,NA,Private for-profit,NA,NA,432,2521,0,645,682,879,2953,50,50,NA,NA,0,99,1,NA,NA,NA,NA,NA,NA,NA,12,NA,16848,16848,Implied no,Yes,68,1778,2625,Special Focus: Nursing,Special Focus: Nursing,No research designation,"Opportunity Colleges and Universities – Higher Access, Higher Earnings",Small
407629,Lake Erie College of Osteopathic Medicine,NA,NA,NA,NA,NA,NA,NA,NA,NA,NA,NA,NA,NA,Not applicable,50,NA,NA,NA,NA,NA,NA,NA,NA,Private not-for-profit,NA,NA,0,4,0,0,4,2,4133,NA,NA,NA,NA,NA,NA,NA,NA,NA,NA,NA,NA,NA,NA,2,NA,14790,14790,Implied no,Implied no,0,0,10,Not classified,Special Focus: Medical Schools and Centers,No research designation,Not Classified in SAEC,Medium
408844,Florida National University-Main Campus,NA,NA,NA,NA,NA,NA,NA,NA,NA,NA,NA,190,1976676,No,NA,NA,16800,16800,NA,NA,NA,NA,NA,Private for-profit,NA,NA,661,1794,212,498,98,87,2750,36,39,NA,NA,11,83,5,NA,NA,NA,NA,NA,NA,NA,20,15,16800,16800,Yes,Yes,96,2016,1820,Special Focus: Other Health Professions,Special Focus: Other Health Professions,No research designation,"Higher Access, Medium Earnings",Medium
409315,South Texas College,NA,NA,NA,NA,NA,NA,NA,NA,NA,NA,NA,2096,15819149,No,NA,NA,5220,7620,NA,NA,NA,9531,9561,Public,NA,NA,12013,15418,17,3848,520,518,27431,15,20,NA,NA,0,100,0,NA,NA,NA,NA,NA,NA,NA,22,15,5220,7620,Implied no,Yes,43,10258,0,Mixed,Mixed Associate/Baccalaureate,No research designation,"Opportunity Colleges and Universities – Higher Access, Higher Earnings",Large
409698,California State University-Monterey Bay,NA,NA,NA,NA,NA,NA,NA,NA,NA,NA,"Not considered for admission, even if submitted (Test Blind)",655,7981339,No,70,NA,6084,18684,NA,NA,NA,26821,26987,Public,97,10,2815,4092,112,1419,1378,1790,7713,39,59,NA,NA,0,96,4,NA,NA,NA,NA,NA,NA,NA,24,5,6084,18684,Implied no,Implied no,69,2540,1683,Mixed,Mixed Undergraduate/Graduate-Master's Large/Medium,Research Colleges and Universities,"Opportunity Colleges and Universities – Higher Access, Higher Earnings",Medium
413413,Capella University,NA,NA,NA,NA,NA,NA,NA,NA,NA,NA,NA,45,252944,No,50,NA,14400,14400,NA,NA,NA,NA,NA,Private for-profit,NA,NA,2773,15593,107,193,7159,8155,47761,20,20,NA,NA,0,1,97,NA,NA,NA,NA,NA,NA,NA,41,27,14400,14400,Implied no,Yes,41,6233,7617,Special Focus: Nursing,Special Focus: Nursing,No research designation,"Opportunity Colleges and Universities – Higher Access, Higher Earnings",Very Large
414878,Trine University-Regional/Non-Traditional Campuses,NA,NA,NA,NA,NA,NA,NA,NA,NA,NA,"Not considered for admission, even if submitted (Test Blind)",3,32994,No,NA,NA,7176,7176,NA,NA,NA,NA,NA,Private not-for-profit,40,56,327,418,218,31,133,298,9868,0,0,NA,NA,6,19,74,NA,NA,NA,NA,NA,NA,NA,13,50,7176,7176,Implied no,Implied no,22,80,87,Special Focus: Business,Special Focus: Business,No research designation,"Lower Access, Higher Earnings",Medium
420398,Northwest Vista College,NA,NA,NA,NA,NA,NA,NA,NA,NA,NA,NA,1453,8266156,No,NA,NA,5400,9810,NA,NA,NA,11481,11932,Public,NA,NA,8660,11400,39,3743,1173,3502,20060,NA,NA,NA,NA,1,97,3,NA,NA,NA,NA,NA,NA,NA,33,21,5400,9810,Implied no,Yes,37,4088,455,Mixed,Mixed Associate Large,No research designation,"Higher Access, Medium Earnings",Large
421708,Arizona College of Nursing-Tempe,NA,NA,NA,NA,NA,NA,NA,NA,NA,NA,"Not considered for admission, even if submitted (Test Blind)",17,142373,No,49,NA,24747,24747,NA,NA,NA,NA,NA,Private for-profit,100,53,167,1035,0,23,181,439,1202,89,89,NA,NA,0,100,0,NA,NA,NA,NA,NA,NA,NA,20,NA,24797,24797,Implied no,Yes,49,561,883,Special Focus: Nursing,Special Focus: Nursing,No research designation,"Higher Access, Lower Earnings",Small
426314,Embry-Riddle Aeronautical University-Worldwide,18,25,28,16,23,30,18,24,27,2,"Not required for admission, but considered if submitted (Test Optional)",57,279877,No,50,NA,12072,12072,NA,NA,NA,NA,NA,Private not-for-profit,58,52,7889,1558,518,624,955,4708,12770,10,23,NA,NA,6,13,78,520,550,610,4,520,565,630,23,NA,12072,12072,Implied no,Yes,41,2301,907,Professions-focused,Professions-focused Undergraduate/Graduate-Master's Large/Medium,No research designation,"Lower Access, Higher Earnings",Medium
430184,Strayer University-Maryland,NA,NA,NA,NA,NA,NA,NA,NA,NA,NA,NA,1,500,No,0,NA,13725,13725,NA,NA,NA,NA,NA,Private for-profit,NA,NA,284,760,0,27,81,141,1290,38,38,NA,NA,0,96,4,NA,NA,NA,NA,NA,NA,NA,47,NA,13725,13725,Implied no,Yes,91,738,865,Special Focus: Business,Special Focus: Business,No research designation,"Higher Access, Lower Earnings",Small
433013,Career Networks Institute,NA,NA,NA,NA,NA,NA,NA,NA,NA,NA,NA,35,207230,No,NA,NA,NA,NA,NA,NA,NA,NA,NA,Private for-profit,NA,NA,347,786,25,27,86,166,1133,NA,NA,NA,NA,0,100,0,NA,NA,NA,NA,NA,NA,NA,30,NA,NA,NA,Implied no,Implied no,53,724,1051,Special Focus: Nursing,Special Focus: Nursing,No research designation,"Opportunity Colleges and Universities – Higher Access, Higher Earnings",Small
433387,Western Governors University,NA,NA,NA,NA,NA,NA,NA,NA,NA,NA,NA,1181,6442652,No,65,NA,8180,8180,NA,NA,NA,NA,NA,Private not-for-profit,NA,NA,68898,86190,14,2417,22305,78136,210208,33,46,NA,NA,3,4,94,NA,NA,NA,NA,NA,NA,NA,42,7,8180,8180,Implied no,Yes,43,53478,58645,Professions-focused,Professions-focused Undergraduate/Graduate-Master's Large/Medium,No research designation,"Opportunity Colleges and Universities – Higher Access, Higher Earnings",Very Large
433660,Florida Gulf Coast University,20,22,25,19,22,24,17,20,24,45,Required to be considered for admission,1671,14229014,No,30,NA,4191,22328,NA,NA,NA,20846,20807,Public,63,21,6287,8176,348,2706,1078,7239,16612,42,57,NA,NA,3,78,18,510,540,590,80,530,570,610,20,9,4191,22328,Implied no,Implied no,56,3962,3500,Mixed,Mixed Undergraduate/Graduate-Master's Large/Medium,Research Colleges and Universities,"Higher Access, Medium Earnings",Medium
435000,Louisiana State University Health Sciences Center-Shreveport,NA,NA,NA,NA,NA,NA,NA,NA,NA,NA,NA,NA,NA,Not applicable,50,NA,NA,NA,NA,NA,NA,NA,NA,Public,NA,NA,5,16,0,0,5,11,1103,NA,NA,NA,NA,NA,NA,NA,NA,NA,NA,NA,NA,NA,NA,3,NA,8992,19863,Implied no,Implied no,85,3,12,Special Focus: Medical Schools and Centers,Special Focus: Medical Schools and Centers,Research Colleges and Universities,Not Classified in SAEC,Small
436429,Los Angeles Film School,NA,NA,NA,NA,NA,NA,NA,NA,NA,NA,NA,1552,10811939,No,NA,NA,NA,NA,NA,NA,NA,NA,NA,Private for-profit,NA,NA,3372,2100,89,818,253,1540,5472,33,34,NA,NA,0,33,67,NA,NA,NA,NA,NA,NA,NA,31,1,NA,NA,Implied no,Yes,68,4728,5313,"Special Focus: Arts, Music, and Design","Special Focus: Arts, Music, and Design",No research designation,"Higher Access, Lower Earnings",Medium
436836,University of Connecticut-Stamford,25,29,32,24,27,32,24,26,30,2,Required to be considered for admission,445,7029150,No,80,NA,17010,39678,NA,NA,NA,29622,30122,Public,83,10,1321,1161,155,935,98,642,2482,33,57,NA,NA,4,76,20,460,530,630,28,470,550,630,21,18,17010,39678,Implied no,Yes,69,1136,784,Not classified,Not classified,No research designation,Not Classified in SAEC,Not classified
439190,Cascadia College,NA,NA,NA,NA,NA,NA,NA,NA,NA,NA,NA,58,493310,No,NA,NA,4772,10911,NA,NA,NA,22287,21077,Public,NA,NA,1136,1244,154,260,89,766,2380,NA,NA,NA,NA,0,98,2,NA,NA,NA,NA,NA,NA,NA,13,27,4772,10911,Implied no,Yes,16,169,38,Mixed,Mixed Associate Small,No research designation,"Higher Access, Medium Earnings",Small
439367,CBD College,NA,NA,NA,NA,NA,NA,NA,NA,NA,NA,NA,126,744504,No,75,NA,NA,NA,NA,NA,NA,NA,NA,Private not-for-profit,NA,NA,427,1154,0,50,168,252,1581,NA,NA,NA,NA,0,100,0,NA,NA,NA,NA,NA,NA,NA,20,NA,NA,NA,Implied no,Yes,57,812,1327,Special Focus: Applied and Career Studies,Special Focus: Applied and Career Studies,No research designation,"Higher Access, Medium Earnings",Small
440828,Oregon State University-Cascades Campus,NA,NA,NA,NA,NA,NA,NA,NA,NA,1,"Not required for admission, but considered if submitted (Test Optional)",157,1734231,No,65,NA,11910,35700,NA,NA,NA,29490,29798,Public,63,14,557,492,9,204,144,789,1296,33,56,NA,NA,1,73,26,538,590,648,5,605,665,670,9,22,11910,35700,Implied no,Yes,71,290,334,Not classified,Not classified,No research designation,Not Classified in SAEC,Not classified
441229,Smith Chason College,NA,NA,NA,NA,NA,NA,NA,NA,NA,NA,NA,165,1110533,No,100,NA,17985,17985,NA,NA,NA,NA,NA,Private for-profit,NA,NA,400,2047,0,149,247,529,2447,92,92,NA,NA,0,72,28,NA,NA,NA,NA,NA,NA,NA,21,NA,17985,17985,Implied no,Yes,78,1302,1896,Special Focus: Applied and Career Studies,Special Focus: Applied and Career Studies,No research designation,"Opportunity Colleges and Universities – Higher Access, Higher Earnings",Small
441900,Nevada State University,NA,NA,NA,NA,NA,NA,NA,NA,NA,NA,"Not considered for admission, even if submitted (Test Blind)",387,3084042,No,30,NA,6090,21158,NA,NA,NA,23689,23718,Public,87,33,2198,5266,4,527,494,1625,7549,17,34,NA,NA,0,99,1,NA,NA,NA,NA,NA,NA,NA,18,27,6090,21158,Implied no,Yes,36,1650,926,Professions-focused,Professions-focused Baccalaureate Medium,No research designation,"Higher Access, Medium Earnings",Medium
441937,California State University-Channel Islands,NA,NA,NA,NA,NA,NA,NA,NA,NA,NA,"Not considered for admission, even if submitted (Test Blind)",440,5512199,No,70,NA,6084,18684,NA,NA,NA,23225,23561,Public,95,6,1719,3399,57,520,998,1140,5592,30,51,NA,NA,1,98,1,NA,NA,NA,NA,NA,NA,NA,16,5,6084,18684,Implied no,Implied no,70,2465,1267,Special Focus: Arts and Sciences,Special Focus: Arts and Sciences,Research Colleges and Universities,"Opportunity Colleges and Universities – Higher Access, Higher Earnings",Medium
442356,Saint Joseph's University - Lancaster,NA,NA,NA,NA,NA,NA,NA,NA,NA,0,"Not required for admission, but considered if submitted (Test Optional)",30,237603,No,NA,NA,32055,32055,NA,NA,NA,NA,NA,Private not-for-profit,41,41,167,1181,0,83,200,813,1439,38,69,NA,NA,0,98,2,NA,NA,NA,1,NA,NA,NA,11,11,32055,32055,Implied no,Yes,73,891,879,Special Focus: Nursing,Special Focus: Nursing,No research designation,"Opportunity Colleges and Universities – Higher Access, Higher Earnings",Small
442569,University of Arkansas Grantham,NA,NA,NA,NA,NA,NA,NA,NA,NA,NA,NA,71,522882,No,NA,NA,7320,7320,NA,NA,NA,15412,15318,Public,NA,NA,972,1866,24,565,223,1109,5646,17,17,NA,NA,0,16,84,NA,NA,NA,NA,NA,NA,NA,20,55,7320,7320,Implied no,Implied no,88,2300,2334,Professions-focused,Professions-focused Undergraduate/Graduate-Master's Large/Medium,No research designation,"Higher Access, Medium Earnings",Medium
443331,West Coast University-Los Angeles,NA,NA,NA,NA,NA,NA,NA,NA,NA,NA,NA,3,14590,No,NA,NA,30000,30000,NA,NA,NA,NA,NA,Private for-profit,NA,NA,575,2098,6,13,182,941,2673,25,31,NA,NA,0,100,0,NA,NA,NA,NA,NA,NA,NA,17,NA,30000,30000,Implied no,Yes,48,1204,2368,Special Focus: Nursing,Special Focus: Nursing,No research designation,"Opportunity Colleges and Universities – Higher Access, Higher Earnings",Small
443410,DigiPen Institute of Technology,27,28,29,25,27,33,22,25,30,7,"Not required for admission, but considered if submitted (Test Optional)",107,1549055,No,60,NA,38600,38600,NA,NA,NA,NA,NA,Private for-profit,64,27,678,338,108,153,109,541,1084,45,61,NA,NA,7,64,29,560,620,700,25,590,670,700,11,NA,38600,38600,Implied no,Yes,53,234,443,"Special Focus: Arts, Music, and Design","Special Focus: Arts, Music, and Design",No research designation,"Lower Access, Higher Earnings",Small
443599,American College of Healthcare Sciences,NA,NA,NA,NA,NA,NA,NA,NA,NA,0,"Not required for admission, but considered if submitted (Test Optional)",10,67552,No,NA,NA,9840,9840,NA,NA,NA,NA,NA,Private for-profit,53,59,47,715,0,41,93,385,1052,NA,NA,NA,NA,0,2,95,NA,NA,NA,0,NA,NA,NA,27,NA,9840,9840,Implied no,Yes,66,532,492,Special Focus: Other Health Professions,Special Focus: Other Health Professions,No research designation,"Higher Access, Lower Earnings",Small
443650,Miller-Motte College-Chattanooga,NA,NA,NA,NA,NA,NA,NA,NA,NA,NA,NA,1199,7534793,No,NA,NA,NA,NA,NA,NA,NA,NA,NA,Private for-profit,NA,NA,1008,3454,0,804,15,1225,4462,NA,NA,NA,NA,0,17,83,NA,NA,NA,NA,NA,NA,NA,49,NA,NA,NA,Implied no,Yes,87,4886,4559,Special Focus: Other Health Professions,Special Focus: Other Health Professions,No research designation,"Higher Access, Lower Earnings",Small
443766,Strayer University-Tennessee,NA,NA,NA,NA,NA,NA,NA,NA,NA,NA,NA,2,27025,No,0,NA,13725,13725,NA,NA,NA,NA,NA,Private for-profit,NA,NA,346,1438,0,106,189,538,1965,0,0,NA,NA,0,98,2,NA,NA,NA,NA,NA,NA,NA,47,33,13725,13725,Implied no,Yes,97,2321,2445,Special Focus: Business,Special Focus: Business,No research designation,"Opportunity Colleges and Universities – Higher Access, Higher Earnings",Medium
443784,Strayer University-Pennsylvania,NA,NA,NA,NA,NA,NA,NA,NA,NA,NA,NA,NA,NA,No,0,NA,13725,13725,NA,NA,NA,NA,NA,Private for-profit,NA,NA,288,938,5,60,99,391,1384,0,0,NA,NA,0,98,2,NA,NA,NA,NA,NA,NA,NA,47,50,13725,13725,Implied no,Yes,93,968,1115,Special Focus: Business,Special Focus: Business,No research designation,"Higher Access, Medium Earnings",Small
444130,Northcentral University,NA,NA,NA,NA,NA,NA,NA,NA,NA,NA,NA,NA,NA,Not applicable,NA,NA,NA,NA,NA,NA,NA,NA,NA,Private not-for-profit,NA,NA,13,47,0,0,0,27,9489,NA,NA,NA,NA,NA,NA,NA,NA,NA,NA,NA,NA,NA,NA,1,NA,11064,11064,Implied no,Yes,38,37,44,Professions-focused,Special Focus: Graduate Studies,No research designation,Not Classified in SAEC,Medium
444787,Nightingale College,NA,NA,NA,NA,NA,NA,NA,NA,NA,NA,NA,114,670128,No,150,NA,NA,NA,NA,NA,NA,NA,NA,Private for-profit,NA,NA,900,5086,0,147,1297,1436,6036,23,26,NA,NA,0,1,99,NA,NA,NA,NA,NA,NA,NA,12,NA,NA,NA,Implied no,Yes,48,2892,5470,Special Focus: Nursing,Special Focus: Nursing,No research designation,Not Classified in SAEC,Small
445027,American InterContinental University System,NA,NA,NA,NA,NA,NA,NA,NA,NA,NA,NA,110,843772,No,75,NA,11737,11737,NA,NA,NA,NA,NA,Private for-profit,NA,NA,2662,4524,0,446,1411,1861,11277,5,6,NA,NA,0,3,97,NA,NA,NA,NA,NA,NA,NA,36,NA,11737,11737,Implied no,Implied no,80,4849,4810,Special Focus: Business,Special Focus: Business,No research designation,"Higher Access, Medium Earnings",Large
445188,University of California-Merced,NA,NA,NA,NA,NA,NA,NA,NA,NA,NA,"Not considered for admission, even if submitted (Test Blind)",2130,58131093,No,80,15185,13146,47346,0.45,0.32,0.23,39463,39665,Public,91,7,4588,3784,42,2093,225,772,9110,51,69,0.49,21445,2,98,1,NA,NA,NA,NA,NA,NA,NA,20,11,12260,44148,Implied no,Implied no,85,4930,2390,Mixed,Mixed Baccalaureate,Research 1: Very High Spending and Doctorate Production,"Opportunity Colleges and Universities – Higher Access, Higher Earnings",Medium
445267,Central Methodist University-College of Graduate and Extended Studies,19,22,25,19,22,24,19,22,24,2,"Not required for admission, but considered if submitted (Test Optional)",46,355584,No,NA,NA,6960,6960,NA,NA,NA,NA,NA,Private not-for-profit,88,81,1550,1915,0,288,532,2060,3802,0,0,NA,NA,0,99,0,NA,NA,NA,0,NA,NA,NA,28,50,6960,6960,Implied no,Yes,46,1035,669,Professions-focused,Professions-focused Baccalaureate Medium,No research designation,Not Classified in SAEC,Medium
445708,Johnson & Wales University-Charlotte,16,19,23,14,19,22,15,17,22,6,"Not required for admission, but considered if submitted (Test Optional)",430,12914295,No,NA,NA,41782,41782,NA,NA,NA,NA,NA,Private not-for-profit,80,14,413,771,13,450,37,397,1184,26,34,NA,NA,0,34,66,430,490,560,10,450,510,570,14,21,41782,41782,Implied no,Yes,100,591,915,Special Focus: Applied and Career Studies,Special Focus: Applied and Career Studies,No research designation,"Higher Access, Medium Earnings",Small
445735,Roseman University of Health Sciences,NA,NA,NA,NA,NA,NA,NA,NA,NA,NA,NA,NA,NA,Not applicable,100,NA,NA,NA,NA,NA,NA,NA,NA,Private not-for-profit,NA,NA,129,407,0,0,81,130,1367,NA,NA,NA,NA,NA,NA,NA,NA,NA,NA,NA,NA,NA,NA,10,NA,41200,41200,Implied no,Yes,32,157,440,Special Focus: Medical Schools and Centers,Special Focus: Medical Schools and Centers,Research Colleges and Universities,Not Classified in SAEC,Small
446048,Ave Maria University,NA,NA,NA,NA,NA,NA,NA,NA,NA,NA,"Not considered for admission, even if submitted (Test Blind)",318,6657745,No,NA,NA,28815,28815,NA,NA,NA,NA,NA,Private not-for-profit,41,33,610,691,30,365,58,904,1423,39,47,NA,NA,2,28,70,NA,NA,NA,NA,NA,NA,NA,17,39,28815,28815,Implied no,Yes,97,263,565,Mixed,Mixed Baccalaureate,No research designation,"Lower Access, Medium Earnings",Small
446525,SAE Institute of Technology-Nashville,NA,NA,NA,NA,NA,NA,NA,NA,NA,NA,NA,211,1268565,No,NA,NA,16864,16864,NA,NA,NA,NA,NA,Private for-profit,NA,NA,1389,323,2,324,68,232,1712,NA,NA,NA,NA,0,16,84,NA,NA,NA,NA,NA,NA,NA,11,NA,15178,15178,Implied no,Yes,61,1090,1262,Special Focus: Applied and Career Studies,Special Focus: Applied and Career Studies,No research designation,"Higher Access, Lower Earnings",Small
446561,Stanbridge University,NA,NA,NA,NA,NA,NA,NA,NA,NA,NA,"Not considered for admission, even if submitted (Test Blind)",577,2891356,No,NA,NA,NA,NA,NA,NA,NA,NA,NA,Private for-profit,10,94,527,2116,0,312,71,282,2928,NA,NA,NA,NA,0,100,0,NA,NA,NA,NA,NA,NA,NA,15,NA,NA,NA,Implied no,Yes,63,1856,2718,Special Focus: Applied and Career Studies,Special Focus: Applied and Career Studies,No research designation,"Opportunity Colleges and Universities – Higher Access, Higher Earnings",Small
446604,Uta Mesivta of Kiryas Joel,NA,NA,NA,NA,NA,NA,NA,NA,NA,NA,NA,574,9343195,No,NA,NA,16000,16000,NA,NA,NA,NA,NA,Private not-for-profit,NA,NA,2957,0,0,768,162,2957,2957,0,70,NA,NA,0,99,1,NA,NA,NA,NA,NA,NA,NA,16,15,15500,15500,Implied no,Yes,96,2380,0,Special Focus: Theological Studies,Special Focus: Theological Studies,No research designation,Not Classified in SAEC,Small
446640,Harrisburg University of Science and Technology,NA,NA,NA,NA,NA,NA,NA,NA,NA,NA,"Not considered for admission, even if submitted (Test Blind)",135,2660307,No,NA,NA,23900,23900,NA,NA,NA,NA,NA,Private not-for-profit,87,10,458,248,12,119,45,305,3650,23,34,NA,NA,0,84,16,NA,NA,NA,NA,NA,NA,NA,18,5,23900,23900,Implied no,Yes,82,340,403,"Special Focus: Technology, Engineering, and Sciences","Special Focus: Technology, Engineering, and Sciences",No research designation,"Higher Access, Medium Earnings",Medium
447050,United States University,NA,NA,NA,NA,NA,NA,NA,NA,NA,NA,NA,NA,NA,No,NA,NA,6000,6000,NA,NA,NA,NA,NA,Private for-profit,NA,NA,50,109,0,0,31,70,2454,NA,NA,NA,NA,NA,NA,NA,NA,NA,NA,NA,NA,NA,NA,15,NA,6328,6328,Implied no,Yes,16,28,25,Special Focus: Nursing,Special Focus: Nursing,No research designation,Not Classified in SAEC,Small
447263,Joyce University of Nursing and Health Sciences,NA,NA,NA,NA,NA,NA,NA,NA,NA,NA,"Not considered for admission, even if submitted (Test Blind)",62,132455,No,NA,NA,18700,18700,NA,NA,NA,NA,NA,Private for-profit,62,80,313,1745,0,208,357,1417,2073,0,0,NA,NA,0,70,30,NA,NA,NA,NA,NA,NA,NA,13,NA,18700,18700,Implied no,Yes,73,1329,820,Special Focus: Nursing,Special Focus: Nursing,No research designation,"Higher Access, Lower Earnings",Small
447689,Georgia Gwinnett College,NA,NA,NA,NA,NA,NA,NA,NA,NA,NA,"Not considered for admission, even if submitted (Test Blind)",1853,12867094,No,30,NA,3288,12600,NA,NA,NA,21982,22547,Public,95,44,4946,7284,399,2611,681,2391,12230,6,21,NA,NA,1,98,1,NA,NA,NA,NA,NA,NA,NA,19,38,3288,12600,Implied no,Yes,71,6168,2943,Mixed,Mixed Baccalaureate,No research designation,"Higher Access, Medium Earnings",Medium
449038,Strayer University-Florida,NA,NA,NA,NA,NA,NA,NA,NA,NA,NA,NA,3,18588,No,0,NA,13725,13725,NA,NA,NA,NA,NA,Private for-profit,NA,NA,308,799,1,50,77,367,1303,100,100,NA,NA,0,98,2,NA,NA,NA,NA,NA,NA,NA,47,NA,13725,13725,Implied no,Yes,96,1034,1124,Special Focus: Business,Special Focus: Business,No research designation,"Higher Access, Medium Earnings",Small
449339,American Public University System,NA,NA,NA,NA,NA,NA,NA,NA,NA,NA,NA,94,611727,No,NA,NA,8400,8400,NA,NA,NA,NA,NA,Private for-profit,NA,NA,26741,14879,484,1846,5371,18454,50715,35,47,NA,NA,1,1,98,NA,NA,NA,NA,NA,NA,NA,25,NA,8400,8400,Implied no,Yes,81,9932,4924,Professions-focused,Professions-focused Undergraduate/Graduate-Master's Large/Medium,No research designation,"Higher Access, Lower Earnings",Very Large
449889,American College of Education,NA,NA,NA,NA,NA,NA,NA,NA,NA,NA,NA,NA,NA,Not applicable,50,NA,NA,NA,NA,NA,NA,NA,NA,Private for-profit,NA,NA,67,292,16,0,117,171,14263,NA,NA,NA,NA,NA,NA,NA,NA,NA,NA,NA,NA,NA,NA,9,NA,5160,5160,Implied no,Yes,40,0,0,Special Focus: Other Health Professions,Special Focus: Graduate Studies,No research designation,Not Classified in SAEC,Medium
450377,Strayer University-Alabama,NA,NA,NA,NA,NA,NA,NA,NA,NA,NA,NA,NA,NA,No,0,NA,13725,13725,NA,NA,NA,NA,NA,Private for-profit,NA,NA,229,967,0,43,118,301,1329,0,0,NA,NA,0,98,2,NA,NA,NA,NA,NA,NA,NA,47,100,13725,13725,Implied no,Yes,97,1255,1340,Special Focus: Business,Special Focus: Business,No research designation,"Opportunity Colleges and Universities – Higher Access, Higher Earnings",Small
450933,Columbia Southern University,NA,NA,NA,NA,NA,NA,NA,NA,NA,NA,NA,109,543194,No,NA,NA,6480,6480,NA,NA,NA,NA,NA,Private for-profit,NA,NA,7815,4398,0,260,1301,7423,17763,24,26,NA,NA,2,9,89,NA,NA,NA,NA,NA,NA,NA,37,NA,5944,5944,Implied no,Yes,28,3171,3380,Professions-focused,Professions-focused Undergraduate/Graduate-Doctorate Large,No research designation,"Lower Access, Higher Earnings",Large
451556,Southwest University at El Paso,NA,NA,NA,NA,NA,NA,NA,NA,NA,NA,NA,620,4390415,No,NA,NA,14000,14000,NA,NA,NA,NA,NA,Private for-profit,NA,NA,668,1405,0,574,48,132,2130,51,67,NA,NA,0,94,6,NA,NA,NA,NA,NA,NA,NA,20,NA,14000,14000,Implied no,Implied no,93,1486,1367,Special Focus: Applied and Career Studies,Special Focus: Applied and Career Studies,No research designation,"Higher Access, Medium Earnings",Small
451750,Bryant & Stratton College-Wauwatosa,NA,NA,NA,NA,NA,NA,NA,NA,NA,NA,NA,109,1326177,No,NA,NA,19813,19813,NA,NA,NA,NA,NA,Private not-for-profit,NA,NA,219,818,0,126,302,340,1037,17,17,NA,NA,2,82,14,NA,NA,NA,NA,NA,NA,NA,18,34,19698,19698,Implied no,Yes,86,612,797,Special Focus: Nursing,Special Focus: Nursing,No research designation,"Higher Access, Lower Earnings",Small
453163,Strayer University-North Carolina,NA,NA,NA,NA,NA,NA,NA,NA,NA,NA,NA,NA,NA,No,0,NA,13725,13725,NA,NA,NA,NA,NA,Private for-profit,NA,NA,568,2103,1,108,280,524,3037,33,33,NA,NA,0,97,3,NA,NA,NA,NA,NA,NA,NA,47,NA,13725,13725,Implied no,Yes,96,2245,2464,Special Focus: Business,Special Focus: Business,No research designation,"Higher Access, Medium Earnings",Medium
454227,Chamberlain University-Illinois,NA,NA,NA,NA,NA,NA,NA,NA,NA,0,"Not required for admission, but considered if submitted (Test Optional)",29,288462,No,95,NA,20213,20213,NA,NA,NA,NA,NA,Private for-profit,83,66,1447,12594,36,66,4045,5826,32944,42,42,NA,NA,0,38,62,NA,NA,NA,0,NA,NA,NA,23,50,20213,20213,Implied no,Yes,64,4064,7081,Special Focus: Nursing,Special Focus: Nursing,No research designation,"Opportunity Colleges and Universities – Higher Access, Higher Earnings",Very Large
454786,Laurus College,NA,NA,NA,NA,NA,NA,NA,NA,NA,NA,NA,294,1511775,No,100,NA,NA,NA,NA,NA,NA,NA,NA,Private for-profit,NA,NA,915,201,0,240,0,131,1116,18,50,NA,NA,0,96,4,NA,NA,NA,NA,NA,NA,NA,23,NA,NA,NA,Implied no,Implied no,70,707,681,Professions-focused,Professions-focused Associate/Baccalaureate,No research designation,"Higher Access, Medium Earnings",Small
454829,Aspen University,NA,NA,NA,NA,NA,NA,NA,NA,NA,NA,NA,NA,NA,No,NA,NA,6000,6000,NA,NA,NA,NA,NA,Private for-profit,NA,NA,233,1242,0,21,189,698,3511,9,27,NA,NA,5,14,81,NA,NA,NA,NA,NA,NA,NA,3,27,6000,6000,Implied no,Yes,10,234,242,Special Focus: Nursing,Special Focus: Nursing,No research designation,"Lower Access, Higher Earnings",Medium
454865,Cambridge College of Healthcare & Technology,NA,NA,NA,NA,NA,NA,NA,NA,NA,NA,NA,43,326676,No,50,NA,18168,18168,NA,NA,NA,NA,NA,Private for-profit,NA,NA,172,1143,0,189,263,202,1315,NA,NA,NA,NA,0,52,48,NA,NA,NA,NA,NA,NA,NA,25,NA,15652,15652,Yes,Yes,64,651,753,Special Focus: Applied and Career Studies,Special Focus: Applied and Career Studies,No research designation,"Opportunity Colleges and Universities – Higher Access, Higher Earnings",Small
455664,The Chicago School at Los Angeles,NA,NA,NA,NA,NA,NA,NA,NA,NA,0,"Not required for admission, but considered if submitted (Test Optional)",NA,NA,No,50,NA,19512,19512,NA,NA,NA,NA,NA,Private not-for-profit,46,66,48,289,6,25,71,120,3344,0,0,NA,NA,0,16,84,NA,NA,NA,0,NA,NA,NA,11,NA,19512,19512,Implied no,Yes,56,183,244,Mixed,Special Focus: Graduate Studies,No research designation,Not Classified in SAEC,Medium
458210,West Coast University-Orange County,NA,NA,NA,NA,NA,NA,NA,NA,NA,NA,NA,2,10040,No,NA,NA,19905,19905,NA,NA,NA,NA,NA,Private for-profit,NA,NA,726,2466,15,16,256,361,4586,60,60,NA,NA,0,100,0,NA,NA,NA,NA,NA,NA,NA,14,NA,19905,19905,Implied no,Yes,46,1302,2656,Special Focus: Nursing,Special Focus: Nursing,No research designation,"Opportunity Colleges and Universities – Higher Access, Higher Earnings",Medium
458229,West Coast University-Ontario,NA,NA,NA,NA,NA,NA,NA,NA,NA,NA,NA,5,32931,No,NA,NA,30000,30000,NA,NA,NA,NA,NA,Private for-profit,NA,NA,654,2017,4,13,184,320,2671,39,39,NA,NA,0,100,0,NA,NA,NA,NA,NA,NA,NA,19,NA,30000,30000,Implied no,Yes,54,1306,2308,Special Focus: Nursing,Special Focus: Nursing,No research designation,"Opportunity Colleges and Universities – Higher Access, Higher Earnings",Small
458919,Strayer University-Georgia,NA,NA,NA,NA,NA,NA,NA,NA,NA,NA,NA,8,30458,No,0,NA,13725,13725,NA,NA,NA,NA,NA,Private for-profit,NA,NA,1044,3255,7,186,503,713,4916,25,25,NA,NA,0,99,1,NA,NA,NA,NA,NA,NA,NA,47,50,13725,13725,Implied no,Yes,96,3989,4296,Special Focus: Business,Special Focus: Business,No research designation,"Opportunity Colleges and Universities – Higher Access, Higher Earnings",Medium
458964,Strayer University-South Carolina,NA,NA,NA,NA,NA,NA,NA,NA,NA,NA,NA,1,7179,No,0,NA,13725,13725,NA,NA,NA,NA,NA,Private for-profit,NA,NA,327,1541,0,76,182,436,2110,0,0,NA,NA,0,99,1,NA,NA,NA,NA,NA,NA,NA,47,33,13725,13725,Implied no,Yes,96,1500,1623,Special Focus: Business,Special Focus: Business,No research designation,"Opportunity Colleges and Universities – Higher Access, Higher Earnings",Small
458973,Strayer University-Texas,NA,NA,NA,NA,NA,NA,NA,NA,NA,NA,NA,3,6600,No,0,NA,13725,13725,NA,NA,NA,NA,NA,Private for-profit,NA,NA,636,1659,11,123,193,585,2508,25,25,NA,NA,0,98,2,NA,NA,NA,NA,NA,NA,NA,47,25,13725,13725,Implied no,Yes,96,1900,2053,Special Focus: Business,Special Focus: Business,No research designation,"Higher Access, Medium Earnings",Medium
459204,Unitek College,NA,NA,NA,NA,NA,NA,NA,NA,NA,NA,NA,446,2308066,No,NA,NA,NA,NA,NA,NA,NA,NA,NA,Private for-profit,NA,NA,905,4820,0,333,1090,399,5725,63,63,NA,NA,0,95,5,NA,NA,NA,NA,NA,NA,NA,26,0,NA,NA,Implied no,Yes,46,3237,4122,Special Focus: Nursing,Special Focus: Nursing,No research designation,"Higher Access, Medium Earnings",Medium
459213,Gurnick Academy of Medical Arts,NA,NA,NA,NA,NA,NA,NA,NA,NA,NA,NA,379,2181395,No,100,NA,NA,NA,NA,NA,NA,NA,NA,Private for-profit,NA,NA,879,2542,1,165,439,593,3437,NA,NA,NA,NA,0,93,7,NA,NA,NA,NA,NA,NA,NA,18,NA,NA,NA,Implied no,Yes,51,1695,2167,Special Focus: Nursing,Special Focus: Nursing,No research designation,"Higher Access, Medium Earnings",Small
459727,Touro University Worldwide,NA,NA,NA,NA,NA,NA,NA,NA,NA,NA,NA,16,141131,No,NA,NA,14400,14400,NA,NA,NA,NA,NA,Private not-for-profit,NA,NA,122,347,1,52,83,139,2358,29,29,NA,NA,0,25,75,NA,NA,NA,NA,NA,NA,NA,10,19,14440,14440,Implied no,Yes,82,231,214,Professions-focused,Professions-focused Undergraduate/Graduate-Doctorate Small,No research designation,"Higher Access, Medium Earnings",Small
459736,Touro University California,NA,NA,NA,NA,NA,NA,NA,NA,NA,NA,"Not considered for admission, even if submitted (Test Blind)",NA,NA,No,60,NA,19500,19500,NA,NA,NA,NA,NA,Private not-for-profit,0,NA,2,21,0,0,23,5,1144,NA,NA,NA,NA,NA,NA,NA,NA,NA,NA,NA,NA,NA,NA,3,NA,19500,19500,Implied no,Yes,0,0,0,Not classified,Special Focus: Medical Schools and Centers,Research Colleges and Universities,Not Classified in SAEC,Small
459824,Touro University Nevada,NA,NA,NA,NA,NA,NA,NA,NA,NA,NA,NA,NA,NA,Not applicable,0,NA,NA,NA,NA,NA,NA,NA,NA,Private not-for-profit,NA,NA,1,21,0,0,8,8,1600,NA,NA,NA,NA,NA,NA,NA,NA,NA,NA,NA,NA,NA,NA,10,NA,10080,10080,Implied no,Yes,79,3,5,Special Focus: Medical Schools and Centers,Special Focus: Medical Schools and Centers,No research designation,Not Classified in SAEC,Small
459949,Texas A&M University-San Antonio,15,18,21,13,17,21,15,17,20,7,"Not required for admission, but considered if submitted (Test Optional)",837,8323430,No,30,NA,5163,18764,NA,NA,NA,21539,21655,Public,93,14,2599,4463,29,1265,745,1572,7956,17,40,NA,NA,0,98,1,410,470,530,41,430,480,540,18,34,5163,18764,Yes,Yes,64,3409,2436,Special Focus: Arts and Sciences,Special Focus: Arts and Sciences,No research designation,Not Classified in SAEC,Medium
459994,Strayer University-Global Region,NA,NA,NA,NA,NA,NA,NA,NA,NA,NA,NA,5,29498,No,0,NA,13725,13725,NA,NA,NA,NA,NA,Private for-profit,NA,NA,3060,6326,7,495,1092,4570,12098,8,8,NA,NA,0,0,98,NA,NA,NA,NA,NA,NA,NA,47,57,13725,13725,Implied no,Yes,96,5494,5790,Special Focus: Business,Special Focus: Business,No research designation,"Higher Access, Medium Earnings",Medium
460349,Johnson & Wales University-Online,NA,NA,NA,NA,NA,NA,NA,NA,NA,NA,"Not considered for admission, even if submitted (Test Blind)",16,112401,No,NA,NA,13365,13365,NA,NA,NA,NA,NA,Private not-for-profit,91,55,684,1525,11,236,534,985,2839,0,0,NA,NA,0,7,93,NA,NA,NA,NA,NA,NA,NA,13,50,13365,13365,Implied no,Yes,72,721,1020,Special Focus: Business,Special Focus: Business,No research designation,Not Classified in SAEC,Small
461148,New York Film Academy,NA,NA,NA,NA,NA,NA,NA,NA,NA,NA,NA,215,2627823,No,75,NA,34944,34944,NA,NA,NA,NA,NA,Private for-profit,NA,NA,472,377,425,160,133,119,1132,68,68,NA,NA,51,6,39,NA,NA,NA,NA,NA,NA,NA,4,4,35212,35212,Implied no,Implied no,88,173,250,"Special Focus: Arts, Music, and Design","Special Focus: Arts, Music, and Design",No research designation,"Higher Access, Lower Earnings",Small
463056,University of Connecticut-Hartford Campus,21,23,27,17,21,24,19,23,26,1,Required to be considered for admission,387,5485853,No,80,NA,17010,39678,NA,NA,NA,26546,26946,Public,88,22,791,753,36,646,52,614,1544,45,65,NA,NA,0,97,3,460,540,610,35,470,530,610,26,17,17010,39678,Implied no,Yes,70,682,571,Not classified,Not classified,No research designation,Not Classified in SAEC,Not classified
466930,Chamberlain University-Texas,NA,NA,NA,NA,NA,NA,NA,NA,NA,0,"Not required for admission, but considered if submitted (Test Optional)",18,131699,No,95,NA,19440,19440,NA,NA,NA,NA,NA,Private for-profit,84,69,277,1993,5,18,437,261,2270,25,25,NA,NA,0,100,0,NA,NA,NA,0,NA,NA,NA,10,75,20160,20160,Implied no,Yes,61,1298,1878,Special Focus: Nursing,Special Focus: Nursing,No research designation,"Opportunity Colleges and Universities – Higher Access, Higher Earnings",Small
474863,Los Angeles Pacific University,NA,NA,NA,NA,NA,NA,NA,NA,NA,NA,NA,13,100517,No,NA,NA,12360,12360,NA,NA,NA,NA,NA,Private not-for-profit,NA,NA,283,1402,0,38,335,312,1881,17,17,NA,NA,0,89,11,NA,NA,NA,NA,NA,NA,NA,24,21,12360,12360,Implied no,Yes,55,835,1204,Professions-focused,Professions-focused Baccalaureate Small,No research designation,Not Classified in SAEC,Small
475033,Relay Graduate School of Education,NA,NA,NA,NA,NA,NA,NA,NA,NA,NA,NA,NA,NA,Not applicable,NA,NA,NA,NA,NA,NA,NA,NA,NA,Private not-for-profit,NA,NA,15,42,0,0,36,22,1324,NA,NA,NA,NA,NA,NA,NA,NA,NA,NA,NA,NA,NA,NA,35,NA,NA,NA,Implied no,Yes,92,0,4,Not classified,Special Focus: Graduate Studies,No research designation,Not Classified in SAEC,Medium
475121,South University-Savannah Online,NA,NA,NA,NA,NA,NA,NA,NA,NA,NA,NA,714,4620210,No,NA,NA,17100,17100,NA,NA,NA,NA,NA,Private for-profit,NA,NA,1707,4732,6,874,753,2016,8803,5,6,NA,NA,0,11,89,NA,NA,NA,NA,NA,NA,NA,30,1,17100,17100,Implied no,Yes,83,5169,4758,Special Focus: Other Health Professions,Special Focus: Other Health Professions,No research designation,"Higher Access, Lower Earnings",Medium
475732,Chamberlain University-Georgia,NA,NA,NA,NA,NA,NA,NA,NA,NA,0,"Not required for admission, but considered if submitted (Test Optional)",8,50837,No,95,NA,19575,19575,NA,NA,NA,NA,NA,Private for-profit,91,84,176,1764,8,27,472,275,1940,50,50,NA,NA,0,100,0,NA,NA,NA,0,NA,NA,NA,16,NA,20300,20300,Implied no,Yes,60,819,1256,Special Focus: Nursing,Special Focus: Nursing,No research designation,"Opportunity Colleges and Universities – Higher Access, Higher Earnings",Small
476975,Colorado State University Global,NA,NA,NA,NA,NA,NA,NA,NA,NA,0,"Not required for admission, but considered if submitted (Test Optional)",38,206397,No,25,NA,9000,9000,NA,NA,NA,21201,21201,Public,98,99,3394,3763,190,490,1073,3556,10257,NA,NA,NA,NA,0,23,77,NA,NA,NA,0,NA,NA,NA,23,NA,9000,9000,Implied no,Implied no,33,1791,2261,Special Focus: Business,Special Focus: Business,No research designation,Not Classified in SAEC,Medium
477039,West Coast University-Dallas,NA,NA,NA,NA,NA,NA,NA,NA,NA,NA,NA,2,12380,No,NA,NA,13903,13903,NA,NA,NA,NA,NA,Private for-profit,NA,NA,159,1003,29,10,148,176,1887,11,11,NA,NA,0,100,0,NA,NA,NA,NA,NA,NA,NA,15,NA,13903,13903,Implied no,Yes,65,559,793,Special Focus: Nursing,Special Focus: Nursing,No research designation,"Opportunity Colleges and Universities – Higher Access, Higher Earnings",Small
479956,Pennsylvania State University-World Campus,26,29,32,26,30,34,18,23,27,2,"Not required for admission, but considered if submitted (Test Optional)",140,1182982,No,65,NA,15356,15356,NA,NA,NA,27764,27678,Public,91,31,3853,4198,223,355,1073,5063,13774,20,34,NA,NA,7,50,43,530,600,655,12,560,630,680,16,1,15356,15356,Implied no,Yes,59,2497,3274,Professions-focused,Professions-focused Undergraduate/Graduate-Master's Large/Medium,No research designation,"Opportunity Colleges and Universities – Higher Access, Higher Earnings",Medium
480091,Bryant & Stratton College-Online,NA,NA,NA,NA,NA,NA,NA,NA,NA,NA,NA,622,3927329,No,NA,NA,16134,16134,NA,NA,NA,NA,NA,Private not-for-profit,NA,NA,1168,9175,0,794,2830,1985,10343,0,17,NA,NA,0,14,83,NA,NA,NA,NA,NA,NA,NA,39,9,16125,16125,Implied no,Yes,86,6140,6413,Professions-focused,Professions-focused Associate/Baccalaureate,No research designation,"Higher Access, Lower Earnings",Medium
482149,Augusta University,18,22,25,17,21,25,17,21,23,4,Required to be considered for admission,1108,10566112,No,60,NA,7064,23384,NA,NA,NA,22809,23524,Public,86,25,2233,3816,87,1303,539,2679,10900,29,49,NA,NA,1,65,33,470,520,550,20,500,540,590,16,36,7064,23384,Implied no,Yes,82,2211,1970,Professions-focused,Professions-focused Undergraduate/Graduate-Doctorate Medium,Research 2: High Spending and Doctorate Production,Not Classified in SAEC,Medium
482158,Middle Georgia State University,16,21,24,14,20,23,16,20,25,7,"Not required for admission, but considered if submitted (Test Optional)",958,6968306,No,30,NA,4176,15528,NA,NA,NA,18980,19617,Public,100,30,3569,4123,155,1319,752,3921,8363,12,24,NA,NA,5,84,11,460,530,580,18,490,550,610,18,43,4176,15528,Implied no,Yes,72,3207,2465,Professions-focused,Professions-focused Baccalaureate Medium,No research designation,Not Classified in SAEC,Medium
482431,DeVry University-California,NA,NA,NA,NA,NA,NA,NA,NA,NA,0,"Not required for admission, but considered if submitted (Test Optional)",82,510024,No,30,NA,16448,16448,NA,NA,NA,NA,NA,Private for-profit,99,73,1257,1125,12,144,1015,549,2403,21,21,NA,NA,0,97,3,NA,NA,NA,1,NA,NA,NA,26,26,16448,16448,Implied no,Yes,86,1288,1363,Special Focus: Business,Special Focus: Business,No research designation,Not Classified in SAEC,Small
482477,DeVry University-Illinois,11,15,19,13,15,19,15,16,19,5,"Not required for admission, but considered if submitted (Test Optional)",1065,8318048,No,30,NA,16448,16448,NA,NA,NA,NA,NA,Private for-profit,98,78,9042,19004,54,2168,11233,10545,31296,12,18,NA,NA,1,6,93,370,450,490,2,330,410,540,43,18,16448,16448,Implied no,Yes,92,17892,21226,Professions-focused,Professions-focused Undergraduate/Graduate-Master's Large/Medium,No research designation,Not Classified in SAEC,Large
482680,University of North Georgia,19,22,25,17,21,25,17,20,24,17,"Not required for admission, but considered if submitted (Test Optional)",3183,22998907,No,40,NA,4247,15465,NA,NA,NA,18308,18177,Public,68,48,8042,10280,214,4330,863,12341,19291,32,50,NA,NA,2,96,2,480,540,590,38,500,560,620,19,36,4373,15885,Implied no,Yes,77,4843,3395,Mixed,Mixed Undergraduate/Graduate-Master's Large/Medium,No research designation,Not Classified in SAEC,Large
482699,South Georgia State College,NA,NA,NA,NA,NA,NA,NA,NA,NA,NA,NA,399,2693090,No,20,NA,2424,9384,NA,NA,NA,15492,16177,Public,NA,NA,667,1226,9,452,100,1136,1893,20,20,NA,NA,0,94,6,NA,NA,NA,NA,NA,NA,NA,18,51,2424,9384,Implied no,Yes,87,970,504,Mixed,Mixed Associate/Baccalaureate,No research designation,Not Classified in SAEC,Small
482705,Northeastern University Professional Programs,NA,NA,NA,NA,NA,NA,NA,NA,NA,NA,NA,NA,NA,Not applicable,NA,NA,NA,NA,NA,NA,NA,NA,NA,Private not-for-profit,NA,NA,1035,1381,489,0,609,804,7411,NA,NA,NA,21018,NA,NA,NA,NA,NA,NA,NA,NA,NA,NA,16,NA,50243,50243,Implied no,Yes,42,278,545,Special Focus: Other Health Professions,Special Focus: Other Health Professions,No research designation,Not Classified in SAEC,Medium
482936,Florida Polytechnic University,24,27,30,22,26,29,24,26,28,28,Required to be considered for admission,385,3342346,No,30,NA,3152,3152,NA,NA,NA,21031,21817,Public,58,20,1356,334,44,477,77,897,1769,41,55,NA,NA,0,92,7,580,620,670,71,590,640,670,17,NA,3152,3152,Implied no,Yes,94,512,392,"Special Focus: Technology, Engineering, and Sciences","Special Focus: Technology, Engineering, and Sciences",No research designation,Not Classified in SAEC,Small
483036,Texas A&M University-Central Texas,NA,NA,NA,NA,NA,NA,NA,NA,NA,NA,"Not considered for admission, even if submitted (Test Blind)",5,59049,No,30,NA,6593,16384,NA,NA,NA,13604,14187,Public,100,66,718,1037,1,47,398,624,2403,NA,NA,NA,NA,0,98,2,NA,NA,NA,NA,NA,NA,NA,16,NA,6593,16385,Yes,Yes,71,843,773,Mixed,Mixed Baccalaureate,No research designation,Not Classified in SAEC,Small
483124,Arizona State University Digital Immersion,NA,NA,NA,NA,NA,NA,NA,NA,NA,NA,"Not considered for admission, even if submitted (Test Blind)",4,30484,Not applicable,70,NA,NA,NA,NA,NA,NA,NA,NA,Public,67,54,20388,33838,105,3170,12547,26702,72994,0,0,NA,NA,2,12,86,NA,NA,NA,NA,NA,NA,NA,26,NA,11478,13776,Implied no,Yes,70,19626,17673,Mixed,Mixed Undergraduate/Graduate-Doctorate Large,No research designation,"Opportunity Colleges and Universities – Higher Access, Higher Earnings",Very Large
483595,Ana G. Mendez University,NA,NA,NA,NA,NA,NA,NA,NA,NA,NA,NA,622,4610183,No,NA,NA,11850,11850,NA,NA,NA,NA,NA,Private not-for-profit,NA,NA,1137,3643,34,551,1253,21,8378,NA,NA,NA,NA,3,29,69,NA,NA,NA,NA,NA,NA,NA,28,NA,11850,11850,Implied no,Yes,71,3502,3311,Professions-focused,Professions-focused Undergraduate/Graduate-Master's Large/Medium,No research designation,Not Classified in SAEC,Medium
483780,Washington University of Science and Technology,NA,NA,NA,NA,NA,NA,NA,NA,NA,NA,"Not considered for admission, even if submitted (Test Blind)",0,0,No,75,NA,13365,13365,NA,NA,NA,NA,NA,Private for-profit,7,67,262,138,368,20,107,0,1096,0,67,NA,NA,0,0,0,NA,NA,NA,NA,NA,NA,NA,14,33,13365,13365,Implied no,Yes,4,14,0,Mixed,"Special Focus: Technology, Engineering, and Sciences",No research designation,Not Classified in SAEC,Small
484473,University of Florida-Online,27,29,31,26,29,33,25,26,28,45,Required to be considered for admission,619,4639200,No,30,NA,3358,15000,NA,NA,NA,18244,17843,Public,61,90,2542,3113,57,761,748,3022,5655,56,75,NA,NA,2,88,9,610,660,700,74,640,670,710,61,9,3358,15000,Implied no,Implied no,49,1191,675,Professions-focused,Professions-focused Baccalaureate Medium,No research designation,Not Classified in SAEC,Medium
484613,University of Phoenix-Arizona,NA,NA,NA,NA,NA,NA,NA,NA,NA,NA,NA,2360,15074975,No,NA,NA,9552,9552,NA,NA,NA,NA,NA,Private for-profit,NA,NA,30283,59545,167,8412,9789,29491,111248,2,16,NA,NA,0,25,75,NA,NA,NA,NA,NA,NA,NA,147,NA,9552,9552,Yes,Implied no,70,40169,50399,Special Focus: Business,Special Focus: Business,No research designation,Not Classified in SAEC,Very Large
484905,University of North Texas at Dallas,NA,NA,NA,NA,NA,NA,NA,NA,NA,0,"Not required for admission, but considered if submitted (Test Optional)",396,5110941,No,NA,NA,7840,20139,NA,NA,NA,20239,20064,Public,84,11,1017,1936,21,468,411,241,3794,30,42,NA,NA,0,100,0,408,440,523,6,438,500,573,19,17,7840,20139,Yes,Yes,72,1627,947,Mixed,Mixed Undergraduate/Graduate-Doctorate Medium,No research designation,Not Classified in SAEC,Medium
485111,Georgia Military College,NA,NA,NA,NA,NA,NA,NA,NA,NA,NA,NA,635,5017423,No,35,NA,8112,8112,NA,NA,NA,21185,20987,Public,NA,NA,2513,4062,35,791,610,2360,6575,NA,NA,NA,NA,0,68,12,NA,NA,NA,NA,NA,NA,NA,15,20,7605,7605,Implied no,Implied no,88,2246,2564,Professions-focused,Professions-focused Associate Large/Medium,No research designation,Not Classified in SAEC,Medium
486840,Kennesaw State University,19,22,26,17,21,25,17,20,25,16,"Not required for admission, but considered if submitted (Test Optional)",7102,58397728,No,40,NA,4560,16488,NA,NA,NA,23656,24008,Public,69,38,21237,21523,768,9117,2585,16968,47764,24,52,NA,NA,2,96,1,490,540,600,39,510,570,620,23,27,4560,16488,Implied no,Yes,76,15302,13289,Mixed,Mixed Undergraduate/Graduate-Master's Large/Medium,Research 2: High Spending and Doctorate Production,Not Classified in SAEC,Very Large
486901,Milligan University,22,24,27,21,24,28,22,24,26,59,"Not required for admission, but considered if submitted (Test Optional)",238,7430418,No,30,NA,38800,38800,NA,NA,NA,NA,NA,Private not-for-profit,72,28,430,435,84,215,64,623,1240,55,63,NA,NA,0,58,42,560,585,618,12,573,600,650,10,27,38800,38800,Implied no,Implied no,98,200,376,Professions-focused,Professions-focused Undergraduate/Graduate-Master's Small,No research designation,Not Classified in SAEC,Small
486956,Chamberlain University-New Jersey,NA,NA,NA,NA,NA,NA,NA,NA,NA,0,"Not required for admission, but considered if submitted (Test Optional)",2,4600,No,95,NA,19845,19845,NA,NA,NA,NA,NA,Private for-profit,100,67,155,1071,5,12,169,234,1226,33,33,NA,NA,0,58,42,NA,NA,NA,0,NA,NA,NA,12,33,20580,20580,Implied no,Yes,45,509,1054,Special Focus: Nursing,Special Focus: Nursing,No research designation,Not Classified in SAEC,Small
487010,The University of Tennessee Health Science Center,NA,NA,NA,NA,NA,NA,NA,NA,NA,NA,NA,NA,NA,Not applicable,75,NA,NA,NA,NA,NA,NA,NA,NA,Public,NA,NA,35,359,6,0,221,211,3101,NA,NA,NA,NA,NA,NA,NA,NA,NA,NA,NA,NA,NA,NA,7,NA,9796,22454,Implied no,Yes,78,59,195,Special Focus: Medical Schools and Centers,Special Focus: Medical Schools and Centers,Research 1: Very High Spending and Doctorate Production,Not Classified in SAEC,Small
487375,Arizona College of Nursing-Las Vegas,NA,NA,NA,NA,NA,NA,NA,NA,NA,NA,"Not considered for admission, even if submitted (Test Blind)",17,116658,No,49,NA,22187,22187,NA,NA,NA,NA,NA,Private for-profit,100,93,171,1051,0,41,154,181,1222,82,82,NA,NA,0,100,0,NA,NA,NA,NA,NA,NA,NA,20,NA,22187,22187,Implied no,Yes,55,616,914,Special Focus: Nursing,Special Focus: Nursing,No research designation,Not Classified in SAEC,Small
487524,Husson University,NA,NA,NA,NA,NA,NA,NA,NA,NA,0,"Not required for admission, but considered if submitted (Test Optional)",502,7452950,No,40,NA,22072,22072,NA,NA,NA,NA,NA,Private not-for-profit,81,24,949,1814,73,553,245,2187,3367,44,59,NA,NA,3,52,45,530,580,625,8,535,600,650,15,NA,22072,22072,Implied no,Yes,90,980,1810,Professions-focused,Professions-focused Undergraduate/Graduate-Doctorate Small,No research designation,Not Classified in SAEC,Small
487603,Northwest University-Center for Online and Extended Education,NA,NA,NA,NA,NA,NA,NA,NA,NA,NA,NA,21,119091,No,NA,NA,14652,14652,NA,NA,NA,NA,NA,Private not-for-profit,NA,NA,575,646,3,71,62,725,1352,26,41,NA,NA,1,49,49,NA,NA,NA,NA,NA,NA,NA,27,NA,14652,14652,Implied no,Implied no,24,219,285,Professions-focused,Professions-focused Undergraduate/Graduate-Master's Small,No research designation,Not Classified in SAEC,Small
488679,Indiana Wesleyan University-National & Global,NA,NA,NA,NA,NA,NA,NA,NA,NA,NA,NA,691,3990874,No,NA,NA,7408,7408,NA,NA,NA,NA,NA,Private not-for-profit,NA,NA,1784,5117,287,1300,1561,3728,14331,NA,NA,NA,NA,0,53,47,NA,NA,NA,NA,NA,NA,NA,21,NA,8848,8848,Implied no,Yes,55,2962,3187,Professions-focused,Professions-focused Undergraduate/Graduate-Doctorate Medium,No research designation,Not Classified in SAEC,Medium
488721,NationsUniversity,NA,NA,NA,NA,NA,NA,NA,NA,NA,NA,NA,NA,NA,Not applicable,25,NA,NA,NA,NA,NA,NA,NA,NA,Private not-for-profit,NA,NA,533,62,0,34,5,109,1077,NA,NA,NA,NA,56,9,35,NA,NA,NA,NA,NA,NA,NA,41,NA,1800,1800,Implied no,Yes,82,0,0,Special Focus: Theological Studies,Special Focus: Theological Studies,No research designation,Not Classified in SAEC,Small
488846,University of the People,NA,NA,NA,NA,NA,NA,NA,NA,NA,NA,NA,1082,1109720,No,60,NA,0,0,NA,NA,NA,NA,NA,Private not-for-profit,NA,NA,19941,16960,0,70,1,1483,41961,17,29,NA,NA,43,3,46,NA,NA,NA,NA,NA,NA,NA,28,1,0,0,Implied no,Implied no,70,0,0,Professions-focused,Professions-focused Undergraduate/Graduate-Master's Large/Medium,No research designation,Not Classified in SAEC,Very Large
489779,Purdue University Global,NA,NA,NA,NA,NA,NA,NA,NA,NA,NA,NA,10,96598,No,NA,NA,10080,13356,NA,NA,NA,15660,15660,Public,NA,NA,13427,17797,162,568,4566,16058,45588,33,33,NA,NA,2,17,82,NA,NA,NA,NA,NA,NA,NA,25,30,10080,13356,Implied no,Yes,70,15043,14470,Professions-focused,Professions-focused Undergraduate/Graduate-Doctorate Large,No research designation,Not Classified in SAEC,Very Large
490133,Westcliff University,NA,NA,NA,NA,NA,NA,NA,NA,NA,NA,"Not considered for admission, even if submitted (Test Blind)",39,339139,No,50,NA,17520,17520,NA,NA,NA,NA,NA,Private for-profit,73,18,1495,868,219,548,339,128,7686,33,62,NA,NA,84,7,3,NA,NA,NA,NA,NA,NA,NA,11,3,17520,17520,Implied no,Yes,17,122,124,Special Focus: Business,Special Focus: Business,No research designation,Not Classified in SAEC,Medium
490285,California Institute of Arts & Technology,NA,NA,NA,NA,NA,NA,NA,NA,NA,NA,NA,119,856061,No,NA,NA,21120,21120,NA,NA,NA,NA,NA,Private for-profit,NA,NA,1772,340,0,160,253,422,2112,NA,NA,NA,NA,0,29,71,NA,NA,NA,NA,NA,NA,NA,15,NA,21120,21120,Implied no,Yes,32,177,47,Special Focus: Applied and Career Studies,Special Focus: Applied and Career Studies,No research designation,Not Classified in SAEC,Small
490805,Purdue University Northwest,16,22,24,16,19,23,17,21,26,3,"Not required for admission, but considered if submitted (Test Optional)",1042,7285833,No,25,NA,7823,15242,NA,NA,NA,15415,15571,Public,72,18,3735,4466,251,1139,447,4126,9051,26,43,NA,NA,7,81,12,440,510,570,72,450,510,570,17,NA,7536,14683,Implied no,Yes,54,2214,2001,Professions-focused,Professions-focused Undergraduate/Graduate-Master's Large/Medium,Research Colleges and Universities,Not Classified in SAEC,Medium
492962,Indiana Institute of Technology-College of Professional Studies,NA,NA,NA,NA,NA,NA,NA,NA,NA,NA,NA,194,1087567,No,NA,NA,9896,9896,NA,NA,NA,NA,NA,Private not-for-profit,NA,NA,1116,1663,3,546,404,1407,2779,18,26,NA,NA,0,67,33,NA,NA,NA,NA,NA,NA,NA,12,4,9896,9896,Implied no,Implied no,80,1398,1497,Special Focus: Business,Special Focus: Business,No research designation,Not Classified in SAEC,Medium
493895,SANS Technology Institute,NA,NA,NA,NA,NA,NA,NA,NA,NA,NA,NA,NA,NA,Not applicable,35,NA,NA,NA,NA,NA,NA,NA,NA,Private for-profit,NA,NA,684,97,58,0,225,408,1963,NA,NA,NA,NA,NA,NA,NA,NA,NA,NA,NA,NA,NA,NA,5,NA,20250,20250,Implied no,Yes,3,0,0,Professions-focused,Special Focus: Graduate Studies,No research designation,Not Classified in SAEC,Small
494603,The Southwestern Baptist Theological Seminary,NA,NA,NA,NA,NA,NA,NA,NA,NA,NA,"Not considered for admission, even if submitted (Test Blind)",41,187019,No,40,NA,10584,10584,NA,NA,NA,NA,NA,Private not-for-profit,58,62,229,125,28,100,0,174,2850,13,21,NA,8990,4,70,26,NA,NA,NA,NA,NA,NA,NA,20,NA,10584,10584,Implied no,Yes,53,0,0,Mixed,Special Focus: Graduate Studies,No research designation,Not Classified in SAEC,Small
495457,Arizona College of Nursing-Phoenix,NA,NA,NA,NA,NA,NA,NA,NA,NA,NA,"Not considered for admission, even if submitted (Test Blind)",22,146805,No,49,NA,24747,24747,NA,NA,NA,NA,NA,Private for-profit,100,55,142,1087,0,72,146,346,1229,NA,NA,NA,NA,0,100,0,NA,NA,NA,NA,NA,NA,NA,20,NA,24747,24747,Implied no,Yes,61,610,832,Special Focus: Nursing,Special Focus: Nursing,No research designation,Not Classified in SAEC,Small
497037,Abilene Christian University-Undergraduate Online,NA,NA,NA,NA,NA,NA,NA,NA,NA,NA,"Not considered for admission, even if submitted (Test Blind)",36,238000,No,50,NA,14220,14220,NA,NA,NA,NA,NA,Private not-for-profit,100,80,213,1011,5,146,297,590,1224,NA,NA,NA,NA,0,86,10,NA,NA,NA,NA,NA,NA,NA,25,NA,14220,14220,Implied no,Implied no,92,651,734,Special Focus: Arts and Sciences,Special Focus: Arts and Sciences,No research designation,Not Classified in SAEC,Small
497116,Galen Health Institutes-Austin Campus,NA,NA,NA,NA,NA,NA,NA,NA,NA,NA,NA,116,757021,No,NA,NA,16848,16848,NA,NA,NA,NA,NA,Private for-profit,NA,NA,128,1033,0,252,350,364,1161,NA,NA,NA,NA,0,99,1,NA,NA,NA,NA,NA,NA,NA,12,NA,16848,16848,Implied no,Yes,66,466,747,Special Focus: Nursing,Special Focus: Nursing,No research designation,Not Classified in SAEC,Small
497125,Galen Health Institutes-Nashville Campus,NA,NA,NA,NA,NA,NA,NA,NA,NA,NA,NA,51,480321,No,NA,NA,16848,16848,NA,NA,NA,NA,NA,Private for-profit,NA,NA,84,943,0,156,469,433,1027,NA,NA,NA,NA,0,92,8,NA,NA,NA,NA,NA,NA,NA,12,NA,16848,16848,Implied no,Yes,64,351,630,Special Focus: Nursing,Special Focus: Nursing,No research designation,Not Classified in SAEC,Very Small
497480,Reach University,NA,NA,NA,NA,NA,NA,NA,NA,NA,NA,"Not considered for admission, even if submitted (Test Blind)",82,879208,No,NA,NA,12374,12374,NA,NA,NA,NA,NA,Private not-for-profit,100,64,217,1907,8,129,491,1080,2230,NA,NA,NA,NA,0,7,93,NA,NA,NA,NA,NA,NA,NA,30,NA,12374,12374,Implied no,Yes,95,773,0,Special Focus: Arts and Sciences,Special Focus: Arts and Sciences,No research designation,Not Classified in SAEC,Small
498474,Galen Health Institutes-Houston,NA,NA,NA,NA,NA,NA,NA,NA,NA,NA,NA,63,422529,No,NA,NA,16848,16848,NA,NA,NA,NA,NA,Private for-profit,NA,NA,143,1439,0,433,498,203,1582,NA,NA,NA,NA,0,99,1,NA,NA,NA,NA,NA,NA,NA,12,NA,16848,16848,Implied no,Yes,70,329,464,Not classified,Not classified,No research designation,Not Classified in SAEC,Not classified
498562,Commonwealth University of Pennsylvania,NA,NA,NA,NA,NA,NA,NA,NA,NA,0,"Not required for admission, but considered if submitted (Test Optional)",2313,21310954,No,35,NA,7716,19290,NA,NA,NA,24861,25161,Public,93,29,3934,5913,53,2414,433,7899,11092,42,56,NA,NA,0,92,8,490,540,590,30,500,550,600,19,24,7716,19290,Implied no,Yes,76,3166,5377,Professions-focused,Professions-focused Undergraduate/Graduate-Master's Large/Medium,No research designation,Not Classified in SAEC,Medium
498571,Pennsylvania Western University,17,21,25,14,20,24,16,22,24,3,"Not required for admission, but considered if submitted (Test Optional)",1422,12299169,No,35,NA,7716,11574,NA,NA,NA,26683,26916,Public,94,27,2983,4603,106,1529,521,5414,10834,38,52,NA,NA,2,88,11,460,520,560,21,480,540,580,18,20,7716,11574,Implied no,Yes,78,3193,4983,Professions-focused,Professions-focused Undergraduate/Graduate-Doctorate Medium,No research designation,Not Classified in SAEC,Medium
499273,Galen Health Institutes-Dallas,NA,NA,NA,NA,NA,NA,NA,NA,NA,NA,NA,59,324827,No,NA,NA,16848,16848,NA,NA,NA,NA,NA,Private for-profit,NA,NA,111,1042,0,291,310,168,1153,NA,NA,NA,NA,0,99,1,NA,NA,NA,NA,NA,NA,NA,12,NA,16848,16848,Implied no,Yes,66,296,452,Not classified,Not classified,No research designation,Not Classified in SAEC,Not classified
