UNITID,Institution Name,TotalLiabilities,TotalLiabilities,TotalLiabilities,EndowmentAssets,EndowmentAssets
222178,Abilene Christian University,,331069608,,,821879729
138558,Abraham Baldwin Agricultural College,,,64439549,22380708,
172866,Academy College,992187,,,,
108232,Academy of Art University,179522282,,,,
126182,Adams State University,,,108355019,57169,
188429,Adelphi University,,183266557,,,255623639
142832,Adler University,,30185627,,,229680
168528,Adrian College,,65799364,,,56579536
133872,AdventHealth University,,19784068,,,11811829
138600,Agnes Scott College,,79721969,,,236894913
100654,Alabama A & M University,,,294187628,,
100724,Alabama State University,,,196531265,135198862,
102580,Alaska Bible College,,250784,,,1411276
102669,Alaska Pacific University,,7530239,,,102841132
188526,Albany College of Pharmacy and Health Sciences,,37739949,,,68029602
138716,Albany State University,,,193187311,5175885,
128498,Albertus Magnus College,,34935412,,,31174365
168546,Albion College,,79539037,,,144138966
132842,Albizu University-Miami,,11199578,,,
210571,Albright College,,153098000,,,53032000
175342,Alcorn State University,,,140837968,19787828,
188641,Alfred University,,97404551,,,193793251
156189,Alice Lloyd College,,4467256,,,70415927
210669,Allegheny College,,64091771,,,270838687
200873,Allegheny Wesleyan College,,70494,,,458398
152798,Allen College,,1511306,,,10953441
217624,Allen University,,11030920,,,580231
110468,Alliant International University-San Diego,38312467,,,,
168591,Alma College,,66678380,,,135964921
210775,Alvernia University,,113251984,,,18457597
238193,Alverno College,,22395404,,,36216702
222628,Amberton University,,1290969,,,50515857
219505,American Baptist College,,4845239,,,2349560
485698,American College of the Building Arts,,6395516,,,2009183
438586,American InterContinental University-Atlanta,7625030,,,,
445133,American InterContinental University-Houston,10029550,,,,
164447,American International College,,33980780,,,28344364
142957,American Islamic College,,1068533,,,
131159,American University,,861929000,,,1032022000
433004,American University of Health Sciences,6085482,,,,
164465,Amherst College,,714483653,,,3549576398
483595,Ana G. Mendez University,,42513399,,,
150066,Anderson University,,49325000,,,35208000
217633,Anderson University,,104416747,,,65010089
168740,Andrews University,,60501409,,,77326914
222831,Angelo State University,,,71867409,249083037,
164492,Anna Maria College,,25410446,,,1525372
483018,Antioch College,,3590607,,,20419150
245892,Antioch University,,,,,
245838,Antioch University-Los Angeles,,,,,
245847,Antioch University-Santa Barbara,,,,,
245883,Antioch University-Seattle,,,,,
237136,Appalachian Bible College,,3622171,,,2164319
197869,Appalachian State University,,,834332786,217201820,
168786,Aquinas College,,40040769,,,46683981
211088,Arcadia University,,102450000,,,66099000
105899,Arizona Christian University,,44338599,,,727690
500290,Arizona College of Nursing - Chesapeake,,,,,
500306,Arizona College of Nursing - Hartford,,,,,
499389,Arizona College of Nursing-Aurora,,,,,
499398,Arizona College of Nursing-Cincinnati,,,,,
499404,Arizona College of Nursing-Cleveland,,,,,
494162,Arizona College of Nursing-Dallas,,,,,
498447,Arizona College of Nursing-Falls Church,,,,,
495439,Arizona College of Nursing-Fort Lauderdale,,,,,
487375,Arizona College of Nursing-Las Vegas,,,,,
498456,Arizona College of Nursing-Ontario,,,,,
495457,Arizona College of Nursing-Phoenix,,,,,
497268,Arizona College of Nursing-Salt Lake City,,,,,
499370,Arizona College of Nursing-Sarasota,,,,,
498049,Arizona College of Nursing-Southfield,,,,,
500333,Arizona College of Nursing-St Louis,,,,,
495420,Arizona College of Nursing-Tampa,,,,,
421708,Arizona College of Nursing-Tempe,132699819,,,,
495448,Arizona College of Nursing-Tucson,,,,,
104151,Arizona State University Campus Immersion,,,4478833000,1592168000,
106306,Arkansas Baptist College,,3644051,,,
106458,Arkansas State University,,,151841871,115395232,
222877,Arlington Baptist University,,1253428,,,
201061,Art Academy of Cincinnati,,5065475,,,2349602
109651,Art Center College of Design,,168326000,,,152688000
156213,Asbury University,,13796728,,,78149444
154022,Ashford University,69511585,,,,
201104,Ashland University,,96236168,,,71414534
454829,Aspen University,20521656,,,,
164562,Assumption University,,43834397,,,107684029
100812,Athens State University,,,62340443,7026759,
439446,Atlantic Institute of Oriental Medicine,,1542283,,,
485768,Atlantis University,9733314,,,,
100858,Auburn University,,,2797624594,1185728863,
100830,Auburn University at Montgomery,,,187208987,68494514,
173045,Augsburg University,,74620579,,,76281098
482149,Augusta University,,,925856929,398304538,
143084,Augustana College,,43151446,,,222938769
219000,Augustana University,,120045798,,,126552473
143118,Aurora University,,60619641,,,54014375
222983,Austin College,,43723789,,,191743430
219602,Austin Peay State University,,,127122426,58126611,
446048,Ave Maria University,,61971051,,,11014738
231420,Averett University,,32601271,,,5687825
176628,Avila University,,30107808,,,11713369
109785,Azusa Pacific University,,188517861,,,96232956
164580,Babson College,,219388989,,,740311170
476601,Bais HaMedrash and Mesivta of Baltimore,,3564420,,,
245777,Bais Medrash Elyon,,482804,,,
449658,Bais Medrash Toras Chesed,,199498,,,
168847,Baker College,,21637914,,,348024578
154688,Baker University,,26360536,,,52323368
201195,Baldwin Wallace University,,55082842,,,179867612
150136,Ball State University,,,438484408,260813964,
219639,Baptist Health Sciences University,,16360715,,,91778586
223117,Baptist Missionary Association Theological Seminary,,114623,,,1967661
132408,Baptist University of Florida,,342701,,,7970708
444398,Baptist University of the Americas,,130748,,,6107741
155070,Barclay College,,4057290,,,5533861
189088,Bard College,,602299750,,,167819284
189097,Barnard College,,330080000,,,503444000
177719,Barnes-Jewish College Goldfarb School of Nursing,,0,,,42166731
132471,Barry University,,81977854,,,58752320
197911,Barton College,,35238901,,,25410090
235547,Bastyr University,,22346162,,,762289
160977,Bates College,,203291343,,,446804807
164632,Bay Path University,,23029020,,,74437347
223232,Baylor University,,1023961000,,,2103057000
476717,Be'er Yaakov Talmudic Seminary,,2359759,,,
384254,Beacon College,,20874487,,,2278773
444413,Beis Medrash Heichal Dovid,,481561,,,
175421,Belhaven University,,22328153,,,7959804
156286,Bellarmine University,,72247959,,,63334186
180814,Bellevue University,,66936864,,,117841840
238324,Bellin College,,17035416,,,15045900
197984,Belmont Abbey College,,30180724,,,13795258
219709,Belmont University,,409057763,,,404513549
238333,Beloit College,,31227852,,,84013471
173124,Bemidji State University,,,44937000,39810000,
217721,Benedict College,,38583357,,,29603266
154712,Benedictine College,,67241514,,,58512703
145619,Benedictine University,,69869792,,,34661849
197993,Bennett College,,8048203,,,16520944
230816,Bennington College,,61020565,,,48929885
164739,Bentley University,,197865000,,,362644000
156295,Berea College,,109487442,,,1626128100
189228,Berkeley College-New York,7539118,,,,
183789,Berkeley College-Woodland Park,12067572,,,,
164748,Berklee College of Music,,410392526,,,426384464
139144,Berry College,,116725240,,,1370772843
485999,Bet Medrash Gadol Ateret Torah,,179200,,,
183804,Beth Medrash Govoha,,61379338,,,14210278
488314,Beth Medrash of Asbury Park,,473806,,,
154721,Bethany College,,23925869,,,13171944
237181,Bethany College,,46630176,,,52403983
173142,Bethany Lutheran College,,24325197,,,48271455
154749,Bethel College-North Newton,,2886160,,,36871951
150145,Bethel University,,17535519,,,11719776
173160,Bethel University,,75346676,,,109281103
219718,Bethel University,,58773345,,,12300132
110060,Bethesda University,,595101,,,
486053,Bethlehem College & Seminary,,770008,,,158117
132602,Bethune-Cookman University,,99896282,,,41110832
139153,Beulah Heights University,,765300,,,
196079,Binghamton University,,,981204734,221028373,
110097,Biola University,,147370000,,,141349000
219046,Black Hills State University,,,19058338,23948759,
143288,Blackburn College,,13747000,,,34703862
143297,Blessing Rieman College of Nursing and Health Sciences,,,,,
183822,Bloomfield College,,,36035000,17519000,
175430,Blue Mountain Christian University,,6994330,,,20456194
237215,Bluefield State University,,,9629918,4583708,
231554,Bluefield University,,18050426,,,7310115
201371,Bluffton University,,11076322,,,25920590
217749,Bob Jones University,,25817735,,,20503548
142090,Boise Bible College,,410802,,,751577
142115,Boise State University,,,418042000,165407637,
233356,Bon Secours Memorial College of Nursing,,,,,925214
189413,Boricua College,,12279884,,,699396
164872,Boston Architectural College,,21573941,,,11098252
164614,Boston Baptist College,,1519979,,,
164924,Boston College,,1761819785,,,3908450339
164988,Boston University,,2532493000,,,3528624000
161004,Bowdoin College,,431934000,,,2583406000
162007,Bowie State University,,,106261234,47305844,
201441,Bowling Green State University-Main Campus,,,544329610,236601000,
143358,Bradley University,,188574014,,,362421752
165015,Brandeis University,,325555447,,,1264908273
139199,Brenau University,,44379335,,,61203869
156356,Brescia University,,9975216,,,17456238
198066,Brevard College,,22363164,,,37016592
139205,Brewton-Parker College,,8921141,,,10591487
152992,Briar Cliff University,,24442532,,,23114395
231581,Bridgewater College,,62631711,,,102625570
165024,Bridgewater State University,,,339617930,76377856,
230038,Brigham Young University,,574478419,,,3079786298
230047,Brigham Young University-Hawaii,,337418000,,,248204000
444088,Brookline College-Albuquerque,,,,,
217156,Brown University,,1728851000,,,6718785000
180878,Bryan College of Health Sciences,,,,,9381504
219790,Bryan College-Dayton,,17494208,,,9220124
217165,Bryant University,,241443000,,,232598000
210492,Bryn Athyn College of the New Church,,,,,59144965
211273,Bryn Mawr College,,140257000,,,1208946000
211291,Bucknell University,,281905000,,,1167275000
153001,Buena Vista University,,47565366,,,159225705
209409,Bushnell University,,12889924,,,19595731
150163,Butler University,,227755000,,,297229000
215114,Cairn University-Langhorne,,15882065,,,14272849
183910,Caldwell University,,29841945,,,13401375
433420,California Aeronautical University,6904173,,,,
110361,California Baptist University,,414477041,,,157607036
112570,California College of ASU,,3125732,,,
110370,California College of the Arts,,176555000,,,42631000
110316,California Institute of Integral Studies,,20393115,,,1723671
110404,California Institute of Technology,,2685192000,,,4228841000
111081,California Institute of the Arts,,67111404,,,249311896
486488,California Jazz Conservatory,,2123281,,,
110413,California Lutheran University,,84859280,,,144984195
480781,California Miramar University,904195,,,,
496627,California Northstate University,128936845,,,,
110422,California Polytechnic State University-San Luis Obispo,,,2164820940,296446884,
115755,California State Polytechnic University-Humboldt,,,694429992,39670628,
110529,California State Polytechnic University-Pomona,,,1540859516,187532916,
111188,California State University Maritime Academy,,,188901248,19176893,
110486,California State University-Bakersfield,,,577368057,42735229,
441937,California State University-Channel Islands,,,597935875,19726893,
110538,California State University-Chico,,,1099781311,100204970,
110547,California State University-Dominguez Hills,,,812708536,26555410,
110574,California State University-East Bay,,,882019099,21440172,
110556,California State University-Fresno,,,1380652367,241068519,
110565,California State University-Fullerton,,,1957655807,142225508,
110583,California State University-Long Beach,,,1995075386,132855011,
110592,California State University-Los Angeles,,,1417909778,62522647,
409698,California State University-Monterey Bay,,,544965929,43519789,
110608,California State University-Northridge,,,1772945732,239940034,
110617,California State University-Sacramento,,,1824580346,86290912,
110510,California State University-San Bernardino,,,1202618937,58296181,
366711,California State University-San Marcos,,,841647771,36560347,
110495,California State University-Stanislaus,,,649760306,20529983,
150172,Calumet College of Saint Joseph,,13720197,,,6186182
176789,Calvary University,,1126322,,,482920
169080,Calvin University,,125660000,,,286119000
165167,Cambridge College,,48108455,,,15492455
206914,Cameron University,,,46094445,23739490,
198136,Campbell University,,150979445,,,210406971
156365,Campbellsville University,,60543177,,,39253611
189705,Canisius University,,62054431,,,147364503
201548,Capital University,,57246920,,,140653264
162061,Capitol Technology University,,5429739,,,6122824
448239,Careers Unlimited,1547740,,,,
173258,Carleton College,,230515234,,,1255379173
211431,Carlow University,,45571057,,,56831178
211440,Carnegie Mellon University,,1306379321,,,3231995579
199971,Carolina Christian College,,1199252,,,300269
489937,Carolina University,,6210188,,,386000
180106,Carroll College,,16697759,,,81002414
238458,Carroll University,,44530363,,,93860249
219806,Carson-Newman University,,56704994,,,75538937
238476,Carthage College,,127838822,,,164823037
201645,Case Western Reserve University,,1203917901,,,2396658000
198215,Catawba College,,12168249,,,386330862
211468,Cedar Crest College,,23892578,,,44484462
201654,Cedarville University,,29717894,,,50983878
158477,Centenary College of Louisiana,,32806321,,,135148021
183974,Centenary University,,40333141,,,15919996
106713,Central Baptist College,,10057899,,,4456572
154855,Central Christian College of Kansas,,8409746,,,5380219
176910,Central Christian College of the Bible,,8501001,,,2347804
153108,Central College,,70245551,,,98924047
128771,Central Connecticut State University,,,61401196,99588764,
445267,Central Methodist University-College of Graduate and Extended Studies,,,,,
176947,Central Methodist University-College of Liberal Arts and Sciences,,10742017,,,67710220
169248,Central Michigan University,,,274634695,265356840,
201690,Central State University,,,91941508,1859458,
234827,Central Washington University,,,215119870,60180064,
488004,Central Yeshiva Beth Joseph,,132185,,,
189857,Central Yeshiva Tomchei Tmimim Lubavitz,,1160606,,,
156408,Centre College,,196832092,,,402704759
180948,Chadron State College,,,10693268,31219078,
454245,Chamberlain University-Arizona,,,,,
489353,Chamberlain University-California,,,,,
457129,Chamberlain University-Florida,,,,,
475732,Chamberlain University-Georgia,,,,,
454227,Chamberlain University-Illinois,,,,,
475741,Chamberlain University-Indiana,,,,,
492759,Chamberlain University-Louisiana,,,,,
486947,Chamberlain University-Michigan,,,,,
466921,Chamberlain University-Missouri,,,,,
486938,Chamberlain University-Nevada,,,,,
486956,Chamberlain University-New Jersey,,,,,
489344,Chamberlain University-North Carolina,,,,,
454236,Chamberlain University-Ohio,,,,,
466930,Chamberlain University-Texas,,,,,
460871,Chamberlain University-Virginia,,,,,
141486,Chaminade University of Honolulu,,34363578,,,45517149
492069,Champion Christian College,,637889,,,
230852,Champlain College,,81012874,,,38732898
111948,Chapman University,,544786000,,,804637000
111966,Charles R Drew University of Medicine and Science,,79610900,,,109922800
217688,Charleston Southern University,,50557190,,,29841392
444778,Charlotte Christian College and Theological Seminary,,119394,,,
211556,Chatham University,,75194513,,,80341504
211583,Chestnut Hill College,,31865170,,,23381677
211608,Cheyney University of Pennsylvania,,,57800566,1924019,
181145,CHI Health School of Radiologic Technology,,,,,
144005,Chicago State University,,,24011466,8512681,
198303,Chowan University,,8858643,,,31989307
494630,Christ Mission College,,850386,,,816274
219833,Christian Brothers University,,15182233,,,44330912
231712,Christopher Newport University,,,257429574,54011627,
201867,Cincinnati College of Mortuary Science,,4981988,,,778732
217864,Citadel Military College of South Carolina,,,216575883,419791742,
234915,City University of Seattle,,19746242,,,4028637
217873,Claflin University,,53056386,,,72574717
112260,Claremont McKenna College,,1082543000,,,1319992000
138947,Clark Atlanta University,,22010219,,,116477562
165334,Clark University,,195845000,,,486846000
153126,Clarke University,,10305816,,,32726988
180832,Clarkson College,,8053251,,,5634826
190044,Clarkson University,,127129556,,,213957168
139311,Clayton  State University,,,139905643,20879752,
156417,Clear Creek Baptist Bible College,,121398,,,23494403
169327,Cleary University,,32315826,,,1390042
217882,Clemson University,,,2610040303,1124156325,
202046,Cleveland Institute of Art,,38368365,,,37610248
202073,Cleveland Institute of Music,,45083906,,,58275695
202134,Cleveland State University,,,449690189,117821388,
177038,Cleveland University-Kansas City,,4955232,,,22820406
217891,Clinton College,,429940,,,22780
218724,Coastal Carolina University,,,528841129,57556431,
153144,Coe College,,37331043,,,104478883
217907,Coker University,,15798955,,,34976913
161086,Colby College,,393656000,,,1160160000
182634,Colby-Sawyer College,,32152043,,,71949999
190099,Colgate University,,489426664,,,1254676903
169442,College for Creative Studies,,42617541,,,90867689
388520,College of Biblical Studies-Houston,,2743241,,,237821
217819,College of Charleston,,,614315529,147503292,
139250,College of Coastal Georgia,,,46791465,10650721,
167394,College of Our Lady of the Elms,,18517572,,,24403965
174747,College of Saint Benedict,,46675117,,,130578580
181604,College of Saint Mary,,12714431,,,32085539
190558,College of Staten Island CUNY,,,376772592,20128515,
160959,College of the Atlantic,,18087145,,,84444621
166124,College of the Holy Cross,,267784408,,,1109264540
178697,College of the Ozarks,,26795291,,,651476183
493822,College Unbound,,572234,,,
126669,Colorado Christian University,,72108632,,,11770715
126678,Colorado College,,190005834,,,989823357
127556,Colorado Mesa University,,,291989763,59770524,
126775,Colorado School of Mines,,,1064559945,386363861,
128106,Colorado State University Pueblo,,,153125629,27145639,
126818,Colorado State University-Fort Collins,,,2034687112,643276118,
126827,Colorado Technical University-Colorado Springs,45849916,,,,
177065,Columbia College,,13105692,,,159246801
217934,Columbia College,,20672866,,,20040972
144281,Columbia College Chicago,,172025010,,,191973543
217925,Columbia International University,,29356619,,,5124495
190150,Columbia University in the City of New York,,5041632000,,,14782492000
202170,Columbus College of Art & Design,,10928317,,,25812422
139366,Columbus State University,,,150909346,104227476,
498562,Commonwealth University of Pennsylvania,,,611373521,85141554,
177083,Conception Seminary College,,5311,,,9377828
237330,Concord University,,,29029626,45356064,
173300,Concordia College at Moorhead,,51481711,,,183959431
169363,Concordia University Ann Arbor,,,,,
224004,Concordia University Texas,,55551174,,,31799952
144351,Concordia University-Chicago,,54980627,,,32445226
112075,Concordia University-Irvine,,87466009,,,54499606
180984,Concordia University-Nebraska,,25427142,,,82243089
173328,Concordia University-Saint Paul,,23120445,,,52401214
238616,Concordia University-Wisconsin,,43161381,,,138155905
493600,Congregation Talmidei Mesivta Tiferes Shmiel Aleksander,,15268493,,,
128902,Connecticut College,,168526000,,,482358000
217961,Converse University,,36922598,,,88497169
162283,Coppin State University,,,94475395,3508448,
210331,Corban University,,7469368,,,1931844
153162,Cornell College,,33584164,,,100874798
190415,Cornell University,,2556408173,,,10177681427
170037,Cornerstone University,,7460401,,,17011940
235024,Cornish College of the Arts,,30908917,,,12824898
177117,Cottey College,,951128,,,108104282
139393,Covenant College,,2466630,,,64939767
176770,Cox College,,,,,
181002,Creighton University,,418430000,,,782588000
475608,Criswell College,,10747607,,,11611484
106810,Crowley's Ridge College,,2451579,,,1691754
174862,Crown College,,19533797,,,10548368
177144,Culver-Stockton College,,10686011,,,41171818
219949,Cumberland University,,17834935,,,25924589
190512,CUNY Bernard M Baruch College,,,586771487,225843190,
190549,CUNY Brooklyn College,,,534731991,57281090,
190567,CUNY City College,,,1587973227,304811846,
190576,CUNY Graduate School and University Center,,,372083794,108349418,
190594,CUNY Hunter College,,,537799489,193943349,
190600,CUNY John Jay College of Criminal Justice,,,914233006,5011315,
190637,CUNY Lehman College,,,561412552,37609449,
190646,CUNY Medgar Evers College,,,367297529,653999,
190655,CUNY New York City College of Technology,,,419184123,16838796,
190664,CUNY Queens College,,,632731306,64606986,
190691,CUNY York College,,,281522130,2461938,
165529,Curry College,,76915300,,,88484075
211893,Curtis Institute of Music,,4620861,,,229481718
190716,D'Youville  University,,96121577,,,22307551
190725,Daemen University,,34895410,,,26938821
219082,Dakota State University,,,97709576,20848338,
219091,Dakota Wesleyan University,,19216291,,,42834214
224226,Dallas Baptist University,,12156730,,,73510430
224244,Dallas Christian College,,2781427,,,474528
139463,Dalton State College,,,53211078,20529474,
182670,Dartmouth College,,1673678483,,,8273315722
169479,Davenport University,,69009067,,,31995490
198385,Davidson College,,154615946,,,1374503853
237358,Davis & Elkins College,,4621180,,,72430967
194569,Davis College,,148349,,,1482277
165574,Dean College,,44120804,,,68822856
202514,Defiance College,,7909859,,,20044969
130934,Delaware State University,,,415726831,37018763,
211981,Delaware Valley University,,46152108,,,39468630
175616,Delta State University,,,89155985,37479615,
202523,Denison University,,252693000,,,1039019000
454856,Denver College of Nursing,3568577,,,,
499422,Denver College of Nursing-Houston,5497669,,,,
144740,DePaul University,,407986000,,,1025211000
150400,DePauw University,,202511984,,,932562848
210739,DeSales University,,59423308,,,105714112
113582,Design Institute of San Diego,739783,,,,
482413,DeVry College of New York,,,,,
482422,DeVry University-Arizona,,,,,
482459,DeVry University-Florida,,,,,
482468,DeVry University-Georgia,,,,,
482547,DeVry University-Nevada,,,,,
482556,DeVry University-New Jersey,,,,,
482574,DeVry University-Ohio,,,,,
482635,DeVry University-Texas,,,,,
482653,DeVry University-Virginia,,,,,
113616,Dharma Realm Buddhist University,,,,,
212009,Dickinson College,,152977891,,,627548242
200059,Dickinson State University,,,11924201,21961463,
443410,DigiPen Institute of Technology,28495807,,,,
158802,Dillard University,,28031108,,,102201663
153241,Divine Word College,,1053769,,,37595165
181020,Doane University,,51450602,,,102762340
148496,Dominican University,,36240732,,,55388935
190761,Dominican University New York,,36778736,,,5129431
113698,Dominican University of California,,38452448,,,31921283
153250,Dordt University,,22377172,,,74792440
153269,Drake University,,86036105,,,306208560
184348,Drew University,,91790000,,,126713000
212054,Drexel University,,1518902000,,,1069294000
177214,Drury University,,55369843,,,84401980
198419,Duke University,,7818793000,,,11889994000
212106,Duquesne University,,335179000,,,661012000
496326,Eagle Gate College-Boise Campus,,,,,
447421,Eagle Gate College-Layton,,,,,
230366,Eagle Gate College-Murray,,,,,
150455,Earlham College,,88513031,,,416198021
198464,East Carolina University,,,1323642585,320106984,
207041,East Central University,,,28304102,43474672,
212115,East Stroudsburg University of Pennsylvania,,,206703700,24584919,
220075,East Tennessee State University,,,250768020,119127440,
224527,East Texas Baptist University,,27135498,,,75412614
144883,East-West University,,11516373,,,
129215,Eastern Connecticut State University,,,27069039,20588771,
144892,Eastern Illinois University,,,91617219,73316539,
421878,Eastern International College-Jersey City,1822287,,,,
156620,Eastern Kentucky University,,,483262097,97768500,
232043,Eastern Mennonite University,,21202135,,,46225730
169798,Eastern Michigan University,,,561290391,109425810,
165644,Eastern Nazarene College,,17540708,,,19534943
187648,Eastern New Mexico University-Main Campus,,,136839222,62950677,
208646,Eastern Oregon University,,,56395351,18485220,
212133,Eastern University,,31969774,,,34023310
235097,Eastern Washington University,,,257535845,48340888,
446233,Ecclesia College,,2383571,,,
133492,Eckerd College,,58631911,,,94995100
238661,Edgewood College,,16104485,,,72199975
133526,Edward Waters University,,9682940,,,5527915
198507,Elizabeth City State University,,,104215625,23024407,
212197,Elizabethtown College,,77786800,,,107239621
144962,Elmhurst University,,78593040,,,177519975
190983,Elmira College,,13882159,,,25816885
198516,Elon University,,301132489,,,365486483
133553,Embry-Riddle Aeronautical University-Daytona Beach,,427386000,,,222643000
104586,Embry-Riddle Aeronautical University-Prescott,,,,,88191000
426314,Embry-Riddle Aeronautical University-Worldwide,,,,,7350000
165662,Emerson College,,574177978,,,264747512
165671,Emmanuel College,,279294499,,,173207388
139630,Emmanuel University,,9658090,,,2364424
232025,Emory & Henry University,,84356738,,,110692480
139658,Emory University,,7284260000,,,12396185000
196264,Empire State University,,,92249289,27970972,
155025,Emporia State University,,,56760926,103733299,
165699,Endicott College,,141805655,,,146734428
124487,Epic Bible College & Graduate School,,3784319,,,
217998,Erskine College,,21668010,,,38708327
144971,Eureka College,,14029316,,,36366416
177339,Evangel University,,44055304,,,27988292
385619,Everglades University,,26951145,,,
129242,Fairfield University,,344855473,,,411058000
184694,Fairleigh Dickinson University-Florham Campus,,,,,
184603,Fairleigh Dickinson University-Metropolitan Campus,,153068000,,,100236000
237367,Fairmont State University,,,64717623,34450854,
153320,Faith Baptist Bible College and Theological Seminary,,2819344,,,5029098
443049,Faith International University,,2886607,,,
443058,Family of Faith Christian University,,189076,,,
196042,Farmingdale State College,,,280358214,7579659,
101189,Faulkner University,,44774798,,,23452655
198543,Fayetteville State University,,,175539821,34914792,
184612,Felician University,,37671061,,,5588290
169910,Ferris State University,,,145700341,127498531,
232089,Ferrum College,,25229066,,,60295089
165802,Fisher College,,8031676,,,
220181,Fisk University,,58333240,,,41256925
165820,Fitchburg State University,,,136986571,26753658,
191205,Five Towns College,5261419,,,,
133711,Flagler College,,91112115,,,94777008
133650,Florida Agricultural and Mechanical University,,,246779625,101700975,
133669,Florida Atlantic University,,,465500952,398118994,
133809,Florida College,,7880880,,,16231128
433660,Florida Gulf Coast University,,,346905656,103836772,
133881,Florida Institute of Technology,,143194222,,,105961895
133951,Florida International University,,,1029241185,337735286,
133979,Florida Memorial University,,13995788,,,7258273
408844,Florida National University-Main Campus,33670523,,,,
482936,Florida Polytechnic University,,,112160614,4300678,
134079,Florida Southern College,,49037455,,,130587373
134097,Florida State University,,,1407568689,1029931070,
177418,Fontbonne University,,1421010,,,4703993
191241,Fordham University,,781182000,,,1024789000
155061,Fort Hays State University,,,61566023,174703408,
127185,Fort Lewis College,,,87830161,34134776,
139719,Fort Valley State University,,,148698522,13249095,
165866,Framingham State University,,,169010236,65432992,
218061,Francis Marion University,,,118864523,51785607,
160074,Franciscan Missionaries of Our Lady University,,23680848,,,13225002
205957,Franciscan University of Steubenville,,63049046,,,91330849
212577,Franklin and Marshall College,,196866932,,,467642341
150604,Franklin College,,30030666,,,99752531
182795,Franklin Pierce University,,45408033,,,22727852
202806,Franklin University,,26872000,,,11801000
441982,Franklin W Olin College of Engineering,,162886000,,,425936000
220215,Freed-Hardeman University,,36587752,,,85248118
114813,Fresno Pacific University,,43166557,,,22756722
155089,Friends University,,6150047,,,62972035
162584,Frostburg State University,,,134997224,49758987,
134237,Full Sail University,306029634,,,,
218070,Furman University,,272002333,,,827738616
156471,Galen College of Nursing-Louisville,166741528,,,,
131450,Gallaudet University,,129955666,,,235095432
212601,Gannon University,,111626000,,,82842000
198561,Gardner-Webb University,,32016943,,,79248690
456542,Geisinger Commonwealth School of Medicine,,73059754,,,5959058
212656,Geneva College,,5066434,,,62055074
208822,George Fox University,,62136119,,,34311558
232186,George Mason University,,,1065811575,206791506,
131469,George Washington University,,2704755000,,,2639708000
156745,Georgetown College,,8178625,,,32889546
131496,Georgetown University,,3393515000,,,3638443000
139861,Georgia College & State University,,,247858060,64623829,
447689,Georgia Gwinnett College,,,255924248,,
139755,Georgia Institute of Technology-Main Campus,,,2416584374,3166993332,
139931,Georgia Southern University,,,623065758,119360129,
139764,Georgia Southwestern State University,,,78509740,38860923,
139940,Georgia State University,,,1134677381,259886368,
184773,Georgian Court University,,34652402,,,54148754
212674,Gettysburg College,,103591271,,,425385470
449384,Gnomon,2169531,,,,
115083,Golden Gate University,,38772711,,,50310133
130989,Goldey-Beacom College,,19823645,,,189713413
235316,Gonzaga University,,337213000,,,476148000
165936,Gordon College,,30404411,,,115090366
150668,Goshen College,,20852921,,,139330349
162654,Goucher College,,125464000,,,292650000
145336,Governors State University,,,60742482,2797016,
170000,Grace Christian University,,5113043,,,
150677,Grace College and Theological Seminary,,31214236,,,33171544
481058,Grace Mission University,,716783,,,
481401,Grace School of Theology,,890886,,,
153366,Graceland University-Lamoni,,26277028,,,49294369
159009,Grambling State University,,,120391310,17947509,
104717,Grand Canyon University,1536312000,,,,
170082,Grand Valley State University,,,428216355,209408812,
153375,Grand View University,,45188751,,,37528470
212771,Gratz College,,1769342,,,5060976
170091,Great Lakes Christian College,,2511295,,,1116353
497213,Great Northern University,,236461,,,
198598,Greensboro College,,23077571,,,29029019
145372,Greenville University,,40759052,,,28587347
153384,Grinnell College,,277555000,,,2670849000
212805,Grove City College,,27582567,,,276777346
198613,Guilford College,,81316226,,,80734148
173647,Gustavus Adolphus College,,88243141,,,313227276
212832,Gwynedd Mercy University,,44750000,,,68051000
225201,Hallmark University,,25304339,,,
191515,Hamilton College,,196650000,,,1361639000
173665,Hamline University,,52894632,,,147220119
232256,Hampden-Sydney College,,110597053,,,248839242
166018,Hampshire College,,27992484,,,27241084
232265,Hampton University,,185568677,,,241215124
177542,Hannibal-LaGrange University,,9530122,,,8843763
150756,Hanover College,,32793045,,,163733338
225247,Hardin-Simmons University,,68504979,,,222008195
107044,Harding University,,76967301,,,217276124
177551,Harris-Stowe State University,,,42587939,3394575,
446640,Harrisburg University of Science and Technology,,186439485,,,1528280
191533,Hartwick College,,46493676,,,43787461
166027,Harvard University,,12451836000,,,53235205000
115409,Harvey Mudd College,,76546131,,,454549500
181127,Hastings College,,29239245,,,105785120
111045,Haven University,,591786,,,
212911,Haverford College,,157367811,,,702245110
141644,Hawaii Pacific University,,171014331,,,51399092
145497,Hebrew Theological College,,,,,1142303
203085,Heidelberg University,,45336295,,,73522806
166054,Hellenic College-Holy Cross Greek Orthodox School of Theology,,6521636,,,46931001
107071,Henderson State University,,,76253670,29791451,
107080,Hendrix College,,97430981,,,219105629
101453,Heritage Christian University,,1277274,,,15830314
235422,Heritage University,,10788741,,,39805351
140340,Herzing University-Atlanta,,12171626,,,
459842,Herzing University-Kenosha,,4940153,,,
240392,Herzing University-Madison,,130419742,,,
174154,Herzing University-Minneapolis,,3168176,,,
433536,Herzing University-New Orleans,,4446243,,,
198695,High Point University,,185764676,,,177256373
191621,Hilbert College,,16917758,,,3808428
170286,Hillsdale College,,303311368,,,1133148253
203128,Hiram College,,42332728,,,55424015
191630,Hobart William Smith Colleges,,77421359,,,184210870
134510,Hobe Sound Bible College,,695799,,,2824040
191649,Hofstra University,,391264494,,,925318519
232308,Hollins University,,5454065,,,303839322
129534,Holy Apostles College and Seminary,,723371,,,
150774,Holy Cross College,,25483790,,,16088273
212984,Holy Family University,,36959030,,,29500686
162760,Hood College,,58389216,,,197780692
170301,Hope College,,50547000,,,309915000
120537,Hope International University,,22032376,,,10209652
191676,Houghton University,,30015937,,,80582293
225399,Houston Christian University,,107566417,,,137983692
225548,Howard Payne University,,8171163,,,91288222
131520,Howard University,,1363167000,,,1032497000
164368,Hult International Business School,,98898061,,,
115773,Humphreys University-Stockton and Modesto Campuses,,11921080,,,133375
101435,Huntingdon College,,24955486,,,56797744
150941,Huntington University,,36140506,,,30269864
487524,Husson University,,36917998,,,33904930
225575,Huston-Tillotson University,,3892852,,,13611956
142276,Idaho State University,,,156137344,100217964,
145691,Illinois College,,43789631,,,139556008
145725,Illinois Institute of Technology,,303179000,,,263803000
145813,Illinois State University,,,266341210,224309967,
145646,Illinois Wesleyan University,,108175807,,,255858735
213011,Immaculata University,,45956497,,,26416415
151290,Indiana Institute of Technology,,59646849,,,165897129
151324,Indiana State University,,,254354731,95008842,
213020,Indiana University of Pennsylvania-Main Campus,,,432360878,98577436,
151351,Indiana University-Bloomington,,,1402987092,2087993958,
151388,Indiana University-East,,,5845542,9606892,
151111,Indiana University-Indianapolis,,,548887782,2452144361,
151333,Indiana University-Kokomo,,,9139207,12025870,
151360,Indiana University-Northwest,,,37099768,16984637,
151342,Indiana University-South Bend,,,31324191,35741682,
151379,Indiana University-Southeast,,,22814316,30931962,
151801,Indiana Wesleyan University-Marion,,59554397,,,288632986
488679,Indiana Wesleyan University-National & Global,,,,,
187745,Institute of American Indian and Alaska Native Culture and Arts Development,,,15788622,25467231,
436614,International Baptist College and Seminary,,36522,,,
191931,Iona University,,138942000,,,230907000
153603,Iowa State University,,,762484936,1559640740,
191968,Ithaca College,,163091892,,,403195724
175856,Jackson State University,,,298647138,60978291,
497453,Jackson Theological Seminary,,16795,,,
101480,Jacksonville State University,,,476283903,21109789,
134945,Jacksonville University,,305198534,,,66101962
232423,James Madison University,,,772113628,155516395,
225885,Jarvis Christian University,,3731673,,,12406140
192040,Jewish Theological Seminary of America,,85553731,,,150197769
107141,John Brown University,,8453037,,,188646910
203368,John Carroll University,,199359867,,,286479073
488776,John Patrick University of Health and Applied Sciences,3510030,,,,
462354,John Paul the Great Catholic University,,9456589,,,40492
162928,Johns Hopkins University,,4931363000,,,13063073000
217235,Johnson & Wales University-Providence,,59913571,,,346091630
198756,Johnson C Smith University,,30180692,,,69181754
220473,Johnson University,,38378543,,,14268458
146339,Judson University,,26302866,,,7688297
213251,Juniata College,,88663841,,,132688469
498623,Justice University,,21210,,,
219240,Kairos University,,2316475,,,11426842
170532,Kalamazoo College,,60671096,,,304294691
155308,Kansas Christian College,,2461351,,,
177746,Kansas City Art Institute,,27195739,,,84495578
155399,Kansas State University,,,701686560,1019065645,
155414,Kansas Wesleyan University,,11051333,,,46748095
185262,Kean University,,,442364386,77558866,
183062,Keene State College,,,99076569,61452755,
192165,Kehilath Yakov Rabbinical Seminary,,539603,,,
500041,Kennedy University of Baptist,,5000,,,
486840,Kennesaw State University,,,829256846,124042454,
203517,Kent State University at Kent,,,896884000,202182612,
157100,Kentucky Christian University,,5491780,,,7588334
157058,Kentucky State University,,,183384836,22486515,
157076,Kentucky Wesleyan College,,19644020,,,37590851
203535,Kenyon College,,290581904,,,626603453
461847,Keser Torah-Mayan Hatalmud,,541943,,,
203544,Kettering College,,,,,3708147
169983,Kettering University,,47913121,,,120713853
192192,Keuka College,,25462554,,,19026340
213303,Keystone College,,32765155,,,6153853
220516,King University,,12611028,,,39867681
213321,King's College,,69264780,,,120608267
146427,Knox College,,55747877,,,174514569
213349,Kutztown University of Pennsylvania,,,282900450,45035669,
171881,Kuyper College,,349709,,,6676265
213358,La Roche University,,24171379,,,13753998
213367,La Salle University,,164476570,,,64679959
117627,La Sierra University,,25784725,,,121159499
213385,Lafayette College,,371640000,,,1140250000
140234,LaGrange College,,39759945,,,65131890
117168,Laguna College of Art and Design,,16181389,,,4725543
203580,Lake Erie College,,35574896,,,31545508
146481,Lake Forest College,,57413941,,,123504020
170639,Lake Superior State University,,,43199199,39257131,
238980,Lakeland University,,45817689,,,19899969
146533,Lakeview College of Nursing,,263279,,,21809467
226091,Lamar University,,,100096605,181917130,
213400,Lancaster Bible College,,33568452,,,19383479
218229,Lander University,,,121534039,25729201,
247649,Landmark College,,23561516,,,31840272
220598,Lane College,,4848408,,,8528808
207209,Langston University,,,68652854,50243063,
166391,Lasell University,,67332619,,,44809203
170675,Lawrence Technological University,,80340472,,,54334838
239017,Lawrence University,,103355274,,,461234427
192323,Le Moyne College,,106171362,,,271730113
220604,Le Moyne-Owen College,,8030162,,,16303882
213507,Lebanon Valley College,,62795038,,,101883648
220613,Lee University,,29398301,,,32936546
198808,Lees-McRae College,,50783011,,,39747164
213543,Lehigh University,,675923000,,,1872716000
198835,Lenoir-Rhyne University,,75928610,,,136106163
166452,Lesley University,,133236041,,,184914869
226231,LeTourneau University,,17367274,,,37458704
209056,Lewis & Clark College,,180647635,,,326109583
146612,Lewis University,,98077653,,,119326573
142328,Lewis-Clark State College,,,24210230,15700127,
232557,Liberty University,,319231881,,,2598059324
117104,Life Pacific University,,3115209,,,4920616
140252,Life University,,98037501,,,4714905
192271,LIM College,55772840,,,,
218238,Limestone University,,36218414,,,9158633
220631,Lincoln Memorial University,,132519176,,,55145522
117557,Lincoln University,,1154256,,,
177940,Lincoln University,,,84060837,3270186,
213598,Lincoln University,,36404275,,,56324821
177968,Lindenwood University,,19977308,,,159164606
157216,Lindsey Wilson College,,27000782,,,42800724
209065,Linfield University,,62927367,,,117769708
219976,Lipscomb University,,246671486,,,117264975
198862,Livingstone College,,19221724,,,7331400
177986,Logan University,,27093661,,,35193244
117636,Loma Linda University,,1120742000,,,571019000
192448,Long Island University,,219913804,,,481988736
232566,Longwood University,,,174502680,97291077,
153825,Loras College,,60970305,,,56095391
490124,Los Angeles Academy of Figurative Art,588604,,,,
446385,Los Angeles College of Music,8039500,,,,
436429,Los Angeles Film School,114390113,,,,
159568,Louisiana Christian University,,20889937,,,45837712
159391,Louisiana State University and Agricultural & Mechanical College,,,2820810951,722730548,
159373,Louisiana State University Health Sciences Center-New Orleans,,,704860008,41635108,
435000,Louisiana State University Health Sciences Center-Shreveport,,,558300928,241464652,
159382,Louisiana State University-Alexandria,,,75380693,25897833,
159416,Louisiana State University-Shreveport,,,96163823,29467903,
159647,Louisiana Tech University,,,400889766,99176307,
203757,Lourdes University,,18148015,,,9442304
117946,Loyola Marymount University,,348897000,,,720022000
146719,Loyola University Chicago,,390403624,,,1054708355
163046,Loyola University Maryland,,167911295,,,320584222
159656,Loyola University New Orleans,,369047000,,,246500178
226383,Lubbock Christian University,,31097624,,,45855534
153834,Luther College,,35083596,,,204542420
135364,Luther Rice College & Seminary,,939549,,,1368474
213668,Lycoming College,,54304422,,,191145000
132657,Lynn University,,90117589,,,42918486
106342,Lyon College,,98823621,,,97328611
173902,Macalester College,,95007000,,,881667000
192624,Machzikei Hadath Rabbinical College,,825102,,,
170806,Madonna University,,50632216,,,37972446
153861,Maharishi International University,,30224000,,,12113000
161509,Maine College of Art & Design,,14132040,,,17656671
161299,Maine Maritime Academy,,,44270399,52011514,
203775,Malone University,,18432515,,,25614176
151777,Manchester University,,29208225,,,76829584
155496,Manhattan Christian College,,6336704,,,5033262
192703,Manhattan College,,117176820,,,160164930
192712,Manhattan School of Music,,24492543,,,41205628
192749,Manhattanville College,,33368936,,,29686763
461528,Manna University,,210435,,,40397
239071,Maranatha Baptist University,,5769146,,,309966
151786,Marian University,,155587756,,,126907319
239080,Marian University,,5734942,,,10599666
203845,Marietta College,,45735042,,,91722343
192819,Marist College,,271316575,,,468284843
239105,Marquette University,,491476000,,,996999000
198899,Mars Hill University,,47829140,,,60811910
237525,Marshall University,,,253943040,226038119,
173452,Martin Luther College,,3803453,,,28011103
151810,Martin University,,2173062,,,
232672,Mary Baldwin University,,25187602,,,33785553
163295,Maryland Institute College of Art,,95568576,,,117405397
192864,Marymount Manhattan College,,58550088,,,30340471
232706,Marymount University,,170048009,,,32420212
220710,Maryville College,,34592457,,,111238733
178059,Maryville University of Saint Louis,,104546370,,,80287156
213826,Marywood University,,103485642,,,60780748
166674,Massachusetts College of Art and Design,,,124779976,20309653,
167288,Massachusetts College of Liberal Arts,,,32963482,22979412,
166683,Massachusetts Institute of Technology,,6431621000,,,24572716000
166692,Massachusetts Maritime Academy,,,107145060,56133736,
200226,Mayville State University,,,8537203,13190905,
164270,McDaniel College,,49278000,,,156673000
147013,McKendree University,,41068869,,,40151472
226587,McMurry University,,33152025,,,114445287
159717,McNeese State University,,,169414718,20920613,
155511,McPherson College,,18879665,,,714636042
166656,MCPHS University,,152753503,,,1870267271
490328,Mechon L'hoyroa,,9806698,,,
218335,Medical University of South Carolina,,,1335192292,534532443,
118693,Menlo College,,7817174,,,21196355
140447,Mercer University,,320513679,,,481905976
153977,Mercy College of Health Sciences,,29600256,,,11546487
203960,Mercy College of Ohio,,3210526,,,31207122
193016,Mercy University,,250955625,,,336521742
213987,Mercyhurst University,,65426690,,,32838023
198950,Meredith College,,56486135,,,138962671
166850,Merrimack College,,191457043,,,86879373
193052,Mesivta Torah Vodaath Rabbinical Seminary,,6165659,,,1418431
193070,Mesivtha Tifereth Jerusalem of America,,74062,,,
417752,Messenger College,,49362,,,845052
213996,Messiah University,,95739966,,,132098420
147129,Methodist College,,,,,2888584
198969,Methodist University,,30707543,,,48206066
190114,Metropolitan College of New York,,62899634,,,893675
174020,Metropolitan State University,,,67718000,9735000,
127565,Metropolitan State University of Denver,,,293203320,28890481,
166869,MGH Institute of Health Professions,,78531000,,,57666000
451103,Miami Regional University,2091566,,,,
204006,Miami University-Hamilton,,,,,
204015,Miami University-Middletown,,,,,
204024,Miami University-Oxford,,,955725451,812500000,
171100,Michigan State University,,,4008865779,4986233000,
171128,Michigan Technological University,,,240365260,169088791,
245953,Mid-America Christian University,,4614290,,,3916519
199458,Mid-Atlantic Christian University,,4160596,,,4560298
481225,Mid-South Christian College,,70394,,,193510
155520,MidAmerica Nazarene University,,18957795,,,18803079
482158,Middle Georgia State University,,,212022114,17662893,
220978,Middle Tennessee State University,,,253883988,153635992,
230959,Middlebury College,,511661000,,,1597984000
119058,Middlebury Institute of International Studies at Monterey,,,,,
181330,Midland University,,20395419,,,28169280
157377,Midway University,,25980698,,,35299434
178208,Midwestern Baptist Theological Seminary,,4449265,,,38314421
226833,Midwestern State University,,,165749526,112954045,
101675,Miles College,,18718069,,,30341252
461883,Millennia Atlantic University,810643,,,,
214041,Millersville University of Pennsylvania,,,375104536,46859301,
486901,Milligan University,,14197283,,,56151084
147244,Millikin University,,33424710,,,94445822
175980,Millsaps College,,29785235,,,110471025
239309,Milwaukee Institute of Art & Design,,7881931,,,4095645
239318,Milwaukee School of Engineering,,36095239,,,90335690
484844,Minerva University,,26680886,,,
174127,Minneapolis College of Art and Design,,29028070,,,57981930
174358,Minnesota State University Moorhead,,,60652000,38924000,
173920,Minnesota State University-Mankato,,,170901000,80553000,
200253,Minot State University,,,29237017,46608012,
214069,Misericordia University,,59134816,,,73650588
176664,Mission University,,3196850,,,449665
176053,Mississippi College,,47213614,,,114430381
176080,Mississippi State University,,,1336145286,894682468,
176035,Mississippi University for Women,,,66856104,71941861,
176044,Mississippi Valley State University,,,74143317,4460813,
178244,Missouri Baptist University,,31737338,,,5063768
178341,Missouri Southern State University,,,128452170,53877747,
179566,Missouri State University-Springfield,,,578971646,,
178411,Missouri University of Science and Technology,,,244041375,282592656,
178369,Missouri Valley College,,24560235,,,12228141
178387,Missouri Western State University,,,106870846,40378556,
129774,Mitchell College,,20812126,,,9384025
193292,Molloy College,,125919103,,,56171754
147341,Monmouth College,,31120397,,,141991869
185572,Monmouth University,,49414201,,,163753000
193308,Monroe College,80743592,,,,
262165,Montana Bible College,,,,,
180461,Montana State University,,,476063370,312991891,
180179,Montana State University Billings,,,30329861,36754025,
180416,Montana Technological University,,,35771998,85649782,
185590,Montclair State University,,,707104000,61568000,
199032,Montreat College,,10953193,,,10261351
166911,Montserrat College of Art,,12180864,,,3114724
147369,Moody Bible Institute,,180800801,,,53980101
214148,Moore College of Art and Design,,12583682,,,51242825
214157,Moravian University,,127597000,,,167363000
157386,Morehead State University,,,268023760,70848750,
140553,Morehouse College,,24315150,,,263393368
163453,Morgan State University,,,305959737,106488900,
154004,Morningside University,,27736437,,,64301016
140571,Morris Brown College,,1013832,,,950211
218399,Morris College,,2193046,,,13127079
214166,Mount Aloysius College,,25458728,,,65879588
209241,Mount Angel Seminary,,,,,31379060
204176,Mount Carmel College of Nursing,,4053991,,,2603680
166939,Mount Holyoke College,,280119010,,,1101548227
219198,Mount Marty University,,26704186,,,38010214
239390,Mount Mary University,,7133554,,,27619770
154013,Mount Mercy University,,15293241,,,43902317
193353,Mount Saint Mary College,,48042397,,,11106728
119173,Mount Saint Mary's University,,75966758,,,174149175
189282,Mount Sinai Phillips School of Nursing,,749574,,,1191100
204200,Mount St. Joseph University,,24724764,,,74062899
163462,Mount St. Mary's University,,90036898,,,64288711
204194,Mount Vernon Nazarene University,,10765523,,,29891845
214175,Muhlenberg College,,111139012,,,337125542
157401,Murray State University,,,262230714,128647523,
204264,Muskingum University,,37997748,,,96032078
127653,Naropa University,,19150147,,,4686183
147536,National Louis University,,39978555,,,73182745
119605,National University,,305986000,,,1018003000
147590,National University of Health Sciences,,10762073,,,11239401
209296,National University of Natural Medicine,,2146461,,,1443669
193584,Nazareth University,,58329034,,,93528773
181297,Nebraska Methodist College of Nursing & Allied Health,,2642433,,,13865945
181446,Nebraska Wesleyan University,,16290000,,,82773000
228325,Nelson University,,31017638,,,15489142
163532,Ner Israel Rabbinical College,,878452,,,
214272,Neumann University,,56474055,,,24549502
445692,Neumont College of Computer Science,16259740,,,,
441900,Nevada State University,,,78566000,1607000,
262129,New College of Florida,,,63637284,48987288,
182980,New England College,,32733613,,,35494414
208725,New Hope Christian College-Eugene,,1925421,,,970203
185129,New Jersey City University,,,364188607,18493002,
185828,New Jersey Institute of Technology,,,619594000,179523000,
187897,New Mexico Highlands University,,,118870492,13151236,
187967,New Mexico Institute of Mining and Technology,,,213533543,96663539,
188030,New Mexico State University-Main Campus,,,845621937,88674297,
159948,New Orleans Baptist Theological Seminary,,1973614,,,82053303
440396,New Saint Andrews College,,2357498,,,326124
418126,New York College of Health Professions,,3349990,,,
439783,New York College of Traditional Chinese Medicine,,3526372,,,
461148,New York Film Academy,67587291,,,,
194091,New York Institute of Technology,,327591757,,,116921221
194116,New York School of Interior Design,,14244817,,,11143613
193900,New York University,,12137224000,,,6651982030
218414,Newberry College,,47411752,,,21240928
155335,Newman University,,18268923,,,26927451
119775,Newschool of Architecture and Design,9654407,,,,
496803,NewU University,,483875,,,
193973,Niagara University,,72675784,,,100292602
159966,Nicholls State University,,,196506392,16940430,
167260,Nichols College,,28131733,,,31678442
444787,Nightingale College,16173771,,,,
232937,Norfolk State University,,,171246006,77511231,
461795,North American University,,6415714,,,
199102,North Carolina A & T State University,,,409830739,201941618,
199157,North Carolina Central University,,,296026642,59634623,
199193,North Carolina State University at Raleigh,,,2509551285,2219515999,
199209,North Carolina Wesleyan University,,23466725,,,13726892
147660,North Central College,,88472623,,,139739937
174437,North Central University,,14822371,,,4597318
200332,North Dakota State University-Main Campus,,,339790652,486725427,
218441,North Greenville University,,9413708,,,34404825
147679,North Park University,,84813816,,,108329352
147776,Northeastern Illinois University,,,74009575,14961160,
207263,Northeastern State University,,,44178947,44726355,
167358,Northeastern University,,2311352000,,,1852620000
118888,Northeastern University Oakland,,,,,
482705,Northeastern University Professional Programs,,,,,
105330,Northern Arizona University,,,998642322,283386638,
147703,Northern Illinois University,,,394964947,114772816,
157447,Northern Kentucky University,,,337378000,138582000,
171456,Northern Michigan University,,,149193681,19835537,
219259,Northern State University,,,21970291,56148289,
239512,Northland College,,6212493,,,6415604
217606,Northpoint Bible College,,3255753,,,779802
377546,Northwest College of Art & Design,7145886,,,,
178624,Northwest Missouri State University,,,172749398,48730402,
142461,Northwest Nazarene University,,31144929,,,71750548
236133,Northwest University,,30292000,,,11784000
487603,Northwest University-Center for Online and Extended Education,,,,,
154101,Northwestern College,,10693829,,,76928958
174507,Northwestern Health Sciences University,,9569210,,,3404054
207306,Northwestern Oklahoma State University,,,9520309,38260410,
160038,Northwestern State University of Louisiana,,,170814509,18934642,
147767,Northwestern University,,3621695000,,,10981265000
171492,Northwood University,,9153027,,,122890733
230995,Norwich University,,90934000,,,280542000
368452,Nossi College of Art and Design,405936,,,,
120184,Notre Dame de Namur University,,35229357,,,23408314
163578,Notre Dame of Maryland University,,30649047,,,52379412
136215,Nova Southeastern University,,877763432,,,252077000
174525,Oak Hills Christian College,,1937595,,,900245
495059,Oak Valley College,,38898,,,
152099,Oakland City University,,22304182,,,5368595
171571,Oakland University,,,481445494,151474929,
101912,Oakwood University,,37348020,,,9755394
204501,Oberlin College,,489663374,,,1270465000
120254,Occidental College,,126048943,,,654297483
140696,Oglethorpe University,,9227108,,,51089713
201964,Ohio Christian University,,8167165,,,6618574
204617,Ohio Dominican University,,48014586,,,19820216
204635,Ohio Northern University,,113460349,,,216103158
204671,Ohio State University-Lima Campus,,,3211053,6550036,
204796,Ohio State University-Main Campus,,,11442610828,7903034629,
204820,Ohio University-Chillicothe Campus,,,,,
204802,Ohio University-Eastern Campus,,,,,
204857,Ohio University-Main Campus,,,1123793495,779546455,
204866,Ohio University-Zanesville Campus,,,,,
204909,Ohio Wesleyan University,,83470558,,,306030062
207403,Oklahoma Baptist University,,24464655,,,172482274
207324,Oklahoma Christian University,,50257381,,,50488087
207458,Oklahoma City University,,121036228,,,180751663
207351,Oklahoma Panhandle State University,,,23738219,15710827,
207388,Oklahoma State University-Main Campus,,,1298238687,603919302,
206835,Oklahoma Wesleyan University,,2075720,,,11335922
232982,Old Dominion University,,,561221824,319812987,
147828,Olivet Nazarene University,,143138835,,,68596931
207582,Oral Roberts University,,34178876,,,48540606
209490,Oregon Health & Science University,,,2641310000,1253372000,
209506,Oregon Institute of Technology,,,119282856,34872899,
209542,Oregon State University,,,1813788457,1038691221,
440828,Oregon State University-Cascades Campus,,,,,
120403,Otis College of Art and Design,,42650683,,,32677120
155636,Ottawa University-Kansas City,,,,,
428259,Ottawa University-Milwaukee,,,,,
454582,Ottawa University-Online,,,,,
155627,Ottawa University-Ottawa,,139364666,,,25884787
464226,Ottawa University-Surprise,,,,,
204936,Otterbein University,,47302050,,,127686133
107512,Ouachita Baptist University,,52618536,,,140325456
227331,Our Lady of the Lake University,,35821535,,,50673849
178679,Ozark Christian College,,1013620,,,5387955
194310,Pace University,,897979934,,,262098164
378576,Pacific College of Health and Science,4032397,,,,
414595,Pacific College of Health and Science,14296252,,,,
236230,Pacific Lutheran University,,89946000,,,131845000
209603,Pacific Northwest College of Art,,,,,
120768,Pacific Oaks College,,21124389,,,12546490
120838,Pacific States University,,1581376,,,
120865,Pacific Union College,,68420947,,,32072219
209612,Pacific University,,127086793,,,64811367
140720,Paine College,,21058049,,,11639007
136330,Palm Beach Atlantic University,,123538207,,,109770462
154174,Palmer College of Chiropractic,,61614848,,,79568037
120698,Palo Alto University,,21920444,,,1147970
178721,Park University,,38785451,,,59581851
243823,Parker University,,20619000,,,46703000
451927,Patrick Henry College,,5194528,,,3241105
227429,Paul Quinn College,,18056366,,,5088211
194392,Paul Smiths College of Arts and Science,,17180778,,,36318604
214883,Peirce College,,3752668,,,3898887
214971,Pennsylvania Academy of the Fine Arts,,32802393,,,44902219
215053,Pennsylvania College of Art and Design,,6051248,,,3393269
214777,Pennsylvania State University-Main Campus,,6837275000,,,4750032000
214801,Pennsylvania State University-Penn State Abington,,,,,
214689,Pennsylvania State University-Penn State Altoona,,,,,
214698,Pennsylvania State University-Penn State Beaver,,,,,
214704,Pennsylvania State University-Penn State Berks,,,,,
214731,Pennsylvania State University-Penn State Brandywine,,,,,
214591,Pennsylvania State University-Penn State Erie-Behrend College,,,,,
214759,Pennsylvania State University-Penn State Fayette- Eberly,,,,,
214786,Pennsylvania State University-Penn State Greater Allegheny,,,,,
214713,Pennsylvania State University-Penn State Harrisburg,,,,,
214768,Pennsylvania State University-Penn State Hazleton,,,,,
214670,Pennsylvania State University-Penn State Lehigh Valley,,,,,
214795,Pennsylvania State University-Penn State Mont Alto,,,,,
214625,Pennsylvania State University-Penn State New Kensington,,,,,
214810,Pennsylvania State University-Penn State Schuylkill,,,,,
214652,Pennsylvania State University-Penn State Scranton,,,,,
214643,Pennsylvania State University-Penn State Wilkes-Barre,,,,,
214829,Pennsylvania State University-Penn State York,,,,,
479956,Pennsylvania State University-World Campus,,,,,
498571,Pennsylvania Western University,,,657118160,123168203,
121150,Pepperdine University,,843921000,,,1319031000
181534,Peru State College,,,14007079,22113290,
199306,Pfeiffer University,,39979500,,,19921108
107600,Philander Smith University,,15947836,,,14822763
140818,Piedmont University,,33072176,,,49782350
440794,Pillar College,,4854619,,,298423
155681,Pittsburg State University,,,70225669,110704846,
121257,Pitzer College,,101409987,,,191881805
260813,Platt College-Aurora,,,,,
183080,Plymouth State University,,,101425682,41204855,
121309,Point Loma Nazarene University,,92967154,,,87146089
215442,Point Park University,,55966112,,,64289492
456481,Polytechnic University of Puerto Rico-Miami,,,,,
456490,Polytechnic University of Puerto Rico-Orlando,,,,,
121345,Pomona College,,424564000,,,3008965000
205027,Pontifical College Josephinum,,4252410,,,33268221
209807,Portland State University,,,466879654,123171915,
130183,Post University,57319031,,,,
227526,Prairie View A & M University,,,129121140,150054853,
194578,Pratt Institute-Main,,209017461,,,290371269
218539,Presbyterian College,,70967940,,,107646357
490045,Presbyterian Theological Seminary in America,,2821463,,,
105589,Prescott College,,10226824,,,2759573
186131,Princeton University,,6719933000,,,33401865000
148016,Principia College,,44923149,,,592903744
455770,Providence Christian College,,5651521,,,25322
217402,Providence College,,362793346,,,352820557
380438,Provo College,10692774,,,,
496283,Provo College-Idaho Falls Campus,,,,,
151102,Purdue University Fort Wayne,,,91221885,83749624,
489779,Purdue University Global,,,154299665,178031,
490805,Purdue University Northwest,,,87156312,55671355,
243780,Purdue University-Main Campus,,,1406423323,3971950988,
199412,Queens University of Charlotte,,125058555,,,168610681
148131,Quincy University,,41792514,,,18115236
130226,Quinnipiac University,,508914300,,,764457116
384421,Rabbi Jacob Joseph School,,673955,,,
194657,Rabbinical Academy Mesivta Rabbi Chaim Berlin,,66488,,,
194666,Rabbinical College Bobover Yeshiva Bnei Zion,,3510236,,,
186186,Rabbinical College of America,,4161676,,,
405854,Rabbinical College of Ohr Shimon Yisroel,,311698,,,
484871,Rabbinical College Ohr Yisroel,,3201416,,,
205124,Rabbinical College Telshe,,433840,,,132779
194718,Rabbinical Seminary Mkor Chaim,,5000057,,,
194763,Rabbinical Seminary of America,,4812259,,,78867
233277,Radford University,,,215927566,74282583,
186201,Ramapo College of New Jersey,,,269858000,,
207157,Randall University,,1912559,,,794992
233301,Randolph College,,23159437,,,187140000
233295,Randolph-Macon College,,70787298,,,217085858
209922,Reed College,,180387429,,,790961122
490230,Reformed University,,1487877,,,
231651,Regent University,,99853000,,,124604000
167598,Regis College,,66474042,,,52200259
127918,Regis University,,88607636,,,92257908
140872,Reinhardt University,,42043136,,,44123265
194824,Rensselaer Polytechnic Institute,,815174000,,,1000295000
178989,Research College of Nursing,2948890,,,,
217420,Rhode Island College,,,79906783,47463260,
217493,Rhode Island School of Design,,212603572,,,427789730
221351,Rhodes College,,108843937,,,431583452
227757,Rice University,,1756351000,,,7931811000
186283,Rider University,,168897000,,,66827000
136774,Ringling College of Art and Design,,169034639,,,70500683
239628,Ripon College,,45185810,,,114037583
183211,Rivier University,,59956657,,,41495760
233426,Roanoke College,,56471928,,,185244775
215655,Robert Morris University,,116857924,,,49353539
194958,Roberts Wesleyan University,,32096950,,,34775443
195003,Rochester Institute of Technology,,702632000,,,1384518000
170967,Rochester University,,22543046,,,4936837
148405,Rockford University,,12284328,,,31680660
179043,Rockhurst University,,46315085,,,36495416
180595,Rocky Mountain College,,14226073,,,44324445
127945,Rocky Mountain College of Art and Design,5569937,,,,
217518,Roger Williams University,,120130346,,,77367776
207661,Rogers State University,,,57616521,19710242,
136950,Rollins College,,247417000,,,484716000
148487,Roosevelt University,,292831000,,,152797000
152318,Rose-Hulman Institute of Technology,,129344158,,,294620999
445735,Roseman University of Health Sciences,,247955629,,,34573157
215691,Rosemont College,,32991629,,,11604677
184782,Rowan University,,,1602208348,434635893,
148511,Rush University,,1888566000,,,905797000
195128,Russell Sage College,,21230113,,,46682616
176318,Rust College,,15086130,,,55371694
186371,Rutgers University-Camden,,,629695691,88275358,
186380,Rutgers University-New Brunswick,,,3655118842,1720866182,
186399,Rutgers University-Newark,,,834294509,250906779,
172033,Sacred Heart Major Seminary,,2378385,,,33990029
130253,Sacred Heart University,,571042177,,,316002568
172051,Saginaw Valley State University,,,111647206,109975868,
154235,Saint Ambrose University,,63566547,,,247436298
183239,Saint Anselm College,,95439868,,,213587856
149028,Saint Anthony College of Nursing,,3009956,,,9359443
199582,Saint Augustine's University,,45418598,,,13607529
216047,Saint Charles Borromeo Seminary-Overbrook,,4648028,,,19213651
174783,Saint Cloud State University,,,100106000,47158000,
227845,Saint Edward's University,,114522291,,,146625204
186618,Saint Elizabeth University,,29046548,,,19945344
148575,Saint Francis Medical Center College of Nursing,,,,,6651606
215743,Saint Francis University,,53698487,,,60553787
167677,Saint John's Seminary,,315710,,,38388679
174792,Saint Johns University,,72391713,,,300875481
160409,Saint Joseph Seminary College,,168718,,,525242
161518,Saint Joseph's College of Maine,,17425971,,,16860942
215770,Saint Joseph's University,,618297711,,,454664777
137032,Saint Leo University,,99371490,,,76085828
179159,Saint Louis University,,633325508,,,1879430141
236452,Saint Martin's University,,31894830,,,46594574
152390,Saint Mary's College,,83097846,,,321859342
123554,Saint Mary's College of California,,139859000,,,178878000
174817,Saint Mary's University of Minnesota,,17371008,,,70711184
152381,Saint Mary-of-the-Woods College,,27654283,,,11369245
231059,Saint Michael's College,,68690527,,,95450950
239716,Saint Norbert College,,31156770,,,188795538
186432,Saint Peter's University,,95523416,,,43606171
215798,Saint Vincent College,,26883377,,,146740767
148627,Saint Xavier University,,28573794,,,48413323
199607,Salem College,,20751996,,,60510012
167729,Salem State University,,,312672031,69619582,
237783,Salem University,4646283,,,,
163851,Salisbury University,,,153294615,84407176,
180647,Salish Kootenai College,,18637201,,,19896156
217536,Salve Regina University,,44821000,,,92360000
227881,Sam Houston State University,,,195070097,190847399,
102049,Samford University,,643748079,,,469998443
122296,Samuel Merritt University,,270054587,,,43720867
112084,San Diego Christian College,,7852593,,,694522
122409,San Diego State University,,,3252472057,478618726,
120166,San Francisco Bay University,,1219946,,,
122506,San Francisco Conservatory of Music,,93737000,,,65183000
122597,San Francisco State University,,,1816598095,175553573,
122755,San Jose State University,,,2401908871,207715718,
493895,SANS Technology Institute,1284260,,,,
122931,Santa Clara University,,545456000,,,1555250000
195304,Sarah Lawrence College,,115645868,,,148109145
494542,Sattler College,,8584302,,,
140951,Savannah College of Art and Design,,279913943,,,412027000
140960,Savannah State University,,,127826509,12729394,
404338,Schiller International University,1915747,,,,
143048,School of the Art Institute of Chicago,,,,,416852000
197151,School of Visual Arts,543226846,,,,
228042,Schreiner University,,31688977,,,86343456
123165,Scripps College,,131784297,,,503038388
488448,Seattle Film Institute,92850,,,,
236577,Seattle Pacific University,,110676000,,,162552000
236595,Seattle University,,205451175,,,318305031
102058,Selma University,,1003590,,,178760
232885,Sentara College of Health Sciences,,1790374,,,
186584,Seton Hall University,,369131000,,,369807000
215947,Seton Hill University,,55882890,,,62915652
195438,Sh'or Yoshuv Rabbinical College,,5958186,,,
123280,Shasta Bible College and Graduate School,,188203,,,47615
199643,Shaw University,,23109698,,,14298337
205443,Shawnee State University,,,57132968,23593304,
233541,Shenandoah University,,114198136,,,85171488
237792,Shepherd University,,,45980481,33732052,
216010,Shippensburg University of Pennsylvania,,,311478313,71110523,
140988,Shorter University,,16167053,,,14534841
195474,Siena College,,61209106,,,189904049
172264,Siena Heights University,,17951216,,,14838766
461759,Simmons College of Kentucky,,5928476,,,
167783,Simmons University,,314102250,,,249188228
154350,Simpson College,,42404670,,,87173703
123457,Simpson University,,30963714,,,7374442
219374,Sinte Gleska University,,309124,,,7103580
195526,Skidmore College,,169810000,,,488201000
216038,Slippery Rock University of Pennsylvania,,,269875888,52399313,
167835,Smith College,,642338366,,,2564122544
110778,Sofia University,6664050,,,,
399911,Soka University of America,,6064000,,,1523965000
123572,Sonoma State University,,,766934408,51580176,
218733,South Carolina State University,,,128707872,19681117,
219347,South Dakota School of Mines and Technology,,,50919134,111334370,
219356,South Dakota State University,,,181529108,269079345,
366003,South Florida Bible College and Theological Seminary,,5750173,,,
480073,South University-Austin,10460779,,,,
251312,South University-Columbia,11328525,,,,
101116,South University-Montgomery,4303616,,,,
459259,South University-Richmond,4717085,,,,
139579,South University-Savannah,7403727,,,,
449898,South University-Tampa,11883023,,,,
459268,South University-Virginia Beach,3000107,,,,
133465,South University-West Palm Beach,15852538,,,,
179557,Southeast Missouri State University,,,329126116,120375603,
199759,Southeastern Baptist Theological Seminary,,25116090,,,44958471
233602,Southeastern Free Will Baptist Bible College,,160986,,,
160612,Southeastern Louisiana University,,,367402925,23649556,
207847,Southeastern Oklahoma State University,,,27103229,39483740,
137564,Southeastern University,,90921053,,,10946366
221661,Southern Adventist University,,25306958,,,64734045
107983,Southern Arkansas University Main Campus,,,74980135,63232948,
123952,Southern California Institute of Architecture,,21467000,,,6805000
117575,Southern California Seminary,,420630,,,115850
117672,Southern California University of Health Sciences,,8956842,,,1667773
130493,Southern Connecticut State University,,,66648218,40457103,
149222,Southern Illinois University-Carbondale,,,346916687,212993823,
149231,Southern Illinois University-Edwardsville,,,140754536,40186050,
228246,Southern Methodist University,,886535000,,,2163920000
206862,Southern Nazarene University,,54127371,,,50029010
183026,Southern New Hampshire University,,440818745,,,64647512
210146,Southern Oregon University,,,111163744,39813671,
160621,Southern University and A & M College,,,262752631,13402004,
160630,Southern University at New Orleans,,,66674432,3447953,
230603,Southern Utah University,,,79533080,41795372,
233611,Southern Virginia University,,15501631,,,1867799
217776,Southern Wesleyan University,,5104013,,,9931892
179326,Southwest Baptist University,,21080718,,,31339322
175078,Southwest Minnesota State University,,,23677000,20934000,
228468,Southwestern Adventist University,,1978400,,,26462438
207856,Southwestern Christian University,,12794206,,,1797572
155900,Southwestern College,,21157555,,,26849786
207865,Southwestern Oklahoma State University,,,20543481,38705626,
228343,Southwestern University,,124767291,,,403727514
157757,Spalding University,,10790124,,,28053113
172334,Spring Arbor University,,27123472,,,31160986
102234,Spring Hill College,,65365851,,,4725172
167899,Springfield College,,130465594,,,103272771
475273,Springfield College-Regional  Online  and Continuing Education,,,,,
195164,St Bonaventure University,,54444789,,,95209711
175005,St Catherine University,,119568472,,,156154341
195216,St Lawrence University,,174610943,,,416833841
174844,St Olaf College,,187965192,,,803770786
199698,St. Andrews University,,23169670,,,6799893
195173,St. Francis College,,302747488,,,26414886
195720,St. John Fisher University,,65953825,,,151031721
137272,St. John Vianney College Seminary,,687758,,,11010237
163976,St. John's College,,33146502,,,210047576
245652,St. John's College,,33099043,,,112735358
148593,St. John's College-Department of Nursing,,433009,,,3657299
195809,St. John's University-New York,,580407000,,,819408000
195544,St. Joseph's University-New York,,52972000,,,63464000
163912,St. Mary's College of Maryland,,,63333425,45029041,
228149,St. Mary's University,,48426963,,,263027963
195243,St. Thomas Aquinas College,,14531243,,,37515082
137476,St. Thomas University,,108748683,,,42969520
243744,Stanford University,,10864742000,,,37631059000
196149,State University of New York at Cortland,,,287641861,60145944,
196176,State University of New York at New Paltz,,,421971173,42641066,
196194,State University of New York at Oswego,,,390437471,67749280,
196246,State University of New York at Plattsburgh,,,327135058,30379272,
228431,Stephen F Austin State University,,,114242138,135381137,
179548,Stephens College,,15833720,,,58198157
155937,Sterling College,,12548261,,,13527024
231095,Sterling College,,2223965,,,1155851
137546,Stetson University,,242308013,,,390513055
186867,Stevens Institute of Technology,,420498000,,,374598000
164173,Stevenson University,,167402080,,,104378735
102270,Stillman College,,6906616,,,19795214
186876,Stockton University,,,617137598,50245870,
167996,Stonehill College,,100980467,,,306928702
196097,Stony Brook University,,,3153190109,786159357,
450377,Strayer University-Alabama,,,,,
458885,Strayer University-Arkansas,,,,,
450298,Strayer University-Delaware,,,,,
131803,Strayer University-District of Columbia,104337000,,,,
449038,Strayer University-Florida,,,,,
458919,Strayer University-Georgia,,,,,
459994,Strayer University-Global Region,,,,,
430184,Strayer University-Maryland,,,,,
458955,Strayer University-Mississippi,,,,,
453215,Strayer University-New Jersey,,,,,
453163,Strayer University-North Carolina,,,,,
443784,Strayer University-Pennsylvania,,,,,
458964,Strayer University-South Carolina,,,,,
443766,Strayer University-Tennessee,,,,,
458973,Strayer University-Texas,,,,,
233684,Strayer University-Virginia,,,,,
456621,Strayer University-West Virginia,,,,,
168005,Suffolk University,,539344256,,,252033632
228501,Sul Ross State University,,,19758130,26466497,
447953,SUM Bible College and Theological Seminary,,11187335,,,82000
196158,SUNY at Fredonia,,,238990569,51473172,
196219,SUNY at Purchase College,,,362583076,82417368,
196121,SUNY Brockport,,,328728823,27716988,
196130,SUNY Buffalo State University,,,442239658,96391605,
196167,SUNY College at Geneseo,,,246755983,41663666,
196200,SUNY College at Potsdam,,,240735087,53841887,
196033,SUNY College of Agriculture and Technology at Cobleskill,,,142296878,10521780,
196103,SUNY College of Environmental Science and Forestry,,,164031996,47820260,
196015,SUNY College of Technology at Canton,,,144604370,18129189,
196024,SUNY College of Technology at Delhi,,,135379955,9149157,
196255,SUNY Downstate Health Sciences University,,,1252861248,33381952,
196291,SUNY Maritime College,,,199154223,11628303,
196237,SUNY Old Westbury,,,183109145,459806,
196185,SUNY Oneonta,,,297993618,78601117,
196112,SUNY Polytechnic Institute,,,152019458,5563636,
216278,Susquehanna University,,54514261,,,225341330
216287,Swarthmore College,,542297000,,,2728473000
233718,Sweet Briar College,,10380474,,,70096817
196413,Syracuse University,,1348964958,,,2074832074
155973,Tabor College,,9361829,,,21124457
102298,Talladega College,,36842833,,,2622523
137777,Talmudic College of Florida,,13069632,,,
186900,Talmudical Academy-New Jersey,,47991,,,
196440,Talmudical Institute of Upstate New York,,1678192,,,
451404,Talmudical Seminary of Bobov,,12540050,,,
196431,Talmudical Seminary Oholei Torah,,174258,,,
216311,Talmudical Yeshiva of Philadelphia,,1167891,,,
228529,Tarleton State University,,,95295719,112156504,
152530,Taylor University,,46511000,,,140140110
149329,Telshe Yeshiva-Chicago,,4134398,,,
216339,Temple University,,2188633000,,,960929000
221838,Tennessee State University,,,168428082,115311043,
221847,Tennessee Technological University,,,137883819,105785212,
221731,Tennessee Wesleyan University,,26523704,,,18064301
226152,Texas A & M International University,,,37992870,105839730,
228723,Texas A & M University-College Station,,,1409893770,19114830674,
224554,Texas A & M University-Commerce,,,75568837,38742427,
224147,Texas A & M University-Corpus Christi,,,75540701,139062959,
228705,Texas A & M University-Kingsville,,,46908769,164847431,
483036,Texas A&M University-Central Texas,,,10540792,3865590,
459949,Texas A&M University-San Antonio,,,67716387,4463975,
224545,Texas A&M University-Texarkana,,,14849986,13904263,
228875,Texas Christian University,,1223040000,,,2615547000
228884,Texas College,,7101260,,,9563620
228981,Texas Lutheran University,,36223521,,,99583769
229063,Texas Southern University,,,331177805,102120225,
228459,Texas State University,,,399386028,411758097,
229115,Texas Tech University,,,540739592,2119922328,
229337,Texas Tech University Health Sciences Center,,,123066265,284811092,
492689,Texas Tech University Health Sciences Center-El Paso,,,76085467,174488583,
229160,Texas Wesleyan University,,19154490,,,78382624
229179,Texas Woman's University,,,517939581,133171935,
131283,The Catholic University of America,,267659000,,,382564811
143978,The Chicago School at Chicago,,133842597,,,42215842
492607,The Chicago School at Dallas,,,,,
455664,The Chicago School at Los Angeles,,,,,
491190,The Chicago School at San Diego,,,,,
201821,The Christ College of Nursing and Health Sciences,,,,,10626713
142294,The College of Idaho,,32684745,,,125614956
187134,The College of New Jersey,,,565448000,69014000,
195234,The College of Saint Rose,,,,,
174899,The College of Saint Scholastica,,63546812,,,87878218
197285,The College of Westchester,3044934,,,,
206589,The College of Wooster,,74355170,,,437822692
190372,The Cooper Union for the Advancement of Science and Art,,360884459,,,920191918
235167,The Evergreen State College,,,48111351,25335007,
192110,The Juilliard School,,236089388,,,1397684575
439701,The King's University,,904432,,,6440531
117751,The Master's University and Seminary,,48122987,,,53400998
167057,The New England Conservatory of Music,,43214974,,,164487681
193654,The New School,,1095472000,,,486977000
157748,The Southern Baptist Theological Seminary,,24760116,,,102810744
494603,The Southwestern Baptist Theological Seminary,,20650940,,,153716305
100751,The University of Alabama,,,2900917780,1565891763,
202763,The University of Findlay,,59739476,,,56620691
180489,The University of Montana,,,373430228,287380104,
180692,The University of Montana-Western,,,20058920,13029120,
171599,The University of Olivet,,36711191,,,27239656
137847,The University of Tampa,,260279708,,,77125061
487010,The University of Tennessee Health Science Center,,,192282378,283887442,
220701,The University of Tennessee Southern,,,1343532,1048784,
221740,The University of Tennessee-Chattanooga,,,178846030,215568292,
221759,The University of Tennessee-Knoxville,,,1236471430,1187949666,
221768,The University of Tennessee-Martin,,,79438358,62017896,
228769,The University of Texas at Arlington,,,356861523,223230170,
228778,The University of Texas at Austin,,,1428555206,6177255191,
228787,The University of Texas at Dallas,,,339676207,858859362,
228796,The University of Texas at El Paso,,,184281397,386783155,
229027,The University of Texas at San Antonio,,,307388884,315034041,
228802,The University of Texas at Tyler,,,131911748,212481451,
229300,The University of Texas Health Science Center at Houston,,,788861195,1025924655,
228644,The University of Texas Health Science Center at San Antonio,,,332359784,834992775,
416801,The University of Texas MD Anderson Cancer Center,,,,9287693,
228653,The University of Texas Medical Branch at Galveston,,,708499190,842261180,
229018,The University of Texas Permian Basin,,,40498771,68495955,
227368,The University of Texas Rio Grande Valley,,,243722169,149460403,
221519,The University of the South,,104260649,,,499943537
216357,Thiel College,,39550573,,,48858416
124292,Thomas Aquinas College,,19215421,,,30834386
161563,Thomas College,,16912991,,,25337861
187046,Thomas Edison State University,,,43966072,12775967,
216366,Thomas Jefferson University,,6391475502,,,2912558000
183275,Thomas More College of Liberal Arts,,1479063,,,3706220
157809,Thomas More University,,54841546,,,36451258
141167,Thomas University,,9015350,,,7221182
206048,Tiffin University,,35739827,,,22776557
141185,Toccoa Falls College,,2574356,,,4146021
196583,Torah Temimah Talmudical Seminary,,633602,,,
176406,Tougaloo College,,7520709,,,28917674
196592,Touro University,,828984000,,,47900000
459824,Touro University Nevada,,,,,6268997
459727,Touro University Worldwide,,,,,
164076,Towson University,,,600825909,114604282,
157818,Transylvania University,,61261658,,,273547275
221892,Trevecca Nazarene University,,100924459,,,72102608
152567,Trine University,,41020307,,,79130707
414878,Trine University-Regional/Non-Traditional Campuses,,,,,
137953,Trinity Baptist College,,3316421,,,113952
200484,Trinity Bible College and Graduate School,,1047209,,,1518067
149505,Trinity Christian College,,22367367,,,11047055
130590,Trinity College,,220675152,,,850725222
137962,Trinity College of Florida,,3440188,,,956171
146755,Trinity College of Nursing & Health Sciences,,,,,3718694
149514,Trinity International University-Illinois,,25012536,,,20883153
229267,Trinity University,,282316103,,,1843412847
131876,Trinity Washington University,,29077436,,,42817815
102368,Troy University,,,408086763,150334381,
141237,Truett McConnell University,,27219875,,,6877816
178615,Truman State University,,,140494403,70189425,
168148,Tufts University,,1256522164,,,2533755000
160755,Tulane University of Louisiana,,1446081000,,,2253994000
221953,Tusculum University,,51154601,,,18224881
102377,Tuskegee University,,38204076,,,164249785
181738,Union Adventist University,,13236290,,,34344047
157863,Union College,,18500841,,,31483619
196866,Union College,,223758730,,,567467656
221971,Union University,,18131154,,,60157304
486354,United International College,124838,,,,
128328,United States Air Force Academy,,,,151867935,
130624,United States Coast Guard Academy,,,,994541,
197027,United States Merchant Marine Academy,,,,,
197036,United States Military Academy,,,,,
164155,United States Naval Academy,,,,4246700,
102395,United States Sports Academy,,349999,,,1000000
447050,United States University,7490104,,,,
197018,United Talmudical Seminary,,9653649,,,
161572,Unity Environmental University,,26557054,,,16527514
196060,University at Albany,,,1234948718,166836576,
196088,University at Buffalo,,,1268356979,1059489397,
363934,University of Advancing Technology,14959032,,,,
200800,University of Akron Main Campus,,,552030720,351635016,
200846,University of Akron Wayne College,,,,,
100663,University of Alabama at Birmingham,,,3839702271,858989211,
100706,University of Alabama in Huntsville,,,476949517,113737648,
102553,University of Alaska Anchorage,,,178441427,101005876,
102614,University of Alaska Fairbanks,,,414101862,159604689,
104179,University of Arizona,,,2823510000,1387344636,
106397,University of Arkansas,,,1096678000,1665643378,
106245,University of Arkansas at Little Rock,,,110032466,183220280,
106412,University of Arkansas at Pine Bluff,,,55738660,8326293,
106263,University of Arkansas for Medical Sciences,,,1062035000,384890000,
161873,University of Baltimore,,,90332800,75816113,
128744,University of Bridgeport,,29337000,,,18317000
110635,University of California-Berkeley,,,,3176106000,
110644,University of California-Davis,,,,773217000,
110653,University of California-Irvine,,,,899356000,
110662,University of California-Los Angeles,,,,3529545000,
445188,University of California-Merced,,,,32681000,
110671,University of California-Riverside,,,,277082000,
110680,University of California-San Diego,,,,1557815000,
110705,University of California-Santa Barbara,,,,444044000,
110714,University of California-Santa Cruz,,,,164952000,
106704,University of Central Arkansas,,,248515393,76422969,
132903,University of Central Florida,,,1112680633,201916665,
176965,University of Central Missouri,,,283640039,82222276,
206941,University of Central Oklahoma,,,148607875,45105363,
237312,University of Charleston,,27222521,,,62316735
144050,University of Chicago,,6459390632,,,9124340657
201885,University of Cincinnati-Main Campus,,,2480225620,2010746858,
126614,University of Colorado Boulder,,,2011136801,,
126580,University of Colorado Colorado Springs,,,416314501,,
126562,University of Colorado Denver/Anschutz Medical Campus,,,2023986392,,
129020,University of Connecticut,,,7534864304,622770599,
436827,University of Connecticut-Avery Point,,,,,
463056,University of Connecticut-Hartford Campus,,,,,
436836,University of Connecticut-Stamford,,,,,
436818,University of Connecticut-Waterbury Campus,,,,,
224323,University of Dallas,,35163000,,,100594000
202480,University of Dayton,,517543000,,,865508000
130943,University of Delaware,,1474041633,,,1929793265
127060,University of Denver,,359596089,,,1088971768
169716,University of Detroit Mercy,,92296139,,,108570110
153278,University of Dubuque,,75721599,,,281638321
150534,University of Evansville,,113080990,,,166020755
134130,University of Florida,,,3958172000,2448293000,
457402,University of Fort Lauderdale,,679573,,,
139959,University of Georgia,,,2228417990,2055796714,
129525,University of Hartford,,218412000,,,194773000
141565,University of Hawaii at Hilo,,,37033469,366421,
141574,University of Hawaii at Manoa,,,494034159,56073331,
141981,University of Hawaii-West Oahu,,,55516261,299037,
179265,University of Health Sciences and Pharmacy in St. Louis,,110202322,,,119879985
160065,University of Holy Cross,,14573357,,,22954780
225511,University of Houston,,,1635995804,1313224792,
225414,University of Houston-Clear Lake,,,218822168,41183066,
225432,University of Houston-Downtown,,,235482618,64433695,
225502,University of Houston-Victoria,,,176327005,23375624,
142285,University of Idaho,,,290284149,432852924,
145600,University of Illinois Chicago,,,1554520277,680971470,
148654,University of Illinois Springfield,,,77837146,33302364,
145637,University of Illinois Urbana-Champaign,,,1787245783,2606081833,
151263,University of Indianapolis,,109083847,,,132017860
153658,University of Iowa,,,2947870000,3505385000,
200156,University of Jamestown,,32934482,,,45098815
155317,University of Kansas,,,1121169414,2547083957,
157085,University of Kentucky,,,2822004651,2038771493,
117140,University of La Verne,,135346129,,,146959574
160658,University of Louisiana at Lafayette,,,731233471,177999227,
159993,University of Louisiana at Monroe,,,254198045,42977803,
157289,University of Louisville,,,648057000,1010310000,
232609,University of Lynchburg,,66054658,,,140631750
161253,University of Maine,,,152237000,479309000,
161217,University of Maine at Augusta,,,25769000,9127000,
161226,University of Maine at Farmington,,,34861000,17522000,
161235,University of Maine at Fort Kent,,,5492000,5810000,
161341,University of Maine at Presque Isle,,,7091000,1459000,
437097,University of Management and Technology,253106,,,,
200217,University of Mary,,52394573,,,75162860
226471,University of Mary Hardin-Baylor,,47403434,,,123439591
232681,University of Mary Washington,,,305864156,89033173,
163338,University of Maryland Eastern Shore,,,108279688,66053653,
163204,University of Maryland Global Campus,,,171857689,57865132,
163259,University of Maryland  Baltimore,,,714310151,521552835,
163268,University of Maryland-Baltimore County,,,357658110,194549728,
163286,University of Maryland-College Park,,,1457358869,1171369937,
262086,University of Massachusetts Global,,,132138940,,
166629,University of Massachusetts-Amherst,,,1571338055,579704081,
166638,University of Massachusetts-Boston,,,626400000,171325000,
167987,University of Massachusetts-Dartmouth,,,261384000,118359656,
166513,University of Massachusetts-Lowell,,,732064000,210448000,
220862,University of Memphis,,,282083674,377603467,
135726,University of Miami,,2976720710,,,1589857455
170976,University of Michigan-Ann Arbor,,,11814295000,18894762000,
171137,University of Michigan-Dearborn,,,74333000,93185000,
171146,University of Michigan-Flint,,,18585000,178319000,
174075,University of Minnesota-Crookston,,,8757681,24639517,
174233,University of Minnesota-Duluth,,,45115355,293463445,
174251,University of Minnesota-Morris,,,6766185,26431352,
456959,University of Minnesota-Rochester,,,75069645,1511123,
174066,University of Minnesota-Twin Cities,,,2831367917,5512426113,
176017,University of Mississippi,,,3773869275,924527426,
178396,University of Missouri-Columbia,,,2641675543,1468551585,
178402,University of Missouri-Kansas City,,,358760648,213276450,
178420,University of Missouri-St Louis,,,224999306,127708077,
101693,University of Mobile,,32965045,,,25213200
101709,University of Montevallo,,,150788189,45439205,
199069,University of Mount Olive,,29798001,,,50885895
193399,University of Mount Saint Vincent,,45333259,,,55717767
204185,University of Mount Union,,22907617,,,179260908
181215,University of Nebraska at Kearney,,,77424760,88189670,
181394,University of Nebraska at Omaha,,,135276300,141759357,
181428,University of Nebraska Medical Center,,,137406263,495847983,
181464,University of Nebraska-Lincoln,,,498642940,1479930187,
182281,University of Nevada-Las Vegas,,,840725000,418236000,
182290,University of Nevada-Reno,,,906177897,560059383,
161457,University of New England,,203352636,,,330754456
183071,University of New Hampshire at Manchester,,,64856627,2191486,
183044,University of New Hampshire-Main Campus,,,351557514,525445726,
129941,University of New Haven,,181802023,,,103222350
187985,University of New Mexico-Main Campus,,,2929032522,821467717,
159939,University of New Orleans,,,298023520,27749072,
101879,University of North Alabama,,,302378916,63919879,
199111,University of North Carolina Asheville,,,165643141,75642604,
199120,University of North Carolina at Chapel Hill,,,4744781305,5728314165,
199139,University of North Carolina at Charlotte,,,1194827958,344668261,
199148,University of North Carolina at Greensboro,,,663915456,428946901,
199281,University of North Carolina at Pembroke,,,182851391,35896353,
199184,University of North Carolina School of the Arts,,,123762262,135574067,
199218,University of North Carolina Wilmington,,,563581092,162149363,
200280,University of North Dakota,,,613344674,402798000,
136172,University of North Florida,,,455494895,147998667,
482680,University of North Georgia,,,405605232,85078881,
227216,University of North Texas,,,390534628,327779886,
484905,University of North Texas at Dallas,,,27783696,13437484,
228909,University of North Texas Health Science Center,,,64747643,139781893,
127741,University of Northern Colorado,,,247361405,119815567,
154095,University of Northern Iowa,,,139518336,224410285,
174491,University of Northwestern-St Paul,,25839008,,,26022131
152080,University of Notre Dame,,4592629000,,,18245327000
207342,University of Oklahoma-Health Sciences Center,,,664270000,743829000,
207500,University of Oklahoma-Norman Campus,,,1881925000,1554332000,
209551,University of Oregon,,,1563371274,1613595472,
215062,University of Pennsylvania,,9653197000,,,22347948000
484613,University of Phoenix-Arizona,346319520,,,,
484631,University of Phoenix-California,,,,,
420042,University of Phoenix-Hawaii,,,,,
484756,University of Phoenix-Texas,,,,,
157535,University of Pikeville,,98820113,,,34039524
215266,University of Pittsburgh-Bradford,,,,,568151
215275,University of Pittsburgh-Greensburg,,,,,7683158
215284,University of Pittsburgh-Johnstown,,,,,69866778
215293,University of Pittsburgh-Pittsburgh Campus,,3213891858,,,5757792571
209825,University of Portland,,104346000,,,323629000
180258,University of Providence,,5841525,,,20427127
236328,University of Puget Sound,,92315000,,,471468000
121691,University of Redlands,,147261662,,,253550203
217484,University of Rhode Island,,,493621911,317751177,
233374,University of Richmond,,389483000,,,3245089000
195030,University of Rochester,,4145572000,,,2989014000
152336,University of Saint Francis-Fort Wayne,,20027019,,,37078792
130314,University of Saint Joseph,,52901000,,,54463000
155812,University of Saint Mary,,9430338,,,21807240
122436,University of San Diego,,373416000,,,714021000
122612,University of San Francisco,,396775000,,,568825000
207722,University of Science and Arts of Oklahoma,,,24295583,19874164,
215929,University of Scranton,,169806585,,,319717006
112394,University of Silicon Valley,16255950,,,,
219383,University of Sioux Falls,,18504307,,,37845414
102094,University of South Alabama,,,1269071000,710294000,
218645,University of South Carolina Aiken,,,98184012,36148232,
218654,University of South Carolina Beaufort,,,52049198,10545792,
218663,University of South Carolina-Columbia,,,2344186787,776513396,
218742,University of South Carolina-Upstate,,,180730805,13988361,
219471,University of South Dakota,,,110007086,317638024,
137351,University of South Florida,,,1506856668,708333328,
123961,University of Southern California,,5668577000,,,8092846000
151306,University of Southern Indiana,,,136580050,160211786,
161554,University of Southern Maine,,,155141000,51167000,
176372,University of Southern Mississippi,,,536368709,160371946,
148584,University of St Francis,,40130292,,,31326661
174914,University of St Thomas,,571549000,,,740260000
227863,University of St Thomas,,57145482,,,145922341
156541,University of the Cumberlands,,34843706,,,313612764
131399,University of the District of Columbia,,,74234565,70532289,
225627,University of the Incarnate Word,,203558937,,,187996471
107558,University of the Ozarks,,23286117,,,141527346
120883,University of the Pacific,,278224386,,,643177245
442639,University of the Potomac-VA Campus,,,,,
384412,University of the Potomac-Washington DC Campus,12681536,,,,
188182,University of the Southwest,,1677885,,,16137893
449870,University of the West,,608413,,,17325706
206084,University of Toledo,,,938159317,388044243,
207971,University of Tulsa,,145011596,,,1290043000
230764,University of Utah,,,3965132000,1650635000,
216542,University of Valley Forge,,35074206,,,3088748
231174,University of Vermont,,,1055076000,896299000,
233897,University of Virginia's College at Wise,,,55206159,165651423,
234076,University of Virginia-Main Campus,,,5014044721,10055403543,
377555,University of Washington-Bothell Campus,,,,,
236948,University of Washington-Seattle Campus,,,7119915536,5565903487,
377564,University of Washington-Tacoma Campus,,,,,
101587,University of West Alabama,,,139097964,420514,
138354,University of West Florida,,,185351213,108127993,
141334,University of West Georgia,,,352917206,49016912,
484862,University of West Los Angeles,4345802,,,,
210438,University of Western States,,37732866,,,3353795
240268,University of Wisconsin-Eau Claire,,,197767189,76742889,
240277,University of Wisconsin-Green Bay,,,35718509,63937536,
240329,University of Wisconsin-La Crosse,,,143478747,46068454,
240444,University of Wisconsin-Madison,,,2202387586,6101887051,
240453,University of Wisconsin-Milwaukee,,,414899818,260363469,
240365,University of Wisconsin-Oshkosh,,,120434463,44493460,
240374,University of Wisconsin-Parkside,,,49654464,17205147,
240462,University of Wisconsin-Platteville,,,124725694,66038596,
240471,University of Wisconsin-River Falls,,,59980739,33139029,
240480,University of Wisconsin-Stevens Point,,,128389486,68399763,
240417,University of Wisconsin-Stout,,,126250784,86623213,
240426,University of Wisconsin-Superior,,,38669560,25025835,
240189,University of Wisconsin-Whitewater,,,143460544,44704712,
240727,University of Wyoming,,,702064000,807426000,
154493,Upper Iowa University,,85774282,,,21808149
196307,Upstate Medical University,,,1422033089,113756897,
498924,URBE University,905865,,,,
494685,Urshan College,,2282727,,,
216524,Ursinus College,,79704879,,,167639430
206349,Ursuline College,,3473541,,,45871040
446604,Uta Mesivta of Kiryas Joel,,8884065,,,
197045,Utica University,,86802539,,,35361616
141264,Valdosta State University,,,293854688,73754731,
200572,Valley City State University,,,17596936,13627134,
152600,Valparaiso University,,167447000,,,311933000
221999,Vanderbilt University,,3486695752,,,10247727490
149639,VanderCook College of Music,,2195895,,,410794
123651,Vanguard University of Southern California,,63770807,,,18260080
197133,Vassar College,,352800413,,,1300989120
231165,Vermont State University,,,,,
197142,Villa Maria College,,2450143,,,2579220
216597,Villanova University,,562080503,,,1313033000
234030,Virginia Commonwealth University,,,1171290654,2885706877,
234085,Virginia Military Institute,,,68166312,787531041,
233921,Virginia Polytechnic Institute and State University,,,1579596306,1939700000,
234155,Virginia State University,,,177079366,95582360,
234164,Virginia Union University,,33883234,,,31909591
234137,Virginia University of Lynchburg,,111049,,,2211297
234173,Virginia Wesleyan University,,34254284,,,121820249
449764,Visible Music College,,9758375,,,11488
240107,Viterbo University,,9577427,,,65564998
218919,Voorhees University,,2608453,,,10526987
152673,Wabash College,,44806763,,,428982792
226879,Wade College,1256860,,,,
197197,Wagner College,,152021023,,,117965278
199847,Wake Forest University,,1627675000,,,1997300000
154518,Waldorf University,10240670,,,,
236896,Walla Walla University,,15272950,,,46573468
172608,Walsh College,,3460063,,,11403759
206437,Walsh University,,12216709,,,39556155
210304,Warner Pacific University,,12932692,,,18230221
480198,Warner Pacific University Professional and Graduate Studies,,,,,
138275,Warner University,,12397106,,,3585301
199865,Warren Wilson College,,21720479,,,55051556
154527,Wartburg College,,83245186,,,100364486
156082,Washburn University,,,94327202,223942063,
216667,Washington & Jefferson College,,57712710,,,170899484
162210,Washington Adventist University,,26602390,,,4354339
234207,Washington and Lee University,,315532000,,,2043225000
164216,Washington College,,85666030,,,362301915
236939,Washington State University,,,1032997653,1383078164,
179867,Washington University in St Louis,,4431511000,,,12006026000
483780,Washington University of Science and Technology,3705799,,,,
199883,Watts College of Nursing,,94678,,,
229780,Wayland Baptist University,,48501422,,,122050796
181783,Wayne State College,,,52871209,33294918,
172644,Wayne State University,,,885350000,602398000,
216694,Waynesburg University,,43556913,,,36084000
197221,Webb Institute,,3482898,,,71598223
138293,Webber International University,,21806292,,,7426153
179894,Webster University,,143101900,,,66675742
220206,Welch College,,18543152,,,4567288
168218,Wellesley College,,601833000,,,2991224000
168227,Wentworth Institute of Technology,,219891097,,,160162385
176451,Wesley Biblical Seminary,,122177,,,5580473
141325,Wesleyan College,,12595776,,,60668915
130697,Wesleyan University,,534689000,,,1583306000
216764,West Chester University of Pennsylvania,,,483481832,69403013,
477039,West Coast University-Dallas,,,,,
443331,West Coast University-Los Angeles,414107737,,,,
485272,West Coast University-Miami,,,,,
458229,West Coast University-Ontario,,,,,
458210,West Coast University-Orange County,,,,,
237932,West Liberty University,,,25539933,22544764,
229814,West Texas A & M University,,,55661417,137206458,
237899,West Virginia State University,,,49061091,13396371,
238032,West Virginia University,,,1249436030,861602738,
237950,West Virginia University Institute of Technology,,,,,
237969,West Virginia Wesleyan College,,15383476,,,88139677
490133,Westcliff University,25559849,,,,
200004,Western Carolina University,,,479146171,138110912,
128391,Western Colorado University,,,111180271,9479865,
130776,Western Connecticut State University,,,31570904,28269491,
149772,Western Illinois University,,,82438995,97371859,
157951,Western Kentucky University,,,447714088,19138764,
172699,Western Michigan University,,,626982119,754940001,
168254,Western New England University,,113737121,,,60241105
188304,Western New Mexico University,,,94848318,34372746,
210429,Western Oregon University,,,114165312,26878214,
237011,Western Washington University,,,300019655,125985155,
168263,Westfield State University,,,186503452,12899710,
179946,Westminster College,,20540882,,,80711423
216807,Westminster College,,37528244,,,140925746
230807,Westminster University,,43281165,,,72161507
125727,Westmont College,,75324487,,,92162206
149781,Wheaton College,,180813000,,,610123000
168281,Wheaton College (Massachusetts),,96578297,,,272797345
238078,Wheeling University,,16411795,,,4601377
237057,Whitman College,,154507589,,,785977679
125763,Whittier College,,42043382,,,139279793
237066,Whitworth University,,112022961,,,202119120
475200,Whitworth University-Adult Degree Programs,,,,,
156125,Wichita State University,,,400373323,335902000,
216852,Widener University,,168150916,,,117539742
206491,Wilberforce University,,15627904,,,7100500
229887,Wiley University,,18640690,,,7554612
216931,Wilkes University,,101036890,,,67211296
210401,Willamette University,,157855000,,,313019000
231624,William & Mary,,,581239668,1454415648,
176479,William Carey University,,50496309,,,42262357
166717,William James College,,30153920,,,1023784
122728,William Jessup University,,110325413,,,7115387
179955,William Jewell College,,29656757,,,66717121
187444,William Paterson University of New Jersey,,,345123042,46000752,
199272,William Peace University,,13494957,,,51607424
154590,William Penn University,,45810884,,,8830882
179964,William Woods University,,12824730,,,18717963
107877,Williams Baptist University,,4045837,,,14166817
168342,Williams College,,967033418,,,3530439948
443340,Williamson Christian College,,245729,,,
206507,Wilmington College,,21736398,,,32371804
131113,Wilmington University,,68179433,,,168243172
217013,Wilson College,,36656780,,,70216910
499732,Windsor University,,,,,
199962,Wingate University,,91320613,,,134585785
175272,Winona State University,,,91162000,62386000,
199999,Winston-Salem State University,,,194058333,54878108,
218964,Winthrop University,,,198207318,78222236,
240338,Wisconsin Lutheran College,,49226570,,,49450647
206525,Wittenberg University,,53731715,,,96621956
218973,Wofford College,,125626073,,,465415514
491631,Women's Institute of Torah Seminary and College,,383491,,,
125897,Woodbury University,,28849517,,,6554362
168421,Worcester Polytechnic Institute,,497993000,,,682734000
168430,Worcester State University,,,162202093,25642341,
401223,World Mission University,,1695042,,,
206613,Wright State University-Lake Campus,,,,,
206604,Wright State University-Main Campus,,,246849333,153809620,
206622,Xavier University,,211778000,,,269006000
160904,Xavier University of Louisiana,,90262115,,,182857477
130794,Yale University,,9278431000,,,41441645000
490319,Yeshiva Bais Aharon,,423582,,,
434937,Yeshiva College of the Nations Capital,,,,,
420325,Yeshiva D'monsey Rabbinical College,,1696135,,,
375230,Yeshiva Gedolah Imrei Yosef D'spinka,,12522,,,
481410,Yeshiva Gedolah Kesser Torah,,379474,,,
491710,Yeshiva Gedolah of Cliffwood,,2449128,,,
247773,Yeshiva Gedolah of Greater Detroit,,213968,,,
491613,Yeshiva Gedolah Tiferes Boruch,,903384,,,
476692,Yeshiva Gedolah Zichron Leyma,,89297,,,
197601,Yeshiva Karlin Stolin,,1103325,,,
491057,Yeshiva Kollel Tifereth Elizer,,2965676,,,
190752,Yeshiva of Far Rockaway Derech Ayson Rabbinical Seminary,,1072494,,,
498809,Yeshiva of Kasho,,12525130,,,
455257,Yeshiva of Machzikai Hadas,,3236088,,,
197674,Yeshiva of Nitra Rabbinical College,,1340620,,,
126076,Yeshiva Ohr Elchonon Chabad West Coast Talmudical Seminary,,3157680,,,
486017,Yeshiva Ohr Yisrael,,5295356,,,
490276,Yeshiva Shaar Ephraim,,4809924,,,
486026,Yeshiva Sholom Shachna,,456155,,,
451398,Yeshiva Toras Chaim,,1730114,,,
197708,Yeshiva University,,664422000,,,501162000
494737,Yeshiva Yesoda Hatorah Vetz Chaim,,21584155,,,
481438,Yeshiva Yesodei Hatorah,,1509035,,,
487746,Yeshiva Zichron Aryeh,,815576,,,
363712,Yeshivah Gedolah Rabbinical College,,3920078,,,
451370,Yeshivas Be'er Yitzchok,,1650462,,,
491765,Yeshivas Emek Hatorah,,2011557,,,
498906,Yeshivas Sanz Klauzenburg,,2493847,,,
197692,Yeshivath Shaar Hatorah,,0,,,120000
197735,Yeshivath Viznitz,,4262241,,,149
217059,York College of Pennsylvania,,100840838,,,179302415
181853,York University,,13163133,,,22815238
141361,Young Harris College,,61783285,,,129538855
206695,Youngstown State University,,,215528438,349327395,
